pss_score,workload_hours,work_pressure_rating,prolonged_duty_hours,shift_continuity_days,night_duty_hours,recovery_sleep_hours,rest_interval_hours,recovery_pattern_score,deployment_demand_score,social_support_rating,work_life_balance_rating,recent_trend_indicator,welfare_concern_level,dataset_type,provenance,data_label
25.0,57.0,7.9,4.0,6.0,1.9,6.1,18.2,2,3,8.2,7.0,0.2,1,SYNTHETIC_PROTOTYPE_BENCHMARK,SYNTHETIC_PROTOTYPE_DATA_NOT_REAL_PERSONNEL_DATA,DEMO / SYNTHETIC DATA — NOT REAL PERSONNEL OR SENSOR DATA
15.5,50.6,4.2,4.0,2.0,3.0,7.6,16.0,0,1,6.9,4.8,-0.9,0,SYNTHETIC_PROTOTYPE_BENCHMARK,SYNTHETIC_PROTOTYPE_DATA_NOT_REAL_PERSONNEL_DATA,DEMO / SYNTHETIC DATA — NOT REAL PERSONNEL OR SENSOR DATA
24.1,58.5,5.6,4.0,3.0,6.8,5.6,17.5,2,2,5.6,4.9,1.9,1,SYNTHETIC_PROTOTYPE_BENCHMARK,SYNTHETIC_PROTOTYPE_DATA_NOT_REAL_PERSONNEL_DATA,DEMO / SYNTHETIC DATA — NOT REAL PERSONNEL OR SENSOR DATA
16.3,67.2,5.6,4.0,1.0,13.3,6.8,13.5,0,2,3.2,4.2,-4.4,1,SYNTHETIC_PROTOTYPE_BENCHMARK,SYNTHETIC_PROTOTYPE_DATA_NOT_REAL_PERSONNEL_DATA,DEMO / SYNTHETIC DATA — NOT REAL PERSONNEL OR SENSOR DATA
17.5,49.7,4.5,4.0,3.0,0.3,7.4,17.7,0,1,7.7,6.2,0.0,0,SYNTHETIC_PROTOTYPE_BENCHMARK,SYNTHETIC_PROTOTYPE_DATA_NOT_REAL_PERSONNEL_DATA,DEMO / SYNTHETIC DATA — NOT REAL PERSONNEL OR SENSOR DATA
14.1,49.7,2.8,11.5,1.0,0.4,6.5,14.7,2,1,6.6,5.7,3.5,0,SYNTHETIC_PROTOTYPE_BENCHMARK,SYNTHETIC_PROTOTYPE_DATA_NOT_REAL_PERSONNEL_DATA,DEMO / SYNTHETIC DATA — NOT REAL PERSONNEL OR SENSOR DATA
23.9,67.8,6.1,4.0,5.0,2.4,6.9,16.2,0,2,4.7,4.2,1.5,1,SYNTHETIC_PROTOTYPE_BENCHMARK,SYNTHETIC_PROTOTYPE_DATA_NOT_REAL_PERSONNEL_DATA,DEMO / SYNTHETIC DATA — NOT REAL PERSONNEL OR SENSOR DATA
24.2,59.7,5.4,9.7,3.0,1.6,6.2,11.7,2,1,3.9,6.9,2.2,1,SYNTHETIC_PROTOTYPE_BENCHMARK,SYNTHETIC_PROTOTYPE_DATA_NOT_REAL_PERSONNEL_DATA,DEMO / SYNTHETIC DATA — NOT REAL PERSONNEL OR SENSOR DATA
14.9,47.3,6.5,6.1,2.0,1.8,7.8,14.7,0,1,7.5,1.0,0.7,0,SYNTHETIC_PROTOTYPE_BENCHMARK,SYNTHETIC_PROTOTYPE_DATA_NOT_REAL_PERSONNEL_DATA,DEMO / SYNTHETIC DATA — NOT REAL PERSONNEL OR SENSOR DATA
25.5,57.4,4.4,5.6,1.0,1.5,6.5,16.2,0,2,3.0,6.7,-3.7,1,SYNTHETIC_PROTOTYPE_BENCHMARK,SYNTHETIC_PROTOTYPE_DATA_NOT_REAL_PERSONNEL_DATA,DEMO / SYNTHETIC DATA — NOT REAL PERSONNEL OR SENSOR DATA
15.0,47.4,7.9,4.0,21.0,1.3,5.8,16.1,2,2,6.8,6.7,0.4,1,SYNTHETIC_PROTOTYPE_BENCHMARK,SYNTHETIC_PROTOTYPE_DATA_NOT_REAL_PERSONNEL_DATA,DEMO / SYNTHETIC DATA — NOT REAL PERSONNEL OR SENSOR DATA
21.7,47.3,3.7,4.0,0.0,0.8,6.4,16.8,2,0,7.9,2.6,0.9,0,SYNTHETIC_PROTOTYPE_BENCHMARK,SYNTHETIC_PROTOTYPE_DATA_NOT_REAL_PERSONNEL_DATA,DEMO / SYNTHETIC DATA — NOT REAL PERSONNEL OR SENSOR DATA
25.2,54.4,8.9,4.1,0.0,16.3,6.1,17.6,1,0,7.3,6.4,-2.4,1,SYNTHETIC_PROTOTYPE_BENCHMARK,SYNTHETIC_PROTOTYPE_DATA_NOT_REAL_PERSONNEL_DATA,DEMO / SYNTHETIC DATA — NOT REAL PERSONNEL OR SENSOR DATA
6.5,32.9,2.0,4.0,1.0,0.9,8.9,14.3,0,0,5.4,7.8,-0.3,0,SYNTHETIC_PROTOTYPE_BENCHMARK,SYNTHETIC_PROTOTYPE_DATA_NOT_REAL_PERSONNEL_DATA,DEMO / SYNTHETIC DATA — NOT REAL PERSONNEL OR SENSOR DATA
10.5,34.8,6.4,4.0,12.0,1.4,8.4,13.3,0,1,3.7,6.9,-5.0,0,SYNTHETIC_PROTOTYPE_BENCHMARK,SYNTHETIC_PROTOTYPE_DATA_NOT_REAL_PERSONNEL_DATA,DEMO / SYNTHETIC DATA — NOT REAL PERSONNEL OR SENSOR DATA
8.4,46.4,6.5,17.2,14.0,1.7,8.5,10.2,0,0,7.4,3.1,-0.7,0,SYNTHETIC_PROTOTYPE_BENCHMARK,SYNTHETIC_PROTOTYPE_DATA_NOT_REAL_PERSONNEL_DATA,DEMO / SYNTHETIC DATA — NOT REAL PERSONNEL OR SENSOR DATA
17.7,41.9,3.9,5.3,4.0,16.2,8.3,14.4,0,1,8.6,6.7,-1.0,0,SYNTHETIC_PROTOTYPE_BENCHMARK,SYNTHETIC_PROTOTYPE_DATA_NOT_REAL_PERSONNEL_DATA,DEMO / SYNTHETIC DATA — NOT REAL PERSONNEL OR SENSOR DATA
17.4,55.1,6.3,6.0,7.0,8.5,6.2,16.4,2,0,5.1,6.4,3.1,1,SYNTHETIC_PROTOTYPE_BENCHMARK,SYNTHETIC_PROTOTYPE_DATA_NOT_REAL_PERSONNEL_DATA,DEMO / SYNTHETIC DATA — NOT REAL PERSONNEL OR SENSOR DATA
16.6,42.9,8.1,8.2,1.0,9.4,7.0,11.8,0,1,7.2,4.8,-1.3,1,SYNTHETIC_PROTOTYPE_BENCHMARK,SYNTHETIC_PROTOTYPE_DATA_NOT_REAL_PERSONNEL_DATA,DEMO / SYNTHETIC DATA — NOT REAL PERSONNEL OR SENSOR DATA
8.3,37.9,1.1,4.0,13.0,0.7,7.2,17.6,0,1,9.4,6.6,-0.6,0,SYNTHETIC_PROTOTYPE_BENCHMARK,SYNTHETIC_PROTOTYPE_DATA_NOT_REAL_PERSONNEL_DATA,DEMO / SYNTHETIC DATA — NOT REAL PERSONNEL OR SENSOR DATA
30.5,66.7,6.5,4.0,1.0,10.9,5.6,18.3,1,1,6.9,3.8,-0.2,1,SYNTHETIC_PROTOTYPE_BENCHMARK,SYNTHETIC_PROTOTYPE_DATA_NOT_REAL_PERSONNEL_DATA,DEMO / SYNTHETIC DATA — NOT REAL PERSONNEL OR SENSOR DATA
13.0,49.7,1.0,4.0,0.0,3.1,5.5,15.6,1,1,5.4,6.6,-1.3,0,SYNTHETIC_PROTOTYPE_BENCHMARK,SYNTHETIC_PROTOTYPE_DATA_NOT_REAL_PERSONNEL_DATA,DEMO / SYNTHETIC DATA — NOT REAL PERSONNEL OR SENSOR DATA
15.8,52.7,3.6,4.0,0.0,1.8,6.9,15.7,0,0,8.3,4.6,1.6,0,SYNTHETIC_PROTOTYPE_BENCHMARK,SYNTHETIC_PROTOTYPE_DATA_NOT_REAL_PERSONNEL_DATA,DEMO / SYNTHETIC DATA — NOT REAL PERSONNEL OR SENSOR DATA
22.4,37.8,8.8,7.1,3.0,5.1,6.4,12.8,2,3,4.7,5.0,-4.4,1,SYNTHETIC_PROTOTYPE_BENCHMARK,SYNTHETIC_PROTOTYPE_DATA_NOT_REAL_PERSONNEL_DATA,DEMO / SYNTHETIC DATA — NOT REAL PERSONNEL OR SENSOR DATA
13.5,46.6,4.3,4.0,5.0,10.4,6.9,14.5,0,0,3.6,5.4,2.5,0,SYNTHETIC_PROTOTYPE_BENCHMARK,SYNTHETIC_PROTOTYPE_DATA_NOT_REAL_PERSONNEL_DATA,DEMO / SYNTHETIC DATA — NOT REAL PERSONNEL OR SENSOR DATA
13.0,53.1,3.2,4.0,2.0,9.0,8.4,14.8,0,1,7.8,3.0,-0.0,0,SYNTHETIC_PROTOTYPE_BENCHMARK,SYNTHETIC_PROTOTYPE_DATA_NOT_REAL_PERSONNEL_DATA,DEMO / SYNTHETIC DATA — NOT REAL PERSONNEL OR SENSOR DATA
18.1,40.5,5.1,4.0,13.0,13.2,6.7,18.5,0,3,5.4,5.5,2.9,0,SYNTHETIC_PROTOTYPE_BENCHMARK,SYNTHETIC_PROTOTYPE_DATA_NOT_REAL_PERSONNEL_DATA,DEMO / SYNTHETIC DATA — NOT REAL PERSONNEL OR SENSOR DATA
24.2,55.8,9.6,4.0,2.0,15.8,6.6,15.5,0,1,5.6,5.4,-5.0,1,SYNTHETIC_PROTOTYPE_BENCHMARK,SYNTHETIC_PROTOTYPE_DATA_NOT_REAL_PERSONNEL_DATA,DEMO / SYNTHETIC DATA — NOT REAL PERSONNEL OR SENSOR DATA
14.1,46.0,1.8,4.0,1.0,1.6,7.9,13.0,0,2,4.9,6.7,-5.0,0,SYNTHETIC_PROTOTYPE_BENCHMARK,SYNTHETIC_PROTOTYPE_DATA_NOT_REAL_PERSONNEL_DATA,DEMO / SYNTHETIC DATA — NOT REAL PERSONNEL OR SENSOR DATA
21.1,49.1,3.4,7.0,2.0,3.3,7.3,14.9,0,0,5.3,5.6,-0.6,0,SYNTHETIC_PROTOTYPE_BENCHMARK,SYNTHETIC_PROTOTYPE_DATA_NOT_REAL_PERSONNEL_DATA,DEMO / SYNTHETIC DATA — NOT REAL PERSONNEL OR SENSOR DATA
15.3,46.0,8.5,4.0,4.0,0.1,7.5,17.3,0,1,9.0,3.3,1.1,0,SYNTHETIC_PROTOTYPE_BENCHMARK,SYNTHETIC_PROTOTYPE_DATA_NOT_REAL_PERSONNEL_DATA,DEMO / SYNTHETIC DATA — NOT REAL PERSONNEL OR SENSOR DATA
28.5,70.5,9.2,4.0,6.0,12.7,5.6,15.5,2,1,9.5,6.1,-1.2,1,SYNTHETIC_PROTOTYPE_BENCHMARK,SYNTHETIC_PROTOTYPE_DATA_NOT_REAL_PERSONNEL_DATA,DEMO / SYNTHETIC DATA — NOT REAL PERSONNEL OR SENSOR DATA
9.7,51.9,5.3,4.0,2.0,1.0,6.8,18.5,0,0,9.8,7.3,1.3,0,SYNTHETIC_PROTOTYPE_BENCHMARK,SYNTHETIC_PROTOTYPE_DATA_NOT_REAL_PERSONNEL_DATA,DEMO / SYNTHETIC DATA — NOT REAL PERSONNEL OR SENSOR DATA
12.6,41.4,3.0,4.0,3.0,11.9,6.3,17.2,1,1,8.4,5.9,2.2,0,SYNTHETIC_PROTOTYPE_BENCHMARK,SYNTHETIC_PROTOTYPE_DATA_NOT_REAL_PERSONNEL_DATA,DEMO / SYNTHETIC DATA — NOT REAL PERSONNEL OR SENSOR DATA
18.6,60.2,9.7,4.0,1.0,2.4,7.3,13.5,0,1,7.1,3.5,1.5,0,SYNTHETIC_PROTOTYPE_BENCHMARK,SYNTHETIC_PROTOTYPE_DATA_NOT_REAL_PERSONNEL_DATA,DEMO / SYNTHETIC DATA — NOT REAL PERSONNEL OR SENSOR DATA
14.7,39.8,8.7,15.7,4.0,2.8,6.0,9.8,1,1,3.3,5.0,0.2,1,SYNTHETIC_PROTOTYPE_BENCHMARK,SYNTHETIC_PROTOTYPE_DATA_NOT_REAL_PERSONNEL_DATA,DEMO / SYNTHETIC DATA — NOT REAL PERSONNEL OR SENSOR DATA
22.9,54.1,6.9,4.0,15.0,0.2,7.7,16.1,0,3,5.8,4.7,0.2,1,SYNTHETIC_PROTOTYPE_BENCHMARK,SYNTHETIC_PROTOTYPE_DATA_NOT_REAL_PERSONNEL_DATA,DEMO / SYNTHETIC DATA — NOT REAL PERSONNEL OR SENSOR DATA
12.2,32.4,3.9,4.0,0.0,2.4,6.6,12.3,0,0,10.0,6.6,-1.4,0,SYNTHETIC_PROTOTYPE_BENCHMARK,SYNTHETIC_PROTOTYPE_DATA_NOT_REAL_PERSONNEL_DATA,DEMO / SYNTHETIC DATA — NOT REAL PERSONNEL OR SENSOR DATA
4.0,38.7,5.4,4.0,8.0,13.2,7.9,16.3,0,0,5.3,5.4,-0.1,0,SYNTHETIC_PROTOTYPE_BENCHMARK,SYNTHETIC_PROTOTYPE_DATA_NOT_REAL_PERSONNEL_DATA,DEMO / SYNTHETIC DATA — NOT REAL PERSONNEL OR SENSOR DATA
26.8,54.0,5.2,4.4,3.0,0.2,6.7,11.9,0,1,9.2,3.7,-2.3,1,SYNTHETIC_PROTOTYPE_BENCHMARK,SYNTHETIC_PROTOTYPE_DATA_NOT_REAL_PERSONNEL_DATA,DEMO / SYNTHETIC DATA — NOT REAL PERSONNEL OR SENSOR DATA
22.3,59.4,6.2,4.0,1.0,3.1,5.6,17.6,1,1,6.3,6.2,-1.7,1,SYNTHETIC_PROTOTYPE_BENCHMARK,SYNTHETIC_PROTOTYPE_DATA_NOT_REAL_PERSONNEL_DATA,DEMO / SYNTHETIC DATA — NOT REAL PERSONNEL OR SENSOR DATA
21.4,53.7,8.4,4.1,11.0,0.2,7.4,17.4,0,2,1.0,5.4,1.1,1,SYNTHETIC_PROTOTYPE_BENCHMARK,SYNTHETIC_PROTOTYPE_DATA_NOT_REAL_PERSONNEL_DATA,DEMO / SYNTHETIC DATA — NOT REAL PERSONNEL OR SENSOR DATA
23.5,50.8,7.3,4.0,2.0,2.8,7.7,16.6,0,1,7.5,3.6,-1.0,0,SYNTHETIC_PROTOTYPE_BENCHMARK,SYNTHETIC_PROTOTYPE_DATA_NOT_REAL_PERSONNEL_DATA,DEMO / SYNTHETIC DATA — NOT REAL PERSONNEL OR SENSOR DATA
19.1,49.0,3.3,9.0,1.0,1.1,6.8,12.3,0,0,8.7,5.7,-1.6,0,SYNTHETIC_PROTOTYPE_BENCHMARK,SYNTHETIC_PROTOTYPE_DATA_NOT_REAL_PERSONNEL_DATA,DEMO / SYNTHETIC DATA — NOT REAL PERSONNEL OR SENSOR DATA
16.3,37.2,8.3,4.0,1.0,1.7,8.1,15.9,0,2,6.1,6.2,1.0,0,SYNTHETIC_PROTOTYPE_BENCHMARK,SYNTHETIC_PROTOTYPE_DATA_NOT_REAL_PERSONNEL_DATA,DEMO / SYNTHETIC DATA — NOT REAL PERSONNEL OR SENSOR DATA
15.0,44.8,6.1,4.0,1.0,12.6,5.1,14.6,1,3,8.7,4.4,0.8,1,SYNTHETIC_PROTOTYPE_BENCHMARK,SYNTHETIC_PROTOTYPE_DATA_NOT_REAL_PERSONNEL_DATA,DEMO / SYNTHETIC DATA — NOT REAL PERSONNEL OR SENSOR DATA
21.7,47.4,6.9,4.0,6.0,3.4,6.0,13.5,2,1,2.9,7.2,-0.5,0,SYNTHETIC_PROTOTYPE_BENCHMARK,SYNTHETIC_PROTOTYPE_DATA_NOT_REAL_PERSONNEL_DATA,DEMO / SYNTHETIC DATA — NOT REAL PERSONNEL OR SENSOR DATA
17.4,62.6,8.4,4.0,3.0,1.9,7.6,14.9,0,1,3.4,4.7,-0.3,1,SYNTHETIC_PROTOTYPE_BENCHMARK,SYNTHETIC_PROTOTYPE_DATA_NOT_REAL_PERSONNEL_DATA,DEMO / SYNTHETIC DATA — NOT REAL PERSONNEL OR SENSOR DATA
21.4,55.4,3.3,8.0,9.0,5.3,6.5,15.4,0,0,6.6,4.6,0.9,0,SYNTHETIC_PROTOTYPE_BENCHMARK,SYNTHETIC_PROTOTYPE_DATA_NOT_REAL_PERSONNEL_DATA,DEMO / SYNTHETIC DATA — NOT REAL PERSONNEL OR SENSOR DATA
11.3,34.4,5.4,10.6,1.0,0.9,6.2,13.0,2,0,7.2,6.0,2.1,0,SYNTHETIC_PROTOTYPE_BENCHMARK,SYNTHETIC_PROTOTYPE_DATA_NOT_REAL_PERSONNEL_DATA,DEMO / SYNTHETIC DATA — NOT REAL PERSONNEL OR SENSOR DATA
15.7,55.2,4.4,4.0,0.0,1.8,6.3,18.5,2,0,8.9,5.6,0.4,0,SYNTHETIC_PROTOTYPE_BENCHMARK,SYNTHETIC_PROTOTYPE_DATA_NOT_REAL_PERSONNEL_DATA,DEMO / SYNTHETIC DATA — NOT REAL PERSONNEL OR SENSOR DATA
11.2,48.1,2.4,8.0,0.0,4.7,6.3,15.5,1,1,7.5,5.2,-2.6,0,SYNTHETIC_PROTOTYPE_BENCHMARK,SYNTHETIC_PROTOTYPE_DATA_NOT_REAL_PERSONNEL_DATA,DEMO / SYNTHETIC DATA — NOT REAL PERSONNEL OR SENSOR DATA
15.5,45.2,6.2,6.1,2.0,1.6,7.1,16.1,0,3,3.8,5.4,-0.5,0,SYNTHETIC_PROTOTYPE_BENCHMARK,SYNTHETIC_PROTOTYPE_DATA_NOT_REAL_PERSONNEL_DATA,DEMO / SYNTHETIC DATA — NOT REAL PERSONNEL OR SENSOR DATA
22.5,58.1,10.0,10.7,21.0,6.8,6.3,9.7,2,1,6.6,6.4,-0.9,1,SYNTHETIC_PROTOTYPE_BENCHMARK,SYNTHETIC_PROTOTYPE_DATA_NOT_REAL_PERSONNEL_DATA,DEMO / SYNTHETIC DATA — NOT REAL PERSONNEL OR SENSOR DATA
15.9,62.3,1.8,4.0,4.0,4.1,6.6,15.0,0,0,7.4,2.4,-2.3,0,SYNTHETIC_PROTOTYPE_BENCHMARK,SYNTHETIC_PROTOTYPE_DATA_NOT_REAL_PERSONNEL_DATA,DEMO / SYNTHETIC DATA — NOT REAL PERSONNEL OR SENSOR DATA
17.2,61.3,5.4,4.0,1.0,8.9,6.3,13.5,2,0,2.5,2.7,1.1,1,SYNTHETIC_PROTOTYPE_BENCHMARK,SYNTHETIC_PROTOTYPE_DATA_NOT_REAL_PERSONNEL_DATA,DEMO / SYNTHETIC DATA — NOT REAL PERSONNEL OR SENSOR DATA
24.6,43.6,6.8,4.0,7.0,17.8,7.9,15.2,0,1,6.1,6.7,1.3,1,SYNTHETIC_PROTOTYPE_BENCHMARK,SYNTHETIC_PROTOTYPE_DATA_NOT_REAL_PERSONNEL_DATA,DEMO / SYNTHETIC DATA — NOT REAL PERSONNEL OR SENSOR DATA
19.7,48.9,5.7,7.0,5.0,0.7,7.5,13.0,0,1,5.5,8.9,1.6,1,SYNTHETIC_PROTOTYPE_BENCHMARK,SYNTHETIC_PROTOTYPE_DATA_NOT_REAL_PERSONNEL_DATA,DEMO / SYNTHETIC DATA — NOT REAL PERSONNEL OR SENSOR DATA
18.5,55.3,5.3,4.0,0.0,2.4,7.2,14.8,0,1,4.9,6.2,-2.2,0,SYNTHETIC_PROTOTYPE_BENCHMARK,SYNTHETIC_PROTOTYPE_DATA_NOT_REAL_PERSONNEL_DATA,DEMO / SYNTHETIC DATA — NOT REAL PERSONNEL OR SENSOR DATA
6.8,61.8,2.9,4.0,6.0,2.3,7.5,17.7,0,1,7.2,7.4,0.3,0,SYNTHETIC_PROTOTYPE_BENCHMARK,SYNTHETIC_PROTOTYPE_DATA_NOT_REAL_PERSONNEL_DATA,DEMO / SYNTHETIC DATA — NOT REAL PERSONNEL OR SENSOR DATA
21.1,47.2,6.0,4.0,1.0,1.0,6.9,16.6,0,1,3.9,4.7,-0.0,0,SYNTHETIC_PROTOTYPE_BENCHMARK,SYNTHETIC_PROTOTYPE_DATA_NOT_REAL_PERSONNEL_DATA,DEMO / SYNTHETIC DATA — NOT REAL PERSONNEL OR SENSOR DATA
28.9,50.1,4.0,4.0,1.0,10.0,5.8,17.6,2,0,7.0,4.3,0.7,1,SYNTHETIC_PROTOTYPE_BENCHMARK,SYNTHETIC_PROTOTYPE_DATA_NOT_REAL_PERSONNEL_DATA,DEMO / SYNTHETIC DATA — NOT REAL PERSONNEL OR SENSOR DATA
9.9,40.9,1.1,4.1,1.0,8.6,8.2,12.3,0,0,7.3,6.4,0.3,0,SYNTHETIC_PROTOTYPE_BENCHMARK,SYNTHETIC_PROTOTYPE_DATA_NOT_REAL_PERSONNEL_DATA,DEMO / SYNTHETIC DATA — NOT REAL PERSONNEL OR SENSOR DATA
12.1,40.0,7.9,7.6,2.0,4.0,7.5,14.3,0,0,8.4,7.2,-0.0,0,SYNTHETIC_PROTOTYPE_BENCHMARK,SYNTHETIC_PROTOTYPE_DATA_NOT_REAL_PERSONNEL_DATA,DEMO / SYNTHETIC DATA — NOT REAL PERSONNEL OR SENSOR DATA
20.3,60.1,7.4,4.0,2.0,4.6,6.7,17.5,0,0,4.0,2.7,-0.3,1,SYNTHETIC_PROTOTYPE_BENCHMARK,SYNTHETIC_PROTOTYPE_DATA_NOT_REAL_PERSONNEL_DATA,DEMO / SYNTHETIC DATA — NOT REAL PERSONNEL OR SENSOR DATA
14.7,65.6,5.6,7.7,1.0,0.4,6.0,17.1,2,0,3.2,4.0,2.4,0,SYNTHETIC_PROTOTYPE_BENCHMARK,SYNTHETIC_PROTOTYPE_DATA_NOT_REAL_PERSONNEL_DATA,DEMO / SYNTHETIC DATA — NOT REAL PERSONNEL OR SENSOR DATA
19.4,51.3,6.0,4.0,1.0,4.9,6.4,12.5,2,0,6.8,5.1,-1.9,0,SYNTHETIC_PROTOTYPE_BENCHMARK,SYNTHETIC_PROTOTYPE_DATA_NOT_REAL_PERSONNEL_DATA,DEMO / SYNTHETIC DATA — NOT REAL PERSONNEL OR SENSOR DATA
28.9,62.0,7.6,4.0,5.0,9.4,7.0,14.9,0,2,5.6,3.5,-0.4,1,SYNTHETIC_PROTOTYPE_BENCHMARK,SYNTHETIC_PROTOTYPE_DATA_NOT_REAL_PERSONNEL_DATA,DEMO / SYNTHETIC DATA — NOT REAL PERSONNEL OR SENSOR DATA
17.5,55.6,5.9,4.0,16.0,5.1,7.5,17.7,0,2,10.0,4.1,2.4,0,SYNTHETIC_PROTOTYPE_BENCHMARK,SYNTHETIC_PROTOTYPE_DATA_NOT_REAL_PERSONNEL_DATA,DEMO / SYNTHETIC DATA — NOT REAL PERSONNEL OR SENSOR DATA
14.6,45.5,7.3,4.0,5.0,1.8,7.8,15.2,0,1,7.1,6.7,-1.8,0,SYNTHETIC_PROTOTYPE_BENCHMARK,SYNTHETIC_PROTOTYPE_DATA_NOT_REAL_PERSONNEL_DATA,DEMO / SYNTHETIC DATA — NOT REAL PERSONNEL OR SENSOR DATA
19.5,55.6,4.9,4.0,1.0,6.6,7.3,13.8,0,2,6.3,5.6,-1.7,1,SYNTHETIC_PROTOTYPE_BENCHMARK,SYNTHETIC_PROTOTYPE_DATA_NOT_REAL_PERSONNEL_DATA,DEMO / SYNTHETIC DATA — NOT REAL PERSONNEL OR SENSOR DATA
19.3,67.4,8.1,4.3,1.0,2.7,6.8,12.4,0,0,5.9,5.5,1.6,1,SYNTHETIC_PROTOTYPE_BENCHMARK,SYNTHETIC_PROTOTYPE_DATA_NOT_REAL_PERSONNEL_DATA,DEMO / SYNTHETIC DATA — NOT REAL PERSONNEL OR SENSOR DATA
15.7,51.6,6.1,4.0,1.0,4.7,7.0,13.7,0,3,3.8,5.6,-3.1,0,SYNTHETIC_PROTOTYPE_BENCHMARK,SYNTHETIC_PROTOTYPE_DATA_NOT_REAL_PERSONNEL_DATA,DEMO / SYNTHETIC DATA — NOT REAL PERSONNEL OR SENSOR DATA
20.8,67.6,5.9,5.3,1.0,4.0,6.1,11.7,1,1,7.3,2.9,1.5,1,SYNTHETIC_PROTOTYPE_BENCHMARK,SYNTHETIC_PROTOTYPE_DATA_NOT_REAL_PERSONNEL_DATA,DEMO / SYNTHETIC DATA — NOT REAL PERSONNEL OR SENSOR DATA
8.3,30.0,3.0,4.0,3.0,2.9,8.8,15.7,0,1,6.0,7.0,-1.1,0,SYNTHETIC_PROTOTYPE_BENCHMARK,SYNTHETIC_PROTOTYPE_DATA_NOT_REAL_PERSONNEL_DATA,DEMO / SYNTHETIC DATA — NOT REAL PERSONNEL OR SENSOR DATA
26.6,60.2,6.1,4.0,3.0,7.6,6.2,17.4,1,1,6.0,3.2,0.9,1,SYNTHETIC_PROTOTYPE_BENCHMARK,SYNTHETIC_PROTOTYPE_DATA_NOT_REAL_PERSONNEL_DATA,DEMO / SYNTHETIC DATA — NOT REAL PERSONNEL OR SENSOR DATA
20.6,52.9,3.8,4.0,4.0,12.9,6.9,13.1,0,0,6.4,4.6,-2.7,0,SYNTHETIC_PROTOTYPE_BENCHMARK,SYNTHETIC_PROTOTYPE_DATA_NOT_REAL_PERSONNEL_DATA,DEMO / SYNTHETIC DATA — NOT REAL PERSONNEL OR SENSOR DATA
26.4,49.0,4.2,4.0,4.0,0.0,6.5,16.1,1,3,6.6,3.7,2.6,1,SYNTHETIC_PROTOTYPE_BENCHMARK,SYNTHETIC_PROTOTYPE_DATA_NOT_REAL_PERSONNEL_DATA,DEMO / SYNTHETIC DATA — NOT REAL PERSONNEL OR SENSOR DATA
20.3,52.9,3.9,4.0,1.0,16.3,6.0,17.3,2,0,2.7,4.1,-2.7,0,SYNTHETIC_PROTOTYPE_BENCHMARK,SYNTHETIC_PROTOTYPE_DATA_NOT_REAL_PERSONNEL_DATA,DEMO / SYNTHETIC DATA — NOT REAL PERSONNEL OR SENSOR DATA
12.0,32.1,3.4,4.0,1.0,4.3,7.5,15.6,0,0,7.9,6.4,1.6,0,SYNTHETIC_PROTOTYPE_BENCHMARK,SYNTHETIC_PROTOTYPE_DATA_NOT_REAL_PERSONNEL_DATA,DEMO / SYNTHETIC DATA — NOT REAL PERSONNEL OR SENSOR DATA
16.2,49.8,9.7,4.0,4.0,7.2,6.2,12.4,2,0,4.5,4.5,-2.6,1,SYNTHETIC_PROTOTYPE_BENCHMARK,SYNTHETIC_PROTOTYPE_DATA_NOT_REAL_PERSONNEL_DATA,DEMO / SYNTHETIC DATA — NOT REAL PERSONNEL OR SENSOR DATA
24.0,55.6,8.2,4.0,2.0,11.6,7.2,16.4,0,0,5.9,3.6,4.0,1,SYNTHETIC_PROTOTYPE_BENCHMARK,SYNTHETIC_PROTOTYPE_DATA_NOT_REAL_PERSONNEL_DATA,DEMO / SYNTHETIC DATA — NOT REAL PERSONNEL OR SENSOR DATA
25.1,66.8,9.3,4.0,1.0,3.8,5.2,15.5,1,0,8.8,6.0,-0.2,1,SYNTHETIC_PROTOTYPE_BENCHMARK,SYNTHETIC_PROTOTYPE_DATA_NOT_REAL_PERSONNEL_DATA,DEMO / SYNTHETIC DATA — NOT REAL PERSONNEL OR SENSOR DATA
9.3,46.8,3.1,5.1,2.0,10.8,7.0,14.8,0,0,9.8,5.2,4.3,0,SYNTHETIC_PROTOTYPE_BENCHMARK,SYNTHETIC_PROTOTYPE_DATA_NOT_REAL_PERSONNEL_DATA,DEMO / SYNTHETIC DATA — NOT REAL PERSONNEL OR SENSOR DATA
11.1,43.9,5.6,4.1,1.0,1.2,7.4,14.5,0,0,2.8,4.8,-1.8,0,SYNTHETIC_PROTOTYPE_BENCHMARK,SYNTHETIC_PROTOTYPE_DATA_NOT_REAL_PERSONNEL_DATA,DEMO / SYNTHETIC DATA — NOT REAL PERSONNEL OR SENSOR DATA
13.9,47.0,2.9,4.0,0.0,1.0,5.7,15.8,1,2,6.3,3.8,-1.0,0,SYNTHETIC_PROTOTYPE_BENCHMARK,SYNTHETIC_PROTOTYPE_DATA_NOT_REAL_PERSONNEL_DATA,DEMO / SYNTHETIC DATA — NOT REAL PERSONNEL OR SENSOR DATA
10.3,61.2,4.1,5.6,6.0,6.4,6.1,16.0,1,0,6.7,1.8,2.7,0,SYNTHETIC_PROTOTYPE_BENCHMARK,SYNTHETIC_PROTOTYPE_DATA_NOT_REAL_PERSONNEL_DATA,DEMO / SYNTHETIC DATA — NOT REAL PERSONNEL OR SENSOR DATA
18.0,55.3,3.7,4.2,7.0,12.2,6.7,20.3,0,0,3.2,4.6,-3.1,0,SYNTHETIC_PROTOTYPE_BENCHMARK,SYNTHETIC_PROTOTYPE_DATA_NOT_REAL_PERSONNEL_DATA,DEMO / SYNTHETIC DATA — NOT REAL PERSONNEL OR SENSOR DATA
13.6,46.7,8.0,4.1,1.0,13.4,7.2,15.8,0,1,7.8,3.3,-1.5,0,SYNTHETIC_PROTOTYPE_BENCHMARK,SYNTHETIC_PROTOTYPE_DATA_NOT_REAL_PERSONNEL_DATA,DEMO / SYNTHETIC DATA — NOT REAL PERSONNEL OR SENSOR DATA
19.5,57.1,4.7,4.0,0.0,6.2,6.5,18.6,2,3,6.4,5.9,1.1,1,SYNTHETIC_PROTOTYPE_BENCHMARK,SYNTHETIC_PROTOTYPE_DATA_NOT_REAL_PERSONNEL_DATA,DEMO / SYNTHETIC DATA — NOT REAL PERSONNEL OR SENSOR DATA
17.8,53.0,7.6,4.0,5.0,4.5,7.4,16.3,0,0,6.6,5.1,-2.2,0,SYNTHETIC_PROTOTYPE_BENCHMARK,SYNTHETIC_PROTOTYPE_DATA_NOT_REAL_PERSONNEL_DATA,DEMO / SYNTHETIC DATA — NOT REAL PERSONNEL OR SENSOR DATA
19.0,61.7,6.7,4.8,1.0,2.4,6.5,15.1,1,0,4.4,6.9,1.1,1,SYNTHETIC_PROTOTYPE_BENCHMARK,SYNTHETIC_PROTOTYPE_DATA_NOT_REAL_PERSONNEL_DATA,DEMO / SYNTHETIC DATA — NOT REAL PERSONNEL OR SENSOR DATA
20.5,45.0,10.0,4.0,2.0,23.5,6.6,15.9,0,3,7.0,5.8,0.4,1,SYNTHETIC_PROTOTYPE_BENCHMARK,SYNTHETIC_PROTOTYPE_DATA_NOT_REAL_PERSONNEL_DATA,DEMO / SYNTHETIC DATA — NOT REAL PERSONNEL OR SENSOR DATA
20.0,48.7,2.5,11.4,0.0,2.3,7.3,10.2,0,0,7.9,4.2,-3.3,0,SYNTHETIC_PROTOTYPE_BENCHMARK,SYNTHETIC_PROTOTYPE_DATA_NOT_REAL_PERSONNEL_DATA,DEMO / SYNTHETIC DATA — NOT REAL PERSONNEL OR SENSOR DATA
12.2,48.1,8.0,6.8,1.0,8.2,7.7,15.1,0,1,6.5,2.5,2.1,0,SYNTHETIC_PROTOTYPE_BENCHMARK,SYNTHETIC_PROTOTYPE_DATA_NOT_REAL_PERSONNEL_DATA,DEMO / SYNTHETIC DATA — NOT REAL PERSONNEL OR SENSOR DATA
9.6,37.4,7.8,4.0,6.0,4.6,6.9,11.6,0,0,5.2,7.1,-2.8,0,SYNTHETIC_PROTOTYPE_BENCHMARK,SYNTHETIC_PROTOTYPE_DATA_NOT_REAL_PERSONNEL_DATA,DEMO / SYNTHETIC DATA — NOT REAL PERSONNEL OR SENSOR DATA
23.4,55.0,3.6,4.0,6.0,5.6,6.3,13.9,2,3,5.3,3.0,1.7,1,SYNTHETIC_PROTOTYPE_BENCHMARK,SYNTHETIC_PROTOTYPE_DATA_NOT_REAL_PERSONNEL_DATA,DEMO / SYNTHETIC DATA — NOT REAL PERSONNEL OR SENSOR DATA
21.5,54.6,7.5,4.0,1.0,3.0,6.3,15.8,1,3,6.6,4.4,0.3,1,SYNTHETIC_PROTOTYPE_BENCHMARK,SYNTHETIC_PROTOTYPE_DATA_NOT_REAL_PERSONNEL_DATA,DEMO / SYNTHETIC DATA — NOT REAL PERSONNEL OR SENSOR DATA
18.6,52.1,6.2,4.0,1.0,20.1,6.1,18.0,2,2,6.3,7.6,-1.0,1,SYNTHETIC_PROTOTYPE_BENCHMARK,SYNTHETIC_PROTOTYPE_DATA_NOT_REAL_PERSONNEL_DATA,DEMO / SYNTHETIC DATA — NOT REAL PERSONNEL OR SENSOR DATA
10.3,49.7,5.0,4.0,1.0,5.1,8.1,18.5,0,0,8.0,6.2,-2.4,0,SYNTHETIC_PROTOTYPE_BENCHMARK,SYNTHETIC_PROTOTYPE_DATA_NOT_REAL_PERSONNEL_DATA,DEMO / SYNTHETIC DATA — NOT REAL PERSONNEL OR SENSOR DATA
15.4,37.8,3.9,4.0,0.0,16.7,7.5,15.1,0,1,5.2,6.5,0.7,0,SYNTHETIC_PROTOTYPE_BENCHMARK,SYNTHETIC_PROTOTYPE_DATA_NOT_REAL_PERSONNEL_DATA,DEMO / SYNTHETIC DATA — NOT REAL PERSONNEL OR SENSOR DATA
16.8,47.8,4.1,4.0,17.0,0.0,6.3,15.9,2,0,3.8,6.8,-1.9,1,SYNTHETIC_PROTOTYPE_BENCHMARK,SYNTHETIC_PROTOTYPE_DATA_NOT_REAL_PERSONNEL_DATA,DEMO / SYNTHETIC DATA — NOT REAL PERSONNEL OR SENSOR DATA
24.4,48.6,9.6,4.0,4.0,5.1,6.5,17.6,0,3,6.9,6.7,2.7,2,SYNTHETIC_PROTOTYPE_BENCHMARK,SYNTHETIC_PROTOTYPE_DATA_NOT_REAL_PERSONNEL_DATA,DEMO / SYNTHETIC DATA — NOT REAL PERSONNEL OR SENSOR DATA
17.2,44.0,5.5,15.2,3.0,7.6,7.4,8.5,0,3,5.2,7.9,2.7,1,SYNTHETIC_PROTOTYPE_BENCHMARK,SYNTHETIC_PROTOTYPE_DATA_NOT_REAL_PERSONNEL_DATA,DEMO / SYNTHETIC DATA — NOT REAL PERSONNEL OR SENSOR DATA
17.0,50.4,7.1,4.0,5.0,8.2,6.1,16.4,1,1,7.8,4.3,3.6,0,SYNTHETIC_PROTOTYPE_BENCHMARK,SYNTHETIC_PROTOTYPE_DATA_NOT_REAL_PERSONNEL_DATA,DEMO / SYNTHETIC DATA — NOT REAL PERSONNEL OR SENSOR DATA
18.8,56.0,3.9,10.7,6.0,14.1,5.9,11.2,1,1,6.2,4.3,0.6,0,SYNTHETIC_PROTOTYPE_BENCHMARK,SYNTHETIC_PROTOTYPE_DATA_NOT_REAL_PERSONNEL_DATA,DEMO / SYNTHETIC DATA — NOT REAL PERSONNEL OR SENSOR DATA
22.6,70.9,3.9,9.8,6.0,0.0,7.3,12.9,0,0,7.5,2.7,-0.9,1,SYNTHETIC_PROTOTYPE_BENCHMARK,SYNTHETIC_PROTOTYPE_DATA_NOT_REAL_PERSONNEL_DATA,DEMO / SYNTHETIC DATA — NOT REAL PERSONNEL OR SENSOR DATA
26.8,53.7,7.7,4.0,0.0,0.0,6.5,14.7,2,1,4.2,5.0,-0.7,2,SYNTHETIC_PROTOTYPE_BENCHMARK,SYNTHETIC_PROTOTYPE_DATA_NOT_REAL_PERSONNEL_DATA,DEMO / SYNTHETIC DATA — NOT REAL PERSONNEL OR SENSOR DATA
20.9,54.6,2.8,5.2,1.0,3.8,7.6,16.0,0,1,6.5,4.8,-0.8,0,SYNTHETIC_PROTOTYPE_BENCHMARK,SYNTHETIC_PROTOTYPE_DATA_NOT_REAL_PERSONNEL_DATA,DEMO / SYNTHETIC DATA — NOT REAL PERSONNEL OR SENSOR DATA
18.4,51.3,4.7,4.0,4.0,0.2,8.0,16.7,0,1,4.8,2.5,0.5,0,SYNTHETIC_PROTOTYPE_BENCHMARK,SYNTHETIC_PROTOTYPE_DATA_NOT_REAL_PERSONNEL_DATA,DEMO / SYNTHETIC DATA — NOT REAL PERSONNEL OR SENSOR DATA
19.3,32.8,5.6,4.0,2.0,22.0,6.5,17.4,0,1,3.8,5.2,1.0,0,SYNTHETIC_PROTOTYPE_BENCHMARK,SYNTHETIC_PROTOTYPE_DATA_NOT_REAL_PERSONNEL_DATA,DEMO / SYNTHETIC DATA — NOT REAL PERSONNEL OR SENSOR DATA
12.9,51.7,5.7,4.0,14.0,1.5,6.3,16.3,1,0,4.5,7.3,2.7,0,SYNTHETIC_PROTOTYPE_BENCHMARK,SYNTHETIC_PROTOTYPE_DATA_NOT_REAL_PERSONNEL_DATA,DEMO / SYNTHETIC DATA — NOT REAL PERSONNEL OR SENSOR DATA
17.3,52.6,5.1,4.0,4.0,3.8,6.7,15.9,0,2,5.1,5.4,0.0,1,SYNTHETIC_PROTOTYPE_BENCHMARK,SYNTHETIC_PROTOTYPE_DATA_NOT_REAL_PERSONNEL_DATA,DEMO / SYNTHETIC DATA — NOT REAL PERSONNEL OR SENSOR DATA
30.7,76.6,6.3,4.0,11.0,0.4,5.2,19.3,2,3,8.7,4.8,-3.1,2,SYNTHETIC_PROTOTYPE_BENCHMARK,SYNTHETIC_PROTOTYPE_DATA_NOT_REAL_PERSONNEL_DATA,DEMO / SYNTHETIC DATA — NOT REAL PERSONNEL OR SENSOR DATA
21.4,50.1,6.9,4.0,1.0,4.4,7.1,12.6,0,3,5.1,5.0,-0.9,1,SYNTHETIC_PROTOTYPE_BENCHMARK,SYNTHETIC_PROTOTYPE_DATA_NOT_REAL_PERSONNEL_DATA,DEMO / SYNTHETIC DATA — NOT REAL PERSONNEL OR SENSOR DATA
23.1,55.0,7.0,4.0,7.0,2.9,6.6,19.0,0,2,3.7,2.1,3.4,2,SYNTHETIC_PROTOTYPE_BENCHMARK,SYNTHETIC_PROTOTYPE_DATA_NOT_REAL_PERSONNEL_DATA,DEMO / SYNTHETIC DATA — NOT REAL PERSONNEL OR SENSOR DATA
20.6,51.7,3.5,4.0,1.0,0.3,7.3,15.0,0,1,6.5,4.9,-3.4,0,SYNTHETIC_PROTOTYPE_BENCHMARK,SYNTHETIC_PROTOTYPE_DATA_NOT_REAL_PERSONNEL_DATA,DEMO / SYNTHETIC DATA — NOT REAL PERSONNEL OR SENSOR DATA
15.7,40.3,4.9,4.0,16.0,2.4,8.5,16.7,0,0,6.3,7.3,1.6,0,SYNTHETIC_PROTOTYPE_BENCHMARK,SYNTHETIC_PROTOTYPE_DATA_NOT_REAL_PERSONNEL_DATA,DEMO / SYNTHETIC DATA — NOT REAL PERSONNEL OR SENSOR DATA
20.4,63.4,7.9,4.0,1.0,3.0,7.1,14.9,0,3,5.2,2.7,-0.9,1,SYNTHETIC_PROTOTYPE_BENCHMARK,SYNTHETIC_PROTOTYPE_DATA_NOT_REAL_PERSONNEL_DATA,DEMO / SYNTHETIC DATA — NOT REAL PERSONNEL OR SENSOR DATA
21.6,59.5,7.3,4.0,3.0,27.6,6.3,14.2,2,1,5.9,5.8,-1.9,1,SYNTHETIC_PROTOTYPE_BENCHMARK,SYNTHETIC_PROTOTYPE_DATA_NOT_REAL_PERSONNEL_DATA,DEMO / SYNTHETIC DATA — NOT REAL PERSONNEL OR SENSOR DATA
16.6,59.9,2.8,4.0,6.0,1.4,5.1,16.6,1,1,8.2,2.1,0.9,1,SYNTHETIC_PROTOTYPE_BENCHMARK,SYNTHETIC_PROTOTYPE_DATA_NOT_REAL_PERSONNEL_DATA,DEMO / SYNTHETIC DATA — NOT REAL PERSONNEL OR SENSOR DATA
13.2,42.9,6.2,4.0,2.0,4.7,7.6,17.7,0,1,7.5,5.6,3.4,0,SYNTHETIC_PROTOTYPE_BENCHMARK,SYNTHETIC_PROTOTYPE_DATA_NOT_REAL_PERSONNEL_DATA,DEMO / SYNTHETIC DATA — NOT REAL PERSONNEL OR SENSOR DATA
13.1,66.0,1.5,4.0,2.0,26.2,7.1,16.5,0,2,7.4,5.1,0.7,0,SYNTHETIC_PROTOTYPE_BENCHMARK,SYNTHETIC_PROTOTYPE_DATA_NOT_REAL_PERSONNEL_DATA,DEMO / SYNTHETIC DATA — NOT REAL PERSONNEL OR SENSOR DATA
17.3,38.0,5.6,6.7,15.0,9.4,4.9,13.4,3,0,3.8,5.4,-0.6,0,SYNTHETIC_PROTOTYPE_BENCHMARK,SYNTHETIC_PROTOTYPE_DATA_NOT_REAL_PERSONNEL_DATA,DEMO / SYNTHETIC DATA — NOT REAL PERSONNEL OR SENSOR DATA
13.5,57.9,9.3,4.0,2.0,30.1,6.4,22.8,1,0,10.0,8.5,-2.9,0,SYNTHETIC_PROTOTYPE_BENCHMARK,SYNTHETIC_PROTOTYPE_DATA_NOT_REAL_PERSONNEL_DATA,DEMO / SYNTHETIC DATA — NOT REAL PERSONNEL OR SENSOR DATA
24.6,73.9,3.6,4.3,3.0,20.7,5.4,17.9,2,1,8.3,3.2,-0.2,1,SYNTHETIC_PROTOTYPE_BENCHMARK,SYNTHETIC_PROTOTYPE_DATA_NOT_REAL_PERSONNEL_DATA,DEMO / SYNTHETIC DATA — NOT REAL PERSONNEL OR SENSOR DATA
24.6,42.1,3.8,4.0,0.0,4.0,6.6,17.5,0,3,7.2,4.8,-2.9,1,SYNTHETIC_PROTOTYPE_BENCHMARK,SYNTHETIC_PROTOTYPE_DATA_NOT_REAL_PERSONNEL_DATA,DEMO / SYNTHETIC DATA — NOT REAL PERSONNEL OR SENSOR DATA
19.5,46.3,7.0,8.2,6.0,7.2,7.7,13.2,0,1,3.9,5.7,-0.7,0,SYNTHETIC_PROTOTYPE_BENCHMARK,SYNTHETIC_PROTOTYPE_DATA_NOT_REAL_PERSONNEL_DATA,DEMO / SYNTHETIC DATA — NOT REAL PERSONNEL OR SENSOR DATA
15.2,53.0,2.4,4.0,4.0,0.7,8.3,14.3,0,1,8.1,3.9,-0.1,0,SYNTHETIC_PROTOTYPE_BENCHMARK,SYNTHETIC_PROTOTYPE_DATA_NOT_REAL_PERSONNEL_DATA,DEMO / SYNTHETIC DATA — NOT REAL PERSONNEL OR SENSOR DATA
21.8,47.0,4.2,4.0,2.0,3.5,7.7,15.0,0,1,5.2,3.2,-5.0,0,SYNTHETIC_PROTOTYPE_BENCHMARK,SYNTHETIC_PROTOTYPE_DATA_NOT_REAL_PERSONNEL_DATA,DEMO / SYNTHETIC DATA — NOT REAL PERSONNEL OR SENSOR DATA
19.0,36.5,6.7,4.0,0.0,9.9,7.0,17.8,0,2,5.8,4.3,3.1,1,SYNTHETIC_PROTOTYPE_BENCHMARK,SYNTHETIC_PROTOTYPE_DATA_NOT_REAL_PERSONNEL_DATA,DEMO / SYNTHETIC DATA — NOT REAL PERSONNEL OR SENSOR DATA
16.8,52.7,4.2,4.0,3.0,4.2,6.1,13.6,2,2,2.8,6.2,-2.7,1,SYNTHETIC_PROTOTYPE_BENCHMARK,SYNTHETIC_PROTOTYPE_DATA_NOT_REAL_PERSONNEL_DATA,DEMO / SYNTHETIC DATA — NOT REAL PERSONNEL OR SENSOR DATA
16.2,41.4,5.0,4.0,0.0,7.3,7.3,13.5,0,1,3.7,5.2,-0.4,0,SYNTHETIC_PROTOTYPE_BENCHMARK,SYNTHETIC_PROTOTYPE_DATA_NOT_REAL_PERSONNEL_DATA,DEMO / SYNTHETIC DATA — NOT REAL PERSONNEL OR SENSOR DATA
25.9,56.7,7.0,4.0,0.0,8.2,7.3,16.7,0,0,7.1,7.4,1.2,0,SYNTHETIC_PROTOTYPE_BENCHMARK,SYNTHETIC_PROTOTYPE_DATA_NOT_REAL_PERSONNEL_DATA,DEMO / SYNTHETIC DATA — NOT REAL PERSONNEL OR SENSOR DATA
15.9,42.8,6.3,23.2,3.0,1.8,7.0,8.5,0,3,8.2,5.0,2.9,1,SYNTHETIC_PROTOTYPE_BENCHMARK,SYNTHETIC_PROTOTYPE_DATA_NOT_REAL_PERSONNEL_DATA,DEMO / SYNTHETIC DATA — NOT REAL PERSONNEL OR SENSOR DATA
17.3,67.5,6.0,4.0,1.0,12.5,5.8,14.1,2,1,7.6,5.3,-1.7,1,SYNTHETIC_PROTOTYPE_BENCHMARK,SYNTHETIC_PROTOTYPE_DATA_NOT_REAL_PERSONNEL_DATA,DEMO / SYNTHETIC DATA — NOT REAL PERSONNEL OR SENSOR DATA
17.5,44.2,4.8,4.0,1.0,3.7,9.5,13.4,0,2,7.5,6.3,-5.0,0,SYNTHETIC_PROTOTYPE_BENCHMARK,SYNTHETIC_PROTOTYPE_DATA_NOT_REAL_PERSONNEL_DATA,DEMO / SYNTHETIC DATA — NOT REAL PERSONNEL OR SENSOR DATA
14.5,48.8,6.2,5.0,4.0,1.4,8.0,18.1,0,0,6.1,4.6,2.4,0,SYNTHETIC_PROTOTYPE_BENCHMARK,SYNTHETIC_PROTOTYPE_DATA_NOT_REAL_PERSONNEL_DATA,DEMO / SYNTHETIC DATA — NOT REAL PERSONNEL OR SENSOR DATA
15.5,60.1,5.3,4.0,0.0,12.0,7.3,16.3,0,0,5.4,3.3,-2.7,0,SYNTHETIC_PROTOTYPE_BENCHMARK,SYNTHETIC_PROTOTYPE_DATA_NOT_REAL_PERSONNEL_DATA,DEMO / SYNTHETIC DATA — NOT REAL PERSONNEL OR SENSOR DATA
14.1,39.7,6.4,7.2,1.0,3.2,6.2,11.6,1,2,6.8,3.2,0.8,0,SYNTHETIC_PROTOTYPE_BENCHMARK,SYNTHETIC_PROTOTYPE_DATA_NOT_REAL_PERSONNEL_DATA,DEMO / SYNTHETIC DATA — NOT REAL PERSONNEL OR SENSOR DATA
9.7,54.3,4.5,4.0,1.0,8.3,6.1,13.0,1,0,7.8,5.8,0.9,0,SYNTHETIC_PROTOTYPE_BENCHMARK,SYNTHETIC_PROTOTYPE_DATA_NOT_REAL_PERSONNEL_DATA,DEMO / SYNTHETIC DATA — NOT REAL PERSONNEL OR SENSOR DATA
15.3,65.1,5.1,5.1,3.0,4.8,6.4,14.4,2,1,6.2,6.2,-5.0,1,SYNTHETIC_PROTOTYPE_BENCHMARK,SYNTHETIC_PROTOTYPE_DATA_NOT_REAL_PERSONNEL_DATA,DEMO / SYNTHETIC DATA — NOT REAL PERSONNEL OR SENSOR DATA
20.9,35.9,3.5,4.0,4.0,2.9,6.8,17.1,0,1,8.6,3.6,-3.6,0,SYNTHETIC_PROTOTYPE_BENCHMARK,SYNTHETIC_PROTOTYPE_DATA_NOT_REAL_PERSONNEL_DATA,DEMO / SYNTHETIC DATA — NOT REAL PERSONNEL OR SENSOR DATA
19.0,53.8,5.4,7.5,4.0,10.0,7.9,15.4,0,2,5.8,4.5,-1.0,0,SYNTHETIC_PROTOTYPE_BENCHMARK,SYNTHETIC_PROTOTYPE_DATA_NOT_REAL_PERSONNEL_DATA,DEMO / SYNTHETIC DATA — NOT REAL PERSONNEL OR SENSOR DATA
7.2,54.6,3.9,5.3,1.0,5.3,7.9,17.3,0,0,4.2,4.0,-5.0,0,SYNTHETIC_PROTOTYPE_BENCHMARK,SYNTHETIC_PROTOTYPE_DATA_NOT_REAL_PERSONNEL_DATA,DEMO / SYNTHETIC DATA — NOT REAL PERSONNEL OR SENSOR DATA
22.4,59.8,3.3,4.0,0.0,3.0,6.2,12.6,2,0,6.2,5.5,-2.9,1,SYNTHETIC_PROTOTYPE_BENCHMARK,SYNTHETIC_PROTOTYPE_DATA_NOT_REAL_PERSONNEL_DATA,DEMO / SYNTHETIC DATA — NOT REAL PERSONNEL OR SENSOR DATA
22.2,39.6,6.0,4.0,0.0,0.7,8.9,16.0,0,3,6.4,5.3,0.3,0,SYNTHETIC_PROTOTYPE_BENCHMARK,SYNTHETIC_PROTOTYPE_DATA_NOT_REAL_PERSONNEL_DATA,DEMO / SYNTHETIC DATA — NOT REAL PERSONNEL OR SENSOR DATA
20.9,38.8,5.9,4.0,2.0,13.5,7.1,18.5,0,1,6.0,7.8,-0.2,0,SYNTHETIC_PROTOTYPE_BENCHMARK,SYNTHETIC_PROTOTYPE_DATA_NOT_REAL_PERSONNEL_DATA,DEMO / SYNTHETIC DATA — NOT REAL PERSONNEL OR SENSOR DATA
14.6,57.2,7.1,14.9,10.0,0.2,8.9,13.9,0,0,8.8,4.2,0.7,0,SYNTHETIC_PROTOTYPE_BENCHMARK,SYNTHETIC_PROTOTYPE_DATA_NOT_REAL_PERSONNEL_DATA,DEMO / SYNTHETIC DATA — NOT REAL PERSONNEL OR SENSOR DATA
16.0,55.0,4.6,4.0,1.0,11.9,6.7,16.3,0,0,7.8,3.1,1.0,0,SYNTHETIC_PROTOTYPE_BENCHMARK,SYNTHETIC_PROTOTYPE_DATA_NOT_REAL_PERSONNEL_DATA,DEMO / SYNTHETIC DATA — NOT REAL PERSONNEL OR SENSOR DATA
22.6,54.5,6.3,4.0,1.0,2.7,7.3,20.3,0,3,3.3,4.3,-3.7,1,SYNTHETIC_PROTOTYPE_BENCHMARK,SYNTHETIC_PROTOTYPE_DATA_NOT_REAL_PERSONNEL_DATA,DEMO / SYNTHETIC DATA — NOT REAL PERSONNEL OR SENSOR DATA
22.6,55.5,6.6,4.0,0.0,6.1,7.8,16.8,0,0,9.3,4.4,-2.8,0,SYNTHETIC_PROTOTYPE_BENCHMARK,SYNTHETIC_PROTOTYPE_DATA_NOT_REAL_PERSONNEL_DATA,DEMO / SYNTHETIC DATA — NOT REAL PERSONNEL OR SENSOR DATA
14.3,45.2,6.4,4.0,3.0,15.3,7.9,17.7,0,1,1.0,6.3,1.7,0,SYNTHETIC_PROTOTYPE_BENCHMARK,SYNTHETIC_PROTOTYPE_DATA_NOT_REAL_PERSONNEL_DATA,DEMO / SYNTHETIC DATA — NOT REAL PERSONNEL OR SENSOR DATA
14.3,54.3,3.8,4.0,4.0,1.0,7.3,15.7,0,1,10.0,4.4,3.4,0,SYNTHETIC_PROTOTYPE_BENCHMARK,SYNTHETIC_PROTOTYPE_DATA_NOT_REAL_PERSONNEL_DATA,DEMO / SYNTHETIC DATA — NOT REAL PERSONNEL OR SENSOR DATA
25.4,54.9,5.8,12.2,4.0,5.0,6.6,10.7,0,3,5.6,5.6,-2.1,1,SYNTHETIC_PROTOTYPE_BENCHMARK,SYNTHETIC_PROTOTYPE_DATA_NOT_REAL_PERSONNEL_DATA,DEMO / SYNTHETIC DATA — NOT REAL PERSONNEL OR SENSOR DATA
23.3,44.9,6.2,4.0,7.0,8.7,7.5,13.8,0,2,5.8,4.3,0.6,1,SYNTHETIC_PROTOTYPE_BENCHMARK,SYNTHETIC_PROTOTYPE_DATA_NOT_REAL_PERSONNEL_DATA,DEMO / SYNTHETIC DATA — NOT REAL PERSONNEL OR SENSOR DATA
23.4,70.7,5.5,6.8,2.0,8.5,5.4,14.8,1,1,6.1,3.6,1.8,2,SYNTHETIC_PROTOTYPE_BENCHMARK,SYNTHETIC_PROTOTYPE_DATA_NOT_REAL_PERSONNEL_DATA,DEMO / SYNTHETIC DATA — NOT REAL PERSONNEL OR SENSOR DATA
17.9,56.7,1.3,4.0,1.0,4.5,6.8,15.2,0,0,7.0,3.7,0.5,0,SYNTHETIC_PROTOTYPE_BENCHMARK,SYNTHETIC_PROTOTYPE_DATA_NOT_REAL_PERSONNEL_DATA,DEMO / SYNTHETIC DATA — NOT REAL PERSONNEL OR SENSOR DATA
19.0,40.1,5.8,4.0,1.0,5.9,6.4,12.1,1,2,6.2,4.5,-0.5,0,SYNTHETIC_PROTOTYPE_BENCHMARK,SYNTHETIC_PROTOTYPE_DATA_NOT_REAL_PERSONNEL_DATA,DEMO / SYNTHETIC DATA — NOT REAL PERSONNEL OR SENSOR DATA
23.4,58.6,9.9,4.0,4.0,8.5,5.1,13.5,2,1,5.9,6.7,-1.4,1,SYNTHETIC_PROTOTYPE_BENCHMARK,SYNTHETIC_PROTOTYPE_DATA_NOT_REAL_PERSONNEL_DATA,DEMO / SYNTHETIC DATA — NOT REAL PERSONNEL OR SENSOR DATA
15.8,42.3,4.8,4.0,3.0,11.0,7.1,15.0,0,3,8.8,4.6,4.4,0,SYNTHETIC_PROTOTYPE_BENCHMARK,SYNTHETIC_PROTOTYPE_DATA_NOT_REAL_PERSONNEL_DATA,DEMO / SYNTHETIC DATA — NOT REAL PERSONNEL OR SENSOR DATA
13.6,59.9,4.0,12.0,3.0,8.6,7.5,13.8,0,1,7.3,4.2,0.2,0,SYNTHETIC_PROTOTYPE_BENCHMARK,SYNTHETIC_PROTOTYPE_DATA_NOT_REAL_PERSONNEL_DATA,DEMO / SYNTHETIC DATA — NOT REAL PERSONNEL OR SENSOR DATA
18.1,63.6,6.2,7.8,4.0,2.6,7.2,14.0,0,1,4.3,6.0,0.9,1,SYNTHETIC_PROTOTYPE_BENCHMARK,SYNTHETIC_PROTOTYPE_DATA_NOT_REAL_PERSONNEL_DATA,DEMO / SYNTHETIC DATA — NOT REAL PERSONNEL OR SENSOR DATA
12.6,43.8,6.1,4.0,4.0,34.3,6.3,15.5,2,0,7.7,6.7,0.7,0,SYNTHETIC_PROTOTYPE_BENCHMARK,SYNTHETIC_PROTOTYPE_DATA_NOT_REAL_PERSONNEL_DATA,DEMO / SYNTHETIC DATA — NOT REAL PERSONNEL OR SENSOR DATA
23.0,61.6,7.9,4.0,7.0,3.4,7.9,13.6,0,2,7.2,7.0,-1.8,1,SYNTHETIC_PROTOTYPE_BENCHMARK,SYNTHETIC_PROTOTYPE_DATA_NOT_REAL_PERSONNEL_DATA,DEMO / SYNTHETIC DATA — NOT REAL PERSONNEL OR SENSOR DATA
21.5,56.1,3.0,4.0,3.0,0.1,6.4,15.6,1,0,5.1,5.6,0.1,1,SYNTHETIC_PROTOTYPE_BENCHMARK,SYNTHETIC_PROTOTYPE_DATA_NOT_REAL_PERSONNEL_DATA,DEMO / SYNTHETIC DATA — NOT REAL PERSONNEL OR SENSOR DATA
23.7,60.2,7.0,10.2,5.0,2.7,5.1,15.7,1,1,7.8,3.8,-0.7,1,SYNTHETIC_PROTOTYPE_BENCHMARK,SYNTHETIC_PROTOTYPE_DATA_NOT_REAL_PERSONNEL_DATA,DEMO / SYNTHETIC DATA — NOT REAL PERSONNEL OR SENSOR DATA
20.1,71.0,6.7,7.7,1.0,0.8,4.5,14.4,3,0,5.9,7.1,-0.7,1,SYNTHETIC_PROTOTYPE_BENCHMARK,SYNTHETIC_PROTOTYPE_DATA_NOT_REAL_PERSONNEL_DATA,DEMO / SYNTHETIC DATA — NOT REAL PERSONNEL OR SENSOR DATA
20.5,49.5,5.2,6.0,4.0,0.8,6.1,11.8,1,0,5.8,6.1,0.7,1,SYNTHETIC_PROTOTYPE_BENCHMARK,SYNTHETIC_PROTOTYPE_DATA_NOT_REAL_PERSONNEL_DATA,DEMO / SYNTHETIC DATA — NOT REAL PERSONNEL OR SENSOR DATA
15.8,44.5,6.2,4.0,8.0,2.0,7.9,13.1,0,0,5.7,5.3,-2.0,0,SYNTHETIC_PROTOTYPE_BENCHMARK,SYNTHETIC_PROTOTYPE_DATA_NOT_REAL_PERSONNEL_DATA,DEMO / SYNTHETIC DATA — NOT REAL PERSONNEL OR SENSOR DATA
18.4,43.1,7.6,4.0,2.0,0.3,6.9,16.8,0,0,1.3,5.7,-2.7,0,SYNTHETIC_PROTOTYPE_BENCHMARK,SYNTHETIC_PROTOTYPE_DATA_NOT_REAL_PERSONNEL_DATA,DEMO / SYNTHETIC DATA — NOT REAL PERSONNEL OR SENSOR DATA
18.4,43.8,7.2,4.0,5.0,7.0,7.5,15.2,0,3,5.1,5.8,1.1,0,SYNTHETIC_PROTOTYPE_BENCHMARK,SYNTHETIC_PROTOTYPE_DATA_NOT_REAL_PERSONNEL_DATA,DEMO / SYNTHETIC DATA — NOT REAL PERSONNEL OR SENSOR DATA
19.7,51.2,3.2,4.0,5.0,0.5,8.4,15.5,0,1,7.6,4.8,-1.2,0,SYNTHETIC_PROTOTYPE_BENCHMARK,SYNTHETIC_PROTOTYPE_DATA_NOT_REAL_PERSONNEL_DATA,DEMO / SYNTHETIC DATA — NOT REAL PERSONNEL OR SENSOR DATA
27.2,55.4,7.1,4.0,0.0,1.4,6.0,14.4,2,2,6.2,2.9,-0.8,1,SYNTHETIC_PROTOTYPE_BENCHMARK,SYNTHETIC_PROTOTYPE_DATA_NOT_REAL_PERSONNEL_DATA,DEMO / SYNTHETIC DATA — NOT REAL PERSONNEL OR SENSOR DATA
16.0,54.8,5.4,4.0,3.0,0.6,7.3,16.6,0,0,3.6,7.4,-4.2,0,SYNTHETIC_PROTOTYPE_BENCHMARK,SYNTHETIC_PROTOTYPE_DATA_NOT_REAL_PERSONNEL_DATA,DEMO / SYNTHETIC DATA — NOT REAL PERSONNEL OR SENSOR DATA
22.6,60.3,5.6,4.0,0.0,0.4,7.1,15.0,0,1,8.1,4.6,2.1,0,SYNTHETIC_PROTOTYPE_BENCHMARK,SYNTHETIC_PROTOTYPE_DATA_NOT_REAL_PERSONNEL_DATA,DEMO / SYNTHETIC DATA — NOT REAL PERSONNEL OR SENSOR DATA
23.7,52.1,5.6,8.7,12.0,1.9,6.3,13.3,1,1,5.6,5.4,1.2,1,SYNTHETIC_PROTOTYPE_BENCHMARK,SYNTHETIC_PROTOTYPE_DATA_NOT_REAL_PERSONNEL_DATA,DEMO / SYNTHETIC DATA — NOT REAL PERSONNEL OR SENSOR DATA
21.6,66.5,5.2,5.6,6.0,5.1,7.4,13.3,0,3,3.8,7.4,1.6,1,SYNTHETIC_PROTOTYPE_BENCHMARK,SYNTHETIC_PROTOTYPE_DATA_NOT_REAL_PERSONNEL_DATA,DEMO / SYNTHETIC DATA — NOT REAL PERSONNEL OR SENSOR DATA
21.3,49.4,7.9,4.0,0.0,20.1,6.3,17.4,2,2,10.0,4.2,0.9,1,SYNTHETIC_PROTOTYPE_BENCHMARK,SYNTHETIC_PROTOTYPE_DATA_NOT_REAL_PERSONNEL_DATA,DEMO / SYNTHETIC DATA — NOT REAL PERSONNEL OR SENSOR DATA
25.5,79.2,5.3,4.0,0.0,12.5,5.2,15.2,2,1,4.1,4.6,-3.3,2,SYNTHETIC_PROTOTYPE_BENCHMARK,SYNTHETIC_PROTOTYPE_DATA_NOT_REAL_PERSONNEL_DATA,DEMO / SYNTHETIC DATA — NOT REAL PERSONNEL OR SENSOR DATA
14.0,58.3,3.3,4.0,3.0,12.5,8.1,16.8,0,2,8.0,3.6,0.5,0,SYNTHETIC_PROTOTYPE_BENCHMARK,SYNTHETIC_PROTOTYPE_DATA_NOT_REAL_PERSONNEL_DATA,DEMO / SYNTHETIC DATA — NOT REAL PERSONNEL OR SENSOR DATA
15.5,43.4,4.7,5.4,1.0,1.2,7.7,12.7,0,0,4.7,6.1,-1.3,0,SYNTHETIC_PROTOTYPE_BENCHMARK,SYNTHETIC_PROTOTYPE_DATA_NOT_REAL_PERSONNEL_DATA,DEMO / SYNTHETIC DATA — NOT REAL PERSONNEL OR SENSOR DATA
19.3,41.3,5.9,6.1,0.0,1.8,8.1,18.2,0,1,6.5,6.0,-2.1,0,SYNTHETIC_PROTOTYPE_BENCHMARK,SYNTHETIC_PROTOTYPE_DATA_NOT_REAL_PERSONNEL_DATA,DEMO / SYNTHETIC DATA — NOT REAL PERSONNEL OR SENSOR DATA
17.4,56.8,8.0,5.8,3.0,0.5,7.9,17.4,0,0,4.4,6.0,1.1,1,SYNTHETIC_PROTOTYPE_BENCHMARK,SYNTHETIC_PROTOTYPE_DATA_NOT_REAL_PERSONNEL_DATA,DEMO / SYNTHETIC DATA — NOT REAL PERSONNEL OR SENSOR DATA
19.2,49.8,6.7,5.1,2.0,9.0,6.3,11.3,1,0,3.7,7.0,3.6,0,SYNTHETIC_PROTOTYPE_BENCHMARK,SYNTHETIC_PROTOTYPE_DATA_NOT_REAL_PERSONNEL_DATA,DEMO / SYNTHETIC DATA — NOT REAL PERSONNEL OR SENSOR DATA
21.7,59.1,3.8,4.0,0.0,0.4,7.7,14.0,0,0,7.2,3.8,3.3,0,SYNTHETIC_PROTOTYPE_BENCHMARK,SYNTHETIC_PROTOTYPE_DATA_NOT_REAL_PERSONNEL_DATA,DEMO / SYNTHETIC DATA — NOT REAL PERSONNEL OR SENSOR DATA
22.7,56.7,10.0,4.0,6.0,4.9,6.3,16.6,1,2,7.0,7.0,1.4,1,SYNTHETIC_PROTOTYPE_BENCHMARK,SYNTHETIC_PROTOTYPE_DATA_NOT_REAL_PERSONNEL_DATA,DEMO / SYNTHETIC DATA — NOT REAL PERSONNEL OR SENSOR DATA
20.4,51.3,6.0,4.0,9.0,1.7,6.6,13.0,0,1,8.5,7.4,-0.1,1,SYNTHETIC_PROTOTYPE_BENCHMARK,SYNTHETIC_PROTOTYPE_DATA_NOT_REAL_PERSONNEL_DATA,DEMO / SYNTHETIC DATA — NOT REAL PERSONNEL OR SENSOR DATA
17.5,43.5,8.1,4.0,5.0,1.7,7.1,15.3,0,2,6.1,5.2,-0.5,1,SYNTHETIC_PROTOTYPE_BENCHMARK,SYNTHETIC_PROTOTYPE_DATA_NOT_REAL_PERSONNEL_DATA,DEMO / SYNTHETIC DATA — NOT REAL PERSONNEL OR SENSOR DATA
13.8,36.9,5.2,5.6,6.0,28.1,6.3,15.8,1,1,10.0,5.9,-2.0,0,SYNTHETIC_PROTOTYPE_BENCHMARK,SYNTHETIC_PROTOTYPE_DATA_NOT_REAL_PERSONNEL_DATA,DEMO / SYNTHETIC DATA — NOT REAL PERSONNEL OR SENSOR DATA
17.1,47.5,6.6,4.0,1.0,8.5,7.6,15.2,0,0,6.7,4.6,-0.6,0,SYNTHETIC_PROTOTYPE_BENCHMARK,SYNTHETIC_PROTOTYPE_DATA_NOT_REAL_PERSONNEL_DATA,DEMO / SYNTHETIC DATA — NOT REAL PERSONNEL OR SENSOR DATA
23.9,60.6,7.2,4.0,1.0,10.9,6.6,16.7,0,2,7.3,4.2,2.0,1,SYNTHETIC_PROTOTYPE_BENCHMARK,SYNTHETIC_PROTOTYPE_DATA_NOT_REAL_PERSONNEL_DATA,DEMO / SYNTHETIC DATA — NOT REAL PERSONNEL OR SENSOR DATA
24.7,54.1,7.9,4.0,1.0,5.1,6.4,14.2,2,2,3.5,3.2,4.0,1,SYNTHETIC_PROTOTYPE_BENCHMARK,SYNTHETIC_PROTOTYPE_DATA_NOT_REAL_PERSONNEL_DATA,DEMO / SYNTHETIC DATA — NOT REAL PERSONNEL OR SENSOR DATA
20.0,39.5,7.6,15.6,5.0,12.3,7.7,6.5,0,3,5.0,7.0,-1.8,1,SYNTHETIC_PROTOTYPE_BENCHMARK,SYNTHETIC_PROTOTYPE_DATA_NOT_REAL_PERSONNEL_DATA,DEMO / SYNTHETIC DATA — NOT REAL PERSONNEL OR SENSOR DATA
22.0,53.7,7.2,4.0,10.0,6.2,6.5,17.6,0,1,7.2,1.9,-4.4,1,SYNTHETIC_PROTOTYPE_BENCHMARK,SYNTHETIC_PROTOTYPE_DATA_NOT_REAL_PERSONNEL_DATA,DEMO / SYNTHETIC DATA — NOT REAL PERSONNEL OR SENSOR DATA
27.9,55.9,4.9,4.0,4.0,17.5,6.1,17.6,1,2,6.0,3.9,-1.2,2,SYNTHETIC_PROTOTYPE_BENCHMARK,SYNTHETIC_PROTOTYPE_DATA_NOT_REAL_PERSONNEL_DATA,DEMO / SYNTHETIC DATA — NOT REAL PERSONNEL OR SENSOR DATA
21.4,43.2,4.4,4.0,7.0,2.0,7.4,20.6,0,2,6.6,5.5,2.0,1,SYNTHETIC_PROTOTYPE_BENCHMARK,SYNTHETIC_PROTOTYPE_DATA_NOT_REAL_PERSONNEL_DATA,DEMO / SYNTHETIC DATA — NOT REAL PERSONNEL OR SENSOR DATA
18.5,53.5,6.2,4.0,4.0,5.4,7.2,11.2,0,0,4.6,7.0,4.6,1,SYNTHETIC_PROTOTYPE_BENCHMARK,SYNTHETIC_PROTOTYPE_DATA_NOT_REAL_PERSONNEL_DATA,DEMO / SYNTHETIC DATA — NOT REAL PERSONNEL OR SENSOR DATA
19.8,52.6,7.4,4.0,2.0,7.0,7.1,17.1,0,0,6.4,4.3,2.9,1,SYNTHETIC_PROTOTYPE_BENCHMARK,SYNTHETIC_PROTOTYPE_DATA_NOT_REAL_PERSONNEL_DATA,DEMO / SYNTHETIC DATA — NOT REAL PERSONNEL OR SENSOR DATA
13.0,40.6,5.1,4.8,2.0,3.0,7.1,11.3,0,0,6.4,6.4,2.8,0,SYNTHETIC_PROTOTYPE_BENCHMARK,SYNTHETIC_PROTOTYPE_DATA_NOT_REAL_PERSONNEL_DATA,DEMO / SYNTHETIC DATA — NOT REAL PERSONNEL OR SENSOR DATA
17.7,55.6,7.6,4.0,0.0,12.7,7.2,19.1,0,0,3.8,4.8,-1.9,0,SYNTHETIC_PROTOTYPE_BENCHMARK,SYNTHETIC_PROTOTYPE_DATA_NOT_REAL_PERSONNEL_DATA,DEMO / SYNTHETIC DATA — NOT REAL PERSONNEL OR SENSOR DATA
24.3,57.6,8.4,8.2,0.0,23.4,5.9,14.9,2,1,7.5,6.2,-1.8,2,SYNTHETIC_PROTOTYPE_BENCHMARK,SYNTHETIC_PROTOTYPE_DATA_NOT_REAL_PERSONNEL_DATA,DEMO / SYNTHETIC DATA — NOT REAL PERSONNEL OR SENSOR DATA
23.9,62.8,3.7,4.0,4.0,4.1,5.9,13.7,1,3,2.8,5.1,-2.9,1,SYNTHETIC_PROTOTYPE_BENCHMARK,SYNTHETIC_PROTOTYPE_DATA_NOT_REAL_PERSONNEL_DATA,DEMO / SYNTHETIC DATA — NOT REAL PERSONNEL OR SENSOR DATA
24.3,62.5,3.8,4.0,2.0,3.0,5.3,17.2,1,1,6.6,5.8,-1.5,1,SYNTHETIC_PROTOTYPE_BENCHMARK,SYNTHETIC_PROTOTYPE_DATA_NOT_REAL_PERSONNEL_DATA,DEMO / SYNTHETIC DATA — NOT REAL PERSONNEL OR SENSOR DATA
20.8,38.2,5.2,11.0,3.0,3.8,8.2,11.7,0,2,9.7,5.1,2.0,0,SYNTHETIC_PROTOTYPE_BENCHMARK,SYNTHETIC_PROTOTYPE_DATA_NOT_REAL_PERSONNEL_DATA,DEMO / SYNTHETIC DATA — NOT REAL PERSONNEL OR SENSOR DATA
16.5,42.6,6.1,4.0,3.0,11.5,7.1,16.2,0,1,7.6,4.1,3.6,0,SYNTHETIC_PROTOTYPE_BENCHMARK,SYNTHETIC_PROTOTYPE_DATA_NOT_REAL_PERSONNEL_DATA,DEMO / SYNTHETIC DATA — NOT REAL PERSONNEL OR SENSOR DATA
9.2,57.2,4.5,4.0,1.0,6.2,6.8,16.0,0,0,7.5,5.4,0.8,0,SYNTHETIC_PROTOTYPE_BENCHMARK,SYNTHETIC_PROTOTYPE_DATA_NOT_REAL_PERSONNEL_DATA,DEMO / SYNTHETIC DATA — NOT REAL PERSONNEL OR SENSOR DATA
26.6,57.1,8.2,6.3,2.0,0.3,7.6,18.2,0,0,4.4,4.1,-0.6,1,SYNTHETIC_PROTOTYPE_BENCHMARK,SYNTHETIC_PROTOTYPE_DATA_NOT_REAL_PERSONNEL_DATA,DEMO / SYNTHETIC DATA — NOT REAL PERSONNEL OR SENSOR DATA
17.9,57.2,6.3,4.0,2.0,4.7,6.3,19.2,2,1,9.7,4.9,-2.3,1,SYNTHETIC_PROTOTYPE_BENCHMARK,SYNTHETIC_PROTOTYPE_DATA_NOT_REAL_PERSONNEL_DATA,DEMO / SYNTHETIC DATA — NOT REAL PERSONNEL OR SENSOR DATA
30.7,90.0,5.6,5.0,2.0,0.1,4.4,14.0,3,2,9.0,3.5,-0.2,2,SYNTHETIC_PROTOTYPE_BENCHMARK,SYNTHETIC_PROTOTYPE_DATA_NOT_REAL_PERSONNEL_DATA,DEMO / SYNTHETIC DATA — NOT REAL PERSONNEL OR SENSOR DATA
24.2,57.7,2.6,4.0,6.0,9.0,6.6,17.7,0,3,4.5,6.7,0.4,1,SYNTHETIC_PROTOTYPE_BENCHMARK,SYNTHETIC_PROTOTYPE_DATA_NOT_REAL_PERSONNEL_DATA,DEMO / SYNTHETIC DATA — NOT REAL PERSONNEL OR SENSOR DATA
24.7,63.4,2.9,4.0,2.0,2.4,6.7,16.3,0,1,5.3,5.7,-3.2,1,SYNTHETIC_PROTOTYPE_BENCHMARK,SYNTHETIC_PROTOTYPE_DATA_NOT_REAL_PERSONNEL_DATA,DEMO / SYNTHETIC DATA — NOT REAL PERSONNEL OR SENSOR DATA
31.6,61.5,6.1,4.0,3.0,3.8,6.3,12.8,1,3,8.7,3.6,2.0,2,SYNTHETIC_PROTOTYPE_BENCHMARK,SYNTHETIC_PROTOTYPE_DATA_NOT_REAL_PERSONNEL_DATA,DEMO / SYNTHETIC DATA — NOT REAL PERSONNEL OR SENSOR DATA
14.6,58.5,1.2,6.7,8.0,9.6,7.6,13.1,0,1,9.8,3.0,-0.9,0,SYNTHETIC_PROTOTYPE_BENCHMARK,SYNTHETIC_PROTOTYPE_DATA_NOT_REAL_PERSONNEL_DATA,DEMO / SYNTHETIC DATA — NOT REAL PERSONNEL OR SENSOR DATA
25.9,48.8,7.5,4.0,7.0,0.3,5.1,20.3,2,1,3.7,7.8,1.9,1,SYNTHETIC_PROTOTYPE_BENCHMARK,SYNTHETIC_PROTOTYPE_DATA_NOT_REAL_PERSONNEL_DATA,DEMO / SYNTHETIC DATA — NOT REAL PERSONNEL OR SENSOR DATA
19.5,59.6,5.2,5.1,8.0,1.0,7.6,15.9,0,1,4.2,2.3,-0.0,1,SYNTHETIC_PROTOTYPE_BENCHMARK,SYNTHETIC_PROTOTYPE_DATA_NOT_REAL_PERSONNEL_DATA,DEMO / SYNTHETIC DATA — NOT REAL PERSONNEL OR SENSOR DATA
27.9,44.3,10.0,11.5,1.0,3.0,7.9,14.6,0,0,5.9,4.9,0.7,1,SYNTHETIC_PROTOTYPE_BENCHMARK,SYNTHETIC_PROTOTYPE_DATA_NOT_REAL_PERSONNEL_DATA,DEMO / SYNTHETIC DATA — NOT REAL PERSONNEL OR SENSOR DATA
22.8,49.6,10.0,4.0,0.0,1.6,7.4,15.2,0,0,1.9,6.2,-1.5,0,SYNTHETIC_PROTOTYPE_BENCHMARK,SYNTHETIC_PROTOTYPE_DATA_NOT_REAL_PERSONNEL_DATA,DEMO / SYNTHETIC DATA — NOT REAL PERSONNEL OR SENSOR DATA
17.9,47.1,5.1,4.0,1.0,2.5,4.5,14.5,2,0,6.2,7.8,-0.8,1,SYNTHETIC_PROTOTYPE_BENCHMARK,SYNTHETIC_PROTOTYPE_DATA_NOT_REAL_PERSONNEL_DATA,DEMO / SYNTHETIC DATA — NOT REAL PERSONNEL OR SENSOR DATA
15.3,52.8,5.3,4.0,1.0,37.8,6.9,15.7,0,1,8.6,4.8,1.4,0,SYNTHETIC_PROTOTYPE_BENCHMARK,SYNTHETIC_PROTOTYPE_DATA_NOT_REAL_PERSONNEL_DATA,DEMO / SYNTHETIC DATA — NOT REAL PERSONNEL OR SENSOR DATA
17.2,75.1,7.5,4.0,8.0,10.5,5.0,15.1,3,2,3.3,3.9,-0.3,1,SYNTHETIC_PROTOTYPE_BENCHMARK,SYNTHETIC_PROTOTYPE_DATA_NOT_REAL_PERSONNEL_DATA,DEMO / SYNTHETIC DATA — NOT REAL PERSONNEL OR SENSOR DATA
18.1,33.3,8.9,4.0,4.0,12.9,7.0,12.6,0,0,6.5,4.8,-2.4,0,SYNTHETIC_PROTOTYPE_BENCHMARK,SYNTHETIC_PROTOTYPE_DATA_NOT_REAL_PERSONNEL_DATA,DEMO / SYNTHETIC DATA — NOT REAL PERSONNEL OR SENSOR DATA
22.6,58.9,2.2,4.0,0.0,16.6,6.1,13.6,2,1,5.0,4.9,0.2,0,SYNTHETIC_PROTOTYPE_BENCHMARK,SYNTHETIC_PROTOTYPE_DATA_NOT_REAL_PERSONNEL_DATA,DEMO / SYNTHETIC DATA — NOT REAL PERSONNEL OR SENSOR DATA
13.5,35.9,1.9,17.1,1.0,2.5,7.9,11.8,0,0,9.5,4.3,0.8,0,SYNTHETIC_PROTOTYPE_BENCHMARK,SYNTHETIC_PROTOTYPE_DATA_NOT_REAL_PERSONNEL_DATA,DEMO / SYNTHETIC DATA — NOT REAL PERSONNEL OR SENSOR DATA
8.1,47.3,4.3,11.1,1.0,2.1,7.7,12.0,0,2,5.1,4.2,3.0,0,SYNTHETIC_PROTOTYPE_BENCHMARK,SYNTHETIC_PROTOTYPE_DATA_NOT_REAL_PERSONNEL_DATA,DEMO / SYNTHETIC DATA — NOT REAL PERSONNEL OR SENSOR DATA
17.2,62.9,6.7,7.9,3.0,1.6,7.3,14.1,0,2,9.2,5.7,2.5,0,SYNTHETIC_PROTOTYPE_BENCHMARK,SYNTHETIC_PROTOTYPE_DATA_NOT_REAL_PERSONNEL_DATA,DEMO / SYNTHETIC DATA — NOT REAL PERSONNEL OR SENSOR DATA
22.1,52.6,6.5,8.8,5.0,10.6,7.3,14.2,0,2,5.0,4.4,-0.1,1,SYNTHETIC_PROTOTYPE_BENCHMARK,SYNTHETIC_PROTOTYPE_DATA_NOT_REAL_PERSONNEL_DATA,DEMO / SYNTHETIC DATA — NOT REAL PERSONNEL OR SENSOR DATA
24.2,41.2,7.6,4.0,7.0,6.8,7.4,16.2,0,1,7.7,7.1,-1.2,0,SYNTHETIC_PROTOTYPE_BENCHMARK,SYNTHETIC_PROTOTYPE_DATA_NOT_REAL_PERSONNEL_DATA,DEMO / SYNTHETIC DATA — NOT REAL PERSONNEL OR SENSOR DATA
13.0,44.8,3.1,4.3,10.0,1.6,7.6,17.8,0,0,6.7,5.3,-0.5,0,SYNTHETIC_PROTOTYPE_BENCHMARK,SYNTHETIC_PROTOTYPE_DATA_NOT_REAL_PERSONNEL_DATA,DEMO / SYNTHETIC DATA — NOT REAL PERSONNEL OR SENSOR DATA
24.2,58.8,1.0,9.0,1.0,2.8,5.8,11.4,1,2,5.9,2.7,-1.2,1,SYNTHETIC_PROTOTYPE_BENCHMARK,SYNTHETIC_PROTOTYPE_DATA_NOT_REAL_PERSONNEL_DATA,DEMO / SYNTHETIC DATA — NOT REAL PERSONNEL OR SENSOR DATA
12.7,44.7,7.2,4.0,1.0,4.2,6.6,16.7,0,0,4.6,7.3,1.1,0,SYNTHETIC_PROTOTYPE_BENCHMARK,SYNTHETIC_PROTOTYPE_DATA_NOT_REAL_PERSONNEL_DATA,DEMO / SYNTHETIC DATA — NOT REAL PERSONNEL OR SENSOR DATA
16.3,54.2,3.8,13.1,1.0,4.5,7.5,13.5,0,0,6.8,3.0,2.3,0,SYNTHETIC_PROTOTYPE_BENCHMARK,SYNTHETIC_PROTOTYPE_DATA_NOT_REAL_PERSONNEL_DATA,DEMO / SYNTHETIC DATA — NOT REAL PERSONNEL OR SENSOR DATA
12.9,52.5,1.5,4.0,2.0,13.2,7.3,17.6,0,0,5.3,4.2,2.7,0,SYNTHETIC_PROTOTYPE_BENCHMARK,SYNTHETIC_PROTOTYPE_DATA_NOT_REAL_PERSONNEL_DATA,DEMO / SYNTHETIC DATA — NOT REAL PERSONNEL OR SENSOR DATA
21.1,45.5,5.8,4.0,9.0,2.9,7.8,12.8,0,1,4.8,5.2,-0.9,0,SYNTHETIC_PROTOTYPE_BENCHMARK,SYNTHETIC_PROTOTYPE_DATA_NOT_REAL_PERSONNEL_DATA,DEMO / SYNTHETIC DATA — NOT REAL PERSONNEL OR SENSOR DATA
22.9,73.4,7.1,4.9,3.0,14.4,5.3,15.7,1,1,9.1,5.4,-1.1,1,SYNTHETIC_PROTOTYPE_BENCHMARK,SYNTHETIC_PROTOTYPE_DATA_NOT_REAL_PERSONNEL_DATA,DEMO / SYNTHETIC DATA — NOT REAL PERSONNEL OR SENSOR DATA
25.5,58.3,5.3,12.0,5.0,3.5,7.4,15.8,0,1,7.3,4.0,-0.9,1,SYNTHETIC_PROTOTYPE_BENCHMARK,SYNTHETIC_PROTOTYPE_DATA_NOT_REAL_PERSONNEL_DATA,DEMO / SYNTHETIC DATA — NOT REAL PERSONNEL OR SENSOR DATA
13.2,31.7,4.6,4.0,2.0,8.2,6.7,15.4,0,1,7.5,4.8,-4.3,0,SYNTHETIC_PROTOTYPE_BENCHMARK,SYNTHETIC_PROTOTYPE_DATA_NOT_REAL_PERSONNEL_DATA,DEMO / SYNTHETIC DATA — NOT REAL PERSONNEL OR SENSOR DATA
12.1,53.9,5.2,5.5,0.0,16.0,7.3,16.0,0,0,5.4,5.3,-2.6,0,SYNTHETIC_PROTOTYPE_BENCHMARK,SYNTHETIC_PROTOTYPE_DATA_NOT_REAL_PERSONNEL_DATA,DEMO / SYNTHETIC DATA — NOT REAL PERSONNEL OR SENSOR DATA
16.1,45.4,4.8,4.0,0.0,14.3,6.6,17.2,0,3,5.8,5.2,-0.1,1,SYNTHETIC_PROTOTYPE_BENCHMARK,SYNTHETIC_PROTOTYPE_DATA_NOT_REAL_PERSONNEL_DATA,DEMO / SYNTHETIC DATA — NOT REAL PERSONNEL OR SENSOR DATA
14.5,60.5,2.8,4.0,3.0,0.4,8.0,13.5,0,1,5.7,3.9,0.8,0,SYNTHETIC_PROTOTYPE_BENCHMARK,SYNTHETIC_PROTOTYPE_DATA_NOT_REAL_PERSONNEL_DATA,DEMO / SYNTHETIC DATA — NOT REAL PERSONNEL OR SENSOR DATA
18.6,44.1,4.1,6.0,4.0,1.4,6.1,18.5,2,1,6.9,5.9,1.1,0,SYNTHETIC_PROTOTYPE_BENCHMARK,SYNTHETIC_PROTOTYPE_DATA_NOT_REAL_PERSONNEL_DATA,DEMO / SYNTHETIC DATA — NOT REAL PERSONNEL OR SENSOR DATA
14.6,50.9,6.5,4.0,1.0,3.9,8.4,16.6,0,1,7.5,3.4,-1.7,0,SYNTHETIC_PROTOTYPE_BENCHMARK,SYNTHETIC_PROTOTYPE_DATA_NOT_REAL_PERSONNEL_DATA,DEMO / SYNTHETIC DATA — NOT REAL PERSONNEL OR SENSOR DATA
15.4,57.0,6.1,4.3,4.0,3.4,6.4,16.5,1,0,6.1,2.2,-1.1,0,SYNTHETIC_PROTOTYPE_BENCHMARK,SYNTHETIC_PROTOTYPE_DATA_NOT_REAL_PERSONNEL_DATA,DEMO / SYNTHETIC DATA — NOT REAL PERSONNEL OR SENSOR DATA
23.0,60.7,5.8,4.0,6.0,6.1,6.2,12.3,2,0,4.6,7.8,-0.6,1,SYNTHETIC_PROTOTYPE_BENCHMARK,SYNTHETIC_PROTOTYPE_DATA_NOT_REAL_PERSONNEL_DATA,DEMO / SYNTHETIC DATA — NOT REAL PERSONNEL OR SENSOR DATA
1.9,40.0,3.5,4.0,2.0,17.4,7.1,17.2,0,1,7.7,5.9,-0.8,0,SYNTHETIC_PROTOTYPE_BENCHMARK,SYNTHETIC_PROTOTYPE_DATA_NOT_REAL_PERSONNEL_DATA,DEMO / SYNTHETIC DATA — NOT REAL PERSONNEL OR SENSOR DATA
14.6,48.7,5.1,4.0,5.0,0.7,6.6,16.6,0,0,6.3,5.6,1.5,0,SYNTHETIC_PROTOTYPE_BENCHMARK,SYNTHETIC_PROTOTYPE_DATA_NOT_REAL_PERSONNEL_DATA,DEMO / SYNTHETIC DATA — NOT REAL PERSONNEL OR SENSOR DATA
7.8,47.3,1.1,4.0,2.0,3.6,7.0,18.8,0,0,3.3,4.2,-2.9,0,SYNTHETIC_PROTOTYPE_BENCHMARK,SYNTHETIC_PROTOTYPE_DATA_NOT_REAL_PERSONNEL_DATA,DEMO / SYNTHETIC DATA — NOT REAL PERSONNEL OR SENSOR DATA
17.4,45.5,5.9,4.0,4.0,1.3,6.7,15.0,0,3,1.9,6.8,-2.5,0,SYNTHETIC_PROTOTYPE_BENCHMARK,SYNTHETIC_PROTOTYPE_DATA_NOT_REAL_PERSONNEL_DATA,DEMO / SYNTHETIC DATA — NOT REAL PERSONNEL OR SENSOR DATA
26.1,69.7,8.4,13.0,5.0,13.5,5.3,10.0,1,1,6.8,3.3,-0.7,2,SYNTHETIC_PROTOTYPE_BENCHMARK,SYNTHETIC_PROTOTYPE_DATA_NOT_REAL_PERSONNEL_DATA,DEMO / SYNTHETIC DATA — NOT REAL PERSONNEL OR SENSOR DATA
16.8,56.0,2.6,4.0,17.0,20.0,6.6,14.2,0,1,4.5,1.0,-3.0,1,SYNTHETIC_PROTOTYPE_BENCHMARK,SYNTHETIC_PROTOTYPE_DATA_NOT_REAL_PERSONNEL_DATA,DEMO / SYNTHETIC DATA — NOT REAL PERSONNEL OR SENSOR DATA
14.5,39.4,4.3,5.3,1.0,3.9,6.7,14.1,0,1,7.1,5.0,-4.2,0,SYNTHETIC_PROTOTYPE_BENCHMARK,SYNTHETIC_PROTOTYPE_DATA_NOT_REAL_PERSONNEL_DATA,DEMO / SYNTHETIC DATA — NOT REAL PERSONNEL OR SENSOR DATA
29.4,61.2,6.2,4.0,2.0,0.7,6.0,13.4,2,3,4.6,4.2,-3.3,2,SYNTHETIC_PROTOTYPE_BENCHMARK,SYNTHETIC_PROTOTYPE_DATA_NOT_REAL_PERSONNEL_DATA,DEMO / SYNTHETIC DATA — NOT REAL PERSONNEL OR SENSOR DATA
24.6,73.2,8.0,4.0,1.0,9.2,4.8,18.2,3,0,6.5,3.7,-0.5,2,SYNTHETIC_PROTOTYPE_BENCHMARK,SYNTHETIC_PROTOTYPE_DATA_NOT_REAL_PERSONNEL_DATA,DEMO / SYNTHETIC DATA — NOT REAL PERSONNEL OR SENSOR DATA
29.6,62.3,4.6,4.0,1.0,7.2,6.0,18.3,1,2,5.4,4.2,1.4,2,SYNTHETIC_PROTOTYPE_BENCHMARK,SYNTHETIC_PROTOTYPE_DATA_NOT_REAL_PERSONNEL_DATA,DEMO / SYNTHETIC DATA — NOT REAL PERSONNEL OR SENSOR DATA
15.6,36.8,4.1,4.0,4.0,2.6,8.6,15.2,0,1,9.7,5.0,1.4,0,SYNTHETIC_PROTOTYPE_BENCHMARK,SYNTHETIC_PROTOTYPE_DATA_NOT_REAL_PERSONNEL_DATA,DEMO / SYNTHETIC DATA — NOT REAL PERSONNEL OR SENSOR DATA
10.6,47.2,1.6,4.0,9.0,13.1,6.1,14.8,2,0,8.1,4.3,3.5,0,SYNTHETIC_PROTOTYPE_BENCHMARK,SYNTHETIC_PROTOTYPE_DATA_NOT_REAL_PERSONNEL_DATA,DEMO / SYNTHETIC DATA — NOT REAL PERSONNEL OR SENSOR DATA
28.9,64.7,5.7,4.0,2.0,22.3,5.3,12.0,2,0,8.9,4.0,0.2,2,SYNTHETIC_PROTOTYPE_BENCHMARK,SYNTHETIC_PROTOTYPE_DATA_NOT_REAL_PERSONNEL_DATA,DEMO / SYNTHETIC DATA — NOT REAL PERSONNEL OR SENSOR DATA
20.2,44.9,9.6,4.0,1.0,4.9,7.3,17.0,0,1,6.2,3.0,0.5,1,SYNTHETIC_PROTOTYPE_BENCHMARK,SYNTHETIC_PROTOTYPE_DATA_NOT_REAL_PERSONNEL_DATA,DEMO / SYNTHETIC DATA — NOT REAL PERSONNEL OR SENSOR DATA
27.6,56.4,6.1,4.0,1.0,5.0,6.4,18.9,1,1,7.8,1.9,-0.6,1,SYNTHETIC_PROTOTYPE_BENCHMARK,SYNTHETIC_PROTOTYPE_DATA_NOT_REAL_PERSONNEL_DATA,DEMO / SYNTHETIC DATA — NOT REAL PERSONNEL OR SENSOR DATA
15.2,59.7,5.5,4.0,2.0,2.1,8.4,14.3,0,0,6.4,4.8,-0.4,0,SYNTHETIC_PROTOTYPE_BENCHMARK,SYNTHETIC_PROTOTYPE_DATA_NOT_REAL_PERSONNEL_DATA,DEMO / SYNTHETIC DATA — NOT REAL PERSONNEL OR SENSOR DATA
17.9,42.7,6.1,4.0,1.0,5.3,7.1,15.4,0,1,9.1,5.8,4.6,0,SYNTHETIC_PROTOTYPE_BENCHMARK,SYNTHETIC_PROTOTYPE_DATA_NOT_REAL_PERSONNEL_DATA,DEMO / SYNTHETIC DATA — NOT REAL PERSONNEL OR SENSOR DATA
19.6,51.4,5.5,4.0,1.0,3.5,7.2,16.5,0,1,6.1,6.5,0.6,0,SYNTHETIC_PROTOTYPE_BENCHMARK,SYNTHETIC_PROTOTYPE_DATA_NOT_REAL_PERSONNEL_DATA,DEMO / SYNTHETIC DATA — NOT REAL PERSONNEL OR SENSOR DATA
10.7,30.0,3.9,10.8,5.0,2.2,8.6,16.3,0,1,3.4,5.9,0.8,0,SYNTHETIC_PROTOTYPE_BENCHMARK,SYNTHETIC_PROTOTYPE_DATA_NOT_REAL_PERSONNEL_DATA,DEMO / SYNTHETIC DATA — NOT REAL PERSONNEL OR SENSOR DATA
22.7,41.8,7.1,4.0,0.0,0.4,8.2,16.0,0,2,2.2,3.9,-2.5,1,SYNTHETIC_PROTOTYPE_BENCHMARK,SYNTHETIC_PROTOTYPE_DATA_NOT_REAL_PERSONNEL_DATA,DEMO / SYNTHETIC DATA — NOT REAL PERSONNEL OR SENSOR DATA
27.1,49.5,6.0,4.3,3.0,1.7,7.3,15.9,0,2,9.5,2.3,0.9,0,SYNTHETIC_PROTOTYPE_BENCHMARK,SYNTHETIC_PROTOTYPE_DATA_NOT_REAL_PERSONNEL_DATA,DEMO / SYNTHETIC DATA — NOT REAL PERSONNEL OR SENSOR DATA
6.4,39.5,5.5,4.0,6.0,1.3,7.4,16.0,0,1,7.2,4.5,1.4,0,SYNTHETIC_PROTOTYPE_BENCHMARK,SYNTHETIC_PROTOTYPE_DATA_NOT_REAL_PERSONNEL_DATA,DEMO / SYNTHETIC DATA — NOT REAL PERSONNEL OR SENSOR DATA
25.5,68.3,3.5,9.6,1.0,4.7,7.8,10.5,0,3,7.3,4.8,2.4,2,SYNTHETIC_PROTOTYPE_BENCHMARK,SYNTHETIC_PROTOTYPE_DATA_NOT_REAL_PERSONNEL_DATA,DEMO / SYNTHETIC DATA — NOT REAL PERSONNEL OR SENSOR DATA
11.7,37.7,8.1,4.1,3.0,5.5,7.3,12.7,0,0,9.2,8.1,1.4,0,SYNTHETIC_PROTOTYPE_BENCHMARK,SYNTHETIC_PROTOTYPE_DATA_NOT_REAL_PERSONNEL_DATA,DEMO / SYNTHETIC DATA — NOT REAL PERSONNEL OR SENSOR DATA
6.7,47.6,6.8,5.9,4.0,5.6,6.7,13.2,0,0,2.9,5.4,-0.3,0,SYNTHETIC_PROTOTYPE_BENCHMARK,SYNTHETIC_PROTOTYPE_DATA_NOT_REAL_PERSONNEL_DATA,DEMO / SYNTHETIC DATA — NOT REAL PERSONNEL OR SENSOR DATA
20.7,53.3,4.4,4.0,4.0,2.9,6.4,17.6,2,1,5.5,3.2,-0.4,0,SYNTHETIC_PROTOTYPE_BENCHMARK,SYNTHETIC_PROTOTYPE_DATA_NOT_REAL_PERSONNEL_DATA,DEMO / SYNTHETIC DATA — NOT REAL PERSONNEL OR SENSOR DATA
26.6,66.4,7.5,12.9,2.0,3.3,5.0,11.4,3,1,5.7,3.0,-0.2,2,SYNTHETIC_PROTOTYPE_BENCHMARK,SYNTHETIC_PROTOTYPE_DATA_NOT_REAL_PERSONNEL_DATA,DEMO / SYNTHETIC DATA — NOT REAL PERSONNEL OR SENSOR DATA
16.7,37.6,4.5,6.9,1.0,10.8,7.9,13.4,0,1,7.7,4.6,0.2,0,SYNTHETIC_PROTOTYPE_BENCHMARK,SYNTHETIC_PROTOTYPE_DATA_NOT_REAL_PERSONNEL_DATA,DEMO / SYNTHETIC DATA — NOT REAL PERSONNEL OR SENSOR DATA
23.8,63.6,3.9,7.7,6.0,3.9,4.6,13.0,3,1,4.8,3.9,2.8,1,SYNTHETIC_PROTOTYPE_BENCHMARK,SYNTHETIC_PROTOTYPE_DATA_NOT_REAL_PERSONNEL_DATA,DEMO / SYNTHETIC DATA — NOT REAL PERSONNEL OR SENSOR DATA
20.2,52.1,4.0,4.0,5.0,26.4,6.2,15.3,2,0,3.8,6.8,2.4,0,SYNTHETIC_PROTOTYPE_BENCHMARK,SYNTHETIC_PROTOTYPE_DATA_NOT_REAL_PERSONNEL_DATA,DEMO / SYNTHETIC DATA — NOT REAL PERSONNEL OR SENSOR DATA
10.2,42.2,2.0,4.0,1.0,3.5,7.1,19.0,0,0,3.8,7.5,1.7,0,SYNTHETIC_PROTOTYPE_BENCHMARK,SYNTHETIC_PROTOTYPE_DATA_NOT_REAL_PERSONNEL_DATA,DEMO / SYNTHETIC DATA — NOT REAL PERSONNEL OR SENSOR DATA
20.6,56.6,6.4,4.0,0.0,6.3,8.4,15.3,0,2,8.5,4.6,4.5,1,SYNTHETIC_PROTOTYPE_BENCHMARK,SYNTHETIC_PROTOTYPE_DATA_NOT_REAL_PERSONNEL_DATA,DEMO / SYNTHETIC DATA — NOT REAL PERSONNEL OR SENSOR DATA
22.7,54.0,1.8,4.0,0.0,0.3,5.5,14.0,2,2,4.7,5.3,-5.0,1,SYNTHETIC_PROTOTYPE_BENCHMARK,SYNTHETIC_PROTOTYPE_DATA_NOT_REAL_PERSONNEL_DATA,DEMO / SYNTHETIC DATA — NOT REAL PERSONNEL OR SENSOR DATA
21.9,46.0,3.0,7.7,0.0,6.4,6.3,14.2,1,1,5.1,4.2,-1.0,1,SYNTHETIC_PROTOTYPE_BENCHMARK,SYNTHETIC_PROTOTYPE_DATA_NOT_REAL_PERSONNEL_DATA,DEMO / SYNTHETIC DATA — NOT REAL PERSONNEL OR SENSOR DATA
16.6,52.7,1.3,4.0,3.0,11.4,6.5,19.1,0,1,7.5,2.5,-0.0,0,SYNTHETIC_PROTOTYPE_BENCHMARK,SYNTHETIC_PROTOTYPE_DATA_NOT_REAL_PERSONNEL_DATA,DEMO / SYNTHETIC DATA — NOT REAL PERSONNEL OR SENSOR DATA
17.2,48.1,5.3,4.0,0.0,17.1,6.5,14.6,0,1,4.8,8.0,-1.5,0,SYNTHETIC_PROTOTYPE_BENCHMARK,SYNTHETIC_PROTOTYPE_DATA_NOT_REAL_PERSONNEL_DATA,DEMO / SYNTHETIC DATA — NOT REAL PERSONNEL OR SENSOR DATA
18.3,53.1,5.2,4.0,1.0,35.5,5.5,13.2,2,0,2.8,1.6,-2.0,1,SYNTHETIC_PROTOTYPE_BENCHMARK,SYNTHETIC_PROTOTYPE_DATA_NOT_REAL_PERSONNEL_DATA,DEMO / SYNTHETIC DATA — NOT REAL PERSONNEL OR SENSOR DATA
14.7,58.6,4.8,4.0,5.0,2.0,6.6,14.6,0,1,3.0,2.0,-3.8,0,SYNTHETIC_PROTOTYPE_BENCHMARK,SYNTHETIC_PROTOTYPE_DATA_NOT_REAL_PERSONNEL_DATA,DEMO / SYNTHETIC DATA — NOT REAL PERSONNEL OR SENSOR DATA
25.1,67.9,3.4,4.0,1.0,5.1,5.2,15.9,1,1,6.1,6.9,-0.7,1,SYNTHETIC_PROTOTYPE_BENCHMARK,SYNTHETIC_PROTOTYPE_DATA_NOT_REAL_PERSONNEL_DATA,DEMO / SYNTHETIC DATA — NOT REAL PERSONNEL OR SENSOR DATA
8.0,39.6,3.2,6.4,5.0,3.6,7.7,16.0,0,1,7.2,5.8,2.0,0,SYNTHETIC_PROTOTYPE_BENCHMARK,SYNTHETIC_PROTOTYPE_DATA_NOT_REAL_PERSONNEL_DATA,DEMO / SYNTHETIC DATA — NOT REAL PERSONNEL OR SENSOR DATA
26.0,73.3,6.4,4.0,5.0,5.0,4.2,17.6,3,0,5.8,2.2,1.7,2,SYNTHETIC_PROTOTYPE_BENCHMARK,SYNTHETIC_PROTOTYPE_DATA_NOT_REAL_PERSONNEL_DATA,DEMO / SYNTHETIC DATA — NOT REAL PERSONNEL OR SENSOR DATA
16.7,32.5,4.4,4.0,1.0,1.0,7.7,13.5,0,3,7.1,7.2,-1.7,0,SYNTHETIC_PROTOTYPE_BENCHMARK,SYNTHETIC_PROTOTYPE_DATA_NOT_REAL_PERSONNEL_DATA,DEMO / SYNTHETIC DATA — NOT REAL PERSONNEL OR SENSOR DATA
14.7,50.5,6.1,4.0,5.0,11.6,6.3,13.7,1,2,3.0,6.4,0.5,1,SYNTHETIC_PROTOTYPE_BENCHMARK,SYNTHETIC_PROTOTYPE_DATA_NOT_REAL_PERSONNEL_DATA,DEMO / SYNTHETIC DATA — NOT REAL PERSONNEL OR SENSOR DATA
10.5,57.9,3.7,4.0,5.0,14.4,7.2,15.0,0,0,3.1,2.8,3.0,0,SYNTHETIC_PROTOTYPE_BENCHMARK,SYNTHETIC_PROTOTYPE_DATA_NOT_REAL_PERSONNEL_DATA,DEMO / SYNTHETIC DATA — NOT REAL PERSONNEL OR SENSOR DATA
14.1,54.8,5.9,4.0,2.0,3.6,8.2,17.0,0,1,10.0,4.2,-3.3,0,SYNTHETIC_PROTOTYPE_BENCHMARK,SYNTHETIC_PROTOTYPE_DATA_NOT_REAL_PERSONNEL_DATA,DEMO / SYNTHETIC DATA — NOT REAL PERSONNEL OR SENSOR DATA
20.6,45.8,8.1,4.5,1.0,2.0,6.9,12.9,0,3,8.7,6.8,-0.3,1,SYNTHETIC_PROTOTYPE_BENCHMARK,SYNTHETIC_PROTOTYPE_DATA_NOT_REAL_PERSONNEL_DATA,DEMO / SYNTHETIC DATA — NOT REAL PERSONNEL OR SENSOR DATA
21.5,49.9,6.7,4.8,3.0,0.9,8.2,14.0,0,0,7.7,4.0,0.6,0,SYNTHETIC_PROTOTYPE_BENCHMARK,SYNTHETIC_PROTOTYPE_DATA_NOT_REAL_PERSONNEL_DATA,DEMO / SYNTHETIC DATA — NOT REAL PERSONNEL OR SENSOR DATA
16.7,47.1,4.7,5.1,9.0,6.9,6.8,14.0,0,1,4.9,5.8,0.0,0,SYNTHETIC_PROTOTYPE_BENCHMARK,SYNTHETIC_PROTOTYPE_DATA_NOT_REAL_PERSONNEL_DATA,DEMO / SYNTHETIC DATA — NOT REAL PERSONNEL OR SENSOR DATA
20.4,46.1,6.0,5.2,4.0,2.2,6.4,17.0,1,1,5.7,7.6,1.9,1,SYNTHETIC_PROTOTYPE_BENCHMARK,SYNTHETIC_PROTOTYPE_DATA_NOT_REAL_PERSONNEL_DATA,DEMO / SYNTHETIC DATA — NOT REAL PERSONNEL OR SENSOR DATA
23.8,60.5,5.0,4.0,1.0,14.4,7.6,16.7,0,1,6.2,1.1,-3.3,0,SYNTHETIC_PROTOTYPE_BENCHMARK,SYNTHETIC_PROTOTYPE_DATA_NOT_REAL_PERSONNEL_DATA,DEMO / SYNTHETIC DATA — NOT REAL PERSONNEL OR SENSOR DATA
24.7,55.6,5.5,12.3,4.0,6.7,7.1,14.1,0,2,8.8,4.4,-2.2,1,SYNTHETIC_PROTOTYPE_BENCHMARK,SYNTHETIC_PROTOTYPE_DATA_NOT_REAL_PERSONNEL_DATA,DEMO / SYNTHETIC DATA — NOT REAL PERSONNEL OR SENSOR DATA
16.5,45.1,4.8,6.7,2.0,6.2,7.1,17.2,0,1,7.0,5.9,1.5,0,SYNTHETIC_PROTOTYPE_BENCHMARK,SYNTHETIC_PROTOTYPE_DATA_NOT_REAL_PERSONNEL_DATA,DEMO / SYNTHETIC DATA — NOT REAL PERSONNEL OR SENSOR DATA
15.2,61.0,5.2,9.4,3.0,4.9,7.1,12.8,0,0,7.3,1.9,-3.7,0,SYNTHETIC_PROTOTYPE_BENCHMARK,SYNTHETIC_PROTOTYPE_DATA_NOT_REAL_PERSONNEL_DATA,DEMO / SYNTHETIC DATA — NOT REAL PERSONNEL OR SENSOR DATA
19.3,55.1,5.9,4.0,5.0,0.3,7.1,13.2,0,0,5.9,4.1,1.8,0,SYNTHETIC_PROTOTYPE_BENCHMARK,SYNTHETIC_PROTOTYPE_DATA_NOT_REAL_PERSONNEL_DATA,DEMO / SYNTHETIC DATA — NOT REAL PERSONNEL OR SENSOR DATA
15.2,60.1,3.5,10.9,3.0,16.1,6.2,10.5,2,0,7.8,6.2,1.0,0,SYNTHETIC_PROTOTYPE_BENCHMARK,SYNTHETIC_PROTOTYPE_DATA_NOT_REAL_PERSONNEL_DATA,DEMO / SYNTHETIC DATA — NOT REAL PERSONNEL OR SENSOR DATA
27.2,58.3,3.5,6.6,6.0,5.9,5.5,10.9,1,1,6.8,3.7,1.6,1,SYNTHETIC_PROTOTYPE_BENCHMARK,SYNTHETIC_PROTOTYPE_DATA_NOT_REAL_PERSONNEL_DATA,DEMO / SYNTHETIC DATA — NOT REAL PERSONNEL OR SENSOR DATA
21.1,43.7,2.7,7.3,4.0,30.8,6.2,13.4,1,2,6.3,3.3,-1.0,1,SYNTHETIC_PROTOTYPE_BENCHMARK,SYNTHETIC_PROTOTYPE_DATA_NOT_REAL_PERSONNEL_DATA,DEMO / SYNTHETIC DATA — NOT REAL PERSONNEL OR SENSOR DATA
13.8,46.4,2.3,4.0,3.0,4.6,7.6,14.8,0,0,4.7,7.1,1.1,0,SYNTHETIC_PROTOTYPE_BENCHMARK,SYNTHETIC_PROTOTYPE_DATA_NOT_REAL_PERSONNEL_DATA,DEMO / SYNTHETIC DATA — NOT REAL PERSONNEL OR SENSOR DATA
20.9,59.5,3.1,5.4,1.0,7.4,6.4,16.6,1,1,6.0,5.4,-2.6,0,SYNTHETIC_PROTOTYPE_BENCHMARK,SYNTHETIC_PROTOTYPE_DATA_NOT_REAL_PERSONNEL_DATA,DEMO / SYNTHETIC DATA — NOT REAL PERSONNEL OR SENSOR DATA
19.7,58.1,5.8,12.9,6.0,0.3,7.5,12.1,0,1,4.0,4.7,-0.9,0,SYNTHETIC_PROTOTYPE_BENCHMARK,SYNTHETIC_PROTOTYPE_DATA_NOT_REAL_PERSONNEL_DATA,DEMO / SYNTHETIC DATA — NOT REAL PERSONNEL OR SENSOR DATA
13.9,51.8,3.7,4.5,10.0,6.0,7.2,14.4,0,0,6.1,5.0,0.1,0,SYNTHETIC_PROTOTYPE_BENCHMARK,SYNTHETIC_PROTOTYPE_DATA_NOT_REAL_PERSONNEL_DATA,DEMO / SYNTHETIC DATA — NOT REAL PERSONNEL OR SENSOR DATA
22.3,53.2,6.5,4.0,1.0,8.7,6.0,15.4,1,1,6.4,6.6,-2.0,1,SYNTHETIC_PROTOTYPE_BENCHMARK,SYNTHETIC_PROTOTYPE_DATA_NOT_REAL_PERSONNEL_DATA,DEMO / SYNTHETIC DATA — NOT REAL PERSONNEL OR SENSOR DATA
21.8,64.8,5.6,11.6,2.0,9.0,5.2,10.5,1,1,1.4,4.8,0.5,1,SYNTHETIC_PROTOTYPE_BENCHMARK,SYNTHETIC_PROTOTYPE_DATA_NOT_REAL_PERSONNEL_DATA,DEMO / SYNTHETIC DATA — NOT REAL PERSONNEL OR SENSOR DATA
22.7,46.1,1.6,4.0,1.0,8.8,6.9,17.7,0,1,5.7,6.4,-2.5,0,SYNTHETIC_PROTOTYPE_BENCHMARK,SYNTHETIC_PROTOTYPE_DATA_NOT_REAL_PERSONNEL_DATA,DEMO / SYNTHETIC DATA — NOT REAL PERSONNEL OR SENSOR DATA
16.5,57.5,6.8,4.0,5.0,1.5,6.3,14.0,2,0,3.8,3.8,0.6,1,SYNTHETIC_PROTOTYPE_BENCHMARK,SYNTHETIC_PROTOTYPE_DATA_NOT_REAL_PERSONNEL_DATA,DEMO / SYNTHETIC DATA — NOT REAL PERSONNEL OR SENSOR DATA
21.3,50.0,7.1,4.0,4.0,22.2,6.7,13.3,0,1,7.2,2.3,3.8,1,SYNTHETIC_PROTOTYPE_BENCHMARK,SYNTHETIC_PROTOTYPE_DATA_NOT_REAL_PERSONNEL_DATA,DEMO / SYNTHETIC DATA — NOT REAL PERSONNEL OR SENSOR DATA
18.5,49.8,3.5,10.8,1.0,32.0,5.6,14.5,2,3,7.5,6.2,-2.8,1,SYNTHETIC_PROTOTYPE_BENCHMARK,SYNTHETIC_PROTOTYPE_DATA_NOT_REAL_PERSONNEL_DATA,DEMO / SYNTHETIC DATA — NOT REAL PERSONNEL OR SENSOR DATA
18.7,63.0,6.3,4.0,7.0,0.5,6.1,16.7,2,1,5.3,6.2,-0.0,1,SYNTHETIC_PROTOTYPE_BENCHMARK,SYNTHETIC_PROTOTYPE_DATA_NOT_REAL_PERSONNEL_DATA,DEMO / SYNTHETIC DATA — NOT REAL PERSONNEL OR SENSOR DATA
11.5,60.3,3.8,4.0,1.0,16.5,7.0,12.2,0,1,7.3,4.3,-3.6,0,SYNTHETIC_PROTOTYPE_BENCHMARK,SYNTHETIC_PROTOTYPE_DATA_NOT_REAL_PERSONNEL_DATA,DEMO / SYNTHETIC DATA — NOT REAL PERSONNEL OR SENSOR DATA
21.8,60.1,5.7,4.6,6.0,2.1,6.8,17.1,0,1,7.4,6.0,-1.8,1,SYNTHETIC_PROTOTYPE_BENCHMARK,SYNTHETIC_PROTOTYPE_DATA_NOT_REAL_PERSONNEL_DATA,DEMO / SYNTHETIC DATA — NOT REAL PERSONNEL OR SENSOR DATA
16.9,65.1,3.0,6.3,2.0,7.0,5.7,13.2,1,0,5.7,3.9,1.5,0,SYNTHETIC_PROTOTYPE_BENCHMARK,SYNTHETIC_PROTOTYPE_DATA_NOT_REAL_PERSONNEL_DATA,DEMO / SYNTHETIC DATA — NOT REAL PERSONNEL OR SENSOR DATA
20.5,52.2,1.9,4.0,1.0,2.5,7.0,14.9,0,1,9.3,5.0,-0.9,0,SYNTHETIC_PROTOTYPE_BENCHMARK,SYNTHETIC_PROTOTYPE_DATA_NOT_REAL_PERSONNEL_DATA,DEMO / SYNTHETIC DATA — NOT REAL PERSONNEL OR SENSOR DATA
18.8,58.8,4.7,9.6,1.0,20.6,7.2,13.7,0,0,4.7,7.4,1.6,1,SYNTHETIC_PROTOTYPE_BENCHMARK,SYNTHETIC_PROTOTYPE_DATA_NOT_REAL_PERSONNEL_DATA,DEMO / SYNTHETIC DATA — NOT REAL PERSONNEL OR SENSOR DATA
16.1,48.9,5.3,11.4,1.0,0.6,7.4,13.8,0,0,9.1,4.8,0.8,0,SYNTHETIC_PROTOTYPE_BENCHMARK,SYNTHETIC_PROTOTYPE_DATA_NOT_REAL_PERSONNEL_DATA,DEMO / SYNTHETIC DATA — NOT REAL PERSONNEL OR SENSOR DATA
12.4,55.2,4.7,4.0,4.0,4.1,7.2,16.5,0,1,5.7,4.4,-0.1,0,SYNTHETIC_PROTOTYPE_BENCHMARK,SYNTHETIC_PROTOTYPE_DATA_NOT_REAL_PERSONNEL_DATA,DEMO / SYNTHETIC DATA — NOT REAL PERSONNEL OR SENSOR DATA
18.1,50.7,3.1,4.0,3.0,3.4,6.4,15.5,1,0,4.5,2.4,-2.3,0,SYNTHETIC_PROTOTYPE_BENCHMARK,SYNTHETIC_PROTOTYPE_DATA_NOT_REAL_PERSONNEL_DATA,DEMO / SYNTHETIC DATA — NOT REAL PERSONNEL OR SENSOR DATA
14.4,53.0,4.7,4.0,0.0,2.4,7.7,14.8,0,1,5.5,6.1,1.5,0,SYNTHETIC_PROTOTYPE_BENCHMARK,SYNTHETIC_PROTOTYPE_DATA_NOT_REAL_PERSONNEL_DATA,DEMO / SYNTHETIC DATA — NOT REAL PERSONNEL OR SENSOR DATA
10.6,58.0,6.0,4.0,0.0,6.2,8.4,16.4,0,0,4.0,3.7,0.7,0,SYNTHETIC_PROTOTYPE_BENCHMARK,SYNTHETIC_PROTOTYPE_DATA_NOT_REAL_PERSONNEL_DATA,DEMO / SYNTHETIC DATA — NOT REAL PERSONNEL OR SENSOR DATA
17.2,43.8,5.4,4.0,0.0,0.8,6.7,15.4,0,0,7.8,5.8,-3.4,0,SYNTHETIC_PROTOTYPE_BENCHMARK,SYNTHETIC_PROTOTYPE_DATA_NOT_REAL_PERSONNEL_DATA,DEMO / SYNTHETIC DATA — NOT REAL PERSONNEL OR SENSOR DATA
21.2,72.9,5.9,9.7,5.0,7.6,5.0,16.9,2,2,3.0,3.5,-2.1,2,SYNTHETIC_PROTOTYPE_BENCHMARK,SYNTHETIC_PROTOTYPE_DATA_NOT_REAL_PERSONNEL_DATA,DEMO / SYNTHETIC DATA — NOT REAL PERSONNEL OR SENSOR DATA
10.7,41.9,4.2,7.5,4.0,23.7,6.9,15.4,0,3,9.0,5.0,-5.0,0,SYNTHETIC_PROTOTYPE_BENCHMARK,SYNTHETIC_PROTOTYPE_DATA_NOT_REAL_PERSONNEL_DATA,DEMO / SYNTHETIC DATA — NOT REAL PERSONNEL OR SENSOR DATA
20.0,39.9,7.8,4.0,0.0,9.8,7.9,13.8,0,0,4.3,5.6,-3.0,0,SYNTHETIC_PROTOTYPE_BENCHMARK,SYNTHETIC_PROTOTYPE_DATA_NOT_REAL_PERSONNEL_DATA,DEMO / SYNTHETIC DATA — NOT REAL PERSONNEL OR SENSOR DATA
17.7,63.6,3.1,4.0,3.0,11.8,6.1,14.6,1,1,7.9,4.4,-0.7,0,SYNTHETIC_PROTOTYPE_BENCHMARK,SYNTHETIC_PROTOTYPE_DATA_NOT_REAL_PERSONNEL_DATA,DEMO / SYNTHETIC DATA — NOT REAL PERSONNEL OR SENSOR DATA
13.2,59.9,6.5,4.0,0.0,2.7,5.8,15.7,2,0,6.2,6.4,-2.3,1,SYNTHETIC_PROTOTYPE_BENCHMARK,SYNTHETIC_PROTOTYPE_DATA_NOT_REAL_PERSONNEL_DATA,DEMO / SYNTHETIC DATA — NOT REAL PERSONNEL OR SENSOR DATA
17.4,58.2,7.9,4.0,8.0,2.4,6.6,18.2,0,1,6.7,7.0,-1.8,1,SYNTHETIC_PROTOTYPE_BENCHMARK,SYNTHETIC_PROTOTYPE_DATA_NOT_REAL_PERSONNEL_DATA,DEMO / SYNTHETIC DATA — NOT REAL PERSONNEL OR SENSOR DATA
16.9,58.3,6.5,4.0,8.0,4.4,7.1,18.4,0,1,5.0,5.7,3.1,0,SYNTHETIC_PROTOTYPE_BENCHMARK,SYNTHETIC_PROTOTYPE_DATA_NOT_REAL_PERSONNEL_DATA,DEMO / SYNTHETIC DATA — NOT REAL PERSONNEL OR SENSOR DATA
21.3,51.9,5.1,9.2,4.0,0.3,6.7,12.7,0,0,6.9,7.0,2.3,0,SYNTHETIC_PROTOTYPE_BENCHMARK,SYNTHETIC_PROTOTYPE_DATA_NOT_REAL_PERSONNEL_DATA,DEMO / SYNTHETIC DATA — NOT REAL PERSONNEL OR SENSOR DATA
10.5,43.0,4.4,10.5,9.0,17.4,7.3,11.1,0,2,6.5,6.9,-1.5,0,SYNTHETIC_PROTOTYPE_BENCHMARK,SYNTHETIC_PROTOTYPE_DATA_NOT_REAL_PERSONNEL_DATA,DEMO / SYNTHETIC DATA — NOT REAL PERSONNEL OR SENSOR DATA
11.6,52.8,7.6,4.0,6.0,0.9,7.9,13.5,0,0,3.3,5.8,1.7,0,SYNTHETIC_PROTOTYPE_BENCHMARK,SYNTHETIC_PROTOTYPE_DATA_NOT_REAL_PERSONNEL_DATA,DEMO / SYNTHETIC DATA — NOT REAL PERSONNEL OR SENSOR DATA
17.6,45.2,2.7,8.8,6.0,14.0,7.1,14.2,0,0,4.3,7.7,2.7,0,SYNTHETIC_PROTOTYPE_BENCHMARK,SYNTHETIC_PROTOTYPE_DATA_NOT_REAL_PERSONNEL_DATA,DEMO / SYNTHETIC DATA — NOT REAL PERSONNEL OR SENSOR DATA
19.1,61.8,3.6,4.0,3.0,0.5,6.6,20.2,0,2,5.1,2.6,1.4,0,SYNTHETIC_PROTOTYPE_BENCHMARK,SYNTHETIC_PROTOTYPE_DATA_NOT_REAL_PERSONNEL_DATA,DEMO / SYNTHETIC DATA — NOT REAL PERSONNEL OR SENSOR DATA
17.9,50.5,4.7,5.3,1.0,10.4,7.4,16.1,0,1,4.7,4.2,0.7,1,SYNTHETIC_PROTOTYPE_BENCHMARK,SYNTHETIC_PROTOTYPE_DATA_NOT_REAL_PERSONNEL_DATA,DEMO / SYNTHETIC DATA — NOT REAL PERSONNEL OR SENSOR DATA
16.7,43.7,8.0,4.0,1.0,1.0,6.6,12.4,0,1,8.7,4.3,2.4,0,SYNTHETIC_PROTOTYPE_BENCHMARK,SYNTHETIC_PROTOTYPE_DATA_NOT_REAL_PERSONNEL_DATA,DEMO / SYNTHETIC DATA — NOT REAL PERSONNEL OR SENSOR DATA
27.0,48.8,6.3,4.0,1.0,0.2,6.4,14.1,1,1,6.2,4.8,1.7,1,SYNTHETIC_PROTOTYPE_BENCHMARK,SYNTHETIC_PROTOTYPE_DATA_NOT_REAL_PERSONNEL_DATA,DEMO / SYNTHETIC DATA — NOT REAL PERSONNEL OR SENSOR DATA
13.4,56.1,3.6,10.5,3.0,7.6,6.4,11.7,2,1,4.6,5.9,-2.7,0,SYNTHETIC_PROTOTYPE_BENCHMARK,SYNTHETIC_PROTOTYPE_DATA_NOT_REAL_PERSONNEL_DATA,DEMO / SYNTHETIC DATA — NOT REAL PERSONNEL OR SENSOR DATA
18.3,46.4,4.9,4.0,1.0,2.0,6.8,14.0,0,1,5.2,3.8,-0.4,0,SYNTHETIC_PROTOTYPE_BENCHMARK,SYNTHETIC_PROTOTYPE_DATA_NOT_REAL_PERSONNEL_DATA,DEMO / SYNTHETIC DATA — NOT REAL PERSONNEL OR SENSOR DATA
22.7,43.8,4.3,5.3,1.0,7.5,6.5,14.3,2,1,5.2,6.3,-1.2,1,SYNTHETIC_PROTOTYPE_BENCHMARK,SYNTHETIC_PROTOTYPE_DATA_NOT_REAL_PERSONNEL_DATA,DEMO / SYNTHETIC DATA — NOT REAL PERSONNEL OR SENSOR DATA
14.9,54.4,4.1,4.0,2.0,4.9,8.2,16.3,0,1,5.6,4.1,2.5,0,SYNTHETIC_PROTOTYPE_BENCHMARK,SYNTHETIC_PROTOTYPE_DATA_NOT_REAL_PERSONNEL_DATA,DEMO / SYNTHETIC DATA — NOT REAL PERSONNEL OR SENSOR DATA
14.9,54.4,7.5,4.0,1.0,0.7,8.6,17.0,0,1,4.0,4.5,-1.3,0,SYNTHETIC_PROTOTYPE_BENCHMARK,SYNTHETIC_PROTOTYPE_DATA_NOT_REAL_PERSONNEL_DATA,DEMO / SYNTHETIC DATA — NOT REAL PERSONNEL OR SENSOR DATA
19.4,46.9,2.8,4.0,3.0,16.1,6.5,17.8,1,1,4.6,5.7,-1.7,1,SYNTHETIC_PROTOTYPE_BENCHMARK,SYNTHETIC_PROTOTYPE_DATA_NOT_REAL_PERSONNEL_DATA,DEMO / SYNTHETIC DATA — NOT REAL PERSONNEL OR SENSOR DATA
24.8,47.3,8.7,4.0,9.0,3.6,7.2,16.6,0,2,7.7,7.9,2.3,1,SYNTHETIC_PROTOTYPE_BENCHMARK,SYNTHETIC_PROTOTYPE_DATA_NOT_REAL_PERSONNEL_DATA,DEMO / SYNTHETIC DATA — NOT REAL PERSONNEL OR SENSOR DATA
17.0,54.3,7.2,4.7,5.0,8.0,6.5,11.4,0,1,6.6,3.9,0.6,1,SYNTHETIC_PROTOTYPE_BENCHMARK,SYNTHETIC_PROTOTYPE_DATA_NOT_REAL_PERSONNEL_DATA,DEMO / SYNTHETIC DATA — NOT REAL PERSONNEL OR SENSOR DATA
21.2,37.5,7.7,4.0,4.0,4.2,8.4,13.5,0,1,5.9,5.8,4.6,0,SYNTHETIC_PROTOTYPE_BENCHMARK,SYNTHETIC_PROTOTYPE_DATA_NOT_REAL_PERSONNEL_DATA,DEMO / SYNTHETIC DATA — NOT REAL PERSONNEL OR SENSOR DATA
13.6,37.9,4.6,4.8,3.0,5.6,8.5,15.0,0,1,6.2,4.3,-1.9,0,SYNTHETIC_PROTOTYPE_BENCHMARK,SYNTHETIC_PROTOTYPE_DATA_NOT_REAL_PERSONNEL_DATA,DEMO / SYNTHETIC DATA — NOT REAL PERSONNEL OR SENSOR DATA
20.2,44.8,5.2,4.8,2.0,2.2,5.8,15.6,2,1,6.1,4.4,-1.1,1,SYNTHETIC_PROTOTYPE_BENCHMARK,SYNTHETIC_PROTOTYPE_DATA_NOT_REAL_PERSONNEL_DATA,DEMO / SYNTHETIC DATA — NOT REAL PERSONNEL OR SENSOR DATA
21.6,49.9,2.6,4.9,1.0,1.3,7.4,17.0,0,1,5.8,3.6,2.5,0,SYNTHETIC_PROTOTYPE_BENCHMARK,SYNTHETIC_PROTOTYPE_DATA_NOT_REAL_PERSONNEL_DATA,DEMO / SYNTHETIC DATA — NOT REAL PERSONNEL OR SENSOR DATA
26.0,55.1,4.5,4.0,8.0,4.7,5.7,15.7,2,3,7.2,5.3,-2.8,1,SYNTHETIC_PROTOTYPE_BENCHMARK,SYNTHETIC_PROTOTYPE_DATA_NOT_REAL_PERSONNEL_DATA,DEMO / SYNTHETIC DATA — NOT REAL PERSONNEL OR SENSOR DATA
20.6,66.8,6.5,9.9,1.0,3.5,7.7,13.4,0,1,7.1,4.9,2.9,1,SYNTHETIC_PROTOTYPE_BENCHMARK,SYNTHETIC_PROTOTYPE_DATA_NOT_REAL_PERSONNEL_DATA,DEMO / SYNTHETIC DATA — NOT REAL PERSONNEL OR SENSOR DATA
21.9,60.6,8.1,4.0,0.0,3.0,6.9,16.1,0,3,3.1,5.7,-2.7,2,SYNTHETIC_PROTOTYPE_BENCHMARK,SYNTHETIC_PROTOTYPE_DATA_NOT_REAL_PERSONNEL_DATA,DEMO / SYNTHETIC DATA — NOT REAL PERSONNEL OR SENSOR DATA
30.0,50.4,3.3,4.0,5.0,6.7,6.2,15.1,1,2,5.9,4.1,1.3,1,SYNTHETIC_PROTOTYPE_BENCHMARK,SYNTHETIC_PROTOTYPE_DATA_NOT_REAL_PERSONNEL_DATA,DEMO / SYNTHETIC DATA — NOT REAL PERSONNEL OR SENSOR DATA
18.3,51.8,4.8,4.0,1.0,7.0,6.6,15.8,0,3,3.2,5.9,-4.1,1,SYNTHETIC_PROTOTYPE_BENCHMARK,SYNTHETIC_PROTOTYPE_DATA_NOT_REAL_PERSONNEL_DATA,DEMO / SYNTHETIC DATA — NOT REAL PERSONNEL OR SENSOR DATA
17.3,42.0,5.2,4.0,2.0,0.3,7.2,17.9,0,1,7.5,5.8,0.1,0,SYNTHETIC_PROTOTYPE_BENCHMARK,SYNTHETIC_PROTOTYPE_DATA_NOT_REAL_PERSONNEL_DATA,DEMO / SYNTHETIC DATA — NOT REAL PERSONNEL OR SENSOR DATA
21.3,51.8,2.7,4.0,0.0,2.5,7.4,15.4,0,3,7.7,5.0,-3.0,0,SYNTHETIC_PROTOTYPE_BENCHMARK,SYNTHETIC_PROTOTYPE_DATA_NOT_REAL_PERSONNEL_DATA,DEMO / SYNTHETIC DATA — NOT REAL PERSONNEL OR SENSOR DATA
18.0,49.1,6.7,4.0,1.0,3.2,7.9,15.5,0,0,5.0,3.4,4.2,0,SYNTHETIC_PROTOTYPE_BENCHMARK,SYNTHETIC_PROTOTYPE_DATA_NOT_REAL_PERSONNEL_DATA,DEMO / SYNTHETIC DATA — NOT REAL PERSONNEL OR SENSOR DATA
26.1,55.2,4.1,4.0,1.0,0.6,6.0,15.5,1,0,6.0,5.2,-2.4,1,SYNTHETIC_PROTOTYPE_BENCHMARK,SYNTHETIC_PROTOTYPE_DATA_NOT_REAL_PERSONNEL_DATA,DEMO / SYNTHETIC DATA — NOT REAL PERSONNEL OR SENSOR DATA
14.6,43.7,5.1,4.0,0.0,1.6,8.8,18.2,0,1,2.0,5.8,-1.8,0,SYNTHETIC_PROTOTYPE_BENCHMARK,SYNTHETIC_PROTOTYPE_DATA_NOT_REAL_PERSONNEL_DATA,DEMO / SYNTHETIC DATA — NOT REAL PERSONNEL OR SENSOR DATA
20.2,57.2,4.6,5.9,4.0,0.3,8.1,12.6,0,3,8.1,5.0,1.2,1,SYNTHETIC_PROTOTYPE_BENCHMARK,SYNTHETIC_PROTOTYPE_DATA_NOT_REAL_PERSONNEL_DATA,DEMO / SYNTHETIC DATA — NOT REAL PERSONNEL OR SENSOR DATA
29.0,67.3,3.9,4.0,6.0,33.5,4.7,19.2,2,1,7.6,4.9,-1.3,1,SYNTHETIC_PROTOTYPE_BENCHMARK,SYNTHETIC_PROTOTYPE_DATA_NOT_REAL_PERSONNEL_DATA,DEMO / SYNTHETIC DATA — NOT REAL PERSONNEL OR SENSOR DATA
16.1,50.9,5.5,4.0,2.0,8.0,6.9,13.2,0,0,8.5,6.2,1.5,0,SYNTHETIC_PROTOTYPE_BENCHMARK,SYNTHETIC_PROTOTYPE_DATA_NOT_REAL_PERSONNEL_DATA,DEMO / SYNTHETIC DATA — NOT REAL PERSONNEL OR SENSOR DATA
20.8,56.0,5.1,4.0,7.0,0.5,8.2,14.3,0,1,9.2,3.2,-1.6,0,SYNTHETIC_PROTOTYPE_BENCHMARK,SYNTHETIC_PROTOTYPE_DATA_NOT_REAL_PERSONNEL_DATA,DEMO / SYNTHETIC DATA — NOT REAL PERSONNEL OR SENSOR DATA
19.0,58.9,4.8,6.0,1.0,0.1,7.7,16.3,0,1,3.8,4.4,-1.7,0,SYNTHETIC_PROTOTYPE_BENCHMARK,SYNTHETIC_PROTOTYPE_DATA_NOT_REAL_PERSONNEL_DATA,DEMO / SYNTHETIC DATA — NOT REAL PERSONNEL OR SENSOR DATA
19.1,48.0,4.0,4.0,1.0,7.6,6.7,17.7,0,0,8.0,6.1,-0.1,0,SYNTHETIC_PROTOTYPE_BENCHMARK,SYNTHETIC_PROTOTYPE_DATA_NOT_REAL_PERSONNEL_DATA,DEMO / SYNTHETIC DATA — NOT REAL PERSONNEL OR SENSOR DATA
23.0,54.2,6.1,4.0,1.0,3.5,7.5,12.8,0,2,9.2,4.6,-2.7,0,SYNTHETIC_PROTOTYPE_BENCHMARK,SYNTHETIC_PROTOTYPE_DATA_NOT_REAL_PERSONNEL_DATA,DEMO / SYNTHETIC DATA — NOT REAL PERSONNEL OR SENSOR DATA
19.3,52.1,8.8,4.0,3.0,9.3,9.1,13.4,0,3,3.2,6.5,0.9,1,SYNTHETIC_PROTOTYPE_BENCHMARK,SYNTHETIC_PROTOTYPE_DATA_NOT_REAL_PERSONNEL_DATA,DEMO / SYNTHETIC DATA — NOT REAL PERSONNEL OR SENSOR DATA
14.9,53.0,5.8,4.7,2.0,15.4,6.6,15.9,0,3,5.9,5.2,1.9,1,SYNTHETIC_PROTOTYPE_BENCHMARK,SYNTHETIC_PROTOTYPE_DATA_NOT_REAL_PERSONNEL_DATA,DEMO / SYNTHETIC DATA — NOT REAL PERSONNEL OR SENSOR DATA
10.2,44.3,7.5,4.0,3.0,5.5,6.7,20.3,0,0,5.5,2.6,1.2,0,SYNTHETIC_PROTOTYPE_BENCHMARK,SYNTHETIC_PROTOTYPE_DATA_NOT_REAL_PERSONNEL_DATA,DEMO / SYNTHETIC DATA — NOT REAL PERSONNEL OR SENSOR DATA
7.5,52.2,2.7,6.7,5.0,1.2,7.1,17.0,0,0,7.9,6.4,1.4,0,SYNTHETIC_PROTOTYPE_BENCHMARK,SYNTHETIC_PROTOTYPE_DATA_NOT_REAL_PERSONNEL_DATA,DEMO / SYNTHETIC DATA — NOT REAL PERSONNEL OR SENSOR DATA
19.3,57.0,5.8,4.0,3.0,9.1,6.7,15.1,0,1,1.4,4.7,-4.2,1,SYNTHETIC_PROTOTYPE_BENCHMARK,SYNTHETIC_PROTOTYPE_DATA_NOT_REAL_PERSONNEL_DATA,DEMO / SYNTHETIC DATA — NOT REAL PERSONNEL OR SENSOR DATA
12.0,66.5,3.3,4.0,3.0,18.7,5.5,10.8,1,1,9.8,1.7,-1.0,0,SYNTHETIC_PROTOTYPE_BENCHMARK,SYNTHETIC_PROTOTYPE_DATA_NOT_REAL_PERSONNEL_DATA,DEMO / SYNTHETIC DATA — NOT REAL PERSONNEL OR SENSOR DATA
16.2,61.6,2.5,4.0,10.0,5.2,6.8,15.8,0,0,6.0,4.2,-0.5,0,SYNTHETIC_PROTOTYPE_BENCHMARK,SYNTHETIC_PROTOTYPE_DATA_NOT_REAL_PERSONNEL_DATA,DEMO / SYNTHETIC DATA — NOT REAL PERSONNEL OR SENSOR DATA
25.8,73.5,4.0,4.0,1.0,6.9,4.9,16.3,3,2,8.0,2.0,3.2,2,SYNTHETIC_PROTOTYPE_BENCHMARK,SYNTHETIC_PROTOTYPE_DATA_NOT_REAL_PERSONNEL_DATA,DEMO / SYNTHETIC DATA — NOT REAL PERSONNEL OR SENSOR DATA
22.1,44.3,7.9,4.0,2.0,2.5,6.7,14.8,0,1,6.1,6.7,-1.3,1,SYNTHETIC_PROTOTYPE_BENCHMARK,SYNTHETIC_PROTOTYPE_DATA_NOT_REAL_PERSONNEL_DATA,DEMO / SYNTHETIC DATA — NOT REAL PERSONNEL OR SENSOR DATA
24.4,60.7,7.4,4.0,4.0,2.9,7.2,13.9,0,2,7.2,4.6,-5.0,1,SYNTHETIC_PROTOTYPE_BENCHMARK,SYNTHETIC_PROTOTYPE_DATA_NOT_REAL_PERSONNEL_DATA,DEMO / SYNTHETIC DATA — NOT REAL PERSONNEL OR SENSOR DATA
27.7,53.8,6.0,4.0,3.0,8.0,5.3,15.9,2,3,1.6,3.6,-2.2,1,SYNTHETIC_PROTOTYPE_BENCHMARK,SYNTHETIC_PROTOTYPE_DATA_NOT_REAL_PERSONNEL_DATA,DEMO / SYNTHETIC DATA — NOT REAL PERSONNEL OR SENSOR DATA
21.1,73.9,2.4,4.4,1.0,15.8,6.4,13.6,1,0,5.4,5.1,-1.5,1,SYNTHETIC_PROTOTYPE_BENCHMARK,SYNTHETIC_PROTOTYPE_DATA_NOT_REAL_PERSONNEL_DATA,DEMO / SYNTHETIC DATA — NOT REAL PERSONNEL OR SENSOR DATA
20.2,43.9,5.1,4.0,2.0,5.9,5.6,19.3,2,3,7.9,6.2,-4.7,1,SYNTHETIC_PROTOTYPE_BENCHMARK,SYNTHETIC_PROTOTYPE_DATA_NOT_REAL_PERSONNEL_DATA,DEMO / SYNTHETIC DATA — NOT REAL PERSONNEL OR SENSOR DATA
19.9,43.6,6.1,5.1,2.0,9.4,5.7,18.2,2,2,6.8,5.2,2.1,1,SYNTHETIC_PROTOTYPE_BENCHMARK,SYNTHETIC_PROTOTYPE_DATA_NOT_REAL_PERSONNEL_DATA,DEMO / SYNTHETIC DATA — NOT REAL PERSONNEL OR SENSOR DATA
14.2,46.0,5.9,4.0,2.0,1.1,6.8,16.9,0,1,2.9,3.6,-3.5,0,SYNTHETIC_PROTOTYPE_BENCHMARK,SYNTHETIC_PROTOTYPE_DATA_NOT_REAL_PERSONNEL_DATA,DEMO / SYNTHETIC DATA — NOT REAL PERSONNEL OR SENSOR DATA
11.9,30.8,1.8,4.0,1.0,1.4,8.1,15.8,0,1,6.3,5.0,1.0,0,SYNTHETIC_PROTOTYPE_BENCHMARK,SYNTHETIC_PROTOTYPE_DATA_NOT_REAL_PERSONNEL_DATA,DEMO / SYNTHETIC DATA — NOT REAL PERSONNEL OR SENSOR DATA
8.5,46.7,3.7,4.0,9.0,4.6,8.2,14.3,0,1,4.6,4.1,-2.4,0,SYNTHETIC_PROTOTYPE_BENCHMARK,SYNTHETIC_PROTOTYPE_DATA_NOT_REAL_PERSONNEL_DATA,DEMO / SYNTHETIC DATA — NOT REAL PERSONNEL OR SENSOR DATA
19.1,44.4,5.4,4.0,5.0,1.2,7.3,15.6,0,0,4.4,6.7,3.3,1,SYNTHETIC_PROTOTYPE_BENCHMARK,SYNTHETIC_PROTOTYPE_DATA_NOT_REAL_PERSONNEL_DATA,DEMO / SYNTHETIC DATA — NOT REAL PERSONNEL OR SENSOR DATA
15.9,53.5,6.6,4.0,2.0,6.0,6.6,18.9,0,1,3.2,2.5,-0.6,0,SYNTHETIC_PROTOTYPE_BENCHMARK,SYNTHETIC_PROTOTYPE_DATA_NOT_REAL_PERSONNEL_DATA,DEMO / SYNTHETIC DATA — NOT REAL PERSONNEL OR SENSOR DATA
14.9,55.4,1.1,4.0,4.0,2.1,7.3,17.3,0,0,7.4,4.9,-1.1,0,SYNTHETIC_PROTOTYPE_BENCHMARK,SYNTHETIC_PROTOTYPE_DATA_NOT_REAL_PERSONNEL_DATA,DEMO / SYNTHETIC DATA — NOT REAL PERSONNEL OR SENSOR DATA
24.8,70.8,5.2,11.5,8.0,9.4,5.3,13.0,1,1,8.4,3.7,1.2,2,SYNTHETIC_PROTOTYPE_BENCHMARK,SYNTHETIC_PROTOTYPE_DATA_NOT_REAL_PERSONNEL_DATA,DEMO / SYNTHETIC DATA — NOT REAL PERSONNEL OR SENSOR DATA
23.8,61.5,5.8,5.1,1.0,9.9,6.5,17.0,1,0,10.0,6.1,-2.2,1,SYNTHETIC_PROTOTYPE_BENCHMARK,SYNTHETIC_PROTOTYPE_DATA_NOT_REAL_PERSONNEL_DATA,DEMO / SYNTHETIC DATA — NOT REAL PERSONNEL OR SENSOR DATA
10.9,46.2,7.2,4.0,1.0,3.7,6.2,16.7,1,0,3.3,5.8,1.3,0,SYNTHETIC_PROTOTYPE_BENCHMARK,SYNTHETIC_PROTOTYPE_DATA_NOT_REAL_PERSONNEL_DATA,DEMO / SYNTHETIC DATA — NOT REAL PERSONNEL OR SENSOR DATA
15.7,43.0,6.9,7.5,3.0,1.2,7.4,15.0,0,1,7.7,6.4,-1.1,0,SYNTHETIC_PROTOTYPE_BENCHMARK,SYNTHETIC_PROTOTYPE_DATA_NOT_REAL_PERSONNEL_DATA,DEMO / SYNTHETIC DATA — NOT REAL PERSONNEL OR SENSOR DATA
22.6,56.9,6.7,5.3,6.0,6.2,6.5,17.1,0,1,7.9,4.0,-1.3,1,SYNTHETIC_PROTOTYPE_BENCHMARK,SYNTHETIC_PROTOTYPE_DATA_NOT_REAL_PERSONNEL_DATA,DEMO / SYNTHETIC DATA — NOT REAL PERSONNEL OR SENSOR DATA
23.1,38.8,3.9,4.0,0.0,29.6,6.0,16.6,2,1,5.0,4.0,-0.2,0,SYNTHETIC_PROTOTYPE_BENCHMARK,SYNTHETIC_PROTOTYPE_DATA_NOT_REAL_PERSONNEL_DATA,DEMO / SYNTHETIC DATA — NOT REAL PERSONNEL OR SENSOR DATA
18.4,70.3,1.7,6.9,14.0,5.8,6.2,16.2,1,0,4.4,3.6,-2.4,1,SYNTHETIC_PROTOTYPE_BENCHMARK,SYNTHETIC_PROTOTYPE_DATA_NOT_REAL_PERSONNEL_DATA,DEMO / SYNTHETIC DATA — NOT REAL PERSONNEL OR SENSOR DATA
21.1,63.8,4.7,4.0,2.0,0.2,6.7,15.9,0,3,4.0,5.6,-0.4,0,SYNTHETIC_PROTOTYPE_BENCHMARK,SYNTHETIC_PROTOTYPE_DATA_NOT_REAL_PERSONNEL_DATA,DEMO / SYNTHETIC DATA — NOT REAL PERSONNEL OR SENSOR DATA
25.4,47.3,7.5,4.0,2.0,0.1,8.1,15.1,0,1,5.1,6.5,0.7,1,SYNTHETIC_PROTOTYPE_BENCHMARK,SYNTHETIC_PROTOTYPE_DATA_NOT_REAL_PERSONNEL_DATA,DEMO / SYNTHETIC DATA — NOT REAL PERSONNEL OR SENSOR DATA
19.2,34.9,8.3,4.0,1.0,2.3,6.4,14.5,1,0,6.6,5.4,-5.0,0,SYNTHETIC_PROTOTYPE_BENCHMARK,SYNTHETIC_PROTOTYPE_DATA_NOT_REAL_PERSONNEL_DATA,DEMO / SYNTHETIC DATA — NOT REAL PERSONNEL OR SENSOR DATA
27.8,65.5,6.9,4.0,1.0,1.3,6.4,14.3,1,1,8.9,3.1,2.4,1,SYNTHETIC_PROTOTYPE_BENCHMARK,SYNTHETIC_PROTOTYPE_DATA_NOT_REAL_PERSONNEL_DATA,DEMO / SYNTHETIC DATA — NOT REAL PERSONNEL OR SENSOR DATA
14.7,50.9,6.4,4.0,5.0,10.1,6.2,12.4,1,1,8.4,3.6,1.8,0,SYNTHETIC_PROTOTYPE_BENCHMARK,SYNTHETIC_PROTOTYPE_DATA_NOT_REAL_PERSONNEL_DATA,DEMO / SYNTHETIC DATA — NOT REAL PERSONNEL OR SENSOR DATA
21.6,64.4,6.3,4.0,11.0,11.2,6.9,13.8,0,0,3.0,4.2,-4.1,0,SYNTHETIC_PROTOTYPE_BENCHMARK,SYNTHETIC_PROTOTYPE_DATA_NOT_REAL_PERSONNEL_DATA,DEMO / SYNTHETIC DATA — NOT REAL PERSONNEL OR SENSOR DATA
8.9,36.1,4.4,11.9,2.0,1.8,8.2,10.6,0,1,4.6,6.2,-4.4,0,SYNTHETIC_PROTOTYPE_BENCHMARK,SYNTHETIC_PROTOTYPE_DATA_NOT_REAL_PERSONNEL_DATA,DEMO / SYNTHETIC DATA — NOT REAL PERSONNEL OR SENSOR DATA
12.7,46.0,5.2,9.3,11.0,2.4,7.6,12.5,0,2,8.8,7.7,1.9,0,SYNTHETIC_PROTOTYPE_BENCHMARK,SYNTHETIC_PROTOTYPE_DATA_NOT_REAL_PERSONNEL_DATA,DEMO / SYNTHETIC DATA — NOT REAL PERSONNEL OR SENSOR DATA
24.9,52.1,8.8,8.3,6.0,1.6,6.4,17.0,1,2,4.7,5.3,1.7,1,SYNTHETIC_PROTOTYPE_BENCHMARK,SYNTHETIC_PROTOTYPE_DATA_NOT_REAL_PERSONNEL_DATA,DEMO / SYNTHETIC DATA — NOT REAL PERSONNEL OR SENSOR DATA
17.9,52.5,3.6,6.5,2.0,14.3,7.3,14.3,0,0,6.1,6.0,1.4,0,SYNTHETIC_PROTOTYPE_BENCHMARK,SYNTHETIC_PROTOTYPE_DATA_NOT_REAL_PERSONNEL_DATA,DEMO / SYNTHETIC DATA — NOT REAL PERSONNEL OR SENSOR DATA
20.4,47.5,8.7,11.5,4.0,4.2,5.9,13.1,1,2,2.8,4.2,-3.1,2,SYNTHETIC_PROTOTYPE_BENCHMARK,SYNTHETIC_PROTOTYPE_DATA_NOT_REAL_PERSONNEL_DATA,DEMO / SYNTHETIC DATA — NOT REAL PERSONNEL OR SENSOR DATA
25.3,58.2,4.9,4.0,2.0,6.4,5.2,16.1,1,0,8.5,4.8,4.0,1,SYNTHETIC_PROTOTYPE_BENCHMARK,SYNTHETIC_PROTOTYPE_DATA_NOT_REAL_PERSONNEL_DATA,DEMO / SYNTHETIC DATA — NOT REAL PERSONNEL OR SENSOR DATA
20.5,41.3,8.2,4.0,3.0,3.2,6.3,18.8,2,3,2.4,5.9,-1.7,2,SYNTHETIC_PROTOTYPE_BENCHMARK,SYNTHETIC_PROTOTYPE_DATA_NOT_REAL_PERSONNEL_DATA,DEMO / SYNTHETIC DATA — NOT REAL PERSONNEL OR SENSOR DATA
13.8,50.6,2.7,4.0,0.0,6.0,6.9,14.4,0,0,2.9,5.0,0.5,0,SYNTHETIC_PROTOTYPE_BENCHMARK,SYNTHETIC_PROTOTYPE_DATA_NOT_REAL_PERSONNEL_DATA,DEMO / SYNTHETIC DATA — NOT REAL PERSONNEL OR SENSOR DATA
18.5,53.2,6.7,7.5,4.0,2.9,7.4,13.8,0,1,8.3,5.0,0.6,0,SYNTHETIC_PROTOTYPE_BENCHMARK,SYNTHETIC_PROTOTYPE_DATA_NOT_REAL_PERSONNEL_DATA,DEMO / SYNTHETIC DATA — NOT REAL PERSONNEL OR SENSOR DATA
20.5,57.1,4.0,4.0,0.0,2.5,4.4,15.4,3,1,10.0,5.0,3.5,1,SYNTHETIC_PROTOTYPE_BENCHMARK,SYNTHETIC_PROTOTYPE_DATA_NOT_REAL_PERSONNEL_DATA,DEMO / SYNTHETIC DATA — NOT REAL PERSONNEL OR SENSOR DATA
20.6,59.1,2.7,5.5,6.0,6.0,7.6,17.3,0,0,5.6,5.4,0.3,1,SYNTHETIC_PROTOTYPE_BENCHMARK,SYNTHETIC_PROTOTYPE_DATA_NOT_REAL_PERSONNEL_DATA,DEMO / SYNTHETIC DATA — NOT REAL PERSONNEL OR SENSOR DATA
13.4,40.8,5.9,4.0,6.0,5.4,7.4,18.3,0,2,6.1,7.5,0.9,0,SYNTHETIC_PROTOTYPE_BENCHMARK,SYNTHETIC_PROTOTYPE_DATA_NOT_REAL_PERSONNEL_DATA,DEMO / SYNTHETIC DATA — NOT REAL PERSONNEL OR SENSOR DATA
14.5,36.7,7.5,4.0,1.0,2.1,6.3,16.5,2,1,8.0,2.6,-0.2,0,SYNTHETIC_PROTOTYPE_BENCHMARK,SYNTHETIC_PROTOTYPE_DATA_NOT_REAL_PERSONNEL_DATA,DEMO / SYNTHETIC DATA — NOT REAL PERSONNEL OR SENSOR DATA
13.7,64.8,3.8,5.3,1.0,1.0,6.6,17.6,0,0,6.8,6.1,-2.6,0,SYNTHETIC_PROTOTYPE_BENCHMARK,SYNTHETIC_PROTOTYPE_DATA_NOT_REAL_PERSONNEL_DATA,DEMO / SYNTHETIC DATA — NOT REAL PERSONNEL OR SENSOR DATA
23.8,55.3,2.5,4.0,2.0,2.8,7.7,16.0,0,1,5.5,2.4,-5.0,0,SYNTHETIC_PROTOTYPE_BENCHMARK,SYNTHETIC_PROTOTYPE_DATA_NOT_REAL_PERSONNEL_DATA,DEMO / SYNTHETIC DATA — NOT REAL PERSONNEL OR SENSOR DATA
14.7,44.5,5.3,4.0,3.0,3.2,7.7,15.3,0,1,5.2,6.0,0.1,0,SYNTHETIC_PROTOTYPE_BENCHMARK,SYNTHETIC_PROTOTYPE_DATA_NOT_REAL_PERSONNEL_DATA,DEMO / SYNTHETIC DATA — NOT REAL PERSONNEL OR SENSOR DATA
16.2,67.5,5.3,4.0,1.0,5.9,7.1,18.0,0,0,3.1,7.8,-3.1,0,SYNTHETIC_PROTOTYPE_BENCHMARK,SYNTHETIC_PROTOTYPE_DATA_NOT_REAL_PERSONNEL_DATA,DEMO / SYNTHETIC DATA — NOT REAL PERSONNEL OR SENSOR DATA
23.1,53.2,6.6,4.0,3.0,14.8,5.4,16.6,1,3,6.7,5.0,0.8,1,SYNTHETIC_PROTOTYPE_BENCHMARK,SYNTHETIC_PROTOTYPE_DATA_NOT_REAL_PERSONNEL_DATA,DEMO / SYNTHETIC DATA — NOT REAL PERSONNEL OR SENSOR DATA
29.1,63.8,7.4,4.9,1.0,0.2,6.2,13.8,2,3,6.0,4.7,0.3,2,SYNTHETIC_PROTOTYPE_BENCHMARK,SYNTHETIC_PROTOTYPE_DATA_NOT_REAL_PERSONNEL_DATA,DEMO / SYNTHETIC DATA — NOT REAL PERSONNEL OR SENSOR DATA
20.3,52.7,5.4,4.0,0.0,1.7,6.2,17.6,2,0,5.3,4.6,0.3,0,SYNTHETIC_PROTOTYPE_BENCHMARK,SYNTHETIC_PROTOTYPE_DATA_NOT_REAL_PERSONNEL_DATA,DEMO / SYNTHETIC DATA — NOT REAL PERSONNEL OR SENSOR DATA
21.3,72.6,9.2,4.0,0.0,1.3,7.5,15.2,0,1,4.2,5.0,-2.3,1,SYNTHETIC_PROTOTYPE_BENCHMARK,SYNTHETIC_PROTOTYPE_DATA_NOT_REAL_PERSONNEL_DATA,DEMO / SYNTHETIC DATA — NOT REAL PERSONNEL OR SENSOR DATA
18.8,69.6,5.9,4.0,0.0,4.2,6.7,14.9,0,0,4.4,4.7,2.3,1,SYNTHETIC_PROTOTYPE_BENCHMARK,SYNTHETIC_PROTOTYPE_DATA_NOT_REAL_PERSONNEL_DATA,DEMO / SYNTHETIC DATA — NOT REAL PERSONNEL OR SENSOR DATA
10.4,49.5,4.8,6.5,5.0,3.4,9.3,16.4,0,2,7.4,4.2,1.0,0,SYNTHETIC_PROTOTYPE_BENCHMARK,SYNTHETIC_PROTOTYPE_DATA_NOT_REAL_PERSONNEL_DATA,DEMO / SYNTHETIC DATA — NOT REAL PERSONNEL OR SENSOR DATA
23.0,61.7,2.3,4.0,11.0,7.8,6.0,15.4,2,3,8.0,4.4,-2.6,1,SYNTHETIC_PROTOTYPE_BENCHMARK,SYNTHETIC_PROTOTYPE_DATA_NOT_REAL_PERSONNEL_DATA,DEMO / SYNTHETIC DATA — NOT REAL PERSONNEL OR SENSOR DATA
25.3,58.5,5.0,4.2,2.0,1.7,6.1,16.3,2,1,5.5,3.1,4.6,1,SYNTHETIC_PROTOTYPE_BENCHMARK,SYNTHETIC_PROTOTYPE_DATA_NOT_REAL_PERSONNEL_DATA,DEMO / SYNTHETIC DATA — NOT REAL PERSONNEL OR SENSOR DATA
20.6,65.7,4.8,5.2,3.0,5.4,6.2,16.5,2,2,5.3,4.2,-0.5,2,SYNTHETIC_PROTOTYPE_BENCHMARK,SYNTHETIC_PROTOTYPE_DATA_NOT_REAL_PERSONNEL_DATA,DEMO / SYNTHETIC DATA — NOT REAL PERSONNEL OR SENSOR DATA
18.9,42.4,7.4,4.0,1.0,12.9,8.1,14.0,0,1,4.5,5.0,-2.9,0,SYNTHETIC_PROTOTYPE_BENCHMARK,SYNTHETIC_PROTOTYPE_DATA_NOT_REAL_PERSONNEL_DATA,DEMO / SYNTHETIC DATA — NOT REAL PERSONNEL OR SENSOR DATA
18.9,58.9,6.4,8.6,3.0,14.5,6.0,14.5,2,1,8.1,4.9,-1.7,1,SYNTHETIC_PROTOTYPE_BENCHMARK,SYNTHETIC_PROTOTYPE_DATA_NOT_REAL_PERSONNEL_DATA,DEMO / SYNTHETIC DATA — NOT REAL PERSONNEL OR SENSOR DATA
18.6,62.6,3.1,4.0,1.0,19.1,6.1,18.3,1,3,6.3,3.5,-3.3,1,SYNTHETIC_PROTOTYPE_BENCHMARK,SYNTHETIC_PROTOTYPE_DATA_NOT_REAL_PERSONNEL_DATA,DEMO / SYNTHETIC DATA — NOT REAL PERSONNEL OR SENSOR DATA
17.4,34.4,5.8,4.0,3.0,8.9,7.5,13.7,0,1,6.9,5.8,3.0,0,SYNTHETIC_PROTOTYPE_BENCHMARK,SYNTHETIC_PROTOTYPE_DATA_NOT_REAL_PERSONNEL_DATA,DEMO / SYNTHETIC DATA — NOT REAL PERSONNEL OR SENSOR DATA
26.2,40.2,6.8,4.0,9.0,14.2,7.1,16.5,0,1,6.9,5.8,2.4,1,SYNTHETIC_PROTOTYPE_BENCHMARK,SYNTHETIC_PROTOTYPE_DATA_NOT_REAL_PERSONNEL_DATA,DEMO / SYNTHETIC DATA — NOT REAL PERSONNEL OR SENSOR DATA
18.3,31.6,8.6,11.4,1.0,1.6,7.3,11.0,0,1,5.6,6.4,1.6,0,SYNTHETIC_PROTOTYPE_BENCHMARK,SYNTHETIC_PROTOTYPE_DATA_NOT_REAL_PERSONNEL_DATA,DEMO / SYNTHETIC DATA — NOT REAL PERSONNEL OR SENSOR DATA
15.6,49.3,7.3,5.6,5.0,1.3,7.0,17.0,0,0,3.9,5.7,1.2,0,SYNTHETIC_PROTOTYPE_BENCHMARK,SYNTHETIC_PROTOTYPE_DATA_NOT_REAL_PERSONNEL_DATA,DEMO / SYNTHETIC DATA — NOT REAL PERSONNEL OR SENSOR DATA
18.0,59.2,7.0,4.0,0.0,0.0,6.6,17.6,0,0,4.2,4.5,2.7,0,SYNTHETIC_PROTOTYPE_BENCHMARK,SYNTHETIC_PROTOTYPE_DATA_NOT_REAL_PERSONNEL_DATA,DEMO / SYNTHETIC DATA — NOT REAL PERSONNEL OR SENSOR DATA
32.8,67.0,5.6,4.0,2.0,7.4,6.2,14.9,1,3,8.5,3.1,-0.5,2,SYNTHETIC_PROTOTYPE_BENCHMARK,SYNTHETIC_PROTOTYPE_DATA_NOT_REAL_PERSONNEL_DATA,DEMO / SYNTHETIC DATA — NOT REAL PERSONNEL OR SENSOR DATA
19.8,52.7,6.3,6.6,0.0,16.6,7.2,19.0,0,1,4.7,5.2,0.9,0,SYNTHETIC_PROTOTYPE_BENCHMARK,SYNTHETIC_PROTOTYPE_DATA_NOT_REAL_PERSONNEL_DATA,DEMO / SYNTHETIC DATA — NOT REAL PERSONNEL OR SENSOR DATA
20.3,68.3,8.0,4.8,2.0,1.2,7.7,17.5,0,2,5.4,3.9,-1.8,1,SYNTHETIC_PROTOTYPE_BENCHMARK,SYNTHETIC_PROTOTYPE_DATA_NOT_REAL_PERSONNEL_DATA,DEMO / SYNTHETIC DATA — NOT REAL PERSONNEL OR SENSOR DATA
12.7,38.2,2.8,5.8,1.0,6.1,6.7,16.3,0,0,3.9,7.4,-0.3,0,SYNTHETIC_PROTOTYPE_BENCHMARK,SYNTHETIC_PROTOTYPE_DATA_NOT_REAL_PERSONNEL_DATA,DEMO / SYNTHETIC DATA — NOT REAL PERSONNEL OR SENSOR DATA
15.5,35.0,4.8,4.0,2.0,8.2,7.1,16.9,0,1,3.8,7.8,1.0,0,SYNTHETIC_PROTOTYPE_BENCHMARK,SYNTHETIC_PROTOTYPE_DATA_NOT_REAL_PERSONNEL_DATA,DEMO / SYNTHETIC DATA — NOT REAL PERSONNEL OR SENSOR DATA
23.6,51.4,4.0,5.0,2.0,15.8,5.9,17.2,1,3,4.7,3.1,-5.0,1,SYNTHETIC_PROTOTYPE_BENCHMARK,SYNTHETIC_PROTOTYPE_DATA_NOT_REAL_PERSONNEL_DATA,DEMO / SYNTHETIC DATA — NOT REAL PERSONNEL OR SENSOR DATA
24.1,55.8,6.3,4.0,1.0,6.2,6.8,13.6,0,0,9.6,5.8,-1.4,1,SYNTHETIC_PROTOTYPE_BENCHMARK,SYNTHETIC_PROTOTYPE_DATA_NOT_REAL_PERSONNEL_DATA,DEMO / SYNTHETIC DATA — NOT REAL PERSONNEL OR SENSOR DATA
24.4,51.7,8.0,4.0,4.0,21.1,6.0,16.0,2,0,7.5,6.4,0.4,2,SYNTHETIC_PROTOTYPE_BENCHMARK,SYNTHETIC_PROTOTYPE_DATA_NOT_REAL_PERSONNEL_DATA,DEMO / SYNTHETIC DATA — NOT REAL PERSONNEL OR SENSOR DATA
13.5,31.3,4.3,4.0,9.0,2.5,8.0,16.4,0,1,5.1,4.2,-0.2,0,SYNTHETIC_PROTOTYPE_BENCHMARK,SYNTHETIC_PROTOTYPE_DATA_NOT_REAL_PERSONNEL_DATA,DEMO / SYNTHETIC DATA — NOT REAL PERSONNEL OR SENSOR DATA
14.2,51.1,1.0,14.9,2.0,2.6,7.9,10.4,0,1,8.4,6.0,-1.0,0,SYNTHETIC_PROTOTYPE_BENCHMARK,SYNTHETIC_PROTOTYPE_DATA_NOT_REAL_PERSONNEL_DATA,DEMO / SYNTHETIC DATA — NOT REAL PERSONNEL OR SENSOR DATA
17.3,39.0,4.7,4.0,1.0,4.7,5.4,16.5,2,0,5.9,7.2,1.3,0,SYNTHETIC_PROTOTYPE_BENCHMARK,SYNTHETIC_PROTOTYPE_DATA_NOT_REAL_PERSONNEL_DATA,DEMO / SYNTHETIC DATA — NOT REAL PERSONNEL OR SENSOR DATA
21.3,58.7,7.3,4.0,1.0,2.9,7.1,18.1,0,3,8.9,3.3,-1.6,1,SYNTHETIC_PROTOTYPE_BENCHMARK,SYNTHETIC_PROTOTYPE_DATA_NOT_REAL_PERSONNEL_DATA,DEMO / SYNTHETIC DATA — NOT REAL PERSONNEL OR SENSOR DATA
27.3,55.7,6.6,4.5,7.0,0.0,6.5,14.6,0,3,10.0,4.6,-2.7,2,SYNTHETIC_PROTOTYPE_BENCHMARK,SYNTHETIC_PROTOTYPE_DATA_NOT_REAL_PERSONNEL_DATA,DEMO / SYNTHETIC DATA — NOT REAL PERSONNEL OR SENSOR DATA
15.6,42.6,6.4,4.0,3.0,7.9,7.5,15.5,0,1,8.3,5.9,2.6,0,SYNTHETIC_PROTOTYPE_BENCHMARK,SYNTHETIC_PROTOTYPE_DATA_NOT_REAL_PERSONNEL_DATA,DEMO / SYNTHETIC DATA — NOT REAL PERSONNEL OR SENSOR DATA
21.5,46.9,4.9,7.4,2.0,8.4,6.3,12.6,2,2,6.4,6.3,2.3,1,SYNTHETIC_PROTOTYPE_BENCHMARK,SYNTHETIC_PROTOTYPE_DATA_NOT_REAL_PERSONNEL_DATA,DEMO / SYNTHETIC DATA — NOT REAL PERSONNEL OR SENSOR DATA
21.9,41.4,2.9,5.7,1.0,8.2,8.2,11.3,0,2,7.6,4.2,-1.3,1,SYNTHETIC_PROTOTYPE_BENCHMARK,SYNTHETIC_PROTOTYPE_DATA_NOT_REAL_PERSONNEL_DATA,DEMO / SYNTHETIC DATA — NOT REAL PERSONNEL OR SENSOR DATA
21.7,51.4,6.5,4.0,2.0,2.5,7.7,17.2,0,2,6.2,6.9,-0.2,1,SYNTHETIC_PROTOTYPE_BENCHMARK,SYNTHETIC_PROTOTYPE_DATA_NOT_REAL_PERSONNEL_DATA,DEMO / SYNTHETIC DATA — NOT REAL PERSONNEL OR SENSOR DATA
18.3,61.6,3.8,24.0,1.0,4.4,7.0,7.5,0,0,2.5,1.5,1.9,1,SYNTHETIC_PROTOTYPE_BENCHMARK,SYNTHETIC_PROTOTYPE_DATA_NOT_REAL_PERSONNEL_DATA,DEMO / SYNTHETIC DATA — NOT REAL PERSONNEL OR SENSOR DATA
14.3,42.1,9.9,5.6,10.0,2.7,8.0,15.1,0,0,4.9,7.6,0.1,0,SYNTHETIC_PROTOTYPE_BENCHMARK,SYNTHETIC_PROTOTYPE_DATA_NOT_REAL_PERSONNEL_DATA,DEMO / SYNTHETIC DATA — NOT REAL PERSONNEL OR SENSOR DATA
18.9,57.0,6.6,8.0,8.0,0.1,6.2,12.0,2,0,4.3,5.7,1.2,1,SYNTHETIC_PROTOTYPE_BENCHMARK,SYNTHETIC_PROTOTYPE_DATA_NOT_REAL_PERSONNEL_DATA,DEMO / SYNTHETIC DATA — NOT REAL PERSONNEL OR SENSOR DATA
11.0,46.7,4.3,4.2,0.0,5.0,6.6,15.1,0,0,4.8,4.5,1.0,0,SYNTHETIC_PROTOTYPE_BENCHMARK,SYNTHETIC_PROTOTYPE_DATA_NOT_REAL_PERSONNEL_DATA,DEMO / SYNTHETIC DATA — NOT REAL PERSONNEL OR SENSOR DATA
15.5,44.1,4.3,7.8,3.0,0.8,7.9,16.3,0,0,9.8,6.8,-0.7,0,SYNTHETIC_PROTOTYPE_BENCHMARK,SYNTHETIC_PROTOTYPE_DATA_NOT_REAL_PERSONNEL_DATA,DEMO / SYNTHETIC DATA — NOT REAL PERSONNEL OR SENSOR DATA
10.1,50.9,5.3,4.0,1.0,0.5,6.4,15.6,1,1,8.4,3.6,1.1,0,SYNTHETIC_PROTOTYPE_BENCHMARK,SYNTHETIC_PROTOTYPE_DATA_NOT_REAL_PERSONNEL_DATA,DEMO / SYNTHETIC DATA — NOT REAL PERSONNEL OR SENSOR DATA
16.8,41.6,5.0,4.0,2.0,8.5,8.3,15.7,0,0,7.1,5.9,-2.1,0,SYNTHETIC_PROTOTYPE_BENCHMARK,SYNTHETIC_PROTOTYPE_DATA_NOT_REAL_PERSONNEL_DATA,DEMO / SYNTHETIC DATA — NOT REAL PERSONNEL OR SENSOR DATA
20.0,46.5,7.7,8.4,7.0,0.1,7.0,14.3,0,0,7.8,5.8,0.9,0,SYNTHETIC_PROTOTYPE_BENCHMARK,SYNTHETIC_PROTOTYPE_DATA_NOT_REAL_PERSONNEL_DATA,DEMO / SYNTHETIC DATA — NOT REAL PERSONNEL OR SENSOR DATA
16.3,40.0,5.9,4.0,3.0,19.2,7.3,13.1,0,1,2.4,6.1,-0.2,1,SYNTHETIC_PROTOTYPE_BENCHMARK,SYNTHETIC_PROTOTYPE_DATA_NOT_REAL_PERSONNEL_DATA,DEMO / SYNTHETIC DATA — NOT REAL PERSONNEL OR SENSOR DATA
16.2,71.6,4.0,4.0,1.0,4.3,7.8,16.8,0,0,7.7,2.8,-0.8,0,SYNTHETIC_PROTOTYPE_BENCHMARK,SYNTHETIC_PROTOTYPE_DATA_NOT_REAL_PERSONNEL_DATA,DEMO / SYNTHETIC DATA — NOT REAL PERSONNEL OR SENSOR DATA
23.7,52.4,9.3,6.2,1.0,24.5,5.7,12.2,2,2,8.1,4.3,-2.7,2,SYNTHETIC_PROTOTYPE_BENCHMARK,SYNTHETIC_PROTOTYPE_DATA_NOT_REAL_PERSONNEL_DATA,DEMO / SYNTHETIC DATA — NOT REAL PERSONNEL OR SENSOR DATA
8.0,45.0,5.6,7.2,6.0,0.4,7.3,12.4,0,0,1.7,5.7,0.3,0,SYNTHETIC_PROTOTYPE_BENCHMARK,SYNTHETIC_PROTOTYPE_DATA_NOT_REAL_PERSONNEL_DATA,DEMO / SYNTHETIC DATA — NOT REAL PERSONNEL OR SENSOR DATA
23.7,54.1,7.0,4.0,3.0,5.3,7.6,13.5,0,2,7.7,3.9,0.1,1,SYNTHETIC_PROTOTYPE_BENCHMARK,SYNTHETIC_PROTOTYPE_DATA_NOT_REAL_PERSONNEL_DATA,DEMO / SYNTHETIC DATA — NOT REAL PERSONNEL OR SENSOR DATA
19.0,50.9,4.3,7.7,2.0,2.6,7.7,13.8,0,3,3.4,5.6,-1.8,1,SYNTHETIC_PROTOTYPE_BENCHMARK,SYNTHETIC_PROTOTYPE_DATA_NOT_REAL_PERSONNEL_DATA,DEMO / SYNTHETIC DATA — NOT REAL PERSONNEL OR SENSOR DATA
26.5,49.8,6.2,4.6,1.0,11.1,6.5,14.6,0,2,2.3,4.3,-3.5,1,SYNTHETIC_PROTOTYPE_BENCHMARK,SYNTHETIC_PROTOTYPE_DATA_NOT_REAL_PERSONNEL_DATA,DEMO / SYNTHETIC DATA — NOT REAL PERSONNEL OR SENSOR DATA
23.8,58.1,6.1,4.0,1.0,2.7,6.3,15.6,1,2,8.9,6.3,-3.6,1,SYNTHETIC_PROTOTYPE_BENCHMARK,SYNTHETIC_PROTOTYPE_DATA_NOT_REAL_PERSONNEL_DATA,DEMO / SYNTHETIC DATA — NOT REAL PERSONNEL OR SENSOR DATA
22.1,59.6,1.7,7.1,11.0,1.8,6.5,12.6,1,3,4.2,7.0,-0.6,1,SYNTHETIC_PROTOTYPE_BENCHMARK,SYNTHETIC_PROTOTYPE_DATA_NOT_REAL_PERSONNEL_DATA,DEMO / SYNTHETIC DATA — NOT REAL PERSONNEL OR SENSOR DATA
18.5,46.7,9.5,4.0,3.0,11.7,8.0,17.6,0,0,4.8,5.0,0.7,0,SYNTHETIC_PROTOTYPE_BENCHMARK,SYNTHETIC_PROTOTYPE_DATA_NOT_REAL_PERSONNEL_DATA,DEMO / SYNTHETIC DATA — NOT REAL PERSONNEL OR SENSOR DATA
18.1,46.2,8.1,4.0,2.0,2.8,6.9,17.3,0,3,8.2,6.8,4.1,0,SYNTHETIC_PROTOTYPE_BENCHMARK,SYNTHETIC_PROTOTYPE_DATA_NOT_REAL_PERSONNEL_DATA,DEMO / SYNTHETIC DATA — NOT REAL PERSONNEL OR SENSOR DATA
16.9,49.2,4.7,4.0,3.0,0.1,7.2,15.3,0,2,5.6,4.9,-0.1,0,SYNTHETIC_PROTOTYPE_BENCHMARK,SYNTHETIC_PROTOTYPE_DATA_NOT_REAL_PERSONNEL_DATA,DEMO / SYNTHETIC DATA — NOT REAL PERSONNEL OR SENSOR DATA
14.5,30.0,3.3,4.0,5.0,3.0,7.5,14.6,0,2,5.8,4.9,-3.6,0,SYNTHETIC_PROTOTYPE_BENCHMARK,SYNTHETIC_PROTOTYPE_DATA_NOT_REAL_PERSONNEL_DATA,DEMO / SYNTHETIC DATA — NOT REAL PERSONNEL OR SENSOR DATA
13.5,36.8,6.2,4.0,1.0,6.4,8.0,14.4,0,1,5.8,5.3,-0.5,0,SYNTHETIC_PROTOTYPE_BENCHMARK,SYNTHETIC_PROTOTYPE_DATA_NOT_REAL_PERSONNEL_DATA,DEMO / SYNTHETIC DATA — NOT REAL PERSONNEL OR SENSOR DATA
19.1,65.7,5.7,6.6,1.0,1.8,6.5,14.0,0,1,6.9,4.5,2.8,1,SYNTHETIC_PROTOTYPE_BENCHMARK,SYNTHETIC_PROTOTYPE_DATA_NOT_REAL_PERSONNEL_DATA,DEMO / SYNTHETIC DATA — NOT REAL PERSONNEL OR SENSOR DATA
22.4,68.4,6.2,6.3,3.0,3.4,5.5,11.9,2,1,5.7,1.5,-1.5,1,SYNTHETIC_PROTOTYPE_BENCHMARK,SYNTHETIC_PROTOTYPE_DATA_NOT_REAL_PERSONNEL_DATA,DEMO / SYNTHETIC DATA — NOT REAL PERSONNEL OR SENSOR DATA
19.0,49.5,5.9,4.0,4.0,0.4,6.3,13.7,1,1,6.4,6.2,2.5,1,SYNTHETIC_PROTOTYPE_BENCHMARK,SYNTHETIC_PROTOTYPE_DATA_NOT_REAL_PERSONNEL_DATA,DEMO / SYNTHETIC DATA — NOT REAL PERSONNEL OR SENSOR DATA
33.1,57.8,6.5,6.1,4.0,5.3,5.0,16.5,1,2,5.2,4.9,0.4,2,SYNTHETIC_PROTOTYPE_BENCHMARK,SYNTHETIC_PROTOTYPE_DATA_NOT_REAL_PERSONNEL_DATA,DEMO / SYNTHETIC DATA — NOT REAL PERSONNEL OR SENSOR DATA
18.9,55.1,8.4,4.0,7.0,8.5,6.0,16.2,2,0,6.9,6.4,1.4,1,SYNTHETIC_PROTOTYPE_BENCHMARK,SYNTHETIC_PROTOTYPE_DATA_NOT_REAL_PERSONNEL_DATA,DEMO / SYNTHETIC DATA — NOT REAL PERSONNEL OR SENSOR DATA
22.6,82.8,6.6,4.0,2.0,3.2,6.3,18.9,1,1,6.8,4.3,4.1,1,SYNTHETIC_PROTOTYPE_BENCHMARK,SYNTHETIC_PROTOTYPE_DATA_NOT_REAL_PERSONNEL_DATA,DEMO / SYNTHETIC DATA — NOT REAL PERSONNEL OR SENSOR DATA
17.8,63.2,3.4,8.3,0.0,3.3,7.5,13.3,0,1,10.0,4.7,-4.0,0,SYNTHETIC_PROTOTYPE_BENCHMARK,SYNTHETIC_PROTOTYPE_DATA_NOT_REAL_PERSONNEL_DATA,DEMO / SYNTHETIC DATA — NOT REAL PERSONNEL OR SENSOR DATA
23.3,50.7,8.2,4.0,11.0,0.6,7.6,14.9,0,0,5.4,4.6,2.0,1,SYNTHETIC_PROTOTYPE_BENCHMARK,SYNTHETIC_PROTOTYPE_DATA_NOT_REAL_PERSONNEL_DATA,DEMO / SYNTHETIC DATA — NOT REAL PERSONNEL OR SENSOR DATA
22.2,42.4,8.8,4.0,2.0,1.4,7.8,14.8,0,0,5.8,7.9,-0.2,0,SYNTHETIC_PROTOTYPE_BENCHMARK,SYNTHETIC_PROTOTYPE_DATA_NOT_REAL_PERSONNEL_DATA,DEMO / SYNTHETIC DATA — NOT REAL PERSONNEL OR SENSOR DATA
23.6,35.9,10.0,4.8,3.0,1.0,7.5,14.7,0,0,6.7,9.3,-2.1,0,SYNTHETIC_PROTOTYPE_BENCHMARK,SYNTHETIC_PROTOTYPE_DATA_NOT_REAL_PERSONNEL_DATA,DEMO / SYNTHETIC DATA — NOT REAL PERSONNEL OR SENSOR DATA
17.0,54.0,3.3,4.0,4.0,3.9,7.4,14.3,0,1,8.1,4.5,-0.2,1,SYNTHETIC_PROTOTYPE_BENCHMARK,SYNTHETIC_PROTOTYPE_DATA_NOT_REAL_PERSONNEL_DATA,DEMO / SYNTHETIC DATA — NOT REAL PERSONNEL OR SENSOR DATA
19.3,44.4,6.0,8.4,3.0,4.5,7.4,14.4,0,1,4.0,7.1,3.7,0,SYNTHETIC_PROTOTYPE_BENCHMARK,SYNTHETIC_PROTOTYPE_DATA_NOT_REAL_PERSONNEL_DATA,DEMO / SYNTHETIC DATA — NOT REAL PERSONNEL OR SENSOR DATA
5.8,37.8,1.3,4.0,1.0,17.8,8.5,15.7,0,0,6.4,4.8,2.9,0,SYNTHETIC_PROTOTYPE_BENCHMARK,SYNTHETIC_PROTOTYPE_DATA_NOT_REAL_PERSONNEL_DATA,DEMO / SYNTHETIC DATA — NOT REAL PERSONNEL OR SENSOR DATA
19.3,45.5,6.6,4.0,5.0,0.5,7.2,14.6,0,3,1.2,4.6,-4.4,0,SYNTHETIC_PROTOTYPE_BENCHMARK,SYNTHETIC_PROTOTYPE_DATA_NOT_REAL_PERSONNEL_DATA,DEMO / SYNTHETIC DATA — NOT REAL PERSONNEL OR SENSOR DATA
11.2,41.2,4.4,4.0,6.0,5.5,8.4,18.1,0,2,5.7,5.1,-1.7,0,SYNTHETIC_PROTOTYPE_BENCHMARK,SYNTHETIC_PROTOTYPE_DATA_NOT_REAL_PERSONNEL_DATA,DEMO / SYNTHETIC DATA — NOT REAL PERSONNEL OR SENSOR DATA
27.2,68.9,9.3,4.0,3.0,4.5,6.9,19.4,0,2,8.3,5.2,2.1,1,SYNTHETIC_PROTOTYPE_BENCHMARK,SYNTHETIC_PROTOTYPE_DATA_NOT_REAL_PERSONNEL_DATA,DEMO / SYNTHETIC DATA — NOT REAL PERSONNEL OR SENSOR DATA
17.3,60.8,4.0,4.0,2.0,4.4,7.1,17.9,0,0,4.7,3.0,-0.0,0,SYNTHETIC_PROTOTYPE_BENCHMARK,SYNTHETIC_PROTOTYPE_DATA_NOT_REAL_PERSONNEL_DATA,DEMO / SYNTHETIC DATA — NOT REAL PERSONNEL OR SENSOR DATA
19.5,51.9,2.1,4.0,0.0,12.4,5.0,16.7,2,1,6.6,7.4,-0.0,1,SYNTHETIC_PROTOTYPE_BENCHMARK,SYNTHETIC_PROTOTYPE_DATA_NOT_REAL_PERSONNEL_DATA,DEMO / SYNTHETIC DATA — NOT REAL PERSONNEL OR SENSOR DATA
16.8,66.8,4.6,8.4,0.0,1.4,7.1,15.4,0,1,5.1,5.7,-3.5,0,SYNTHETIC_PROTOTYPE_BENCHMARK,SYNTHETIC_PROTOTYPE_DATA_NOT_REAL_PERSONNEL_DATA,DEMO / SYNTHETIC DATA — NOT REAL PERSONNEL OR SENSOR DATA
22.8,52.8,1.5,9.7,1.0,0.2,6.9,17.0,0,3,4.5,6.1,-1.6,1,SYNTHETIC_PROTOTYPE_BENCHMARK,SYNTHETIC_PROTOTYPE_DATA_NOT_REAL_PERSONNEL_DATA,DEMO / SYNTHETIC DATA — NOT REAL PERSONNEL OR SENSOR DATA
9.8,43.4,7.0,4.0,1.0,6.7,6.8,17.1,0,2,8.1,5.1,-3.0,0,SYNTHETIC_PROTOTYPE_BENCHMARK,SYNTHETIC_PROTOTYPE_DATA_NOT_REAL_PERSONNEL_DATA,DEMO / SYNTHETIC DATA — NOT REAL PERSONNEL OR SENSOR DATA
19.7,67.2,1.4,4.0,11.0,2.5,5.1,14.4,1,1,4.1,5.5,-3.6,1,SYNTHETIC_PROTOTYPE_BENCHMARK,SYNTHETIC_PROTOTYPE_DATA_NOT_REAL_PERSONNEL_DATA,DEMO / SYNTHETIC DATA — NOT REAL PERSONNEL OR SENSOR DATA
20.7,57.4,5.6,4.0,5.0,0.1,6.8,16.4,0,2,6.8,1.0,-2.8,0,SYNTHETIC_PROTOTYPE_BENCHMARK,SYNTHETIC_PROTOTYPE_DATA_NOT_REAL_PERSONNEL_DATA,DEMO / SYNTHETIC DATA — NOT REAL PERSONNEL OR SENSOR DATA
3.7,41.6,1.3,11.9,4.0,1.7,7.4,13.7,0,0,6.8,6.3,-2.0,0,SYNTHETIC_PROTOTYPE_BENCHMARK,SYNTHETIC_PROTOTYPE_DATA_NOT_REAL_PERSONNEL_DATA,DEMO / SYNTHETIC DATA — NOT REAL PERSONNEL OR SENSOR DATA
18.7,50.1,4.9,24.0,3.0,2.2,6.0,5.6,2,0,4.5,5.5,-1.7,1,SYNTHETIC_PROTOTYPE_BENCHMARK,SYNTHETIC_PROTOTYPE_DATA_NOT_REAL_PERSONNEL_DATA,DEMO / SYNTHETIC DATA — NOT REAL PERSONNEL OR SENSOR DATA
19.1,43.2,8.8,4.0,1.0,5.8,6.0,15.0,2,1,6.5,2.8,-1.9,1,SYNTHETIC_PROTOTYPE_BENCHMARK,SYNTHETIC_PROTOTYPE_DATA_NOT_REAL_PERSONNEL_DATA,DEMO / SYNTHETIC DATA — NOT REAL PERSONNEL OR SENSOR DATA
15.7,38.2,6.2,5.2,13.0,1.1,7.9,17.3,0,0,4.3,6.5,2.2,0,SYNTHETIC_PROTOTYPE_BENCHMARK,SYNTHETIC_PROTOTYPE_DATA_NOT_REAL_PERSONNEL_DATA,DEMO / SYNTHETIC DATA — NOT REAL PERSONNEL OR SENSOR DATA
25.0,61.3,3.8,4.0,2.0,3.2,7.3,12.0,0,0,7.2,5.5,-2.0,0,SYNTHETIC_PROTOTYPE_BENCHMARK,SYNTHETIC_PROTOTYPE_DATA_NOT_REAL_PERSONNEL_DATA,DEMO / SYNTHETIC DATA — NOT REAL PERSONNEL OR SENSOR DATA
25.4,71.1,5.4,4.0,0.0,4.0,6.3,13.1,1,2,3.6,1.3,3.1,1,SYNTHETIC_PROTOTYPE_BENCHMARK,SYNTHETIC_PROTOTYPE_DATA_NOT_REAL_PERSONNEL_DATA,DEMO / SYNTHETIC DATA — NOT REAL PERSONNEL OR SENSOR DATA
16.4,38.0,5.5,4.0,2.0,3.7,8.4,15.2,0,0,5.5,4.1,-1.1,0,SYNTHETIC_PROTOTYPE_BENCHMARK,SYNTHETIC_PROTOTYPE_DATA_NOT_REAL_PERSONNEL_DATA,DEMO / SYNTHETIC DATA — NOT REAL PERSONNEL OR SENSOR DATA
26.5,57.6,6.4,4.0,7.0,21.9,6.1,16.3,2,1,5.7,7.9,1.0,1,SYNTHETIC_PROTOTYPE_BENCHMARK,SYNTHETIC_PROTOTYPE_DATA_NOT_REAL_PERSONNEL_DATA,DEMO / SYNTHETIC DATA — NOT REAL PERSONNEL OR SENSOR DATA
20.3,45.5,2.8,4.0,8.0,0.3,7.2,12.9,0,3,8.4,5.2,1.0,0,SYNTHETIC_PROTOTYPE_BENCHMARK,SYNTHETIC_PROTOTYPE_DATA_NOT_REAL_PERSONNEL_DATA,DEMO / SYNTHETIC DATA — NOT REAL PERSONNEL OR SENSOR DATA
14.3,47.1,6.7,4.0,0.0,18.1,5.9,15.3,2,0,6.5,6.8,-2.0,0,SYNTHETIC_PROTOTYPE_BENCHMARK,SYNTHETIC_PROTOTYPE_DATA_NOT_REAL_PERSONNEL_DATA,DEMO / SYNTHETIC DATA — NOT REAL PERSONNEL OR SENSOR DATA
7.7,46.1,1.0,4.6,8.0,5.2,5.9,17.6,2,0,8.1,7.1,-0.7,0,SYNTHETIC_PROTOTYPE_BENCHMARK,SYNTHETIC_PROTOTYPE_DATA_NOT_REAL_PERSONNEL_DATA,DEMO / SYNTHETIC DATA — NOT REAL PERSONNEL OR SENSOR DATA
14.0,43.4,4.2,4.0,1.0,9.5,8.6,15.7,0,0,7.3,6.2,-1.1,0,SYNTHETIC_PROTOTYPE_BENCHMARK,SYNTHETIC_PROTOTYPE_DATA_NOT_REAL_PERSONNEL_DATA,DEMO / SYNTHETIC DATA — NOT REAL PERSONNEL OR SENSOR DATA
13.6,52.5,4.5,4.0,0.0,3.4,7.8,17.5,0,0,7.3,6.6,0.8,0,SYNTHETIC_PROTOTYPE_BENCHMARK,SYNTHETIC_PROTOTYPE_DATA_NOT_REAL_PERSONNEL_DATA,DEMO / SYNTHETIC DATA — NOT REAL PERSONNEL OR SENSOR DATA
22.1,43.7,6.8,4.0,7.0,3.6,6.1,14.4,1,0,5.5,2.4,-0.3,0,SYNTHETIC_PROTOTYPE_BENCHMARK,SYNTHETIC_PROTOTYPE_DATA_NOT_REAL_PERSONNEL_DATA,DEMO / SYNTHETIC DATA — NOT REAL PERSONNEL OR SENSOR DATA
15.7,54.7,5.5,4.0,7.0,12.7,6.7,14.0,0,0,8.2,4.6,-1.6,0,SYNTHETIC_PROTOTYPE_BENCHMARK,SYNTHETIC_PROTOTYPE_DATA_NOT_REAL_PERSONNEL_DATA,DEMO / SYNTHETIC DATA — NOT REAL PERSONNEL OR SENSOR DATA
17.0,51.5,2.7,4.0,3.0,13.6,6.6,17.3,0,1,5.5,1.0,0.3,1,SYNTHETIC_PROTOTYPE_BENCHMARK,SYNTHETIC_PROTOTYPE_DATA_NOT_REAL_PERSONNEL_DATA,DEMO / SYNTHETIC DATA — NOT REAL PERSONNEL OR SENSOR DATA
10.6,49.6,3.5,4.0,3.0,1.6,6.8,16.3,0,0,2.7,2.6,0.7,0,SYNTHETIC_PROTOTYPE_BENCHMARK,SYNTHETIC_PROTOTYPE_DATA_NOT_REAL_PERSONNEL_DATA,DEMO / SYNTHETIC DATA — NOT REAL PERSONNEL OR SENSOR DATA
17.1,42.9,5.9,4.0,6.0,1.3,7.0,13.2,0,2,5.8,4.8,4.1,0,SYNTHETIC_PROTOTYPE_BENCHMARK,SYNTHETIC_PROTOTYPE_DATA_NOT_REAL_PERSONNEL_DATA,DEMO / SYNTHETIC DATA — NOT REAL PERSONNEL OR SENSOR DATA
14.4,46.2,5.3,4.0,5.0,4.1,7.4,14.0,0,2,7.1,4.4,0.1,0,SYNTHETIC_PROTOTYPE_BENCHMARK,SYNTHETIC_PROTOTYPE_DATA_NOT_REAL_PERSONNEL_DATA,DEMO / SYNTHETIC DATA — NOT REAL PERSONNEL OR SENSOR DATA
17.2,59.6,4.3,4.0,8.0,13.8,7.0,18.7,0,2,3.0,4.8,0.0,1,SYNTHETIC_PROTOTYPE_BENCHMARK,SYNTHETIC_PROTOTYPE_DATA_NOT_REAL_PERSONNEL_DATA,DEMO / SYNTHETIC DATA — NOT REAL PERSONNEL OR SENSOR DATA
18.3,57.0,4.5,4.0,3.0,2.3,7.1,13.8,0,1,4.4,4.8,0.9,0,SYNTHETIC_PROTOTYPE_BENCHMARK,SYNTHETIC_PROTOTYPE_DATA_NOT_REAL_PERSONNEL_DATA,DEMO / SYNTHETIC DATA — NOT REAL PERSONNEL OR SENSOR DATA
13.2,42.2,6.9,4.4,12.0,6.3,7.1,17.3,0,0,3.7,5.9,-2.1,0,SYNTHETIC_PROTOTYPE_BENCHMARK,SYNTHETIC_PROTOTYPE_DATA_NOT_REAL_PERSONNEL_DATA,DEMO / SYNTHETIC DATA — NOT REAL PERSONNEL OR SENSOR DATA
30.4,53.0,4.5,5.6,19.0,7.4,6.6,14.0,0,2,7.8,5.3,-3.8,1,SYNTHETIC_PROTOTYPE_BENCHMARK,SYNTHETIC_PROTOTYPE_DATA_NOT_REAL_PERSONNEL_DATA,DEMO / SYNTHETIC DATA — NOT REAL PERSONNEL OR SENSOR DATA
22.6,59.5,5.3,4.0,0.0,9.0,7.2,15.6,0,1,9.5,5.2,-0.7,1,SYNTHETIC_PROTOTYPE_BENCHMARK,SYNTHETIC_PROTOTYPE_DATA_NOT_REAL_PERSONNEL_DATA,DEMO / SYNTHETIC DATA — NOT REAL PERSONNEL OR SENSOR DATA
19.5,35.3,9.8,4.0,7.0,5.0,7.9,16.2,0,0,5.8,4.6,2.4,0,SYNTHETIC_PROTOTYPE_BENCHMARK,SYNTHETIC_PROTOTYPE_DATA_NOT_REAL_PERSONNEL_DATA,DEMO / SYNTHETIC DATA — NOT REAL PERSONNEL OR SENSOR DATA
19.0,57.4,2.7,4.0,2.0,3.1,6.8,11.4,0,2,7.3,3.7,2.7,1,SYNTHETIC_PROTOTYPE_BENCHMARK,SYNTHETIC_PROTOTYPE_DATA_NOT_REAL_PERSONNEL_DATA,DEMO / SYNTHETIC DATA — NOT REAL PERSONNEL OR SENSOR DATA
14.1,45.4,1.8,4.0,2.0,20.5,6.6,12.7,0,0,7.2,5.4,-4.1,0,SYNTHETIC_PROTOTYPE_BENCHMARK,SYNTHETIC_PROTOTYPE_DATA_NOT_REAL_PERSONNEL_DATA,DEMO / SYNTHETIC DATA — NOT REAL PERSONNEL OR SENSOR DATA
17.0,57.7,7.1,4.0,3.0,5.7,6.9,15.8,0,0,9.3,4.8,1.5,0,SYNTHETIC_PROTOTYPE_BENCHMARK,SYNTHETIC_PROTOTYPE_DATA_NOT_REAL_PERSONNEL_DATA,DEMO / SYNTHETIC DATA — NOT REAL PERSONNEL OR SENSOR DATA
28.5,44.4,4.1,4.0,0.0,7.8,6.7,14.2,0,2,4.9,3.9,-4.8,1,SYNTHETIC_PROTOTYPE_BENCHMARK,SYNTHETIC_PROTOTYPE_DATA_NOT_REAL_PERSONNEL_DATA,DEMO / SYNTHETIC DATA — NOT REAL PERSONNEL OR SENSOR DATA
15.8,34.0,4.9,4.0,2.0,2.5,8.3,17.6,0,3,5.8,7.7,1.0,0,SYNTHETIC_PROTOTYPE_BENCHMARK,SYNTHETIC_PROTOTYPE_DATA_NOT_REAL_PERSONNEL_DATA,DEMO / SYNTHETIC DATA — NOT REAL PERSONNEL OR SENSOR DATA
10.8,35.7,3.9,10.3,7.0,6.7,6.6,9.9,0,0,5.5,7.1,0.9,0,SYNTHETIC_PROTOTYPE_BENCHMARK,SYNTHETIC_PROTOTYPE_DATA_NOT_REAL_PERSONNEL_DATA,DEMO / SYNTHETIC DATA — NOT REAL PERSONNEL OR SENSOR DATA
15.5,52.5,5.0,4.0,1.0,1.8,6.6,16.7,0,1,6.4,3.8,-3.8,0,SYNTHETIC_PROTOTYPE_BENCHMARK,SYNTHETIC_PROTOTYPE_DATA_NOT_REAL_PERSONNEL_DATA,DEMO / SYNTHETIC DATA — NOT REAL PERSONNEL OR SENSOR DATA
21.6,54.6,8.7,4.0,2.0,1.7,7.4,12.8,0,1,10.0,4.7,2.2,0,SYNTHETIC_PROTOTYPE_BENCHMARK,SYNTHETIC_PROTOTYPE_DATA_NOT_REAL_PERSONNEL_DATA,DEMO / SYNTHETIC DATA — NOT REAL PERSONNEL OR SENSOR DATA
25.8,43.0,7.1,4.0,10.0,7.5,6.2,14.9,2,2,6.3,8.6,3.8,1,SYNTHETIC_PROTOTYPE_BENCHMARK,SYNTHETIC_PROTOTYPE_DATA_NOT_REAL_PERSONNEL_DATA,DEMO / SYNTHETIC DATA — NOT REAL PERSONNEL OR SENSOR DATA
25.1,58.4,7.2,11.9,2.0,4.4,5.4,10.3,2,0,4.5,5.0,-0.1,2,SYNTHETIC_PROTOTYPE_BENCHMARK,SYNTHETIC_PROTOTYPE_DATA_NOT_REAL_PERSONNEL_DATA,DEMO / SYNTHETIC DATA — NOT REAL PERSONNEL OR SENSOR DATA
9.9,35.4,2.7,6.0,2.0,6.9,7.5,18.6,0,1,3.9,6.6,0.3,0,SYNTHETIC_PROTOTYPE_BENCHMARK,SYNTHETIC_PROTOTYPE_DATA_NOT_REAL_PERSONNEL_DATA,DEMO / SYNTHETIC DATA — NOT REAL PERSONNEL OR SENSOR DATA
18.5,51.3,3.2,4.0,2.0,1.9,5.6,12.9,1,3,8.7,4.2,3.3,1,SYNTHETIC_PROTOTYPE_BENCHMARK,SYNTHETIC_PROTOTYPE_DATA_NOT_REAL_PERSONNEL_DATA,DEMO / SYNTHETIC DATA — NOT REAL PERSONNEL OR SENSOR DATA
17.6,39.9,1.0,7.4,3.0,5.5,6.3,14.0,2,0,4.5,5.3,-2.5,0,SYNTHETIC_PROTOTYPE_BENCHMARK,SYNTHETIC_PROTOTYPE_DATA_NOT_REAL_PERSONNEL_DATA,DEMO / SYNTHETIC DATA — NOT REAL PERSONNEL OR SENSOR DATA
26.8,45.5,3.9,4.0,3.0,3.5,7.8,12.1,0,3,7.5,7.7,-2.4,1,SYNTHETIC_PROTOTYPE_BENCHMARK,SYNTHETIC_PROTOTYPE_DATA_NOT_REAL_PERSONNEL_DATA,DEMO / SYNTHETIC DATA — NOT REAL PERSONNEL OR SENSOR DATA
22.5,52.5,7.4,7.1,6.0,5.5,6.7,17.6,0,3,4.8,5.3,-1.8,1,SYNTHETIC_PROTOTYPE_BENCHMARK,SYNTHETIC_PROTOTYPE_DATA_NOT_REAL_PERSONNEL_DATA,DEMO / SYNTHETIC DATA — NOT REAL PERSONNEL OR SENSOR DATA
19.0,43.4,6.5,6.9,2.0,2.1,8.3,15.2,0,0,3.7,5.5,0.1,0,SYNTHETIC_PROTOTYPE_BENCHMARK,SYNTHETIC_PROTOTYPE_DATA_NOT_REAL_PERSONNEL_DATA,DEMO / SYNTHETIC DATA — NOT REAL PERSONNEL OR SENSOR DATA
14.3,48.2,5.1,4.0,6.0,7.5,6.0,15.9,1,2,7.4,5.3,0.1,0,SYNTHETIC_PROTOTYPE_BENCHMARK,SYNTHETIC_PROTOTYPE_DATA_NOT_REAL_PERSONNEL_DATA,DEMO / SYNTHETIC DATA — NOT REAL PERSONNEL OR SENSOR DATA
16.0,62.1,5.5,4.8,3.0,9.8,6.2,18.2,2,0,4.9,8.4,-1.2,0,SYNTHETIC_PROTOTYPE_BENCHMARK,SYNTHETIC_PROTOTYPE_DATA_NOT_REAL_PERSONNEL_DATA,DEMO / SYNTHETIC DATA — NOT REAL PERSONNEL OR SENSOR DATA
13.3,46.2,4.1,4.0,1.0,1.8,7.5,15.9,0,2,7.1,5.5,-0.7,0,SYNTHETIC_PROTOTYPE_BENCHMARK,SYNTHETIC_PROTOTYPE_DATA_NOT_REAL_PERSONNEL_DATA,DEMO / SYNTHETIC DATA — NOT REAL PERSONNEL OR SENSOR DATA
24.8,60.4,5.9,4.0,4.0,2.1,5.7,16.0,1,2,7.2,3.4,-1.2,1,SYNTHETIC_PROTOTYPE_BENCHMARK,SYNTHETIC_PROTOTYPE_DATA_NOT_REAL_PERSONNEL_DATA,DEMO / SYNTHETIC DATA — NOT REAL PERSONNEL OR SENSOR DATA
13.5,40.7,7.0,4.0,4.0,6.5,8.1,15.9,0,0,7.3,4.8,-1.1,0,SYNTHETIC_PROTOTYPE_BENCHMARK,SYNTHETIC_PROTOTYPE_DATA_NOT_REAL_PERSONNEL_DATA,DEMO / SYNTHETIC DATA — NOT REAL PERSONNEL OR SENSOR DATA
19.8,57.3,2.3,5.2,3.0,7.1,7.0,16.3,0,2,5.7,6.0,-1.7,0,SYNTHETIC_PROTOTYPE_BENCHMARK,SYNTHETIC_PROTOTYPE_DATA_NOT_REAL_PERSONNEL_DATA,DEMO / SYNTHETIC DATA — NOT REAL PERSONNEL OR SENSOR DATA
30.2,66.4,6.1,4.0,0.0,7.3,4.9,14.6,3,2,7.6,2.2,-1.7,2,SYNTHETIC_PROTOTYPE_BENCHMARK,SYNTHETIC_PROTOTYPE_DATA_NOT_REAL_PERSONNEL_DATA,DEMO / SYNTHETIC DATA — NOT REAL PERSONNEL OR SENSOR DATA
12.0,30.0,7.4,4.0,1.0,6.9,7.7,15.2,0,1,4.4,7.0,-4.4,0,SYNTHETIC_PROTOTYPE_BENCHMARK,SYNTHETIC_PROTOTYPE_DATA_NOT_REAL_PERSONNEL_DATA,DEMO / SYNTHETIC DATA — NOT REAL PERSONNEL OR SENSOR DATA
14.4,44.0,4.7,5.0,1.0,3.0,7.6,16.8,0,0,1.3,4.5,-0.5,0,SYNTHETIC_PROTOTYPE_BENCHMARK,SYNTHETIC_PROTOTYPE_DATA_NOT_REAL_PERSONNEL_DATA,DEMO / SYNTHETIC DATA — NOT REAL PERSONNEL OR SENSOR DATA
14.1,57.8,6.9,4.0,1.0,3.0,6.2,16.2,1,0,7.6,2.0,-4.3,0,SYNTHETIC_PROTOTYPE_BENCHMARK,SYNTHETIC_PROTOTYPE_DATA_NOT_REAL_PERSONNEL_DATA,DEMO / SYNTHETIC DATA — NOT REAL PERSONNEL OR SENSOR DATA
26.6,50.0,10.0,4.0,4.0,1.8,5.9,15.4,2,1,6.5,3.8,1.7,1,SYNTHETIC_PROTOTYPE_BENCHMARK,SYNTHETIC_PROTOTYPE_DATA_NOT_REAL_PERSONNEL_DATA,DEMO / SYNTHETIC DATA — NOT REAL PERSONNEL OR SENSOR DATA
26.3,55.7,5.3,4.0,0.0,1.0,7.1,12.8,0,3,5.0,4.9,-1.2,1,SYNTHETIC_PROTOTYPE_BENCHMARK,SYNTHETIC_PROTOTYPE_DATA_NOT_REAL_PERSONNEL_DATA,DEMO / SYNTHETIC DATA — NOT REAL PERSONNEL OR SENSOR DATA
18.5,46.0,6.3,4.0,5.0,7.1,8.8,18.6,0,2,3.3,7.5,-0.3,0,SYNTHETIC_PROTOTYPE_BENCHMARK,SYNTHETIC_PROTOTYPE_DATA_NOT_REAL_PERSONNEL_DATA,DEMO / SYNTHETIC DATA — NOT REAL PERSONNEL OR SENSOR DATA
18.4,52.9,4.0,4.0,1.0,0.6,6.7,14.3,0,1,2.1,6.4,-0.8,0,SYNTHETIC_PROTOTYPE_BENCHMARK,SYNTHETIC_PROTOTYPE_DATA_NOT_REAL_PERSONNEL_DATA,DEMO / SYNTHETIC DATA — NOT REAL PERSONNEL OR SENSOR DATA
15.2,50.4,5.9,4.0,1.0,16.7,7.8,17.6,0,1,6.3,4.8,-0.5,0,SYNTHETIC_PROTOTYPE_BENCHMARK,SYNTHETIC_PROTOTYPE_DATA_NOT_REAL_PERSONNEL_DATA,DEMO / SYNTHETIC DATA — NOT REAL PERSONNEL OR SENSOR DATA
15.4,63.7,6.4,14.1,3.0,10.5,5.6,11.9,1,0,9.5,5.9,2.8,1,SYNTHETIC_PROTOTYPE_BENCHMARK,SYNTHETIC_PROTOTYPE_DATA_NOT_REAL_PERSONNEL_DATA,DEMO / SYNTHETIC DATA — NOT REAL PERSONNEL OR SENSOR DATA
18.9,54.5,5.9,5.0,1.0,11.7,6.7,12.6,0,0,5.9,4.4,-3.0,0,SYNTHETIC_PROTOTYPE_BENCHMARK,SYNTHETIC_PROTOTYPE_DATA_NOT_REAL_PERSONNEL_DATA,DEMO / SYNTHETIC DATA — NOT REAL PERSONNEL OR SENSOR DATA
20.6,55.4,3.5,4.0,8.0,14.2,7.1,18.1,0,1,5.5,2.7,-3.6,1,SYNTHETIC_PROTOTYPE_BENCHMARK,SYNTHETIC_PROTOTYPE_DATA_NOT_REAL_PERSONNEL_DATA,DEMO / SYNTHETIC DATA — NOT REAL PERSONNEL OR SENSOR DATA
25.7,47.9,5.9,4.0,0.0,3.2,7.1,16.1,0,1,6.2,5.4,0.3,0,SYNTHETIC_PROTOTYPE_BENCHMARK,SYNTHETIC_PROTOTYPE_DATA_NOT_REAL_PERSONNEL_DATA,DEMO / SYNTHETIC DATA — NOT REAL PERSONNEL OR SENSOR DATA
18.0,47.1,8.4,4.0,2.0,11.3,6.6,18.3,0,1,10.0,3.1,-1.1,0,SYNTHETIC_PROTOTYPE_BENCHMARK,SYNTHETIC_PROTOTYPE_DATA_NOT_REAL_PERSONNEL_DATA,DEMO / SYNTHETIC DATA — NOT REAL PERSONNEL OR SENSOR DATA
21.4,47.7,6.4,4.0,7.0,1.0,7.7,15.2,0,3,7.7,6.5,0.8,1,SYNTHETIC_PROTOTYPE_BENCHMARK,SYNTHETIC_PROTOTYPE_DATA_NOT_REAL_PERSONNEL_DATA,DEMO / SYNTHETIC DATA — NOT REAL PERSONNEL OR SENSOR DATA
22.9,55.9,7.4,4.0,3.0,0.1,8.4,17.0,0,1,4.3,6.1,1.6,1,SYNTHETIC_PROTOTYPE_BENCHMARK,SYNTHETIC_PROTOTYPE_DATA_NOT_REAL_PERSONNEL_DATA,DEMO / SYNTHETIC DATA — NOT REAL PERSONNEL OR SENSOR DATA
21.6,47.8,5.0,4.0,1.0,9.2,7.2,12.1,0,1,6.3,4.0,-2.4,0,SYNTHETIC_PROTOTYPE_BENCHMARK,SYNTHETIC_PROTOTYPE_DATA_NOT_REAL_PERSONNEL_DATA,DEMO / SYNTHETIC DATA — NOT REAL PERSONNEL OR SENSOR DATA
16.2,54.9,7.0,7.8,2.0,0.5,6.5,13.1,1,0,6.9,5.2,1.3,0,SYNTHETIC_PROTOTYPE_BENCHMARK,SYNTHETIC_PROTOTYPE_DATA_NOT_REAL_PERSONNEL_DATA,DEMO / SYNTHETIC DATA — NOT REAL PERSONNEL OR SENSOR DATA
26.5,72.8,6.1,4.0,4.0,26.8,5.2,13.1,1,3,4.1,4.2,-2.2,2,SYNTHETIC_PROTOTYPE_BENCHMARK,SYNTHETIC_PROTOTYPE_DATA_NOT_REAL_PERSONNEL_DATA,DEMO / SYNTHETIC DATA — NOT REAL PERSONNEL OR SENSOR DATA
16.4,60.7,3.6,4.0,13.0,6.7,8.5,14.9,0,2,7.7,5.9,0.2,1,SYNTHETIC_PROTOTYPE_BENCHMARK,SYNTHETIC_PROTOTYPE_DATA_NOT_REAL_PERSONNEL_DATA,DEMO / SYNTHETIC DATA — NOT REAL PERSONNEL OR SENSOR DATA
16.0,48.7,6.1,8.2,8.0,8.4,7.0,14.9,0,2,4.6,3.4,-2.7,0,SYNTHETIC_PROTOTYPE_BENCHMARK,SYNTHETIC_PROTOTYPE_DATA_NOT_REAL_PERSONNEL_DATA,DEMO / SYNTHETIC DATA — NOT REAL PERSONNEL OR SENSOR DATA
26.3,64.0,3.5,4.4,1.0,1.7,6.0,14.2,2,1,3.2,5.3,0.3,1,SYNTHETIC_PROTOTYPE_BENCHMARK,SYNTHETIC_PROTOTYPE_DATA_NOT_REAL_PERSONNEL_DATA,DEMO / SYNTHETIC DATA — NOT REAL PERSONNEL OR SENSOR DATA
18.1,47.9,4.2,4.0,21.0,6.7,6.1,17.3,1,1,6.4,3.4,-0.0,0,SYNTHETIC_PROTOTYPE_BENCHMARK,SYNTHETIC_PROTOTYPE_DATA_NOT_REAL_PERSONNEL_DATA,DEMO / SYNTHETIC DATA — NOT REAL PERSONNEL OR SENSOR DATA
15.3,31.6,5.9,4.6,0.0,0.3,6.4,13.6,1,1,6.0,7.4,-2.4,0,SYNTHETIC_PROTOTYPE_BENCHMARK,SYNTHETIC_PROTOTYPE_DATA_NOT_REAL_PERSONNEL_DATA,DEMO / SYNTHETIC DATA — NOT REAL PERSONNEL OR SENSOR DATA
15.7,41.9,6.1,4.0,0.0,10.9,7.4,17.4,0,0,6.2,7.3,-3.0,0,SYNTHETIC_PROTOTYPE_BENCHMARK,SYNTHETIC_PROTOTYPE_DATA_NOT_REAL_PERSONNEL_DATA,DEMO / SYNTHETIC DATA — NOT REAL PERSONNEL OR SENSOR DATA
12.2,33.3,3.1,5.3,6.0,1.1,8.3,17.7,0,1,4.7,5.1,1.7,0,SYNTHETIC_PROTOTYPE_BENCHMARK,SYNTHETIC_PROTOTYPE_DATA_NOT_REAL_PERSONNEL_DATA,DEMO / SYNTHETIC DATA — NOT REAL PERSONNEL OR SENSOR DATA
21.7,48.5,7.6,4.0,1.0,7.2,6.6,17.6,0,3,4.9,7.1,-1.0,1,SYNTHETIC_PROTOTYPE_BENCHMARK,SYNTHETIC_PROTOTYPE_DATA_NOT_REAL_PERSONNEL_DATA,DEMO / SYNTHETIC DATA — NOT REAL PERSONNEL OR SENSOR DATA
14.4,52.2,6.6,6.7,0.0,1.5,7.0,13.8,0,0,8.5,2.7,2.2,0,SYNTHETIC_PROTOTYPE_BENCHMARK,SYNTHETIC_PROTOTYPE_DATA_NOT_REAL_PERSONNEL_DATA,DEMO / SYNTHETIC DATA — NOT REAL PERSONNEL OR SENSOR DATA
27.0,68.8,4.1,12.4,1.0,0.4,5.4,8.0,2,0,7.1,5.8,-1.2,2,SYNTHETIC_PROTOTYPE_BENCHMARK,SYNTHETIC_PROTOTYPE_DATA_NOT_REAL_PERSONNEL_DATA,DEMO / SYNTHETIC DATA — NOT REAL PERSONNEL OR SENSOR DATA
16.5,55.3,2.4,10.4,2.0,3.9,6.9,14.2,0,2,4.3,7.1,2.9,1,SYNTHETIC_PROTOTYPE_BENCHMARK,SYNTHETIC_PROTOTYPE_DATA_NOT_REAL_PERSONNEL_DATA,DEMO / SYNTHETIC DATA — NOT REAL PERSONNEL OR SENSOR DATA
11.8,49.8,5.2,9.6,5.0,1.1,7.5,13.1,0,0,2.3,5.8,-2.1,0,SYNTHETIC_PROTOTYPE_BENCHMARK,SYNTHETIC_PROTOTYPE_DATA_NOT_REAL_PERSONNEL_DATA,DEMO / SYNTHETIC DATA — NOT REAL PERSONNEL OR SENSOR DATA
20.1,60.3,4.6,4.0,3.0,7.8,6.0,13.6,1,1,4.4,4.4,3.2,1,SYNTHETIC_PROTOTYPE_BENCHMARK,SYNTHETIC_PROTOTYPE_DATA_NOT_REAL_PERSONNEL_DATA,DEMO / SYNTHETIC DATA — NOT REAL PERSONNEL OR SENSOR DATA
20.4,30.0,5.7,4.0,1.0,1.6,9.2,14.5,0,1,6.5,6.8,0.4,0,SYNTHETIC_PROTOTYPE_BENCHMARK,SYNTHETIC_PROTOTYPE_DATA_NOT_REAL_PERSONNEL_DATA,DEMO / SYNTHETIC DATA — NOT REAL PERSONNEL OR SENSOR DATA
14.3,54.4,4.8,4.0,2.0,2.5,6.2,18.5,2,0,4.9,4.1,0.9,0,SYNTHETIC_PROTOTYPE_BENCHMARK,SYNTHETIC_PROTOTYPE_DATA_NOT_REAL_PERSONNEL_DATA,DEMO / SYNTHETIC DATA — NOT REAL PERSONNEL OR SENSOR DATA
21.9,59.7,1.5,4.7,9.0,5.0,6.8,13.1,0,2,4.8,8.6,-2.2,0,SYNTHETIC_PROTOTYPE_BENCHMARK,SYNTHETIC_PROTOTYPE_DATA_NOT_REAL_PERSONNEL_DATA,DEMO / SYNTHETIC DATA — NOT REAL PERSONNEL OR SENSOR DATA
12.7,37.2,4.7,8.6,6.0,2.0,8.2,14.7,0,1,5.0,5.1,1.6,0,SYNTHETIC_PROTOTYPE_BENCHMARK,SYNTHETIC_PROTOTYPE_DATA_NOT_REAL_PERSONNEL_DATA,DEMO / SYNTHETIC DATA — NOT REAL PERSONNEL OR SENSOR DATA
23.2,63.4,4.9,4.0,1.0,2.8,6.4,16.0,1,2,6.1,6.5,1.7,1,SYNTHETIC_PROTOTYPE_BENCHMARK,SYNTHETIC_PROTOTYPE_DATA_NOT_REAL_PERSONNEL_DATA,DEMO / SYNTHETIC DATA — NOT REAL PERSONNEL OR SENSOR DATA
25.6,55.4,6.8,10.0,14.0,10.1,6.4,12.5,1,2,7.8,3.8,-0.7,1,SYNTHETIC_PROTOTYPE_BENCHMARK,SYNTHETIC_PROTOTYPE_DATA_NOT_REAL_PERSONNEL_DATA,DEMO / SYNTHETIC DATA — NOT REAL PERSONNEL OR SENSOR DATA
12.6,47.8,4.1,6.8,4.0,1.2,6.0,15.8,2,2,6.2,7.7,-4.7,1,SYNTHETIC_PROTOTYPE_BENCHMARK,SYNTHETIC_PROTOTYPE_DATA_NOT_REAL_PERSONNEL_DATA,DEMO / SYNTHETIC DATA — NOT REAL PERSONNEL OR SENSOR DATA
15.2,58.3,8.9,15.4,0.0,0.5,7.8,14.3,0,0,6.3,7.8,-2.4,0,SYNTHETIC_PROTOTYPE_BENCHMARK,SYNTHETIC_PROTOTYPE_DATA_NOT_REAL_PERSONNEL_DATA,DEMO / SYNTHETIC DATA — NOT REAL PERSONNEL OR SENSOR DATA
23.4,74.7,1.7,8.5,0.0,2.4,5.9,13.2,1,0,5.8,4.4,-2.4,1,SYNTHETIC_PROTOTYPE_BENCHMARK,SYNTHETIC_PROTOTYPE_DATA_NOT_REAL_PERSONNEL_DATA,DEMO / SYNTHETIC DATA — NOT REAL PERSONNEL OR SENSOR DATA
18.6,53.8,8.1,4.0,1.0,3.3,7.3,15.1,0,0,5.2,5.4,1.0,1,SYNTHETIC_PROTOTYPE_BENCHMARK,SYNTHETIC_PROTOTYPE_DATA_NOT_REAL_PERSONNEL_DATA,DEMO / SYNTHETIC DATA — NOT REAL PERSONNEL OR SENSOR DATA
18.9,54.5,5.1,4.0,5.0,4.7,7.3,16.8,0,1,8.0,3.5,-1.0,0,SYNTHETIC_PROTOTYPE_BENCHMARK,SYNTHETIC_PROTOTYPE_DATA_NOT_REAL_PERSONNEL_DATA,DEMO / SYNTHETIC DATA — NOT REAL PERSONNEL OR SENSOR DATA
25.0,47.4,7.2,4.0,1.0,2.8,6.6,17.4,0,3,7.7,3.8,-1.0,1,SYNTHETIC_PROTOTYPE_BENCHMARK,SYNTHETIC_PROTOTYPE_DATA_NOT_REAL_PERSONNEL_DATA,DEMO / SYNTHETIC DATA — NOT REAL PERSONNEL OR SENSOR DATA
13.4,43.5,5.7,4.0,3.0,9.4,6.9,15.3,0,1,10.0,6.0,-1.2,0,SYNTHETIC_PROTOTYPE_BENCHMARK,SYNTHETIC_PROTOTYPE_DATA_NOT_REAL_PERSONNEL_DATA,DEMO / SYNTHETIC DATA — NOT REAL PERSONNEL OR SENSOR DATA
26.0,60.3,7.8,4.0,0.0,0.2,7.7,15.0,0,2,7.4,6.8,3.2,0,SYNTHETIC_PROTOTYPE_BENCHMARK,SYNTHETIC_PROTOTYPE_DATA_NOT_REAL_PERSONNEL_DATA,DEMO / SYNTHETIC DATA — NOT REAL PERSONNEL OR SENSOR DATA
18.7,43.4,4.7,6.5,9.0,3.4,6.4,10.2,1,0,5.2,4.8,0.1,1,SYNTHETIC_PROTOTYPE_BENCHMARK,SYNTHETIC_PROTOTYPE_DATA_NOT_REAL_PERSONNEL_DATA,DEMO / SYNTHETIC DATA — NOT REAL PERSONNEL OR SENSOR DATA
14.5,52.7,3.3,9.2,1.0,2.9,8.6,12.0,0,0,4.4,8.4,0.4,0,SYNTHETIC_PROTOTYPE_BENCHMARK,SYNTHETIC_PROTOTYPE_DATA_NOT_REAL_PERSONNEL_DATA,DEMO / SYNTHETIC DATA — NOT REAL PERSONNEL OR SENSOR DATA
24.9,47.2,8.3,4.0,8.0,6.3,6.4,13.3,1,3,8.1,4.5,-1.4,1,SYNTHETIC_PROTOTYPE_BENCHMARK,SYNTHETIC_PROTOTYPE_DATA_NOT_REAL_PERSONNEL_DATA,DEMO / SYNTHETIC DATA — NOT REAL PERSONNEL OR SENSOR DATA
25.7,56.8,5.3,4.0,10.0,20.3,5.3,17.0,2,1,4.6,5.2,-0.1,2,SYNTHETIC_PROTOTYPE_BENCHMARK,SYNTHETIC_PROTOTYPE_DATA_NOT_REAL_PERSONNEL_DATA,DEMO / SYNTHETIC DATA — NOT REAL PERSONNEL OR SENSOR DATA
18.5,55.3,5.9,4.0,0.0,4.3,6.9,15.1,0,2,7.8,5.3,-2.1,1,SYNTHETIC_PROTOTYPE_BENCHMARK,SYNTHETIC_PROTOTYPE_DATA_NOT_REAL_PERSONNEL_DATA,DEMO / SYNTHETIC DATA — NOT REAL PERSONNEL OR SENSOR DATA
21.9,62.4,8.0,4.0,2.0,26.0,7.6,15.0,0,0,4.7,4.4,0.8,1,SYNTHETIC_PROTOTYPE_BENCHMARK,SYNTHETIC_PROTOTYPE_DATA_NOT_REAL_PERSONNEL_DATA,DEMO / SYNTHETIC DATA — NOT REAL PERSONNEL OR SENSOR DATA
27.9,46.9,3.4,4.0,0.0,2.2,5.6,15.6,2,3,6.9,2.3,-2.5,2,SYNTHETIC_PROTOTYPE_BENCHMARK,SYNTHETIC_PROTOTYPE_DATA_NOT_REAL_PERSONNEL_DATA,DEMO / SYNTHETIC DATA — NOT REAL PERSONNEL OR SENSOR DATA
21.0,49.3,6.7,4.0,8.0,0.2,7.0,13.9,0,1,4.1,4.3,1.6,1,SYNTHETIC_PROTOTYPE_BENCHMARK,SYNTHETIC_PROTOTYPE_DATA_NOT_REAL_PERSONNEL_DATA,DEMO / SYNTHETIC DATA — NOT REAL PERSONNEL OR SENSOR DATA
15.6,42.2,4.3,4.0,3.0,1.1,7.8,18.7,0,2,7.8,6.0,-1.6,0,SYNTHETIC_PROTOTYPE_BENCHMARK,SYNTHETIC_PROTOTYPE_DATA_NOT_REAL_PERSONNEL_DATA,DEMO / SYNTHETIC DATA — NOT REAL PERSONNEL OR SENSOR DATA
24.8,47.6,5.2,4.0,0.0,3.0,7.1,18.2,0,0,3.7,5.2,2.1,0,SYNTHETIC_PROTOTYPE_BENCHMARK,SYNTHETIC_PROTOTYPE_DATA_NOT_REAL_PERSONNEL_DATA,DEMO / SYNTHETIC DATA — NOT REAL PERSONNEL OR SENSOR DATA
19.8,55.8,5.6,4.0,0.0,2.3,7.1,18.8,0,1,6.7,5.9,4.2,0,SYNTHETIC_PROTOTYPE_BENCHMARK,SYNTHETIC_PROTOTYPE_DATA_NOT_REAL_PERSONNEL_DATA,DEMO / SYNTHETIC DATA — NOT REAL PERSONNEL OR SENSOR DATA
27.7,59.6,2.5,4.2,2.0,0.6,6.1,16.9,2,3,5.8,5.8,0.0,1,SYNTHETIC_PROTOTYPE_BENCHMARK,SYNTHETIC_PROTOTYPE_DATA_NOT_REAL_PERSONNEL_DATA,DEMO / SYNTHETIC DATA — NOT REAL PERSONNEL OR SENSOR DATA
15.8,42.8,3.9,4.0,10.0,3.4,6.8,15.5,0,2,6.4,5.3,2.9,0,SYNTHETIC_PROTOTYPE_BENCHMARK,SYNTHETIC_PROTOTYPE_DATA_NOT_REAL_PERSONNEL_DATA,DEMO / SYNTHETIC DATA — NOT REAL PERSONNEL OR SENSOR DATA
24.7,60.7,8.2,4.0,4.0,2.5,6.5,18.8,2,0,5.4,3.2,1.7,1,SYNTHETIC_PROTOTYPE_BENCHMARK,SYNTHETIC_PROTOTYPE_DATA_NOT_REAL_PERSONNEL_DATA,DEMO / SYNTHETIC DATA — NOT REAL PERSONNEL OR SENSOR DATA
19.7,65.6,7.3,4.0,7.0,0.8,5.6,14.2,1,0,5.4,6.7,-3.2,1,SYNTHETIC_PROTOTYPE_BENCHMARK,SYNTHETIC_PROTOTYPE_DATA_NOT_REAL_PERSONNEL_DATA,DEMO / SYNTHETIC DATA — NOT REAL PERSONNEL OR SENSOR DATA
20.5,56.1,5.4,12.5,2.0,2.1,6.8,10.5,0,1,6.5,2.8,0.2,1,SYNTHETIC_PROTOTYPE_BENCHMARK,SYNTHETIC_PROTOTYPE_DATA_NOT_REAL_PERSONNEL_DATA,DEMO / SYNTHETIC DATA — NOT REAL PERSONNEL OR SENSOR DATA
19.6,70.8,6.0,4.0,0.0,13.1,5.6,14.4,1,0,4.2,3.2,1.1,1,SYNTHETIC_PROTOTYPE_BENCHMARK,SYNTHETIC_PROTOTYPE_DATA_NOT_REAL_PERSONNEL_DATA,DEMO / SYNTHETIC DATA — NOT REAL PERSONNEL OR SENSOR DATA
25.9,44.3,4.9,4.0,13.0,2.2,6.9,16.6,0,2,4.2,4.3,1.3,1,SYNTHETIC_PROTOTYPE_BENCHMARK,SYNTHETIC_PROTOTYPE_DATA_NOT_REAL_PERSONNEL_DATA,DEMO / SYNTHETIC DATA — NOT REAL PERSONNEL OR SENSOR DATA
14.5,39.6,8.2,5.3,0.0,7.5,7.5,13.5,0,0,5.5,6.9,0.4,0,SYNTHETIC_PROTOTYPE_BENCHMARK,SYNTHETIC_PROTOTYPE_DATA_NOT_REAL_PERSONNEL_DATA,DEMO / SYNTHETIC DATA — NOT REAL PERSONNEL OR SENSOR DATA
9.9,34.2,5.1,4.0,10.0,5.7,6.1,15.3,1,0,5.4,8.1,0.4,0,SYNTHETIC_PROTOTYPE_BENCHMARK,SYNTHETIC_PROTOTYPE_DATA_NOT_REAL_PERSONNEL_DATA,DEMO / SYNTHETIC DATA — NOT REAL PERSONNEL OR SENSOR DATA
22.6,67.0,6.0,10.6,2.0,3.3,6.1,9.8,2,1,4.2,4.0,0.0,2,SYNTHETIC_PROTOTYPE_BENCHMARK,SYNTHETIC_PROTOTYPE_DATA_NOT_REAL_PERSONNEL_DATA,DEMO / SYNTHETIC DATA — NOT REAL PERSONNEL OR SENSOR DATA
21.1,58.5,7.8,4.0,0.0,1.6,8.6,16.6,0,1,8.0,5.1,0.3,1,SYNTHETIC_PROTOTYPE_BENCHMARK,SYNTHETIC_PROTOTYPE_DATA_NOT_REAL_PERSONNEL_DATA,DEMO / SYNTHETIC DATA — NOT REAL PERSONNEL OR SENSOR DATA
19.8,51.4,3.9,4.0,4.0,2.8,6.1,12.6,2,2,5.5,5.8,-2.7,0,SYNTHETIC_PROTOTYPE_BENCHMARK,SYNTHETIC_PROTOTYPE_DATA_NOT_REAL_PERSONNEL_DATA,DEMO / SYNTHETIC DATA — NOT REAL PERSONNEL OR SENSOR DATA
19.7,54.8,8.6,4.0,14.0,5.4,7.8,13.7,0,3,5.7,7.7,-0.5,1,SYNTHETIC_PROTOTYPE_BENCHMARK,SYNTHETIC_PROTOTYPE_DATA_NOT_REAL_PERSONNEL_DATA,DEMO / SYNTHETIC DATA — NOT REAL PERSONNEL OR SENSOR DATA
16.4,40.7,2.4,4.0,12.0,2.6,7.4,18.0,0,0,3.5,3.1,-3.2,0,SYNTHETIC_PROTOTYPE_BENCHMARK,SYNTHETIC_PROTOTYPE_DATA_NOT_REAL_PERSONNEL_DATA,DEMO / SYNTHETIC DATA — NOT REAL PERSONNEL OR SENSOR DATA
33.0,76.5,8.8,4.0,1.0,1.5,5.5,18.0,2,2,10.0,4.9,-1.1,2,SYNTHETIC_PROTOTYPE_BENCHMARK,SYNTHETIC_PROTOTYPE_DATA_NOT_REAL_PERSONNEL_DATA,DEMO / SYNTHETIC DATA — NOT REAL PERSONNEL OR SENSOR DATA
11.2,53.3,4.8,4.0,1.0,0.7,5.9,16.3,1,0,10.0,5.6,-1.3,0,SYNTHETIC_PROTOTYPE_BENCHMARK,SYNTHETIC_PROTOTYPE_DATA_NOT_REAL_PERSONNEL_DATA,DEMO / SYNTHETIC DATA — NOT REAL PERSONNEL OR SENSOR DATA
15.0,53.1,5.0,4.0,3.0,12.7,6.7,16.2,0,1,4.6,4.5,-1.4,1,SYNTHETIC_PROTOTYPE_BENCHMARK,SYNTHETIC_PROTOTYPE_DATA_NOT_REAL_PERSONNEL_DATA,DEMO / SYNTHETIC DATA — NOT REAL PERSONNEL OR SENSOR DATA
14.1,59.3,1.7,4.0,4.0,3.5,7.8,14.5,0,0,8.7,5.2,-2.3,0,SYNTHETIC_PROTOTYPE_BENCHMARK,SYNTHETIC_PROTOTYPE_DATA_NOT_REAL_PERSONNEL_DATA,DEMO / SYNTHETIC DATA — NOT REAL PERSONNEL OR SENSOR DATA
15.6,56.8,4.6,4.0,5.0,5.9,6.3,14.1,2,0,6.0,6.0,0.6,0,SYNTHETIC_PROTOTYPE_BENCHMARK,SYNTHETIC_PROTOTYPE_DATA_NOT_REAL_PERSONNEL_DATA,DEMO / SYNTHETIC DATA — NOT REAL PERSONNEL OR SENSOR DATA
18.2,54.2,3.4,4.8,1.0,4.0,6.7,14.6,0,0,9.4,5.9,-0.7,0,SYNTHETIC_PROTOTYPE_BENCHMARK,SYNTHETIC_PROTOTYPE_DATA_NOT_REAL_PERSONNEL_DATA,DEMO / SYNTHETIC DATA — NOT REAL PERSONNEL OR SENSOR DATA
20.9,44.1,4.3,4.0,11.0,12.4,7.8,12.6,0,0,6.9,8.8,-0.9,0,SYNTHETIC_PROTOTYPE_BENCHMARK,SYNTHETIC_PROTOTYPE_DATA_NOT_REAL_PERSONNEL_DATA,DEMO / SYNTHETIC DATA — NOT REAL PERSONNEL OR SENSOR DATA
20.7,56.7,5.2,4.0,4.0,4.8,7.0,16.1,0,3,6.4,5.0,-3.1,1,SYNTHETIC_PROTOTYPE_BENCHMARK,SYNTHETIC_PROTOTYPE_DATA_NOT_REAL_PERSONNEL_DATA,DEMO / SYNTHETIC DATA — NOT REAL PERSONNEL OR SENSOR DATA
33.2,70.8,7.4,4.0,7.0,3.9,4.9,15.7,2,2,1.2,4.1,-0.7,2,SYNTHETIC_PROTOTYPE_BENCHMARK,SYNTHETIC_PROTOTYPE_DATA_NOT_REAL_PERSONNEL_DATA,DEMO / SYNTHETIC DATA — NOT REAL PERSONNEL OR SENSOR DATA
19.3,65.5,5.9,5.1,3.0,15.5,6.1,13.3,1,3,4.4,4.1,2.5,1,SYNTHETIC_PROTOTYPE_BENCHMARK,SYNTHETIC_PROTOTYPE_DATA_NOT_REAL_PERSONNEL_DATA,DEMO / SYNTHETIC DATA — NOT REAL PERSONNEL OR SENSOR DATA
22.9,67.9,6.1,4.0,2.0,7.6,7.4,18.7,0,1,6.2,5.1,2.6,1,SYNTHETIC_PROTOTYPE_BENCHMARK,SYNTHETIC_PROTOTYPE_DATA_NOT_REAL_PERSONNEL_DATA,DEMO / SYNTHETIC DATA — NOT REAL PERSONNEL OR SENSOR DATA
11.8,46.9,3.3,4.0,13.0,0.7,7.2,16.8,0,0,6.6,5.3,0.8,0,SYNTHETIC_PROTOTYPE_BENCHMARK,SYNTHETIC_PROTOTYPE_DATA_NOT_REAL_PERSONNEL_DATA,DEMO / SYNTHETIC DATA — NOT REAL PERSONNEL OR SENSOR DATA
17.9,42.1,3.7,4.0,3.0,1.2,5.2,17.0,2,0,3.8,5.7,-0.6,1,SYNTHETIC_PROTOTYPE_BENCHMARK,SYNTHETIC_PROTOTYPE_DATA_NOT_REAL_PERSONNEL_DATA,DEMO / SYNTHETIC DATA — NOT REAL PERSONNEL OR SENSOR DATA
11.4,50.7,9.1,4.0,7.0,9.3,7.1,14.6,0,0,4.7,5.2,1.2,0,SYNTHETIC_PROTOTYPE_BENCHMARK,SYNTHETIC_PROTOTYPE_DATA_NOT_REAL_PERSONNEL_DATA,DEMO / SYNTHETIC DATA — NOT REAL PERSONNEL OR SENSOR DATA
11.3,52.6,4.0,11.2,11.0,10.8,6.5,12.7,0,0,7.3,4.9,-1.5,0,SYNTHETIC_PROTOTYPE_BENCHMARK,SYNTHETIC_PROTOTYPE_DATA_NOT_REAL_PERSONNEL_DATA,DEMO / SYNTHETIC DATA — NOT REAL PERSONNEL OR SENSOR DATA
26.5,62.9,8.8,4.5,4.0,4.7,5.0,16.7,3,1,3.4,3.6,-0.7,1,SYNTHETIC_PROTOTYPE_BENCHMARK,SYNTHETIC_PROTOTYPE_DATA_NOT_REAL_PERSONNEL_DATA,DEMO / SYNTHETIC DATA — NOT REAL PERSONNEL OR SENSOR DATA
13.4,35.1,5.0,4.0,3.0,4.9,6.2,15.9,1,1,6.5,6.7,-1.6,0,SYNTHETIC_PROTOTYPE_BENCHMARK,SYNTHETIC_PROTOTYPE_DATA_NOT_REAL_PERSONNEL_DATA,DEMO / SYNTHETIC DATA — NOT REAL PERSONNEL OR SENSOR DATA
19.7,67.3,5.5,4.0,0.0,6.0,7.0,18.8,0,1,8.7,3.8,2.0,0,SYNTHETIC_PROTOTYPE_BENCHMARK,SYNTHETIC_PROTOTYPE_DATA_NOT_REAL_PERSONNEL_DATA,DEMO / SYNTHETIC DATA — NOT REAL PERSONNEL OR SENSOR DATA
25.7,50.4,7.6,8.9,0.0,3.5,6.4,13.2,1,0,7.0,6.1,1.7,1,SYNTHETIC_PROTOTYPE_BENCHMARK,SYNTHETIC_PROTOTYPE_DATA_NOT_REAL_PERSONNEL_DATA,DEMO / SYNTHETIC DATA — NOT REAL PERSONNEL OR SENSOR DATA
18.9,47.7,8.0,4.0,1.0,6.8,6.3,14.6,1,0,6.9,5.5,-0.1,1,SYNTHETIC_PROTOTYPE_BENCHMARK,SYNTHETIC_PROTOTYPE_DATA_NOT_REAL_PERSONNEL_DATA,DEMO / SYNTHETIC DATA — NOT REAL PERSONNEL OR SENSOR DATA
17.9,41.9,5.3,18.0,1.0,0.7,7.4,11.3,0,0,2.2,5.1,3.8,0,SYNTHETIC_PROTOTYPE_BENCHMARK,SYNTHETIC_PROTOTYPE_DATA_NOT_REAL_PERSONNEL_DATA,DEMO / SYNTHETIC DATA — NOT REAL PERSONNEL OR SENSOR DATA
10.7,35.5,4.7,11.9,1.0,19.5,6.6,9.9,0,0,4.6,8.4,0.9,0,SYNTHETIC_PROTOTYPE_BENCHMARK,SYNTHETIC_PROTOTYPE_DATA_NOT_REAL_PERSONNEL_DATA,DEMO / SYNTHETIC DATA — NOT REAL PERSONNEL OR SENSOR DATA
16.5,60.2,5.4,4.0,1.0,8.3,6.5,17.4,0,2,10.0,4.5,0.8,1,SYNTHETIC_PROTOTYPE_BENCHMARK,SYNTHETIC_PROTOTYPE_DATA_NOT_REAL_PERSONNEL_DATA,DEMO / SYNTHETIC DATA — NOT REAL PERSONNEL OR SENSOR DATA
17.3,52.7,6.2,10.8,2.0,6.0,6.6,10.3,0,0,5.0,6.0,0.5,0,SYNTHETIC_PROTOTYPE_BENCHMARK,SYNTHETIC_PROTOTYPE_DATA_NOT_REAL_PERSONNEL_DATA,DEMO / SYNTHETIC DATA — NOT REAL PERSONNEL OR SENSOR DATA
13.2,39.1,7.3,4.0,2.0,2.3,6.5,16.9,0,2,8.7,4.8,-2.8,0,SYNTHETIC_PROTOTYPE_BENCHMARK,SYNTHETIC_PROTOTYPE_DATA_NOT_REAL_PERSONNEL_DATA,DEMO / SYNTHETIC DATA — NOT REAL PERSONNEL OR SENSOR DATA
13.0,39.0,5.5,7.4,0.0,1.1,7.1,12.9,0,1,5.0,2.8,-2.0,0,SYNTHETIC_PROTOTYPE_BENCHMARK,SYNTHETIC_PROTOTYPE_DATA_NOT_REAL_PERSONNEL_DATA,DEMO / SYNTHETIC DATA — NOT REAL PERSONNEL OR SENSOR DATA
17.3,48.6,6.7,4.0,0.0,3.2,7.4,16.6,0,0,5.6,4.4,-0.1,0,SYNTHETIC_PROTOTYPE_BENCHMARK,SYNTHETIC_PROTOTYPE_DATA_NOT_REAL_PERSONNEL_DATA,DEMO / SYNTHETIC DATA — NOT REAL PERSONNEL OR SENSOR DATA
25.4,68.7,8.8,4.0,4.0,6.5,6.2,17.4,2,2,7.2,1.0,-0.1,1,SYNTHETIC_PROTOTYPE_BENCHMARK,SYNTHETIC_PROTOTYPE_DATA_NOT_REAL_PERSONNEL_DATA,DEMO / SYNTHETIC DATA — NOT REAL PERSONNEL OR SENSOR DATA
19.7,49.4,6.3,4.0,3.0,6.0,6.9,15.9,0,1,6.4,4.9,1.3,1,SYNTHETIC_PROTOTYPE_BENCHMARK,SYNTHETIC_PROTOTYPE_DATA_NOT_REAL_PERSONNEL_DATA,DEMO / SYNTHETIC DATA — NOT REAL PERSONNEL OR SENSOR DATA
14.2,37.0,6.1,6.0,2.0,2.9,9.1,12.4,0,0,7.0,8.1,-1.5,0,SYNTHETIC_PROTOTYPE_BENCHMARK,SYNTHETIC_PROTOTYPE_DATA_NOT_REAL_PERSONNEL_DATA,DEMO / SYNTHETIC DATA — NOT REAL PERSONNEL OR SENSOR DATA
13.8,49.5,2.5,4.0,4.0,5.7,7.5,13.8,0,3,4.6,3.9,0.2,0,SYNTHETIC_PROTOTYPE_BENCHMARK,SYNTHETIC_PROTOTYPE_DATA_NOT_REAL_PERSONNEL_DATA,DEMO / SYNTHETIC DATA — NOT REAL PERSONNEL OR SENSOR DATA
9.1,49.3,1.0,4.0,6.0,10.1,7.5,14.1,0,0,3.9,2.1,0.2,0,SYNTHETIC_PROTOTYPE_BENCHMARK,SYNTHETIC_PROTOTYPE_DATA_NOT_REAL_PERSONNEL_DATA,DEMO / SYNTHETIC DATA — NOT REAL PERSONNEL OR SENSOR DATA
3.5,30.0,6.3,4.0,2.0,0.2,7.8,11.8,0,0,4.4,8.6,0.3,0,SYNTHETIC_PROTOTYPE_BENCHMARK,SYNTHETIC_PROTOTYPE_DATA_NOT_REAL_PERSONNEL_DATA,DEMO / SYNTHETIC DATA — NOT REAL PERSONNEL OR SENSOR DATA
18.0,51.5,5.3,4.0,4.0,3.6,7.1,17.9,0,2,5.1,4.4,0.0,1,SYNTHETIC_PROTOTYPE_BENCHMARK,SYNTHETIC_PROTOTYPE_DATA_NOT_REAL_PERSONNEL_DATA,DEMO / SYNTHETIC DATA — NOT REAL PERSONNEL OR SENSOR DATA
22.4,49.7,4.5,4.0,11.0,8.5,6.5,15.8,0,2,5.7,5.2,-3.1,1,SYNTHETIC_PROTOTYPE_BENCHMARK,SYNTHETIC_PROTOTYPE_DATA_NOT_REAL_PERSONNEL_DATA,DEMO / SYNTHETIC DATA — NOT REAL PERSONNEL OR SENSOR DATA
23.9,59.0,6.0,4.0,6.0,4.7,7.2,13.3,0,0,8.3,5.9,-5.0,0,SYNTHETIC_PROTOTYPE_BENCHMARK,SYNTHETIC_PROTOTYPE_DATA_NOT_REAL_PERSONNEL_DATA,DEMO / SYNTHETIC DATA — NOT REAL PERSONNEL OR SENSOR DATA
21.9,70.5,5.4,4.0,2.0,6.3,6.0,18.5,2,0,6.4,4.9,-2.1,1,SYNTHETIC_PROTOTYPE_BENCHMARK,SYNTHETIC_PROTOTYPE_DATA_NOT_REAL_PERSONNEL_DATA,DEMO / SYNTHETIC DATA — NOT REAL PERSONNEL OR SENSOR DATA
29.2,63.3,7.8,4.0,4.0,4.4,6.6,14.2,0,2,7.2,5.6,-1.2,2,SYNTHETIC_PROTOTYPE_BENCHMARK,SYNTHETIC_PROTOTYPE_DATA_NOT_REAL_PERSONNEL_DATA,DEMO / SYNTHETIC DATA — NOT REAL PERSONNEL OR SENSOR DATA
18.5,49.3,5.7,4.0,1.0,28.9,6.4,16.1,2,0,6.5,6.6,-2.6,1,SYNTHETIC_PROTOTYPE_BENCHMARK,SYNTHETIC_PROTOTYPE_DATA_NOT_REAL_PERSONNEL_DATA,DEMO / SYNTHETIC DATA — NOT REAL PERSONNEL OR SENSOR DATA
13.7,40.9,4.0,4.0,3.0,0.3,7.4,13.9,0,0,4.0,3.1,-0.1,0,SYNTHETIC_PROTOTYPE_BENCHMARK,SYNTHETIC_PROTOTYPE_DATA_NOT_REAL_PERSONNEL_DATA,DEMO / SYNTHETIC DATA — NOT REAL PERSONNEL OR SENSOR DATA
20.2,77.7,7.5,4.0,14.0,4.1,8.2,11.6,0,1,6.2,1.6,2.4,1,SYNTHETIC_PROTOTYPE_BENCHMARK,SYNTHETIC_PROTOTYPE_DATA_NOT_REAL_PERSONNEL_DATA,DEMO / SYNTHETIC DATA — NOT REAL PERSONNEL OR SENSOR DATA
12.4,52.6,5.1,12.4,3.0,0.6,6.4,9.5,2,3,6.5,6.8,1.6,1,SYNTHETIC_PROTOTYPE_BENCHMARK,SYNTHETIC_PROTOTYPE_DATA_NOT_REAL_PERSONNEL_DATA,DEMO / SYNTHETIC DATA — NOT REAL PERSONNEL OR SENSOR DATA
22.9,52.1,6.6,4.0,9.0,1.0,6.4,14.7,1,0,7.7,3.9,1.0,1,SYNTHETIC_PROTOTYPE_BENCHMARK,SYNTHETIC_PROTOTYPE_DATA_NOT_REAL_PERSONNEL_DATA,DEMO / SYNTHETIC DATA — NOT REAL PERSONNEL OR SENSOR DATA
18.4,51.8,4.5,11.7,2.0,2.9,7.5,14.3,0,2,4.1,4.1,2.2,1,SYNTHETIC_PROTOTYPE_BENCHMARK,SYNTHETIC_PROTOTYPE_DATA_NOT_REAL_PERSONNEL_DATA,DEMO / SYNTHETIC DATA — NOT REAL PERSONNEL OR SENSOR DATA
24.1,54.0,4.2,5.3,21.0,1.0,6.4,15.8,2,1,2.1,3.1,-2.0,0,SYNTHETIC_PROTOTYPE_BENCHMARK,SYNTHETIC_PROTOTYPE_DATA_NOT_REAL_PERSONNEL_DATA,DEMO / SYNTHETIC DATA — NOT REAL PERSONNEL OR SENSOR DATA
15.2,50.6,5.7,4.1,3.0,19.9,6.2,15.9,1,1,6.6,4.6,-1.0,1,SYNTHETIC_PROTOTYPE_BENCHMARK,SYNTHETIC_PROTOTYPE_DATA_NOT_REAL_PERSONNEL_DATA,DEMO / SYNTHETIC DATA — NOT REAL PERSONNEL OR SENSOR DATA
29.9,46.3,5.5,4.1,0.0,17.6,5.9,11.5,2,2,6.9,4.9,1.4,2,SYNTHETIC_PROTOTYPE_BENCHMARK,SYNTHETIC_PROTOTYPE_DATA_NOT_REAL_PERSONNEL_DATA,DEMO / SYNTHETIC DATA — NOT REAL PERSONNEL OR SENSOR DATA
19.4,46.5,6.5,7.0,3.0,2.5,7.6,16.9,0,3,5.8,4.0,-1.0,1,SYNTHETIC_PROTOTYPE_BENCHMARK,SYNTHETIC_PROTOTYPE_DATA_NOT_REAL_PERSONNEL_DATA,DEMO / SYNTHETIC DATA — NOT REAL PERSONNEL OR SENSOR DATA
13.2,51.7,5.0,4.0,1.0,6.1,7.3,16.0,0,0,6.3,3.5,-0.9,0,SYNTHETIC_PROTOTYPE_BENCHMARK,SYNTHETIC_PROTOTYPE_DATA_NOT_REAL_PERSONNEL_DATA,DEMO / SYNTHETIC DATA — NOT REAL PERSONNEL OR SENSOR DATA
12.8,46.6,1.8,4.0,0.0,4.6,6.8,15.4,0,0,8.0,5.9,4.1,0,SYNTHETIC_PROTOTYPE_BENCHMARK,SYNTHETIC_PROTOTYPE_DATA_NOT_REAL_PERSONNEL_DATA,DEMO / SYNTHETIC DATA — NOT REAL PERSONNEL OR SENSOR DATA
19.7,44.9,4.6,4.8,6.0,10.1,7.6,17.6,0,3,5.3,4.3,0.2,0,SYNTHETIC_PROTOTYPE_BENCHMARK,SYNTHETIC_PROTOTYPE_DATA_NOT_REAL_PERSONNEL_DATA,DEMO / SYNTHETIC DATA — NOT REAL PERSONNEL OR SENSOR DATA
21.1,53.1,7.1,4.0,1.0,5.9,5.3,18.1,1,1,5.6,4.1,3.9,1,SYNTHETIC_PROTOTYPE_BENCHMARK,SYNTHETIC_PROTOTYPE_DATA_NOT_REAL_PERSONNEL_DATA,DEMO / SYNTHETIC DATA — NOT REAL PERSONNEL OR SENSOR DATA
15.9,49.5,4.9,7.2,6.0,0.0,6.6,16.6,0,1,6.4,2.0,-4.0,0,SYNTHETIC_PROTOTYPE_BENCHMARK,SYNTHETIC_PROTOTYPE_DATA_NOT_REAL_PERSONNEL_DATA,DEMO / SYNTHETIC DATA — NOT REAL PERSONNEL OR SENSOR DATA
14.6,67.0,5.0,4.0,1.0,8.6,6.0,15.1,1,1,3.8,7.2,-1.4,1,SYNTHETIC_PROTOTYPE_BENCHMARK,SYNTHETIC_PROTOTYPE_DATA_NOT_REAL_PERSONNEL_DATA,DEMO / SYNTHETIC DATA — NOT REAL PERSONNEL OR SENSOR DATA
14.2,30.0,7.5,4.7,1.0,8.2,6.7,13.3,0,2,5.9,7.7,0.9,0,SYNTHETIC_PROTOTYPE_BENCHMARK,SYNTHETIC_PROTOTYPE_DATA_NOT_REAL_PERSONNEL_DATA,DEMO / SYNTHETIC DATA — NOT REAL PERSONNEL OR SENSOR DATA
27.6,62.9,4.1,4.0,13.0,4.3,5.1,17.6,1,2,6.1,3.8,0.2,1,SYNTHETIC_PROTOTYPE_BENCHMARK,SYNTHETIC_PROTOTYPE_DATA_NOT_REAL_PERSONNEL_DATA,DEMO / SYNTHETIC DATA — NOT REAL PERSONNEL OR SENSOR DATA
19.7,64.5,2.4,4.0,2.0,14.0,5.9,12.9,2,3,9.5,3.1,-4.5,1,SYNTHETIC_PROTOTYPE_BENCHMARK,SYNTHETIC_PROTOTYPE_DATA_NOT_REAL_PERSONNEL_DATA,DEMO / SYNTHETIC DATA — NOT REAL PERSONNEL OR SENSOR DATA
6.3,31.3,5.2,4.0,3.0,14.3,8.0,19.5,0,1,5.6,6.3,-0.5,0,SYNTHETIC_PROTOTYPE_BENCHMARK,SYNTHETIC_PROTOTYPE_DATA_NOT_REAL_PERSONNEL_DATA,DEMO / SYNTHETIC DATA — NOT REAL PERSONNEL OR SENSOR DATA
10.0,48.6,4.5,4.0,3.0,4.5,8.0,15.7,0,0,6.6,5.3,5.0,0,SYNTHETIC_PROTOTYPE_BENCHMARK,SYNTHETIC_PROTOTYPE_DATA_NOT_REAL_PERSONNEL_DATA,DEMO / SYNTHETIC DATA — NOT REAL PERSONNEL OR SENSOR DATA
16.6,48.3,3.6,8.9,3.0,5.6,6.6,11.5,0,1,8.0,3.4,0.5,0,SYNTHETIC_PROTOTYPE_BENCHMARK,SYNTHETIC_PROTOTYPE_DATA_NOT_REAL_PERSONNEL_DATA,DEMO / SYNTHETIC DATA — NOT REAL PERSONNEL OR SENSOR DATA
12.3,37.9,5.1,4.0,9.0,34.0,7.2,13.1,0,1,4.5,2.1,1.3,0,SYNTHETIC_PROTOTYPE_BENCHMARK,SYNTHETIC_PROTOTYPE_DATA_NOT_REAL_PERSONNEL_DATA,DEMO / SYNTHETIC DATA — NOT REAL PERSONNEL OR SENSOR DATA
15.4,44.2,6.5,7.0,4.0,2.1,7.8,11.9,0,1,9.0,4.8,-1.4,0,SYNTHETIC_PROTOTYPE_BENCHMARK,SYNTHETIC_PROTOTYPE_DATA_NOT_REAL_PERSONNEL_DATA,DEMO / SYNTHETIC DATA — NOT REAL PERSONNEL OR SENSOR DATA
11.4,40.9,5.5,4.0,2.0,2.4,8.4,15.9,0,1,9.7,3.4,0.5,0,SYNTHETIC_PROTOTYPE_BENCHMARK,SYNTHETIC_PROTOTYPE_DATA_NOT_REAL_PERSONNEL_DATA,DEMO / SYNTHETIC DATA — NOT REAL PERSONNEL OR SENSOR DATA
25.4,69.5,6.1,4.0,7.0,1.2,6.0,15.6,1,0,6.1,4.4,-0.0,1,SYNTHETIC_PROTOTYPE_BENCHMARK,SYNTHETIC_PROTOTYPE_DATA_NOT_REAL_PERSONNEL_DATA,DEMO / SYNTHETIC DATA — NOT REAL PERSONNEL OR SENSOR DATA
26.7,61.4,9.1,4.0,1.0,13.6,4.8,13.1,3,1,5.1,4.9,2.5,2,SYNTHETIC_PROTOTYPE_BENCHMARK,SYNTHETIC_PROTOTYPE_DATA_NOT_REAL_PERSONNEL_DATA,DEMO / SYNTHETIC DATA — NOT REAL PERSONNEL OR SENSOR DATA
29.8,64.7,4.8,4.0,3.0,8.2,6.3,14.9,2,1,9.5,2.9,2.4,1,SYNTHETIC_PROTOTYPE_BENCHMARK,SYNTHETIC_PROTOTYPE_DATA_NOT_REAL_PERSONNEL_DATA,DEMO / SYNTHETIC DATA — NOT REAL PERSONNEL OR SENSOR DATA
21.3,59.2,6.1,4.0,11.0,0.7,5.9,12.9,1,2,7.8,3.9,0.9,1,SYNTHETIC_PROTOTYPE_BENCHMARK,SYNTHETIC_PROTOTYPE_DATA_NOT_REAL_PERSONNEL_DATA,DEMO / SYNTHETIC DATA — NOT REAL PERSONNEL OR SENSOR DATA
15.5,40.7,4.5,4.0,3.0,24.0,6.2,16.8,2,1,6.4,8.4,0.2,0,SYNTHETIC_PROTOTYPE_BENCHMARK,SYNTHETIC_PROTOTYPE_DATA_NOT_REAL_PERSONNEL_DATA,DEMO / SYNTHETIC DATA — NOT REAL PERSONNEL OR SENSOR DATA
19.7,46.8,3.8,5.1,6.0,7.9,6.8,15.1,0,0,9.1,6.6,-3.7,0,SYNTHETIC_PROTOTYPE_BENCHMARK,SYNTHETIC_PROTOTYPE_DATA_NOT_REAL_PERSONNEL_DATA,DEMO / SYNTHETIC DATA — NOT REAL PERSONNEL OR SENSOR DATA
20.9,56.9,4.3,5.4,4.0,11.4,6.2,14.3,2,1,8.8,4.2,-3.8,1,SYNTHETIC_PROTOTYPE_BENCHMARK,SYNTHETIC_PROTOTYPE_DATA_NOT_REAL_PERSONNEL_DATA,DEMO / SYNTHETIC DATA — NOT REAL PERSONNEL OR SENSOR DATA
12.6,39.8,4.5,4.0,6.0,0.3,7.6,13.0,0,2,5.5,9.2,0.2,0,SYNTHETIC_PROTOTYPE_BENCHMARK,SYNTHETIC_PROTOTYPE_DATA_NOT_REAL_PERSONNEL_DATA,DEMO / SYNTHETIC DATA — NOT REAL PERSONNEL OR SENSOR DATA
22.0,59.1,6.2,4.0,10.0,4.2,7.2,15.0,0,1,6.7,2.9,1.9,0,SYNTHETIC_PROTOTYPE_BENCHMARK,SYNTHETIC_PROTOTYPE_DATA_NOT_REAL_PERSONNEL_DATA,DEMO / SYNTHETIC DATA — NOT REAL PERSONNEL OR SENSOR DATA
22.6,49.6,10.0,4.0,1.0,7.2,6.6,14.8,0,1,7.4,4.0,2.9,0,SYNTHETIC_PROTOTYPE_BENCHMARK,SYNTHETIC_PROTOTYPE_DATA_NOT_REAL_PERSONNEL_DATA,DEMO / SYNTHETIC DATA — NOT REAL PERSONNEL OR SENSOR DATA
9.1,48.3,4.1,4.0,1.0,4.7,7.3,16.2,0,1,6.3,5.2,-2.0,0,SYNTHETIC_PROTOTYPE_BENCHMARK,SYNTHETIC_PROTOTYPE_DATA_NOT_REAL_PERSONNEL_DATA,DEMO / SYNTHETIC DATA — NOT REAL PERSONNEL OR SENSOR DATA
15.4,59.1,4.7,4.0,2.0,6.6,6.5,15.9,0,0,3.4,2.4,-3.3,0,SYNTHETIC_PROTOTYPE_BENCHMARK,SYNTHETIC_PROTOTYPE_DATA_NOT_REAL_PERSONNEL_DATA,DEMO / SYNTHETIC DATA — NOT REAL PERSONNEL OR SENSOR DATA
21.0,56.4,5.4,4.0,4.0,10.2,7.3,17.2,0,2,4.3,7.5,2.1,1,SYNTHETIC_PROTOTYPE_BENCHMARK,SYNTHETIC_PROTOTYPE_DATA_NOT_REAL_PERSONNEL_DATA,DEMO / SYNTHETIC DATA — NOT REAL PERSONNEL OR SENSOR DATA
22.4,48.4,6.3,11.5,1.0,2.8,6.9,11.6,0,0,3.5,5.6,-1.8,1,SYNTHETIC_PROTOTYPE_BENCHMARK,SYNTHETIC_PROTOTYPE_DATA_NOT_REAL_PERSONNEL_DATA,DEMO / SYNTHETIC DATA — NOT REAL PERSONNEL OR SENSOR DATA
24.5,63.6,6.0,6.5,0.0,11.3,6.2,10.9,1,1,7.2,3.3,-3.5,2,SYNTHETIC_PROTOTYPE_BENCHMARK,SYNTHETIC_PROTOTYPE_DATA_NOT_REAL_PERSONNEL_DATA,DEMO / SYNTHETIC DATA — NOT REAL PERSONNEL OR SENSOR DATA
13.9,41.2,8.1,4.0,1.0,1.1,7.1,17.6,0,0,3.8,6.4,-1.1,0,SYNTHETIC_PROTOTYPE_BENCHMARK,SYNTHETIC_PROTOTYPE_DATA_NOT_REAL_PERSONNEL_DATA,DEMO / SYNTHETIC DATA — NOT REAL PERSONNEL OR SENSOR DATA
12.7,58.2,1.0,4.0,12.0,1.9,6.6,13.7,0,0,6.6,5.0,-1.1,0,SYNTHETIC_PROTOTYPE_BENCHMARK,SYNTHETIC_PROTOTYPE_DATA_NOT_REAL_PERSONNEL_DATA,DEMO / SYNTHETIC DATA — NOT REAL PERSONNEL OR SENSOR DATA
20.8,57.9,1.0,4.0,4.0,0.3,6.1,13.4,2,1,9.9,4.3,2.9,1,SYNTHETIC_PROTOTYPE_BENCHMARK,SYNTHETIC_PROTOTYPE_DATA_NOT_REAL_PERSONNEL_DATA,DEMO / SYNTHETIC DATA — NOT REAL PERSONNEL OR SENSOR DATA
8.2,48.9,4.5,6.3,2.0,2.7,6.4,14.6,2,1,9.1,3.5,1.9,0,SYNTHETIC_PROTOTYPE_BENCHMARK,SYNTHETIC_PROTOTYPE_DATA_NOT_REAL_PERSONNEL_DATA,DEMO / SYNTHETIC DATA — NOT REAL PERSONNEL OR SENSOR DATA
18.0,55.3,7.7,4.0,1.0,2.9,7.4,16.2,0,2,2.5,2.8,-1.6,1,SYNTHETIC_PROTOTYPE_BENCHMARK,SYNTHETIC_PROTOTYPE_DATA_NOT_REAL_PERSONNEL_DATA,DEMO / SYNTHETIC DATA — NOT REAL PERSONNEL OR SENSOR DATA
22.1,39.5,2.4,4.0,2.0,9.8,6.4,14.5,1,2,3.6,9.1,3.1,1,SYNTHETIC_PROTOTYPE_BENCHMARK,SYNTHETIC_PROTOTYPE_DATA_NOT_REAL_PERSONNEL_DATA,DEMO / SYNTHETIC DATA — NOT REAL PERSONNEL OR SENSOR DATA
21.0,61.2,1.0,5.4,1.0,6.4,6.2,14.0,2,2,4.6,2.6,0.3,1,SYNTHETIC_PROTOTYPE_BENCHMARK,SYNTHETIC_PROTOTYPE_DATA_NOT_REAL_PERSONNEL_DATA,DEMO / SYNTHETIC DATA — NOT REAL PERSONNEL OR SENSOR DATA
14.6,50.2,6.6,4.0,0.0,3.4,7.8,14.8,0,1,3.9,7.8,2.3,0,SYNTHETIC_PROTOTYPE_BENCHMARK,SYNTHETIC_PROTOTYPE_DATA_NOT_REAL_PERSONNEL_DATA,DEMO / SYNTHETIC DATA — NOT REAL PERSONNEL OR SENSOR DATA
13.1,46.8,6.0,4.0,8.0,6.3,6.8,18.4,0,1,2.9,4.1,2.9,0,SYNTHETIC_PROTOTYPE_BENCHMARK,SYNTHETIC_PROTOTYPE_DATA_NOT_REAL_PERSONNEL_DATA,DEMO / SYNTHETIC DATA — NOT REAL PERSONNEL OR SENSOR DATA
21.9,62.5,3.3,4.0,21.0,0.3,7.3,15.6,0,1,6.2,5.7,-0.6,1,SYNTHETIC_PROTOTYPE_BENCHMARK,SYNTHETIC_PROTOTYPE_DATA_NOT_REAL_PERSONNEL_DATA,DEMO / SYNTHETIC DATA — NOT REAL PERSONNEL OR SENSOR DATA
16.4,45.0,3.5,4.0,1.0,1.2,6.8,13.7,0,1,7.6,6.2,1.3,0,SYNTHETIC_PROTOTYPE_BENCHMARK,SYNTHETIC_PROTOTYPE_DATA_NOT_REAL_PERSONNEL_DATA,DEMO / SYNTHETIC DATA — NOT REAL PERSONNEL OR SENSOR DATA
14.2,37.9,3.6,4.0,0.0,5.9,6.6,13.7,0,1,8.1,6.9,-0.9,0,SYNTHETIC_PROTOTYPE_BENCHMARK,SYNTHETIC_PROTOTYPE_DATA_NOT_REAL_PERSONNEL_DATA,DEMO / SYNTHETIC DATA — NOT REAL PERSONNEL OR SENSOR DATA
21.3,36.4,5.7,4.0,1.0,6.2,6.2,15.1,2,3,5.3,7.1,2.0,1,SYNTHETIC_PROTOTYPE_BENCHMARK,SYNTHETIC_PROTOTYPE_DATA_NOT_REAL_PERSONNEL_DATA,DEMO / SYNTHETIC DATA — NOT REAL PERSONNEL OR SENSOR DATA
17.0,58.1,4.2,4.0,2.0,8.9,7.6,16.1,0,0,5.7,2.4,0.2,0,SYNTHETIC_PROTOTYPE_BENCHMARK,SYNTHETIC_PROTOTYPE_DATA_NOT_REAL_PERSONNEL_DATA,DEMO / SYNTHETIC DATA — NOT REAL PERSONNEL OR SENSOR DATA
20.7,39.2,6.5,4.0,1.0,3.1,6.5,16.6,0,3,6.9,4.8,2.1,1,SYNTHETIC_PROTOTYPE_BENCHMARK,SYNTHETIC_PROTOTYPE_DATA_NOT_REAL_PERSONNEL_DATA,DEMO / SYNTHETIC DATA — NOT REAL PERSONNEL OR SENSOR DATA
12.2,69.5,1.0,5.9,1.0,7.7,6.7,15.1,0,0,6.0,2.1,3.4,0,SYNTHETIC_PROTOTYPE_BENCHMARK,SYNTHETIC_PROTOTYPE_DATA_NOT_REAL_PERSONNEL_DATA,DEMO / SYNTHETIC DATA — NOT REAL PERSONNEL OR SENSOR DATA
8.0,31.2,3.8,4.0,1.0,6.9,6.8,13.9,0,0,7.8,6.6,1.2,0,SYNTHETIC_PROTOTYPE_BENCHMARK,SYNTHETIC_PROTOTYPE_DATA_NOT_REAL_PERSONNEL_DATA,DEMO / SYNTHETIC DATA — NOT REAL PERSONNEL OR SENSOR DATA
21.6,69.0,3.2,4.0,5.0,19.8,6.8,14.8,0,0,7.1,2.2,-0.2,1,SYNTHETIC_PROTOTYPE_BENCHMARK,SYNTHETIC_PROTOTYPE_DATA_NOT_REAL_PERSONNEL_DATA,DEMO / SYNTHETIC DATA — NOT REAL PERSONNEL OR SENSOR DATA
18.6,54.1,5.0,4.2,4.0,1.5,8.7,17.0,0,1,5.4,2.0,-0.2,0,SYNTHETIC_PROTOTYPE_BENCHMARK,SYNTHETIC_PROTOTYPE_DATA_NOT_REAL_PERSONNEL_DATA,DEMO / SYNTHETIC DATA — NOT REAL PERSONNEL OR SENSOR DATA
19.1,51.0,4.4,5.9,4.0,4.8,5.6,12.5,1,0,2.5,4.8,-5.0,0,SYNTHETIC_PROTOTYPE_BENCHMARK,SYNTHETIC_PROTOTYPE_DATA_NOT_REAL_PERSONNEL_DATA,DEMO / SYNTHETIC DATA — NOT REAL PERSONNEL OR SENSOR DATA
20.0,46.6,7.1,6.7,2.0,5.5,6.2,13.6,1,3,9.2,2.1,-1.6,1,SYNTHETIC_PROTOTYPE_BENCHMARK,SYNTHETIC_PROTOTYPE_DATA_NOT_REAL_PERSONNEL_DATA,DEMO / SYNTHETIC DATA — NOT REAL PERSONNEL OR SENSOR DATA
22.3,56.0,1.8,4.0,8.0,39.6,6.3,16.8,1,2,4.8,5.3,2.1,1,SYNTHETIC_PROTOTYPE_BENCHMARK,SYNTHETIC_PROTOTYPE_DATA_NOT_REAL_PERSONNEL_DATA,DEMO / SYNTHETIC DATA — NOT REAL PERSONNEL OR SENSOR DATA
16.3,51.6,5.6,4.0,12.0,1.3,7.4,17.4,0,1,6.9,3.2,2.1,0,SYNTHETIC_PROTOTYPE_BENCHMARK,SYNTHETIC_PROTOTYPE_DATA_NOT_REAL_PERSONNEL_DATA,DEMO / SYNTHETIC DATA — NOT REAL PERSONNEL OR SENSOR DATA
26.0,63.0,6.6,5.3,1.0,4.4,7.1,14.7,0,1,2.4,3.2,-1.6,1,SYNTHETIC_PROTOTYPE_BENCHMARK,SYNTHETIC_PROTOTYPE_DATA_NOT_REAL_PERSONNEL_DATA,DEMO / SYNTHETIC DATA — NOT REAL PERSONNEL OR SENSOR DATA
21.6,53.1,9.2,4.8,1.0,2.5,6.4,14.5,1,3,6.2,1.6,0.4,1,SYNTHETIC_PROTOTYPE_BENCHMARK,SYNTHETIC_PROTOTYPE_DATA_NOT_REAL_PERSONNEL_DATA,DEMO / SYNTHETIC DATA — NOT REAL PERSONNEL OR SENSOR DATA
15.8,53.5,4.5,4.0,3.0,4.5,8.4,13.0,0,2,6.4,7.5,-0.4,0,SYNTHETIC_PROTOTYPE_BENCHMARK,SYNTHETIC_PROTOTYPE_DATA_NOT_REAL_PERSONNEL_DATA,DEMO / SYNTHETIC DATA — NOT REAL PERSONNEL OR SENSOR DATA
17.1,48.4,6.1,9.3,0.0,1.6,7.2,14.5,0,1,6.5,3.1,1.5,0,SYNTHETIC_PROTOTYPE_BENCHMARK,SYNTHETIC_PROTOTYPE_DATA_NOT_REAL_PERSONNEL_DATA,DEMO / SYNTHETIC DATA — NOT REAL PERSONNEL OR SENSOR DATA
22.1,51.4,1.9,4.0,2.0,0.3,6.1,18.2,2,2,10.0,4.6,4.9,0,SYNTHETIC_PROTOTYPE_BENCHMARK,SYNTHETIC_PROTOTYPE_DATA_NOT_REAL_PERSONNEL_DATA,DEMO / SYNTHETIC DATA — NOT REAL PERSONNEL OR SENSOR DATA
16.5,55.1,1.0,16.2,3.0,5.1,6.5,15.8,0,1,4.9,2.3,1.6,0,SYNTHETIC_PROTOTYPE_BENCHMARK,SYNTHETIC_PROTOTYPE_DATA_NOT_REAL_PERSONNEL_DATA,DEMO / SYNTHETIC DATA — NOT REAL PERSONNEL OR SENSOR DATA
16.7,34.9,7.2,7.9,3.0,2.5,6.7,14.8,0,1,7.8,4.8,-1.5,1,SYNTHETIC_PROTOTYPE_BENCHMARK,SYNTHETIC_PROTOTYPE_DATA_NOT_REAL_PERSONNEL_DATA,DEMO / SYNTHETIC DATA — NOT REAL PERSONNEL OR SENSOR DATA
10.5,38.5,5.5,4.7,1.0,1.2,8.8,15.2,0,0,7.2,8.5,-0.2,0,SYNTHETIC_PROTOTYPE_BENCHMARK,SYNTHETIC_PROTOTYPE_DATA_NOT_REAL_PERSONNEL_DATA,DEMO / SYNTHETIC DATA — NOT REAL PERSONNEL OR SENSOR DATA
23.1,59.4,7.9,11.2,3.0,2.3,6.1,10.9,2,1,4.8,5.1,3.1,2,SYNTHETIC_PROTOTYPE_BENCHMARK,SYNTHETIC_PROTOTYPE_DATA_NOT_REAL_PERSONNEL_DATA,DEMO / SYNTHETIC DATA — NOT REAL PERSONNEL OR SENSOR DATA
14.6,53.7,2.8,5.1,11.0,0.3,7.3,11.4,0,0,7.8,3.9,-3.1,0,SYNTHETIC_PROTOTYPE_BENCHMARK,SYNTHETIC_PROTOTYPE_DATA_NOT_REAL_PERSONNEL_DATA,DEMO / SYNTHETIC DATA — NOT REAL PERSONNEL OR SENSOR DATA
16.4,50.2,6.5,4.0,1.0,18.0,6.2,16.0,1,1,5.9,5.2,-1.4,1,SYNTHETIC_PROTOTYPE_BENCHMARK,SYNTHETIC_PROTOTYPE_DATA_NOT_REAL_PERSONNEL_DATA,DEMO / SYNTHETIC DATA — NOT REAL PERSONNEL OR SENSOR DATA
21.8,52.2,9.2,4.0,4.0,5.2,6.4,20.3,1,1,8.0,4.3,1.6,1,SYNTHETIC_PROTOTYPE_BENCHMARK,SYNTHETIC_PROTOTYPE_DATA_NOT_REAL_PERSONNEL_DATA,DEMO / SYNTHETIC DATA — NOT REAL PERSONNEL OR SENSOR DATA
25.5,55.5,6.3,4.0,0.0,10.1,5.0,18.1,1,3,10.0,4.8,2.8,1,SYNTHETIC_PROTOTYPE_BENCHMARK,SYNTHETIC_PROTOTYPE_DATA_NOT_REAL_PERSONNEL_DATA,DEMO / SYNTHETIC DATA — NOT REAL PERSONNEL OR SENSOR DATA
29.5,46.6,6.1,4.0,0.0,3.3,7.6,17.8,0,3,6.5,6.5,1.3,1,SYNTHETIC_PROTOTYPE_BENCHMARK,SYNTHETIC_PROTOTYPE_DATA_NOT_REAL_PERSONNEL_DATA,DEMO / SYNTHETIC DATA — NOT REAL PERSONNEL OR SENSOR DATA
13.3,44.2,5.5,5.4,3.0,14.0,8.0,15.5,0,1,5.6,5.0,-1.3,0,SYNTHETIC_PROTOTYPE_BENCHMARK,SYNTHETIC_PROTOTYPE_DATA_NOT_REAL_PERSONNEL_DATA,DEMO / SYNTHETIC DATA — NOT REAL PERSONNEL OR SENSOR DATA
14.5,54.0,2.4,4.0,0.0,4.0,6.1,16.3,1,1,8.3,5.3,1.2,0,SYNTHETIC_PROTOTYPE_BENCHMARK,SYNTHETIC_PROTOTYPE_DATA_NOT_REAL_PERSONNEL_DATA,DEMO / SYNTHETIC DATA — NOT REAL PERSONNEL OR SENSOR DATA
18.8,42.2,8.2,4.0,0.0,5.1,6.0,10.8,1,0,9.0,6.0,0.9,1,SYNTHETIC_PROTOTYPE_BENCHMARK,SYNTHETIC_PROTOTYPE_DATA_NOT_REAL_PERSONNEL_DATA,DEMO / SYNTHETIC DATA — NOT REAL PERSONNEL OR SENSOR DATA
13.8,56.1,4.3,4.0,1.0,4.1,7.4,17.1,0,1,4.4,4.4,0.8,0,SYNTHETIC_PROTOTYPE_BENCHMARK,SYNTHETIC_PROTOTYPE_DATA_NOT_REAL_PERSONNEL_DATA,DEMO / SYNTHETIC DATA — NOT REAL PERSONNEL OR SENSOR DATA
10.9,35.0,6.5,8.2,3.0,7.9,6.1,12.7,2,0,5.3,5.0,-0.2,0,SYNTHETIC_PROTOTYPE_BENCHMARK,SYNTHETIC_PROTOTYPE_DATA_NOT_REAL_PERSONNEL_DATA,DEMO / SYNTHETIC DATA — NOT REAL PERSONNEL OR SENSOR DATA
10.4,62.3,2.4,4.0,4.0,5.0,7.4,14.2,0,0,7.6,3.8,0.1,0,SYNTHETIC_PROTOTYPE_BENCHMARK,SYNTHETIC_PROTOTYPE_DATA_NOT_REAL_PERSONNEL_DATA,DEMO / SYNTHETIC DATA — NOT REAL PERSONNEL OR SENSOR DATA
15.7,56.7,3.1,4.0,1.0,1.9,6.1,15.0,1,1,5.9,5.9,-2.0,0,SYNTHETIC_PROTOTYPE_BENCHMARK,SYNTHETIC_PROTOTYPE_DATA_NOT_REAL_PERSONNEL_DATA,DEMO / SYNTHETIC DATA — NOT REAL PERSONNEL OR SENSOR DATA
17.0,54.6,8.4,4.0,4.0,0.9,6.0,14.9,1,0,4.3,6.1,5.0,1,SYNTHETIC_PROTOTYPE_BENCHMARK,SYNTHETIC_PROTOTYPE_DATA_NOT_REAL_PERSONNEL_DATA,DEMO / SYNTHETIC DATA — NOT REAL PERSONNEL OR SENSOR DATA
13.3,61.8,4.8,4.8,1.0,5.6,6.7,13.9,0,0,7.3,2.9,0.3,0,SYNTHETIC_PROTOTYPE_BENCHMARK,SYNTHETIC_PROTOTYPE_DATA_NOT_REAL_PERSONNEL_DATA,DEMO / SYNTHETIC DATA — NOT REAL PERSONNEL OR SENSOR DATA
25.5,68.7,8.4,4.0,3.0,4.0,5.4,15.6,2,2,7.5,3.8,1.2,2,SYNTHETIC_PROTOTYPE_BENCHMARK,SYNTHETIC_PROTOTYPE_DATA_NOT_REAL_PERSONNEL_DATA,DEMO / SYNTHETIC DATA — NOT REAL PERSONNEL OR SENSOR DATA
10.1,62.1,5.3,4.4,2.0,0.6,6.0,14.3,2,0,5.5,3.4,-0.5,0,SYNTHETIC_PROTOTYPE_BENCHMARK,SYNTHETIC_PROTOTYPE_DATA_NOT_REAL_PERSONNEL_DATA,DEMO / SYNTHETIC DATA — NOT REAL PERSONNEL OR SENSOR DATA
12.0,33.6,1.8,4.0,4.0,3.0,7.9,15.8,0,0,6.3,7.3,1.9,0,SYNTHETIC_PROTOTYPE_BENCHMARK,SYNTHETIC_PROTOTYPE_DATA_NOT_REAL_PERSONNEL_DATA,DEMO / SYNTHETIC DATA — NOT REAL PERSONNEL OR SENSOR DATA
15.1,39.2,7.3,4.0,19.0,4.3,5.5,12.6,1,0,5.0,5.1,-2.9,0,SYNTHETIC_PROTOTYPE_BENCHMARK,SYNTHETIC_PROTOTYPE_DATA_NOT_REAL_PERSONNEL_DATA,DEMO / SYNTHETIC DATA — NOT REAL PERSONNEL OR SENSOR DATA
11.7,45.8,4.3,11.0,10.0,10.5,8.3,12.4,0,0,4.0,8.8,-3.8,0,SYNTHETIC_PROTOTYPE_BENCHMARK,SYNTHETIC_PROTOTYPE_DATA_NOT_REAL_PERSONNEL_DATA,DEMO / SYNTHETIC DATA — NOT REAL PERSONNEL OR SENSOR DATA
19.9,52.3,6.9,4.0,0.0,0.5,7.0,13.4,0,0,5.2,5.4,-0.1,1,SYNTHETIC_PROTOTYPE_BENCHMARK,SYNTHETIC_PROTOTYPE_DATA_NOT_REAL_PERSONNEL_DATA,DEMO / SYNTHETIC DATA — NOT REAL PERSONNEL OR SENSOR DATA
23.9,57.2,5.6,4.0,8.0,2.6,5.7,14.3,1,2,6.3,6.6,4.5,1,SYNTHETIC_PROTOTYPE_BENCHMARK,SYNTHETIC_PROTOTYPE_DATA_NOT_REAL_PERSONNEL_DATA,DEMO / SYNTHETIC DATA — NOT REAL PERSONNEL OR SENSOR DATA
12.0,44.7,2.4,4.0,0.0,10.4,6.2,15.9,1,0,3.2,4.0,2.7,0,SYNTHETIC_PROTOTYPE_BENCHMARK,SYNTHETIC_PROTOTYPE_DATA_NOT_REAL_PERSONNEL_DATA,DEMO / SYNTHETIC DATA — NOT REAL PERSONNEL OR SENSOR DATA
21.5,53.9,5.8,4.0,11.0,6.3,7.6,12.4,0,2,5.4,5.0,-1.8,0,SYNTHETIC_PROTOTYPE_BENCHMARK,SYNTHETIC_PROTOTYPE_DATA_NOT_REAL_PERSONNEL_DATA,DEMO / SYNTHETIC DATA — NOT REAL PERSONNEL OR SENSOR DATA
23.2,44.4,9.9,4.0,1.0,2.1,7.7,14.0,0,0,6.4,6.5,1.1,1,SYNTHETIC_PROTOTYPE_BENCHMARK,SYNTHETIC_PROTOTYPE_DATA_NOT_REAL_PERSONNEL_DATA,DEMO / SYNTHETIC DATA — NOT REAL PERSONNEL OR SENSOR DATA
12.5,45.9,6.5,4.0,2.0,11.2,8.0,16.7,0,1,8.6,3.9,-1.4,0,SYNTHETIC_PROTOTYPE_BENCHMARK,SYNTHETIC_PROTOTYPE_DATA_NOT_REAL_PERSONNEL_DATA,DEMO / SYNTHETIC DATA — NOT REAL PERSONNEL OR SENSOR DATA
18.8,37.9,5.4,4.0,0.0,4.1,6.9,12.8,0,1,5.6,5.9,0.9,0,SYNTHETIC_PROTOTYPE_BENCHMARK,SYNTHETIC_PROTOTYPE_DATA_NOT_REAL_PERSONNEL_DATA,DEMO / SYNTHETIC DATA — NOT REAL PERSONNEL OR SENSOR DATA
12.8,42.8,7.7,4.0,0.0,4.1,7.5,19.2,0,1,3.7,7.2,1.1,0,SYNTHETIC_PROTOTYPE_BENCHMARK,SYNTHETIC_PROTOTYPE_DATA_NOT_REAL_PERSONNEL_DATA,DEMO / SYNTHETIC DATA — NOT REAL PERSONNEL OR SENSOR DATA
20.5,38.5,5.9,4.5,5.0,22.5,7.2,17.8,0,1,5.8,5.4,2.0,1,SYNTHETIC_PROTOTYPE_BENCHMARK,SYNTHETIC_PROTOTYPE_DATA_NOT_REAL_PERSONNEL_DATA,DEMO / SYNTHETIC DATA — NOT REAL PERSONNEL OR SENSOR DATA
16.6,42.2,5.9,6.1,10.0,17.6,7.4,13.8,0,3,5.1,4.4,-3.4,1,SYNTHETIC_PROTOTYPE_BENCHMARK,SYNTHETIC_PROTOTYPE_DATA_NOT_REAL_PERSONNEL_DATA,DEMO / SYNTHETIC DATA — NOT REAL PERSONNEL OR SENSOR DATA
13.7,62.5,3.3,4.0,3.0,2.7,7.4,14.0,0,0,7.3,7.2,-2.8,0,SYNTHETIC_PROTOTYPE_BENCHMARK,SYNTHETIC_PROTOTYPE_DATA_NOT_REAL_PERSONNEL_DATA,DEMO / SYNTHETIC DATA — NOT REAL PERSONNEL OR SENSOR DATA
21.7,42.5,6.0,4.0,4.0,0.9,6.8,16.0,0,1,5.5,3.9,-0.2,1,SYNTHETIC_PROTOTYPE_BENCHMARK,SYNTHETIC_PROTOTYPE_DATA_NOT_REAL_PERSONNEL_DATA,DEMO / SYNTHETIC DATA — NOT REAL PERSONNEL OR SENSOR DATA
31.8,78.3,7.6,4.0,5.0,2.4,5.8,12.7,1,3,1.0,3.9,-2.3,2,SYNTHETIC_PROTOTYPE_BENCHMARK,SYNTHETIC_PROTOTYPE_DATA_NOT_REAL_PERSONNEL_DATA,DEMO / SYNTHETIC DATA — NOT REAL PERSONNEL OR SENSOR DATA
14.6,56.9,3.8,4.0,1.0,0.2,6.3,11.6,1,0,10.0,3.8,-2.4,0,SYNTHETIC_PROTOTYPE_BENCHMARK,SYNTHETIC_PROTOTYPE_DATA_NOT_REAL_PERSONNEL_DATA,DEMO / SYNTHETIC DATA — NOT REAL PERSONNEL OR SENSOR DATA
19.3,53.8,8.3,4.0,0.0,0.1,6.9,14.7,0,0,6.5,3.6,0.6,0,SYNTHETIC_PROTOTYPE_BENCHMARK,SYNTHETIC_PROTOTYPE_DATA_NOT_REAL_PERSONNEL_DATA,DEMO / SYNTHETIC DATA — NOT REAL PERSONNEL OR SENSOR DATA
11.2,43.4,5.3,4.0,0.0,3.0,7.8,15.3,0,0,6.4,6.7,-2.0,0,SYNTHETIC_PROTOTYPE_BENCHMARK,SYNTHETIC_PROTOTYPE_DATA_NOT_REAL_PERSONNEL_DATA,DEMO / SYNTHETIC DATA — NOT REAL PERSONNEL OR SENSOR DATA
14.6,59.0,3.7,4.0,2.0,17.0,4.9,15.8,3,1,3.1,4.4,5.0,1,SYNTHETIC_PROTOTYPE_BENCHMARK,SYNTHETIC_PROTOTYPE_DATA_NOT_REAL_PERSONNEL_DATA,DEMO / SYNTHETIC DATA — NOT REAL PERSONNEL OR SENSOR DATA
16.7,46.2,7.5,4.0,1.0,12.3,7.8,14.4,0,0,3.3,6.0,-1.2,0,SYNTHETIC_PROTOTYPE_BENCHMARK,SYNTHETIC_PROTOTYPE_DATA_NOT_REAL_PERSONNEL_DATA,DEMO / SYNTHETIC DATA — NOT REAL PERSONNEL OR SENSOR DATA
16.4,53.2,4.9,4.0,0.0,4.3,5.9,18.1,2,0,6.0,1.7,-0.6,0,SYNTHETIC_PROTOTYPE_BENCHMARK,SYNTHETIC_PROTOTYPE_DATA_NOT_REAL_PERSONNEL_DATA,DEMO / SYNTHETIC DATA — NOT REAL PERSONNEL OR SENSOR DATA
21.7,77.6,7.0,11.6,1.0,5.0,5.6,9.6,2,1,6.9,4.4,0.7,2,SYNTHETIC_PROTOTYPE_BENCHMARK,SYNTHETIC_PROTOTYPE_DATA_NOT_REAL_PERSONNEL_DATA,DEMO / SYNTHETIC DATA — NOT REAL PERSONNEL OR SENSOR DATA
21.7,51.0,4.9,4.0,0.0,0.0,8.1,13.3,0,1,7.6,4.1,-3.3,0,SYNTHETIC_PROTOTYPE_BENCHMARK,SYNTHETIC_PROTOTYPE_DATA_NOT_REAL_PERSONNEL_DATA,DEMO / SYNTHETIC DATA — NOT REAL PERSONNEL OR SENSOR DATA
15.3,63.5,5.4,4.1,9.0,1.5,6.8,16.5,0,0,6.7,1.7,1.1,0,SYNTHETIC_PROTOTYPE_BENCHMARK,SYNTHETIC_PROTOTYPE_DATA_NOT_REAL_PERSONNEL_DATA,DEMO / SYNTHETIC DATA — NOT REAL PERSONNEL OR SENSOR DATA
15.9,45.0,6.5,6.8,1.0,0.2,7.6,12.2,0,0,3.8,8.3,0.8,0,SYNTHETIC_PROTOTYPE_BENCHMARK,SYNTHETIC_PROTOTYPE_DATA_NOT_REAL_PERSONNEL_DATA,DEMO / SYNTHETIC DATA — NOT REAL PERSONNEL OR SENSOR DATA
24.3,51.7,6.1,4.0,3.0,8.4,5.8,13.2,2,1,1.2,6.0,-0.8,1,SYNTHETIC_PROTOTYPE_BENCHMARK,SYNTHETIC_PROTOTYPE_DATA_NOT_REAL_PERSONNEL_DATA,DEMO / SYNTHETIC DATA — NOT REAL PERSONNEL OR SENSOR DATA
23.1,69.7,1.5,4.0,3.0,0.9,5.4,15.8,2,3,6.0,4.5,0.6,1,SYNTHETIC_PROTOTYPE_BENCHMARK,SYNTHETIC_PROTOTYPE_DATA_NOT_REAL_PERSONNEL_DATA,DEMO / SYNTHETIC DATA — NOT REAL PERSONNEL OR SENSOR DATA
12.1,45.7,3.3,4.0,3.0,12.2,7.7,13.5,0,1,5.1,7.3,0.9,0,SYNTHETIC_PROTOTYPE_BENCHMARK,SYNTHETIC_PROTOTYPE_DATA_NOT_REAL_PERSONNEL_DATA,DEMO / SYNTHETIC DATA — NOT REAL PERSONNEL OR SENSOR DATA
27.1,70.1,7.4,4.0,0.0,6.2,5.6,15.3,2,2,3.7,4.5,3.2,2,SYNTHETIC_PROTOTYPE_BENCHMARK,SYNTHETIC_PROTOTYPE_DATA_NOT_REAL_PERSONNEL_DATA,DEMO / SYNTHETIC DATA — NOT REAL PERSONNEL OR SENSOR DATA
22.0,59.1,5.2,4.0,1.0,1.6,6.3,14.2,2,1,7.9,3.5,5.0,1,SYNTHETIC_PROTOTYPE_BENCHMARK,SYNTHETIC_PROTOTYPE_DATA_NOT_REAL_PERSONNEL_DATA,DEMO / SYNTHETIC DATA — NOT REAL PERSONNEL OR SENSOR DATA
17.3,46.4,4.5,5.5,0.0,1.0,8.0,13.3,0,0,3.0,5.2,-2.3,0,SYNTHETIC_PROTOTYPE_BENCHMARK,SYNTHETIC_PROTOTYPE_DATA_NOT_REAL_PERSONNEL_DATA,DEMO / SYNTHETIC DATA — NOT REAL PERSONNEL OR SENSOR DATA
26.8,58.3,2.8,4.0,2.0,5.9,5.7,11.4,1,1,7.4,3.7,-2.9,1,SYNTHETIC_PROTOTYPE_BENCHMARK,SYNTHETIC_PROTOTYPE_DATA_NOT_REAL_PERSONNEL_DATA,DEMO / SYNTHETIC DATA — NOT REAL PERSONNEL OR SENSOR DATA
19.2,61.7,3.3,4.0,1.0,13.9,6.4,15.9,2,2,3.4,3.8,0.2,1,SYNTHETIC_PROTOTYPE_BENCHMARK,SYNTHETIC_PROTOTYPE_DATA_NOT_REAL_PERSONNEL_DATA,DEMO / SYNTHETIC DATA — NOT REAL PERSONNEL OR SENSOR DATA
18.2,58.2,1.5,4.9,3.0,7.6,6.6,12.7,0,1,6.5,2.9,-4.6,0,SYNTHETIC_PROTOTYPE_BENCHMARK,SYNTHETIC_PROTOTYPE_DATA_NOT_REAL_PERSONNEL_DATA,DEMO / SYNTHETIC DATA — NOT REAL PERSONNEL OR SENSOR DATA
11.2,36.3,5.3,6.1,4.0,2.6,7.6,14.4,0,2,8.1,4.5,1.4,0,SYNTHETIC_PROTOTYPE_BENCHMARK,SYNTHETIC_PROTOTYPE_DATA_NOT_REAL_PERSONNEL_DATA,DEMO / SYNTHETIC DATA — NOT REAL PERSONNEL OR SENSOR DATA
22.4,44.7,4.3,4.0,3.0,5.3,6.7,14.6,0,3,5.5,6.9,0.2,0,SYNTHETIC_PROTOTYPE_BENCHMARK,SYNTHETIC_PROTOTYPE_DATA_NOT_REAL_PERSONNEL_DATA,DEMO / SYNTHETIC DATA — NOT REAL PERSONNEL OR SENSOR DATA
16.3,49.5,3.6,4.8,2.0,2.2,6.6,14.9,0,0,9.6,5.7,0.8,0,SYNTHETIC_PROTOTYPE_BENCHMARK,SYNTHETIC_PROTOTYPE_DATA_NOT_REAL_PERSONNEL_DATA,DEMO / SYNTHETIC DATA — NOT REAL PERSONNEL OR SENSOR DATA
18.2,51.3,5.4,4.0,2.0,42.4,4.9,15.3,3,0,10.0,4.4,-0.7,0,SYNTHETIC_PROTOTYPE_BENCHMARK,SYNTHETIC_PROTOTYPE_DATA_NOT_REAL_PERSONNEL_DATA,DEMO / SYNTHETIC DATA — NOT REAL PERSONNEL OR SENSOR DATA
15.9,58.2,6.2,4.0,6.0,8.3,6.9,16.0,0,0,6.7,3.2,0.6,1,SYNTHETIC_PROTOTYPE_BENCHMARK,SYNTHETIC_PROTOTYPE_DATA_NOT_REAL_PERSONNEL_DATA,DEMO / SYNTHETIC DATA — NOT REAL PERSONNEL OR SENSOR DATA
20.6,53.8,9.7,4.0,1.0,5.7,6.2,14.1,2,1,7.3,4.4,1.0,1,SYNTHETIC_PROTOTYPE_BENCHMARK,SYNTHETIC_PROTOTYPE_DATA_NOT_REAL_PERSONNEL_DATA,DEMO / SYNTHETIC DATA — NOT REAL PERSONNEL OR SENSOR DATA
11.9,38.6,2.5,4.0,5.0,3.3,8.2,18.1,0,0,8.3,3.3,0.4,0,SYNTHETIC_PROTOTYPE_BENCHMARK,SYNTHETIC_PROTOTYPE_DATA_NOT_REAL_PERSONNEL_DATA,DEMO / SYNTHETIC DATA — NOT REAL PERSONNEL OR SENSOR DATA
18.7,55.8,7.8,11.8,5.0,5.8,6.5,8.8,0,2,7.3,5.1,-3.0,1,SYNTHETIC_PROTOTYPE_BENCHMARK,SYNTHETIC_PROTOTYPE_DATA_NOT_REAL_PERSONNEL_DATA,DEMO / SYNTHETIC DATA — NOT REAL PERSONNEL OR SENSOR DATA
19.1,58.1,7.4,4.0,2.0,2.5,5.9,15.1,2,0,7.1,6.2,0.4,1,SYNTHETIC_PROTOTYPE_BENCHMARK,SYNTHETIC_PROTOTYPE_DATA_NOT_REAL_PERSONNEL_DATA,DEMO / SYNTHETIC DATA — NOT REAL PERSONNEL OR SENSOR DATA
17.3,57.6,3.9,4.0,1.0,0.2,6.6,17.3,0,0,5.2,8.4,4.1,0,SYNTHETIC_PROTOTYPE_BENCHMARK,SYNTHETIC_PROTOTYPE_DATA_NOT_REAL_PERSONNEL_DATA,DEMO / SYNTHETIC DATA — NOT REAL PERSONNEL OR SENSOR DATA
13.7,62.8,5.9,4.0,2.0,3.0,6.2,16.6,2,0,2.8,2.9,0.5,1,SYNTHETIC_PROTOTYPE_BENCHMARK,SYNTHETIC_PROTOTYPE_DATA_NOT_REAL_PERSONNEL_DATA,DEMO / SYNTHETIC DATA — NOT REAL PERSONNEL OR SENSOR DATA
18.2,60.3,4.6,4.0,0.0,16.0,7.0,13.7,0,3,3.4,6.0,0.3,1,SYNTHETIC_PROTOTYPE_BENCHMARK,SYNTHETIC_PROTOTYPE_DATA_NOT_REAL_PERSONNEL_DATA,DEMO / SYNTHETIC DATA — NOT REAL PERSONNEL OR SENSOR DATA
17.4,56.6,5.9,4.0,0.0,5.9,6.4,14.0,1,1,10.0,3.8,3.4,0,SYNTHETIC_PROTOTYPE_BENCHMARK,SYNTHETIC_PROTOTYPE_DATA_NOT_REAL_PERSONNEL_DATA,DEMO / SYNTHETIC DATA — NOT REAL PERSONNEL OR SENSOR DATA
29.6,51.3,8.5,4.0,0.0,0.5,6.8,13.6,0,3,6.8,3.5,-1.6,2,SYNTHETIC_PROTOTYPE_BENCHMARK,SYNTHETIC_PROTOTYPE_DATA_NOT_REAL_PERSONNEL_DATA,DEMO / SYNTHETIC DATA — NOT REAL PERSONNEL OR SENSOR DATA
14.2,35.4,6.7,6.9,1.0,13.0,8.4,15.7,0,3,5.7,4.3,2.0,0,SYNTHETIC_PROTOTYPE_BENCHMARK,SYNTHETIC_PROTOTYPE_DATA_NOT_REAL_PERSONNEL_DATA,DEMO / SYNTHETIC DATA — NOT REAL PERSONNEL OR SENSOR DATA
19.2,56.3,6.5,4.0,2.0,1.9,7.2,14.1,0,1,8.7,5.1,-1.2,1,SYNTHETIC_PROTOTYPE_BENCHMARK,SYNTHETIC_PROTOTYPE_DATA_NOT_REAL_PERSONNEL_DATA,DEMO / SYNTHETIC DATA — NOT REAL PERSONNEL OR SENSOR DATA
10.9,54.1,4.6,4.0,7.0,1.7,8.2,16.1,0,0,4.7,3.6,2.4,0,SYNTHETIC_PROTOTYPE_BENCHMARK,SYNTHETIC_PROTOTYPE_DATA_NOT_REAL_PERSONNEL_DATA,DEMO / SYNTHETIC DATA — NOT REAL PERSONNEL OR SENSOR DATA
11.2,54.7,2.5,4.0,1.0,2.1,7.9,16.1,0,0,7.4,4.0,1.8,0,SYNTHETIC_PROTOTYPE_BENCHMARK,SYNTHETIC_PROTOTYPE_DATA_NOT_REAL_PERSONNEL_DATA,DEMO / SYNTHETIC DATA — NOT REAL PERSONNEL OR SENSOR DATA
8.7,39.2,5.1,4.0,10.0,5.2,6.7,20.3,0,0,6.4,5.2,-0.9,0,SYNTHETIC_PROTOTYPE_BENCHMARK,SYNTHETIC_PROTOTYPE_DATA_NOT_REAL_PERSONNEL_DATA,DEMO / SYNTHETIC DATA — NOT REAL PERSONNEL OR SENSOR DATA
20.7,41.2,7.9,4.0,11.0,4.7,8.1,16.2,0,2,7.1,4.6,-0.6,0,SYNTHETIC_PROTOTYPE_BENCHMARK,SYNTHETIC_PROTOTYPE_DATA_NOT_REAL_PERSONNEL_DATA,DEMO / SYNTHETIC DATA — NOT REAL PERSONNEL OR SENSOR DATA
10.6,62.5,2.4,7.2,11.0,4.1,7.7,12.7,0,0,5.5,3.3,2.2,0,SYNTHETIC_PROTOTYPE_BENCHMARK,SYNTHETIC_PROTOTYPE_DATA_NOT_REAL_PERSONNEL_DATA,DEMO / SYNTHETIC DATA — NOT REAL PERSONNEL OR SENSOR DATA
17.7,51.6,3.4,13.7,6.0,7.6,8.0,8.8,0,0,4.3,1.5,-4.1,1,SYNTHETIC_PROTOTYPE_BENCHMARK,SYNTHETIC_PROTOTYPE_DATA_NOT_REAL_PERSONNEL_DATA,DEMO / SYNTHETIC DATA — NOT REAL PERSONNEL OR SENSOR DATA
20.9,58.8,5.8,4.0,2.0,2.3,7.5,15.0,0,1,4.6,4.9,-1.0,0,SYNTHETIC_PROTOTYPE_BENCHMARK,SYNTHETIC_PROTOTYPE_DATA_NOT_REAL_PERSONNEL_DATA,DEMO / SYNTHETIC DATA — NOT REAL PERSONNEL OR SENSOR DATA
16.2,52.3,3.5,4.0,0.0,9.1,7.5,15.4,0,1,4.6,5.2,1.4,1,SYNTHETIC_PROTOTYPE_BENCHMARK,SYNTHETIC_PROTOTYPE_DATA_NOT_REAL_PERSONNEL_DATA,DEMO / SYNTHETIC DATA — NOT REAL PERSONNEL OR SENSOR DATA
21.4,52.3,3.9,7.5,3.0,1.2,6.7,9.8,0,1,6.2,3.9,-0.7,1,SYNTHETIC_PROTOTYPE_BENCHMARK,SYNTHETIC_PROTOTYPE_DATA_NOT_REAL_PERSONNEL_DATA,DEMO / SYNTHETIC DATA — NOT REAL PERSONNEL OR SENSOR DATA
33.4,61.4,4.7,4.0,3.0,9.2,5.7,14.2,1,1,3.1,5.1,0.3,2,SYNTHETIC_PROTOTYPE_BENCHMARK,SYNTHETIC_PROTOTYPE_DATA_NOT_REAL_PERSONNEL_DATA,DEMO / SYNTHETIC DATA — NOT REAL PERSONNEL OR SENSOR DATA
19.5,46.8,2.8,4.0,7.0,6.5,6.7,16.2,0,2,3.7,7.5,-4.5,0,SYNTHETIC_PROTOTYPE_BENCHMARK,SYNTHETIC_PROTOTYPE_DATA_NOT_REAL_PERSONNEL_DATA,DEMO / SYNTHETIC DATA — NOT REAL PERSONNEL OR SENSOR DATA
14.7,53.0,3.6,4.0,19.0,6.9,5.4,14.5,2,1,6.5,5.1,-1.9,0,SYNTHETIC_PROTOTYPE_BENCHMARK,SYNTHETIC_PROTOTYPE_DATA_NOT_REAL_PERSONNEL_DATA,DEMO / SYNTHETIC DATA — NOT REAL PERSONNEL OR SENSOR DATA
21.2,47.4,6.9,5.4,2.0,3.9,8.2,17.0,0,0,5.9,7.4,1.5,0,SYNTHETIC_PROTOTYPE_BENCHMARK,SYNTHETIC_PROTOTYPE_DATA_NOT_REAL_PERSONNEL_DATA,DEMO / SYNTHETIC DATA — NOT REAL PERSONNEL OR SENSOR DATA
18.5,47.7,2.9,4.0,1.0,6.6,6.8,12.5,0,2,6.6,8.7,-1.7,1,SYNTHETIC_PROTOTYPE_BENCHMARK,SYNTHETIC_PROTOTYPE_DATA_NOT_REAL_PERSONNEL_DATA,DEMO / SYNTHETIC DATA — NOT REAL PERSONNEL OR SENSOR DATA
26.0,48.9,2.3,6.6,1.0,0.5,8.2,15.9,0,3,6.1,9.1,-2.9,1,SYNTHETIC_PROTOTYPE_BENCHMARK,SYNTHETIC_PROTOTYPE_DATA_NOT_REAL_PERSONNEL_DATA,DEMO / SYNTHETIC DATA — NOT REAL PERSONNEL OR SENSOR DATA
16.0,54.2,4.2,6.1,0.0,11.4,5.6,16.6,1,0,10.0,3.2,2.3,0,SYNTHETIC_PROTOTYPE_BENCHMARK,SYNTHETIC_PROTOTYPE_DATA_NOT_REAL_PERSONNEL_DATA,DEMO / SYNTHETIC DATA — NOT REAL PERSONNEL OR SENSOR DATA
22.1,47.2,7.0,4.0,2.0,0.3,8.1,17.5,0,1,6.5,3.6,1.1,0,SYNTHETIC_PROTOTYPE_BENCHMARK,SYNTHETIC_PROTOTYPE_DATA_NOT_REAL_PERSONNEL_DATA,DEMO / SYNTHETIC DATA — NOT REAL PERSONNEL OR SENSOR DATA
21.4,64.6,5.1,5.0,3.0,1.0,6.1,12.1,1,1,5.4,3.7,-2.4,1,SYNTHETIC_PROTOTYPE_BENCHMARK,SYNTHETIC_PROTOTYPE_DATA_NOT_REAL_PERSONNEL_DATA,DEMO / SYNTHETIC DATA — NOT REAL PERSONNEL OR SENSOR DATA
26.1,43.1,4.6,6.4,6.0,5.2,6.2,15.3,1,0,6.4,5.8,0.3,1,SYNTHETIC_PROTOTYPE_BENCHMARK,SYNTHETIC_PROTOTYPE_DATA_NOT_REAL_PERSONNEL_DATA,DEMO / SYNTHETIC DATA — NOT REAL PERSONNEL OR SENSOR DATA
17.1,50.1,5.6,4.0,2.0,8.1,8.2,14.3,0,2,8.2,7.6,-2.3,0,SYNTHETIC_PROTOTYPE_BENCHMARK,SYNTHETIC_PROTOTYPE_DATA_NOT_REAL_PERSONNEL_DATA,DEMO / SYNTHETIC DATA — NOT REAL PERSONNEL OR SENSOR DATA
24.5,47.6,2.0,4.0,9.0,0.5,8.1,12.8,0,0,6.1,6.3,-0.3,0,SYNTHETIC_PROTOTYPE_BENCHMARK,SYNTHETIC_PROTOTYPE_DATA_NOT_REAL_PERSONNEL_DATA,DEMO / SYNTHETIC DATA — NOT REAL PERSONNEL OR SENSOR DATA
25.8,66.5,6.5,4.0,3.0,15.2,6.2,14.8,1,2,7.6,2.5,0.4,1,SYNTHETIC_PROTOTYPE_BENCHMARK,SYNTHETIC_PROTOTYPE_DATA_NOT_REAL_PERSONNEL_DATA,DEMO / SYNTHETIC DATA — NOT REAL PERSONNEL OR SENSOR DATA
23.3,54.0,6.3,4.0,6.0,21.8,6.3,13.8,2,1,7.0,4.1,-1.8,1,SYNTHETIC_PROTOTYPE_BENCHMARK,SYNTHETIC_PROTOTYPE_DATA_NOT_REAL_PERSONNEL_DATA,DEMO / SYNTHETIC DATA — NOT REAL PERSONNEL OR SENSOR DATA
26.7,62.3,4.7,4.0,1.0,5.6,6.8,17.4,0,1,5.6,4.5,1.6,1,SYNTHETIC_PROTOTYPE_BENCHMARK,SYNTHETIC_PROTOTYPE_DATA_NOT_REAL_PERSONNEL_DATA,DEMO / SYNTHETIC DATA — NOT REAL PERSONNEL OR SENSOR DATA
11.3,37.1,7.5,4.0,7.0,3.9,7.7,16.6,0,0,6.4,3.7,2.0,0,SYNTHETIC_PROTOTYPE_BENCHMARK,SYNTHETIC_PROTOTYPE_DATA_NOT_REAL_PERSONNEL_DATA,DEMO / SYNTHETIC DATA — NOT REAL PERSONNEL OR SENSOR DATA
20.8,54.7,3.2,4.0,4.0,8.1,6.0,13.3,1,0,9.4,5.0,0.6,0,SYNTHETIC_PROTOTYPE_BENCHMARK,SYNTHETIC_PROTOTYPE_DATA_NOT_REAL_PERSONNEL_DATA,DEMO / SYNTHETIC DATA — NOT REAL PERSONNEL OR SENSOR DATA
19.3,60.9,7.8,7.9,1.0,2.4,6.3,12.6,2,0,6.7,2.8,0.9,1,SYNTHETIC_PROTOTYPE_BENCHMARK,SYNTHETIC_PROTOTYPE_DATA_NOT_REAL_PERSONNEL_DATA,DEMO / SYNTHETIC DATA — NOT REAL PERSONNEL OR SENSOR DATA
15.9,52.8,5.8,4.0,1.0,4.1,8.4,14.8,0,0,4.2,2.6,-3.2,0,SYNTHETIC_PROTOTYPE_BENCHMARK,SYNTHETIC_PROTOTYPE_DATA_NOT_REAL_PERSONNEL_DATA,DEMO / SYNTHETIC DATA — NOT REAL PERSONNEL OR SENSOR DATA
17.0,62.7,4.8,4.0,9.0,14.9,8.3,15.5,0,0,5.6,3.1,3.0,0,SYNTHETIC_PROTOTYPE_BENCHMARK,SYNTHETIC_PROTOTYPE_DATA_NOT_REAL_PERSONNEL_DATA,DEMO / SYNTHETIC DATA — NOT REAL PERSONNEL OR SENSOR DATA
20.1,46.8,5.5,4.0,0.0,18.7,7.9,17.6,0,2,2.0,6.0,-0.2,1,SYNTHETIC_PROTOTYPE_BENCHMARK,SYNTHETIC_PROTOTYPE_DATA_NOT_REAL_PERSONNEL_DATA,DEMO / SYNTHETIC DATA — NOT REAL PERSONNEL OR SENSOR DATA
23.5,66.1,5.3,4.0,2.0,15.7,6.4,17.0,2,1,6.5,4.9,-2.1,1,SYNTHETIC_PROTOTYPE_BENCHMARK,SYNTHETIC_PROTOTYPE_DATA_NOT_REAL_PERSONNEL_DATA,DEMO / SYNTHETIC DATA — NOT REAL PERSONNEL OR SENSOR DATA
24.6,75.0,7.9,4.0,1.0,1.8,5.8,15.7,2,2,8.8,4.0,0.3,2,SYNTHETIC_PROTOTYPE_BENCHMARK,SYNTHETIC_PROTOTYPE_DATA_NOT_REAL_PERSONNEL_DATA,DEMO / SYNTHETIC DATA — NOT REAL PERSONNEL OR SENSOR DATA
17.4,48.4,3.3,4.0,4.0,1.6,6.5,15.1,1,1,3.5,6.8,1.6,0,SYNTHETIC_PROTOTYPE_BENCHMARK,SYNTHETIC_PROTOTYPE_DATA_NOT_REAL_PERSONNEL_DATA,DEMO / SYNTHETIC DATA — NOT REAL PERSONNEL OR SENSOR DATA
9.3,47.5,4.0,4.0,6.0,2.1,6.5,12.1,0,2,6.5,6.7,1.1,0,SYNTHETIC_PROTOTYPE_BENCHMARK,SYNTHETIC_PROTOTYPE_DATA_NOT_REAL_PERSONNEL_DATA,DEMO / SYNTHETIC DATA — NOT REAL PERSONNEL OR SENSOR DATA
30.6,66.5,7.6,5.1,2.0,3.5,5.9,17.8,1,3,8.2,4.6,-2.4,2,SYNTHETIC_PROTOTYPE_BENCHMARK,SYNTHETIC_PROTOTYPE_DATA_NOT_REAL_PERSONNEL_DATA,DEMO / SYNTHETIC DATA — NOT REAL PERSONNEL OR SENSOR DATA
24.3,67.8,4.3,5.9,2.0,2.3,8.0,14.0,0,0,8.4,4.3,1.7,1,SYNTHETIC_PROTOTYPE_BENCHMARK,SYNTHETIC_PROTOTYPE_DATA_NOT_REAL_PERSONNEL_DATA,DEMO / SYNTHETIC DATA — NOT REAL PERSONNEL OR SENSOR DATA
18.9,46.8,7.3,4.0,14.0,2.8,8.6,18.7,0,2,8.8,5.6,-0.1,0,SYNTHETIC_PROTOTYPE_BENCHMARK,SYNTHETIC_PROTOTYPE_DATA_NOT_REAL_PERSONNEL_DATA,DEMO / SYNTHETIC DATA — NOT REAL PERSONNEL OR SENSOR DATA
12.4,47.8,8.9,5.0,5.0,5.8,7.6,15.6,0,1,2.5,5.1,1.1,0,SYNTHETIC_PROTOTYPE_BENCHMARK,SYNTHETIC_PROTOTYPE_DATA_NOT_REAL_PERSONNEL_DATA,DEMO / SYNTHETIC DATA — NOT REAL PERSONNEL OR SENSOR DATA
22.9,49.2,4.7,5.3,8.0,8.6,6.1,19.1,2,2,7.2,2.0,-1.8,1,SYNTHETIC_PROTOTYPE_BENCHMARK,SYNTHETIC_PROTOTYPE_DATA_NOT_REAL_PERSONNEL_DATA,DEMO / SYNTHETIC DATA — NOT REAL PERSONNEL OR SENSOR DATA
12.4,38.6,6.9,4.0,2.0,8.0,8.0,16.8,0,1,3.2,7.6,2.3,0,SYNTHETIC_PROTOTYPE_BENCHMARK,SYNTHETIC_PROTOTYPE_DATA_NOT_REAL_PERSONNEL_DATA,DEMO / SYNTHETIC DATA — NOT REAL PERSONNEL OR SENSOR DATA
16.1,42.8,3.2,13.5,1.0,10.1,6.9,8.9,0,1,4.2,6.2,0.4,1,SYNTHETIC_PROTOTYPE_BENCHMARK,SYNTHETIC_PROTOTYPE_DATA_NOT_REAL_PERSONNEL_DATA,DEMO / SYNTHETIC DATA — NOT REAL PERSONNEL OR SENSOR DATA
20.1,42.0,7.0,6.9,2.0,0.2,5.7,13.2,1,0,7.8,3.8,2.6,1,SYNTHETIC_PROTOTYPE_BENCHMARK,SYNTHETIC_PROTOTYPE_DATA_NOT_REAL_PERSONNEL_DATA,DEMO / SYNTHETIC DATA — NOT REAL PERSONNEL OR SENSOR DATA
17.0,44.3,5.9,4.0,4.0,0.3,7.5,15.3,0,0,6.5,7.7,-3.4,0,SYNTHETIC_PROTOTYPE_BENCHMARK,SYNTHETIC_PROTOTYPE_DATA_NOT_REAL_PERSONNEL_DATA,DEMO / SYNTHETIC DATA — NOT REAL PERSONNEL OR SENSOR DATA
24.2,51.7,6.4,4.0,0.0,9.3,6.1,13.9,1,1,7.7,4.2,-3.1,1,SYNTHETIC_PROTOTYPE_BENCHMARK,SYNTHETIC_PROTOTYPE_DATA_NOT_REAL_PERSONNEL_DATA,DEMO / SYNTHETIC DATA — NOT REAL PERSONNEL OR SENSOR DATA
22.7,54.3,4.2,4.0,1.0,4.6,6.1,14.8,1,3,4.3,4.8,-0.5,1,SYNTHETIC_PROTOTYPE_BENCHMARK,SYNTHETIC_PROTOTYPE_DATA_NOT_REAL_PERSONNEL_DATA,DEMO / SYNTHETIC DATA — NOT REAL PERSONNEL OR SENSOR DATA
22.5,67.5,2.2,4.0,0.0,5.2,6.0,12.9,1,2,9.1,5.8,3.2,1,SYNTHETIC_PROTOTYPE_BENCHMARK,SYNTHETIC_PROTOTYPE_DATA_NOT_REAL_PERSONNEL_DATA,DEMO / SYNTHETIC DATA — NOT REAL PERSONNEL OR SENSOR DATA
18.4,42.0,6.5,5.5,2.0,0.3,7.0,15.0,0,0,7.6,6.0,4.3,0,SYNTHETIC_PROTOTYPE_BENCHMARK,SYNTHETIC_PROTOTYPE_DATA_NOT_REAL_PERSONNEL_DATA,DEMO / SYNTHETIC DATA — NOT REAL PERSONNEL OR SENSOR DATA
19.4,61.8,1.4,4.0,6.0,1.8,6.5,16.1,0,2,8.0,6.6,-2.0,0,SYNTHETIC_PROTOTYPE_BENCHMARK,SYNTHETIC_PROTOTYPE_DATA_NOT_REAL_PERSONNEL_DATA,DEMO / SYNTHETIC DATA — NOT REAL PERSONNEL OR SENSOR DATA
16.5,49.9,4.9,6.1,0.0,6.1,6.9,12.7,0,2,4.0,4.7,0.1,0,SYNTHETIC_PROTOTYPE_BENCHMARK,SYNTHETIC_PROTOTYPE_DATA_NOT_REAL_PERSONNEL_DATA,DEMO / SYNTHETIC DATA — NOT REAL PERSONNEL OR SENSOR DATA
21.7,51.5,7.4,5.5,4.0,11.8,5.2,18.9,1,0,8.5,7.7,0.3,1,SYNTHETIC_PROTOTYPE_BENCHMARK,SYNTHETIC_PROTOTYPE_DATA_NOT_REAL_PERSONNEL_DATA,DEMO / SYNTHETIC DATA — NOT REAL PERSONNEL OR SENSOR DATA
13.0,58.7,5.9,4.0,9.0,14.9,7.5,15.7,0,0,5.6,3.6,1.6,0,SYNTHETIC_PROTOTYPE_BENCHMARK,SYNTHETIC_PROTOTYPE_DATA_NOT_REAL_PERSONNEL_DATA,DEMO / SYNTHETIC DATA — NOT REAL PERSONNEL OR SENSOR DATA
17.2,40.8,9.4,4.6,1.0,4.2,6.6,13.7,0,0,5.0,7.7,1.9,0,SYNTHETIC_PROTOTYPE_BENCHMARK,SYNTHETIC_PROTOTYPE_DATA_NOT_REAL_PERSONNEL_DATA,DEMO / SYNTHETIC DATA — NOT REAL PERSONNEL OR SENSOR DATA
17.5,55.8,7.6,4.0,4.0,4.7,6.0,12.3,2,2,7.5,1.5,-2.5,1,SYNTHETIC_PROTOTYPE_BENCHMARK,SYNTHETIC_PROTOTYPE_DATA_NOT_REAL_PERSONNEL_DATA,DEMO / SYNTHETIC DATA — NOT REAL PERSONNEL OR SENSOR DATA
17.9,53.7,4.2,4.0,13.0,10.7,6.4,15.7,2,2,7.4,3.4,0.1,1,SYNTHETIC_PROTOTYPE_BENCHMARK,SYNTHETIC_PROTOTYPE_DATA_NOT_REAL_PERSONNEL_DATA,DEMO / SYNTHETIC DATA — NOT REAL PERSONNEL OR SENSOR DATA
16.0,56.9,5.6,4.1,11.0,4.6,6.6,15.1,0,0,4.5,5.3,-4.4,0,SYNTHETIC_PROTOTYPE_BENCHMARK,SYNTHETIC_PROTOTYPE_DATA_NOT_REAL_PERSONNEL_DATA,DEMO / SYNTHETIC DATA — NOT REAL PERSONNEL OR SENSOR DATA
12.1,54.9,5.4,4.0,1.0,4.4,7.9,17.2,0,0,10.0,4.3,1.8,0,SYNTHETIC_PROTOTYPE_BENCHMARK,SYNTHETIC_PROTOTYPE_DATA_NOT_REAL_PERSONNEL_DATA,DEMO / SYNTHETIC DATA — NOT REAL PERSONNEL OR SENSOR DATA
28.2,76.6,2.3,4.0,0.0,14.1,5.8,15.3,1,2,9.8,3.6,-0.7,2,SYNTHETIC_PROTOTYPE_BENCHMARK,SYNTHETIC_PROTOTYPE_DATA_NOT_REAL_PERSONNEL_DATA,DEMO / SYNTHETIC DATA — NOT REAL PERSONNEL OR SENSOR DATA
22.7,45.6,3.6,7.6,1.0,9.4,7.4,11.8,0,3,7.4,5.5,-2.7,1,SYNTHETIC_PROTOTYPE_BENCHMARK,SYNTHETIC_PROTOTYPE_DATA_NOT_REAL_PERSONNEL_DATA,DEMO / SYNTHETIC DATA — NOT REAL PERSONNEL OR SENSOR DATA
23.5,46.7,4.4,4.6,4.0,14.4,7.0,18.7,0,2,7.1,3.6,0.7,1,SYNTHETIC_PROTOTYPE_BENCHMARK,SYNTHETIC_PROTOTYPE_DATA_NOT_REAL_PERSONNEL_DATA,DEMO / SYNTHETIC DATA — NOT REAL PERSONNEL OR SENSOR DATA
13.5,45.8,1.4,4.0,5.0,1.5,7.4,16.5,0,1,6.9,3.8,-0.8,0,SYNTHETIC_PROTOTYPE_BENCHMARK,SYNTHETIC_PROTOTYPE_DATA_NOT_REAL_PERSONNEL_DATA,DEMO / SYNTHETIC DATA — NOT REAL PERSONNEL OR SENSOR DATA
13.6,46.4,5.6,4.7,4.0,4.5,7.4,14.8,0,0,3.1,5.8,2.8,0,SYNTHETIC_PROTOTYPE_BENCHMARK,SYNTHETIC_PROTOTYPE_DATA_NOT_REAL_PERSONNEL_DATA,DEMO / SYNTHETIC DATA — NOT REAL PERSONNEL OR SENSOR DATA
22.0,45.6,5.0,6.3,1.0,11.1,5.4,15.0,1,1,6.4,4.5,-2.0,1,SYNTHETIC_PROTOTYPE_BENCHMARK,SYNTHETIC_PROTOTYPE_DATA_NOT_REAL_PERSONNEL_DATA,DEMO / SYNTHETIC DATA — NOT REAL PERSONNEL OR SENSOR DATA
18.1,63.9,2.2,4.0,1.0,0.7,6.3,16.5,2,0,6.4,6.5,4.9,1,SYNTHETIC_PROTOTYPE_BENCHMARK,SYNTHETIC_PROTOTYPE_DATA_NOT_REAL_PERSONNEL_DATA,DEMO / SYNTHETIC DATA — NOT REAL PERSONNEL OR SENSOR DATA
23.3,66.2,6.3,4.0,3.0,9.5,7.1,12.7,0,2,5.0,4.0,1.9,1,SYNTHETIC_PROTOTYPE_BENCHMARK,SYNTHETIC_PROTOTYPE_DATA_NOT_REAL_PERSONNEL_DATA,DEMO / SYNTHETIC DATA — NOT REAL PERSONNEL OR SENSOR DATA
4.3,46.3,6.9,10.8,2.0,1.2,10.0,13.2,0,1,5.6,6.5,2.8,0,SYNTHETIC_PROTOTYPE_BENCHMARK,SYNTHETIC_PROTOTYPE_DATA_NOT_REAL_PERSONNEL_DATA,DEMO / SYNTHETIC DATA — NOT REAL PERSONNEL OR SENSOR DATA
22.7,43.7,6.0,4.0,5.0,9.9,6.1,14.7,2,2,1.4,6.2,-2.3,1,SYNTHETIC_PROTOTYPE_BENCHMARK,SYNTHETIC_PROTOTYPE_DATA_NOT_REAL_PERSONNEL_DATA,DEMO / SYNTHETIC DATA — NOT REAL PERSONNEL OR SENSOR DATA
21.2,56.7,4.9,4.0,2.0,5.7,7.0,16.6,0,1,4.0,3.9,3.9,0,SYNTHETIC_PROTOTYPE_BENCHMARK,SYNTHETIC_PROTOTYPE_DATA_NOT_REAL_PERSONNEL_DATA,DEMO / SYNTHETIC DATA — NOT REAL PERSONNEL OR SENSOR DATA
19.9,46.5,6.7,4.0,1.0,1.3,6.7,14.1,0,2,8.0,2.4,-2.7,1,SYNTHETIC_PROTOTYPE_BENCHMARK,SYNTHETIC_PROTOTYPE_DATA_NOT_REAL_PERSONNEL_DATA,DEMO / SYNTHETIC DATA — NOT REAL PERSONNEL OR SENSOR DATA
20.3,58.3,6.9,5.9,1.0,3.8,8.3,13.6,0,0,9.7,6.5,-0.5,0,SYNTHETIC_PROTOTYPE_BENCHMARK,SYNTHETIC_PROTOTYPE_DATA_NOT_REAL_PERSONNEL_DATA,DEMO / SYNTHETIC DATA — NOT REAL PERSONNEL OR SENSOR DATA
23.0,54.0,6.1,4.0,1.0,6.9,5.6,18.9,2,1,4.3,3.5,2.9,1,SYNTHETIC_PROTOTYPE_BENCHMARK,SYNTHETIC_PROTOTYPE_DATA_NOT_REAL_PERSONNEL_DATA,DEMO / SYNTHETIC DATA — NOT REAL PERSONNEL OR SENSOR DATA
10.6,36.8,3.9,4.0,1.0,6.0,7.9,18.1,0,1,6.6,5.3,1.1,0,SYNTHETIC_PROTOTYPE_BENCHMARK,SYNTHETIC_PROTOTYPE_DATA_NOT_REAL_PERSONNEL_DATA,DEMO / SYNTHETIC DATA — NOT REAL PERSONNEL OR SENSOR DATA
21.1,67.5,6.1,4.0,0.0,3.3,5.2,9.0,1,0,8.4,4.0,-2.7,1,SYNTHETIC_PROTOTYPE_BENCHMARK,SYNTHETIC_PROTOTYPE_DATA_NOT_REAL_PERSONNEL_DATA,DEMO / SYNTHETIC DATA — NOT REAL PERSONNEL OR SENSOR DATA
23.7,70.0,7.9,19.2,1.0,13.8,5.6,11.9,2,3,5.2,4.0,2.5,2,SYNTHETIC_PROTOTYPE_BENCHMARK,SYNTHETIC_PROTOTYPE_DATA_NOT_REAL_PERSONNEL_DATA,DEMO / SYNTHETIC DATA — NOT REAL PERSONNEL OR SENSOR DATA
22.2,45.9,4.3,4.0,0.0,4.4,7.1,15.5,0,1,7.6,6.9,0.7,1,SYNTHETIC_PROTOTYPE_BENCHMARK,SYNTHETIC_PROTOTYPE_DATA_NOT_REAL_PERSONNEL_DATA,DEMO / SYNTHETIC DATA — NOT REAL PERSONNEL OR SENSOR DATA
22.9,48.1,9.7,4.0,1.0,4.2,7.9,14.2,0,1,6.1,5.3,-0.9,1,SYNTHETIC_PROTOTYPE_BENCHMARK,SYNTHETIC_PROTOTYPE_DATA_NOT_REAL_PERSONNEL_DATA,DEMO / SYNTHETIC DATA — NOT REAL PERSONNEL OR SENSOR DATA
17.6,54.9,4.4,10.4,5.0,0.4,6.0,11.0,1,2,8.6,4.8,-3.4,1,SYNTHETIC_PROTOTYPE_BENCHMARK,SYNTHETIC_PROTOTYPE_DATA_NOT_REAL_PERSONNEL_DATA,DEMO / SYNTHETIC DATA — NOT REAL PERSONNEL OR SENSOR DATA
23.0,55.3,5.6,4.0,1.0,15.3,7.0,13.7,0,2,3.6,6.5,1.0,0,SYNTHETIC_PROTOTYPE_BENCHMARK,SYNTHETIC_PROTOTYPE_DATA_NOT_REAL_PERSONNEL_DATA,DEMO / SYNTHETIC DATA — NOT REAL PERSONNEL OR SENSOR DATA
20.1,58.6,4.2,14.1,4.0,1.2,6.7,10.2,0,1,4.0,5.6,-0.4,1,SYNTHETIC_PROTOTYPE_BENCHMARK,SYNTHETIC_PROTOTYPE_DATA_NOT_REAL_PERSONNEL_DATA,DEMO / SYNTHETIC DATA — NOT REAL PERSONNEL OR SENSOR DATA
23.4,72.1,5.9,11.8,4.0,4.5,6.3,10.2,2,3,6.8,2.9,0.3,2,SYNTHETIC_PROTOTYPE_BENCHMARK,SYNTHETIC_PROTOTYPE_DATA_NOT_REAL_PERSONNEL_DATA,DEMO / SYNTHETIC DATA — NOT REAL PERSONNEL OR SENSOR DATA
14.1,50.2,2.0,8.6,3.0,9.8,7.6,11.0,0,0,6.4,3.5,-3.5,0,SYNTHETIC_PROTOTYPE_BENCHMARK,SYNTHETIC_PROTOTYPE_DATA_NOT_REAL_PERSONNEL_DATA,DEMO / SYNTHETIC DATA — NOT REAL PERSONNEL OR SENSOR DATA
18.9,44.0,4.4,4.0,11.0,1.5,6.3,13.5,1,0,6.1,4.3,-0.9,0,SYNTHETIC_PROTOTYPE_BENCHMARK,SYNTHETIC_PROTOTYPE_DATA_NOT_REAL_PERSONNEL_DATA,DEMO / SYNTHETIC DATA — NOT REAL PERSONNEL OR SENSOR DATA
16.9,38.2,3.3,4.0,0.0,4.5,8.1,16.2,0,1,7.4,5.8,1.1,0,SYNTHETIC_PROTOTYPE_BENCHMARK,SYNTHETIC_PROTOTYPE_DATA_NOT_REAL_PERSONNEL_DATA,DEMO / SYNTHETIC DATA — NOT REAL PERSONNEL OR SENSOR DATA
26.7,44.7,5.8,5.7,5.0,1.7,6.8,15.0,0,1,4.3,3.6,4.1,1,SYNTHETIC_PROTOTYPE_BENCHMARK,SYNTHETIC_PROTOTYPE_DATA_NOT_REAL_PERSONNEL_DATA,DEMO / SYNTHETIC DATA — NOT REAL PERSONNEL OR SENSOR DATA
19.0,51.7,7.5,17.1,11.0,8.6,7.7,11.5,0,1,3.5,5.3,-0.5,1,SYNTHETIC_PROTOTYPE_BENCHMARK,SYNTHETIC_PROTOTYPE_DATA_NOT_REAL_PERSONNEL_DATA,DEMO / SYNTHETIC DATA — NOT REAL PERSONNEL OR SENSOR DATA
20.4,69.9,6.8,4.0,7.0,5.0,6.4,15.5,2,0,5.2,3.9,3.2,1,SYNTHETIC_PROTOTYPE_BENCHMARK,SYNTHETIC_PROTOTYPE_DATA_NOT_REAL_PERSONNEL_DATA,DEMO / SYNTHETIC DATA — NOT REAL PERSONNEL OR SENSOR DATA
17.2,46.8,1.0,5.8,1.0,11.6,6.7,12.3,0,1,5.4,1.6,1.7,0,SYNTHETIC_PROTOTYPE_BENCHMARK,SYNTHETIC_PROTOTYPE_DATA_NOT_REAL_PERSONNEL_DATA,DEMO / SYNTHETIC DATA — NOT REAL PERSONNEL OR SENSOR DATA
23.1,54.2,9.6,4.0,1.0,13.5,6.1,16.6,1,2,5.6,2.9,0.5,1,SYNTHETIC_PROTOTYPE_BENCHMARK,SYNTHETIC_PROTOTYPE_DATA_NOT_REAL_PERSONNEL_DATA,DEMO / SYNTHETIC DATA — NOT REAL PERSONNEL OR SENSOR DATA
15.6,51.8,6.1,4.0,1.0,6.3,7.5,13.6,0,1,8.7,1.0,-2.2,0,SYNTHETIC_PROTOTYPE_BENCHMARK,SYNTHETIC_PROTOTYPE_DATA_NOT_REAL_PERSONNEL_DATA,DEMO / SYNTHETIC DATA — NOT REAL PERSONNEL OR SENSOR DATA
18.6,63.9,3.9,4.0,3.0,7.8,7.3,16.9,0,3,7.7,3.9,-2.1,1,SYNTHETIC_PROTOTYPE_BENCHMARK,SYNTHETIC_PROTOTYPE_DATA_NOT_REAL_PERSONNEL_DATA,DEMO / SYNTHETIC DATA — NOT REAL PERSONNEL OR SENSOR DATA
12.8,77.3,5.8,6.3,4.0,4.8,5.4,12.3,2,2,7.3,5.3,1.4,1,SYNTHETIC_PROTOTYPE_BENCHMARK,SYNTHETIC_PROTOTYPE_DATA_NOT_REAL_PERSONNEL_DATA,DEMO / SYNTHETIC DATA — NOT REAL PERSONNEL OR SENSOR DATA
19.8,46.7,5.9,4.0,1.0,2.9,6.2,14.2,2,0,6.6,2.6,-1.2,0,SYNTHETIC_PROTOTYPE_BENCHMARK,SYNTHETIC_PROTOTYPE_DATA_NOT_REAL_PERSONNEL_DATA,DEMO / SYNTHETIC DATA — NOT REAL PERSONNEL OR SENSOR DATA
7.7,47.1,4.2,4.0,3.0,6.3,7.6,14.9,0,0,5.3,3.4,-1.4,0,SYNTHETIC_PROTOTYPE_BENCHMARK,SYNTHETIC_PROTOTYPE_DATA_NOT_REAL_PERSONNEL_DATA,DEMO / SYNTHETIC DATA — NOT REAL PERSONNEL OR SENSOR DATA
17.6,62.4,5.9,21.3,4.0,14.3,5.0,10.0,1,0,4.5,4.3,-0.4,2,SYNTHETIC_PROTOTYPE_BENCHMARK,SYNTHETIC_PROTOTYPE_DATA_NOT_REAL_PERSONNEL_DATA,DEMO / SYNTHETIC DATA — NOT REAL PERSONNEL OR SENSOR DATA
23.2,58.8,4.3,4.0,2.0,3.2,5.6,16.0,2,2,3.8,3.1,-0.4,1,SYNTHETIC_PROTOTYPE_BENCHMARK,SYNTHETIC_PROTOTYPE_DATA_NOT_REAL_PERSONNEL_DATA,DEMO / SYNTHETIC DATA — NOT REAL PERSONNEL OR SENSOR DATA
20.2,70.5,4.7,4.0,7.0,2.3,5.4,15.6,2,0,4.8,2.5,2.0,1,SYNTHETIC_PROTOTYPE_BENCHMARK,SYNTHETIC_PROTOTYPE_DATA_NOT_REAL_PERSONNEL_DATA,DEMO / SYNTHETIC DATA — NOT REAL PERSONNEL OR SENSOR DATA
26.2,57.8,4.1,4.0,5.0,3.0,6.4,19.4,2,0,6.1,5.6,-1.1,1,SYNTHETIC_PROTOTYPE_BENCHMARK,SYNTHETIC_PROTOTYPE_DATA_NOT_REAL_PERSONNEL_DATA,DEMO / SYNTHETIC DATA — NOT REAL PERSONNEL OR SENSOR DATA
14.3,48.4,2.6,4.0,0.0,3.4,6.0,11.9,2,3,3.9,4.6,1.8,1,SYNTHETIC_PROTOTYPE_BENCHMARK,SYNTHETIC_PROTOTYPE_DATA_NOT_REAL_PERSONNEL_DATA,DEMO / SYNTHETIC DATA — NOT REAL PERSONNEL OR SENSOR DATA
30.6,57.9,5.8,4.8,3.0,0.5,5.2,13.2,1,1,6.5,2.6,1.0,1,SYNTHETIC_PROTOTYPE_BENCHMARK,SYNTHETIC_PROTOTYPE_DATA_NOT_REAL_PERSONNEL_DATA,DEMO / SYNTHETIC DATA — NOT REAL PERSONNEL OR SENSOR DATA
26.6,63.1,6.7,11.1,1.0,4.1,5.5,10.6,2,0,5.8,1.4,-3.7,2,SYNTHETIC_PROTOTYPE_BENCHMARK,SYNTHETIC_PROTOTYPE_DATA_NOT_REAL_PERSONNEL_DATA,DEMO / SYNTHETIC DATA — NOT REAL PERSONNEL OR SENSOR DATA
22.3,60.2,6.5,4.0,3.0,4.1,7.1,12.1,0,0,5.4,8.0,0.6,1,SYNTHETIC_PROTOTYPE_BENCHMARK,SYNTHETIC_PROTOTYPE_DATA_NOT_REAL_PERSONNEL_DATA,DEMO / SYNTHETIC DATA — NOT REAL PERSONNEL OR SENSOR DATA
29.1,57.1,7.1,5.9,11.0,5.3,5.6,13.4,2,2,8.5,6.5,-5.0,1,SYNTHETIC_PROTOTYPE_BENCHMARK,SYNTHETIC_PROTOTYPE_DATA_NOT_REAL_PERSONNEL_DATA,DEMO / SYNTHETIC DATA — NOT REAL PERSONNEL OR SENSOR DATA
26.3,62.7,6.1,4.0,7.0,2.7,6.2,17.0,1,3,1.3,3.8,-2.0,1,SYNTHETIC_PROTOTYPE_BENCHMARK,SYNTHETIC_PROTOTYPE_DATA_NOT_REAL_PERSONNEL_DATA,DEMO / SYNTHETIC DATA — NOT REAL PERSONNEL OR SENSOR DATA
10.2,63.7,4.4,4.0,2.0,5.7,7.9,14.4,0,0,5.4,4.6,1.0,0,SYNTHETIC_PROTOTYPE_BENCHMARK,SYNTHETIC_PROTOTYPE_DATA_NOT_REAL_PERSONNEL_DATA,DEMO / SYNTHETIC DATA — NOT REAL PERSONNEL OR SENSOR DATA
25.0,65.8,7.2,4.0,1.0,12.6,6.0,14.9,1,1,1.5,3.6,-0.0,2,SYNTHETIC_PROTOTYPE_BENCHMARK,SYNTHETIC_PROTOTYPE_DATA_NOT_REAL_PERSONNEL_DATA,DEMO / SYNTHETIC DATA — NOT REAL PERSONNEL OR SENSOR DATA
14.1,58.5,2.8,4.0,1.0,18.7,6.5,12.2,2,2,6.7,5.5,-3.9,0,SYNTHETIC_PROTOTYPE_BENCHMARK,SYNTHETIC_PROTOTYPE_DATA_NOT_REAL_PERSONNEL_DATA,DEMO / SYNTHETIC DATA — NOT REAL PERSONNEL OR SENSOR DATA
17.4,50.3,3.7,4.0,3.0,5.3,6.2,14.0,2,2,7.7,3.9,-2.5,1,SYNTHETIC_PROTOTYPE_BENCHMARK,SYNTHETIC_PROTOTYPE_DATA_NOT_REAL_PERSONNEL_DATA,DEMO / SYNTHETIC DATA — NOT REAL PERSONNEL OR SENSOR DATA
16.6,53.5,3.6,4.0,0.0,0.3,8.7,14.7,0,2,3.5,4.2,-5.0,0,SYNTHETIC_PROTOTYPE_BENCHMARK,SYNTHETIC_PROTOTYPE_DATA_NOT_REAL_PERSONNEL_DATA,DEMO / SYNTHETIC DATA — NOT REAL PERSONNEL OR SENSOR DATA
19.9,64.1,7.7,4.0,3.0,20.9,5.5,16.9,2,1,3.8,5.1,-3.0,1,SYNTHETIC_PROTOTYPE_BENCHMARK,SYNTHETIC_PROTOTYPE_DATA_NOT_REAL_PERSONNEL_DATA,DEMO / SYNTHETIC DATA — NOT REAL PERSONNEL OR SENSOR DATA
25.0,43.8,7.4,4.0,0.0,7.3,6.9,12.3,0,3,2.8,7.7,1.3,2,SYNTHETIC_PROTOTYPE_BENCHMARK,SYNTHETIC_PROTOTYPE_DATA_NOT_REAL_PERSONNEL_DATA,DEMO / SYNTHETIC DATA — NOT REAL PERSONNEL OR SENSOR DATA
16.0,55.7,6.5,4.0,1.0,2.5,7.9,14.7,0,0,6.3,6.0,-1.2,0,SYNTHETIC_PROTOTYPE_BENCHMARK,SYNTHETIC_PROTOTYPE_DATA_NOT_REAL_PERSONNEL_DATA,DEMO / SYNTHETIC DATA — NOT REAL PERSONNEL OR SENSOR DATA
18.9,48.1,7.6,4.0,1.0,1.0,7.0,17.8,0,0,5.5,7.2,0.4,0,SYNTHETIC_PROTOTYPE_BENCHMARK,SYNTHETIC_PROTOTYPE_DATA_NOT_REAL_PERSONNEL_DATA,DEMO / SYNTHETIC DATA — NOT REAL PERSONNEL OR SENSOR DATA
18.8,52.3,3.7,10.4,12.0,0.9,7.0,12.1,0,2,5.6,4.6,0.0,1,SYNTHETIC_PROTOTYPE_BENCHMARK,SYNTHETIC_PROTOTYPE_DATA_NOT_REAL_PERSONNEL_DATA,DEMO / SYNTHETIC DATA — NOT REAL PERSONNEL OR SENSOR DATA
22.4,64.8,6.2,4.1,5.0,1.1,6.3,11.3,1,1,5.5,3.5,0.1,1,SYNTHETIC_PROTOTYPE_BENCHMARK,SYNTHETIC_PROTOTYPE_DATA_NOT_REAL_PERSONNEL_DATA,DEMO / SYNTHETIC DATA — NOT REAL PERSONNEL OR SENSOR DATA
16.8,53.9,5.2,4.0,2.0,0.3,6.7,18.2,0,2,4.3,2.1,2.3,0,SYNTHETIC_PROTOTYPE_BENCHMARK,SYNTHETIC_PROTOTYPE_DATA_NOT_REAL_PERSONNEL_DATA,DEMO / SYNTHETIC DATA — NOT REAL PERSONNEL OR SENSOR DATA
13.2,52.5,7.2,10.7,0.0,13.9,6.9,14.4,0,0,8.5,5.2,-0.4,1,SYNTHETIC_PROTOTYPE_BENCHMARK,SYNTHETIC_PROTOTYPE_DATA_NOT_REAL_PERSONNEL_DATA,DEMO / SYNTHETIC DATA — NOT REAL PERSONNEL OR SENSOR DATA
15.6,38.4,5.3,6.1,3.0,4.7,7.9,16.5,0,2,6.7,6.4,2.0,0,SYNTHETIC_PROTOTYPE_BENCHMARK,SYNTHETIC_PROTOTYPE_DATA_NOT_REAL_PERSONNEL_DATA,DEMO / SYNTHETIC DATA — NOT REAL PERSONNEL OR SENSOR DATA
14.9,59.5,4.7,4.0,1.0,7.2,6.0,12.1,2,0,3.8,4.2,-5.0,1,SYNTHETIC_PROTOTYPE_BENCHMARK,SYNTHETIC_PROTOTYPE_DATA_NOT_REAL_PERSONNEL_DATA,DEMO / SYNTHETIC DATA — NOT REAL PERSONNEL OR SENSOR DATA
27.0,58.5,6.6,4.0,3.0,10.6,5.8,18.6,2,1,4.8,3.6,2.4,1,SYNTHETIC_PROTOTYPE_BENCHMARK,SYNTHETIC_PROTOTYPE_DATA_NOT_REAL_PERSONNEL_DATA,DEMO / SYNTHETIC DATA — NOT REAL PERSONNEL OR SENSOR DATA
18.0,73.6,7.3,4.5,6.0,9.4,5.4,13.9,1,0,4.5,5.8,-2.8,1,SYNTHETIC_PROTOTYPE_BENCHMARK,SYNTHETIC_PROTOTYPE_DATA_NOT_REAL_PERSONNEL_DATA,DEMO / SYNTHETIC DATA — NOT REAL PERSONNEL OR SENSOR DATA
27.9,48.9,4.2,4.0,3.0,12.9,5.6,14.6,2,1,9.0,6.2,-2.4,1,SYNTHETIC_PROTOTYPE_BENCHMARK,SYNTHETIC_PROTOTYPE_DATA_NOT_REAL_PERSONNEL_DATA,DEMO / SYNTHETIC DATA — NOT REAL PERSONNEL OR SENSOR DATA
23.7,54.2,5.4,6.2,4.0,20.5,5.0,13.3,2,2,7.6,7.0,-1.6,1,SYNTHETIC_PROTOTYPE_BENCHMARK,SYNTHETIC_PROTOTYPE_DATA_NOT_REAL_PERSONNEL_DATA,DEMO / SYNTHETIC DATA — NOT REAL PERSONNEL OR SENSOR DATA
17.7,54.5,3.4,5.4,3.0,3.5,7.1,16.9,0,1,5.9,3.5,2.4,0,SYNTHETIC_PROTOTYPE_BENCHMARK,SYNTHETIC_PROTOTYPE_DATA_NOT_REAL_PERSONNEL_DATA,DEMO / SYNTHETIC DATA — NOT REAL PERSONNEL OR SENSOR DATA
15.1,67.8,1.0,4.0,9.0,18.0,6.6,15.2,0,0,9.6,3.2,-2.0,0,SYNTHETIC_PROTOTYPE_BENCHMARK,SYNTHETIC_PROTOTYPE_DATA_NOT_REAL_PERSONNEL_DATA,DEMO / SYNTHETIC DATA — NOT REAL PERSONNEL OR SENSOR DATA
20.3,51.0,5.9,17.2,9.0,7.7,7.5,11.3,0,1,9.1,7.0,-1.4,1,SYNTHETIC_PROTOTYPE_BENCHMARK,SYNTHETIC_PROTOTYPE_DATA_NOT_REAL_PERSONNEL_DATA,DEMO / SYNTHETIC DATA — NOT REAL PERSONNEL OR SENSOR DATA
22.7,54.8,6.7,4.0,3.0,0.4,5.0,15.8,3,2,5.7,4.9,-2.1,1,SYNTHETIC_PROTOTYPE_BENCHMARK,SYNTHETIC_PROTOTYPE_DATA_NOT_REAL_PERSONNEL_DATA,DEMO / SYNTHETIC DATA — NOT REAL PERSONNEL OR SENSOR DATA
20.0,58.1,6.0,4.0,1.0,6.9,6.4,15.4,2,0,5.4,3.9,0.6,1,SYNTHETIC_PROTOTYPE_BENCHMARK,SYNTHETIC_PROTOTYPE_DATA_NOT_REAL_PERSONNEL_DATA,DEMO / SYNTHETIC DATA — NOT REAL PERSONNEL OR SENSOR DATA
19.4,53.9,1.6,7.0,2.0,7.0,5.9,12.5,1,0,5.5,4.3,1.6,0,SYNTHETIC_PROTOTYPE_BENCHMARK,SYNTHETIC_PROTOTYPE_DATA_NOT_REAL_PERSONNEL_DATA,DEMO / SYNTHETIC DATA — NOT REAL PERSONNEL OR SENSOR DATA
18.2,47.5,4.8,4.0,1.0,14.2,6.9,19.2,0,0,4.3,5.3,3.7,0,SYNTHETIC_PROTOTYPE_BENCHMARK,SYNTHETIC_PROTOTYPE_DATA_NOT_REAL_PERSONNEL_DATA,DEMO / SYNTHETIC DATA — NOT REAL PERSONNEL OR SENSOR DATA
24.7,53.9,1.1,6.0,4.0,2.8,6.5,11.9,0,3,9.7,6.5,5.0,1,SYNTHETIC_PROTOTYPE_BENCHMARK,SYNTHETIC_PROTOTYPE_DATA_NOT_REAL_PERSONNEL_DATA,DEMO / SYNTHETIC DATA — NOT REAL PERSONNEL OR SENSOR DATA
24.1,62.7,8.2,12.6,2.0,5.3,6.9,13.0,0,1,4.2,4.3,1.4,1,SYNTHETIC_PROTOTYPE_BENCHMARK,SYNTHETIC_PROTOTYPE_DATA_NOT_REAL_PERSONNEL_DATA,DEMO / SYNTHETIC DATA — NOT REAL PERSONNEL OR SENSOR DATA
9.2,41.7,3.3,4.8,0.0,0.1,7.4,16.0,0,0,7.9,6.9,0.8,0,SYNTHETIC_PROTOTYPE_BENCHMARK,SYNTHETIC_PROTOTYPE_DATA_NOT_REAL_PERSONNEL_DATA,DEMO / SYNTHETIC DATA — NOT REAL PERSONNEL OR SENSOR DATA
15.2,53.3,8.0,4.0,1.0,2.4,5.4,17.9,2,2,7.6,5.7,-2.7,1,SYNTHETIC_PROTOTYPE_BENCHMARK,SYNTHETIC_PROTOTYPE_DATA_NOT_REAL_PERSONNEL_DATA,DEMO / SYNTHETIC DATA — NOT REAL PERSONNEL OR SENSOR DATA
19.6,45.0,7.4,4.0,2.0,0.4,6.5,18.4,0,1,5.6,4.2,4.2,0,SYNTHETIC_PROTOTYPE_BENCHMARK,SYNTHETIC_PROTOTYPE_DATA_NOT_REAL_PERSONNEL_DATA,DEMO / SYNTHETIC DATA — NOT REAL PERSONNEL OR SENSOR DATA
19.3,64.0,3.7,4.0,8.0,4.4,6.4,15.3,2,0,9.8,3.1,0.5,0,SYNTHETIC_PROTOTYPE_BENCHMARK,SYNTHETIC_PROTOTYPE_DATA_NOT_REAL_PERSONNEL_DATA,DEMO / SYNTHETIC DATA — NOT REAL PERSONNEL OR SENSOR DATA
24.6,36.8,3.2,4.0,3.0,10.2,7.4,16.7,0,3,3.1,5.3,-0.6,1,SYNTHETIC_PROTOTYPE_BENCHMARK,SYNTHETIC_PROTOTYPE_DATA_NOT_REAL_PERSONNEL_DATA,DEMO / SYNTHETIC DATA — NOT REAL PERSONNEL OR SENSOR DATA
18.3,46.4,6.2,4.0,4.0,1.4,6.1,19.1,1,1,6.0,3.4,0.9,1,SYNTHETIC_PROTOTYPE_BENCHMARK,SYNTHETIC_PROTOTYPE_DATA_NOT_REAL_PERSONNEL_DATA,DEMO / SYNTHETIC DATA — NOT REAL PERSONNEL OR SENSOR DATA
21.2,55.8,3.8,5.6,1.0,4.5,5.5,14.8,2,1,5.2,4.1,-1.4,1,SYNTHETIC_PROTOTYPE_BENCHMARK,SYNTHETIC_PROTOTYPE_DATA_NOT_REAL_PERSONNEL_DATA,DEMO / SYNTHETIC DATA — NOT REAL PERSONNEL OR SENSOR DATA
25.0,67.7,5.7,4.5,3.0,1.4,6.4,13.3,2,1,8.1,6.5,-5.0,1,SYNTHETIC_PROTOTYPE_BENCHMARK,SYNTHETIC_PROTOTYPE_DATA_NOT_REAL_PERSONNEL_DATA,DEMO / SYNTHETIC DATA — NOT REAL PERSONNEL OR SENSOR DATA
24.1,51.3,4.5,4.0,2.0,0.8,5.9,14.8,2,3,6.9,5.1,1.3,2,SYNTHETIC_PROTOTYPE_BENCHMARK,SYNTHETIC_PROTOTYPE_DATA_NOT_REAL_PERSONNEL_DATA,DEMO / SYNTHETIC DATA — NOT REAL PERSONNEL OR SENSOR DATA
18.4,46.4,1.9,4.0,4.0,4.3,5.8,13.0,1,0,2.7,4.3,3.0,0,SYNTHETIC_PROTOTYPE_BENCHMARK,SYNTHETIC_PROTOTYPE_DATA_NOT_REAL_PERSONNEL_DATA,DEMO / SYNTHETIC DATA — NOT REAL PERSONNEL OR SENSOR DATA
15.4,70.8,1.0,6.3,0.0,0.5,5.9,15.4,2,0,8.7,6.9,1.2,1,SYNTHETIC_PROTOTYPE_BENCHMARK,SYNTHETIC_PROTOTYPE_DATA_NOT_REAL_PERSONNEL_DATA,DEMO / SYNTHETIC DATA — NOT REAL PERSONNEL OR SENSOR DATA
10.4,37.5,6.0,4.0,2.0,5.3,7.0,17.7,0,0,7.2,4.5,-0.0,0,SYNTHETIC_PROTOTYPE_BENCHMARK,SYNTHETIC_PROTOTYPE_DATA_NOT_REAL_PERSONNEL_DATA,DEMO / SYNTHETIC DATA — NOT REAL PERSONNEL OR SENSOR DATA
13.9,30.0,4.4,4.0,1.0,0.2,7.2,15.4,0,2,4.1,4.9,0.0,0,SYNTHETIC_PROTOTYPE_BENCHMARK,SYNTHETIC_PROTOTYPE_DATA_NOT_REAL_PERSONNEL_DATA,DEMO / SYNTHETIC DATA — NOT REAL PERSONNEL OR SENSOR DATA
10.6,56.4,4.4,5.9,1.0,0.7,6.3,11.6,2,1,5.5,6.7,0.4,0,SYNTHETIC_PROTOTYPE_BENCHMARK,SYNTHETIC_PROTOTYPE_DATA_NOT_REAL_PERSONNEL_DATA,DEMO / SYNTHETIC DATA — NOT REAL PERSONNEL OR SENSOR DATA
17.9,47.0,6.9,4.3,11.0,4.8,7.1,17.5,0,1,3.6,6.4,0.3,0,SYNTHETIC_PROTOTYPE_BENCHMARK,SYNTHETIC_PROTOTYPE_DATA_NOT_REAL_PERSONNEL_DATA,DEMO / SYNTHETIC DATA — NOT REAL PERSONNEL OR SENSOR DATA
14.0,41.8,7.8,4.0,1.0,5.4,6.7,12.0,0,0,5.9,5.5,-0.1,0,SYNTHETIC_PROTOTYPE_BENCHMARK,SYNTHETIC_PROTOTYPE_DATA_NOT_REAL_PERSONNEL_DATA,DEMO / SYNTHETIC DATA — NOT REAL PERSONNEL OR SENSOR DATA
20.8,59.1,5.0,9.0,1.0,0.2,6.8,10.5,0,1,6.5,6.0,0.1,1,SYNTHETIC_PROTOTYPE_BENCHMARK,SYNTHETIC_PROTOTYPE_DATA_NOT_REAL_PERSONNEL_DATA,DEMO / SYNTHETIC DATA — NOT REAL PERSONNEL OR SENSOR DATA
19.5,54.4,4.8,4.0,2.0,5.1,6.5,15.2,1,2,5.5,5.4,3.4,1,SYNTHETIC_PROTOTYPE_BENCHMARK,SYNTHETIC_PROTOTYPE_DATA_NOT_REAL_PERSONNEL_DATA,DEMO / SYNTHETIC DATA — NOT REAL PERSONNEL OR SENSOR DATA
13.7,46.4,6.5,21.6,7.0,10.9,7.1,9.1,0,1,5.3,3.6,1.0,1,SYNTHETIC_PROTOTYPE_BENCHMARK,SYNTHETIC_PROTOTYPE_DATA_NOT_REAL_PERSONNEL_DATA,DEMO / SYNTHETIC DATA — NOT REAL PERSONNEL OR SENSOR DATA
20.0,39.2,2.8,4.0,2.0,7.7,8.0,16.4,0,2,3.0,2.2,0.2,0,SYNTHETIC_PROTOTYPE_BENCHMARK,SYNTHETIC_PROTOTYPE_DATA_NOT_REAL_PERSONNEL_DATA,DEMO / SYNTHETIC DATA — NOT REAL PERSONNEL OR SENSOR DATA
18.4,60.7,5.9,4.0,5.0,0.8,7.3,15.5,0,0,6.9,3.8,1.5,0,SYNTHETIC_PROTOTYPE_BENCHMARK,SYNTHETIC_PROTOTYPE_DATA_NOT_REAL_PERSONNEL_DATA,DEMO / SYNTHETIC DATA — NOT REAL PERSONNEL OR SENSOR DATA
24.4,58.5,6.6,8.8,7.0,5.4,7.6,17.2,0,2,2.4,6.4,1.5,1,SYNTHETIC_PROTOTYPE_BENCHMARK,SYNTHETIC_PROTOTYPE_DATA_NOT_REAL_PERSONNEL_DATA,DEMO / SYNTHETIC DATA — NOT REAL PERSONNEL OR SENSOR DATA
17.4,51.0,6.9,4.0,1.0,6.7,7.5,15.7,0,0,6.3,4.5,2.1,0,SYNTHETIC_PROTOTYPE_BENCHMARK,SYNTHETIC_PROTOTYPE_DATA_NOT_REAL_PERSONNEL_DATA,DEMO / SYNTHETIC DATA — NOT REAL PERSONNEL OR SENSOR DATA
21.8,70.5,1.6,5.2,2.0,0.2,6.5,17.2,2,1,2.6,4.8,-1.7,1,SYNTHETIC_PROTOTYPE_BENCHMARK,SYNTHETIC_PROTOTYPE_DATA_NOT_REAL_PERSONNEL_DATA,DEMO / SYNTHETIC DATA — NOT REAL PERSONNEL OR SENSOR DATA
13.5,41.3,4.0,6.7,2.0,11.6,6.8,16.1,0,3,6.3,6.0,-1.1,0,SYNTHETIC_PROTOTYPE_BENCHMARK,SYNTHETIC_PROTOTYPE_DATA_NOT_REAL_PERSONNEL_DATA,DEMO / SYNTHETIC DATA — NOT REAL PERSONNEL OR SENSOR DATA
22.9,36.7,3.7,7.8,6.0,14.2,6.9,11.5,0,3,6.2,3.4,-1.8,1,SYNTHETIC_PROTOTYPE_BENCHMARK,SYNTHETIC_PROTOTYPE_DATA_NOT_REAL_PERSONNEL_DATA,DEMO / SYNTHETIC DATA — NOT REAL PERSONNEL OR SENSOR DATA
19.9,45.1,5.7,19.1,0.0,11.4,6.3,9.2,1,0,7.0,4.9,1.7,0,SYNTHETIC_PROTOTYPE_BENCHMARK,SYNTHETIC_PROTOTYPE_DATA_NOT_REAL_PERSONNEL_DATA,DEMO / SYNTHETIC DATA — NOT REAL PERSONNEL OR SENSOR DATA
19.0,51.5,6.5,4.0,1.0,10.4,6.7,19.8,0,1,7.9,5.7,1.6,0,SYNTHETIC_PROTOTYPE_BENCHMARK,SYNTHETIC_PROTOTYPE_DATA_NOT_REAL_PERSONNEL_DATA,DEMO / SYNTHETIC DATA — NOT REAL PERSONNEL OR SENSOR DATA
19.8,54.4,8.5,5.0,4.0,8.2,7.2,14.2,0,0,8.3,3.8,-2.8,1,SYNTHETIC_PROTOTYPE_BENCHMARK,SYNTHETIC_PROTOTYPE_DATA_NOT_REAL_PERSONNEL_DATA,DEMO / SYNTHETIC DATA — NOT REAL PERSONNEL OR SENSOR DATA
23.6,49.6,4.5,4.0,3.0,6.0,6.4,14.3,1,2,3.0,4.7,0.9,1,SYNTHETIC_PROTOTYPE_BENCHMARK,SYNTHETIC_PROTOTYPE_DATA_NOT_REAL_PERSONNEL_DATA,DEMO / SYNTHETIC DATA — NOT REAL PERSONNEL OR SENSOR DATA
17.2,55.5,4.5,4.0,2.0,6.8,6.6,15.9,0,1,6.1,5.5,3.0,0,SYNTHETIC_PROTOTYPE_BENCHMARK,SYNTHETIC_PROTOTYPE_DATA_NOT_REAL_PERSONNEL_DATA,DEMO / SYNTHETIC DATA — NOT REAL PERSONNEL OR SENSOR DATA
11.4,39.5,7.8,7.5,3.0,9.9,6.7,13.2,0,1,10.0,5.9,-0.5,0,SYNTHETIC_PROTOTYPE_BENCHMARK,SYNTHETIC_PROTOTYPE_DATA_NOT_REAL_PERSONNEL_DATA,DEMO / SYNTHETIC DATA — NOT REAL PERSONNEL OR SENSOR DATA
18.9,66.4,6.1,4.0,1.0,6.5,6.4,14.0,1,0,6.4,5.9,0.7,0,SYNTHETIC_PROTOTYPE_BENCHMARK,SYNTHETIC_PROTOTYPE_DATA_NOT_REAL_PERSONNEL_DATA,DEMO / SYNTHETIC DATA — NOT REAL PERSONNEL OR SENSOR DATA
24.0,51.2,8.0,4.0,2.0,2.4,6.5,14.6,0,3,4.5,5.7,1.6,1,SYNTHETIC_PROTOTYPE_BENCHMARK,SYNTHETIC_PROTOTYPE_DATA_NOT_REAL_PERSONNEL_DATA,DEMO / SYNTHETIC DATA — NOT REAL PERSONNEL OR SENSOR DATA
21.8,63.2,6.1,4.0,2.0,2.8,5.9,18.5,1,1,6.0,3.1,-2.9,1,SYNTHETIC_PROTOTYPE_BENCHMARK,SYNTHETIC_PROTOTYPE_DATA_NOT_REAL_PERSONNEL_DATA,DEMO / SYNTHETIC DATA — NOT REAL PERSONNEL OR SENSOR DATA
22.4,55.4,3.2,4.2,8.0,13.6,5.9,15.3,1,0,5.4,4.2,0.3,0,SYNTHETIC_PROTOTYPE_BENCHMARK,SYNTHETIC_PROTOTYPE_DATA_NOT_REAL_PERSONNEL_DATA,DEMO / SYNTHETIC DATA — NOT REAL PERSONNEL OR SENSOR DATA
13.4,56.6,2.8,14.4,1.0,0.1,7.2,8.8,0,1,3.8,4.9,2.8,0,SYNTHETIC_PROTOTYPE_BENCHMARK,SYNTHETIC_PROTOTYPE_DATA_NOT_REAL_PERSONNEL_DATA,DEMO / SYNTHETIC DATA — NOT REAL PERSONNEL OR SENSOR DATA
13.1,57.7,2.4,4.0,7.0,7.2,6.5,12.6,1,0,7.9,6.8,-1.3,0,SYNTHETIC_PROTOTYPE_BENCHMARK,SYNTHETIC_PROTOTYPE_DATA_NOT_REAL_PERSONNEL_DATA,DEMO / SYNTHETIC DATA — NOT REAL PERSONNEL OR SENSOR DATA
16.9,56.5,6.8,4.0,4.0,18.6,5.9,20.0,2,1,7.4,4.2,1.8,1,SYNTHETIC_PROTOTYPE_BENCHMARK,SYNTHETIC_PROTOTYPE_DATA_NOT_REAL_PERSONNEL_DATA,DEMO / SYNTHETIC DATA — NOT REAL PERSONNEL OR SENSOR DATA
26.1,58.4,7.9,8.0,0.0,7.3,6.8,13.6,0,3,3.5,2.2,0.1,2,SYNTHETIC_PROTOTYPE_BENCHMARK,SYNTHETIC_PROTOTYPE_DATA_NOT_REAL_PERSONNEL_DATA,DEMO / SYNTHETIC DATA — NOT REAL PERSONNEL OR SENSOR DATA
20.5,65.3,9.2,4.0,5.0,30.6,5.2,16.5,2,2,6.0,5.0,-1.5,2,SYNTHETIC_PROTOTYPE_BENCHMARK,SYNTHETIC_PROTOTYPE_DATA_NOT_REAL_PERSONNEL_DATA,DEMO / SYNTHETIC DATA — NOT REAL PERSONNEL OR SENSOR DATA
21.8,54.0,7.2,4.0,0.0,7.0,7.6,14.1,0,1,5.1,3.9,-0.2,1,SYNTHETIC_PROTOTYPE_BENCHMARK,SYNTHETIC_PROTOTYPE_DATA_NOT_REAL_PERSONNEL_DATA,DEMO / SYNTHETIC DATA — NOT REAL PERSONNEL OR SENSOR DATA
20.1,59.1,7.8,4.0,21.0,0.2,6.0,16.2,2,2,3.0,2.8,-1.2,1,SYNTHETIC_PROTOTYPE_BENCHMARK,SYNTHETIC_PROTOTYPE_DATA_NOT_REAL_PERSONNEL_DATA,DEMO / SYNTHETIC DATA — NOT REAL PERSONNEL OR SENSOR DATA
14.8,51.1,4.3,4.0,7.0,10.5,6.6,18.5,0,1,3.4,5.2,-2.0,1,SYNTHETIC_PROTOTYPE_BENCHMARK,SYNTHETIC_PROTOTYPE_DATA_NOT_REAL_PERSONNEL_DATA,DEMO / SYNTHETIC DATA — NOT REAL PERSONNEL OR SENSOR DATA
27.0,66.4,3.2,4.0,1.0,2.0,5.3,14.3,2,0,3.7,5.8,-0.6,1,SYNTHETIC_PROTOTYPE_BENCHMARK,SYNTHETIC_PROTOTYPE_DATA_NOT_REAL_PERSONNEL_DATA,DEMO / SYNTHETIC DATA — NOT REAL PERSONNEL OR SENSOR DATA
26.3,45.2,7.2,7.6,1.0,3.5,6.9,15.1,0,3,6.1,4.6,0.2,1,SYNTHETIC_PROTOTYPE_BENCHMARK,SYNTHETIC_PROTOTYPE_DATA_NOT_REAL_PERSONNEL_DATA,DEMO / SYNTHETIC DATA — NOT REAL PERSONNEL OR SENSOR DATA
23.4,70.0,6.3,4.0,2.0,2.2,4.9,12.8,3,0,5.3,4.9,-0.4,1,SYNTHETIC_PROTOTYPE_BENCHMARK,SYNTHETIC_PROTOTYPE_DATA_NOT_REAL_PERSONNEL_DATA,DEMO / SYNTHETIC DATA — NOT REAL PERSONNEL OR SENSOR DATA
10.8,51.6,5.7,10.8,2.0,1.9,7.6,16.9,0,0,4.3,6.2,-0.6,0,SYNTHETIC_PROTOTYPE_BENCHMARK,SYNTHETIC_PROTOTYPE_DATA_NOT_REAL_PERSONNEL_DATA,DEMO / SYNTHETIC DATA — NOT REAL PERSONNEL OR SENSOR DATA
26.1,37.7,6.3,6.6,2.0,3.4,8.1,15.1,0,3,5.4,7.1,0.5,1,SYNTHETIC_PROTOTYPE_BENCHMARK,SYNTHETIC_PROTOTYPE_DATA_NOT_REAL_PERSONNEL_DATA,DEMO / SYNTHETIC DATA — NOT REAL PERSONNEL OR SENSOR DATA
15.9,53.3,6.1,4.7,1.0,2.9,7.5,14.5,0,0,7.7,3.9,1.2,0,SYNTHETIC_PROTOTYPE_BENCHMARK,SYNTHETIC_PROTOTYPE_DATA_NOT_REAL_PERSONNEL_DATA,DEMO / SYNTHETIC DATA — NOT REAL PERSONNEL OR SENSOR DATA
21.0,45.2,8.1,4.0,3.0,6.0,7.1,15.0,0,2,6.9,3.8,-2.5,1,SYNTHETIC_PROTOTYPE_BENCHMARK,SYNTHETIC_PROTOTYPE_DATA_NOT_REAL_PERSONNEL_DATA,DEMO / SYNTHETIC DATA — NOT REAL PERSONNEL OR SENSOR DATA
29.8,60.4,8.1,4.0,1.0,10.1,5.7,14.6,2,3,8.2,3.2,-0.6,2,SYNTHETIC_PROTOTYPE_BENCHMARK,SYNTHETIC_PROTOTYPE_DATA_NOT_REAL_PERSONNEL_DATA,DEMO / SYNTHETIC DATA — NOT REAL PERSONNEL OR SENSOR DATA
10.4,45.5,6.6,4.0,7.0,2.1,6.6,14.7,0,1,5.7,6.7,-4.3,0,SYNTHETIC_PROTOTYPE_BENCHMARK,SYNTHETIC_PROTOTYPE_DATA_NOT_REAL_PERSONNEL_DATA,DEMO / SYNTHETIC DATA — NOT REAL PERSONNEL OR SENSOR DATA
12.7,47.5,7.2,9.7,6.0,1.4,8.4,8.4,0,0,9.4,6.4,-0.4,0,SYNTHETIC_PROTOTYPE_BENCHMARK,SYNTHETIC_PROTOTYPE_DATA_NOT_REAL_PERSONNEL_DATA,DEMO / SYNTHETIC DATA — NOT REAL PERSONNEL OR SENSOR DATA
13.1,33.1,6.5,4.0,2.0,6.6,8.7,15.4,0,1,6.9,4.7,0.3,0,SYNTHETIC_PROTOTYPE_BENCHMARK,SYNTHETIC_PROTOTYPE_DATA_NOT_REAL_PERSONNEL_DATA,DEMO / SYNTHETIC DATA — NOT REAL PERSONNEL OR SENSOR DATA
15.7,47.5,4.6,4.0,7.0,6.7,7.1,15.3,0,0,5.2,8.6,1.3,0,SYNTHETIC_PROTOTYPE_BENCHMARK,SYNTHETIC_PROTOTYPE_DATA_NOT_REAL_PERSONNEL_DATA,DEMO / SYNTHETIC DATA — NOT REAL PERSONNEL OR SENSOR DATA
9.9,30.0,7.0,4.0,1.0,13.9,7.1,16.6,0,1,6.4,4.7,0.3,0,SYNTHETIC_PROTOTYPE_BENCHMARK,SYNTHETIC_PROTOTYPE_DATA_NOT_REAL_PERSONNEL_DATA,DEMO / SYNTHETIC DATA — NOT REAL PERSONNEL OR SENSOR DATA
14.5,36.2,2.7,4.0,0.0,0.1,8.7,14.6,0,2,3.7,7.5,1.2,0,SYNTHETIC_PROTOTYPE_BENCHMARK,SYNTHETIC_PROTOTYPE_DATA_NOT_REAL_PERSONNEL_DATA,DEMO / SYNTHETIC DATA — NOT REAL PERSONNEL OR SENSOR DATA
22.5,59.6,7.6,4.0,3.0,11.5,5.8,14.1,1,1,5.6,7.0,0.1,1,SYNTHETIC_PROTOTYPE_BENCHMARK,SYNTHETIC_PROTOTYPE_DATA_NOT_REAL_PERSONNEL_DATA,DEMO / SYNTHETIC DATA — NOT REAL PERSONNEL OR SENSOR DATA
25.2,59.9,3.1,4.0,2.0,4.4,6.8,15.6,0,1,7.1,4.8,-1.5,1,SYNTHETIC_PROTOTYPE_BENCHMARK,SYNTHETIC_PROTOTYPE_DATA_NOT_REAL_PERSONNEL_DATA,DEMO / SYNTHETIC DATA — NOT REAL PERSONNEL OR SENSOR DATA
22.5,56.3,6.1,4.0,3.0,5.8,7.8,12.4,0,1,7.4,3.7,-2.5,1,SYNTHETIC_PROTOTYPE_BENCHMARK,SYNTHETIC_PROTOTYPE_DATA_NOT_REAL_PERSONNEL_DATA,DEMO / SYNTHETIC DATA — NOT REAL PERSONNEL OR SENSOR DATA
14.8,42.3,3.8,4.0,8.0,0.6,6.7,15.9,0,1,5.4,4.5,-0.6,0,SYNTHETIC_PROTOTYPE_BENCHMARK,SYNTHETIC_PROTOTYPE_DATA_NOT_REAL_PERSONNEL_DATA,DEMO / SYNTHETIC DATA — NOT REAL PERSONNEL OR SENSOR DATA
18.9,51.5,6.6,4.0,12.0,3.4,7.6,11.9,0,2,10.0,4.7,-1.7,0,SYNTHETIC_PROTOTYPE_BENCHMARK,SYNTHETIC_PROTOTYPE_DATA_NOT_REAL_PERSONNEL_DATA,DEMO / SYNTHETIC DATA — NOT REAL PERSONNEL OR SENSOR DATA
20.2,52.0,5.4,5.1,4.0,1.5,7.4,17.4,0,0,5.9,6.7,-0.3,0,SYNTHETIC_PROTOTYPE_BENCHMARK,SYNTHETIC_PROTOTYPE_DATA_NOT_REAL_PERSONNEL_DATA,DEMO / SYNTHETIC DATA — NOT REAL PERSONNEL OR SENSOR DATA
16.5,40.4,2.3,4.0,5.0,1.8,7.4,17.0,0,2,2.8,4.0,-1.1,0,SYNTHETIC_PROTOTYPE_BENCHMARK,SYNTHETIC_PROTOTYPE_DATA_NOT_REAL_PERSONNEL_DATA,DEMO / SYNTHETIC DATA — NOT REAL PERSONNEL OR SENSOR DATA
17.8,67.0,6.3,4.0,0.0,4.2,5.5,13.7,1,1,8.6,1.5,0.9,1,SYNTHETIC_PROTOTYPE_BENCHMARK,SYNTHETIC_PROTOTYPE_DATA_NOT_REAL_PERSONNEL_DATA,DEMO / SYNTHETIC DATA — NOT REAL PERSONNEL OR SENSOR DATA
27.4,60.8,4.3,4.0,1.0,10.0,5.8,16.9,1,0,7.4,5.2,0.1,2,SYNTHETIC_PROTOTYPE_BENCHMARK,SYNTHETIC_PROTOTYPE_DATA_NOT_REAL_PERSONNEL_DATA,DEMO / SYNTHETIC DATA — NOT REAL PERSONNEL OR SENSOR DATA
13.2,49.8,7.3,4.0,5.0,8.2,7.1,15.8,0,0,6.7,6.1,1.0,0,SYNTHETIC_PROTOTYPE_BENCHMARK,SYNTHETIC_PROTOTYPE_DATA_NOT_REAL_PERSONNEL_DATA,DEMO / SYNTHETIC DATA — NOT REAL PERSONNEL OR SENSOR DATA
29.8,52.3,5.5,11.0,2.0,5.4,5.7,10.8,1,1,5.3,8.0,1.0,1,SYNTHETIC_PROTOTYPE_BENCHMARK,SYNTHETIC_PROTOTYPE_DATA_NOT_REAL_PERSONNEL_DATA,DEMO / SYNTHETIC DATA — NOT REAL PERSONNEL OR SENSOR DATA
20.9,54.1,6.3,4.0,2.0,4.7,6.9,11.6,0,1,7.0,2.9,-0.4,0,SYNTHETIC_PROTOTYPE_BENCHMARK,SYNTHETIC_PROTOTYPE_DATA_NOT_REAL_PERSONNEL_DATA,DEMO / SYNTHETIC DATA — NOT REAL PERSONNEL OR SENSOR DATA
7.9,31.6,3.6,4.5,1.0,3.3,8.2,16.0,0,0,9.4,6.0,-0.3,0,SYNTHETIC_PROTOTYPE_BENCHMARK,SYNTHETIC_PROTOTYPE_DATA_NOT_REAL_PERSONNEL_DATA,DEMO / SYNTHETIC DATA — NOT REAL PERSONNEL OR SENSOR DATA
10.5,49.5,4.3,8.9,3.0,21.6,7.3,12.1,0,3,6.6,7.0,1.1,0,SYNTHETIC_PROTOTYPE_BENCHMARK,SYNTHETIC_PROTOTYPE_DATA_NOT_REAL_PERSONNEL_DATA,DEMO / SYNTHETIC DATA — NOT REAL PERSONNEL OR SENSOR DATA
20.8,45.2,4.6,6.5,1.0,4.9,6.0,16.8,2,1,3.3,5.7,5.0,1,SYNTHETIC_PROTOTYPE_BENCHMARK,SYNTHETIC_PROTOTYPE_DATA_NOT_REAL_PERSONNEL_DATA,DEMO / SYNTHETIC DATA — NOT REAL PERSONNEL OR SENSOR DATA
12.8,42.0,7.2,4.0,3.0,1.8,8.4,15.6,0,3,1.0,5.4,-2.2,1,SYNTHETIC_PROTOTYPE_BENCHMARK,SYNTHETIC_PROTOTYPE_DATA_NOT_REAL_PERSONNEL_DATA,DEMO / SYNTHETIC DATA — NOT REAL PERSONNEL OR SENSOR DATA
17.9,49.2,8.9,4.0,1.0,1.6,8.4,14.2,0,0,7.0,6.5,0.1,0,SYNTHETIC_PROTOTYPE_BENCHMARK,SYNTHETIC_PROTOTYPE_DATA_NOT_REAL_PERSONNEL_DATA,DEMO / SYNTHETIC DATA — NOT REAL PERSONNEL OR SENSOR DATA
27.3,70.0,3.9,5.0,0.0,5.7,6.5,18.8,2,0,4.2,3.2,-2.6,1,SYNTHETIC_PROTOTYPE_BENCHMARK,SYNTHETIC_PROTOTYPE_DATA_NOT_REAL_PERSONNEL_DATA,DEMO / SYNTHETIC DATA — NOT REAL PERSONNEL OR SENSOR DATA
16.0,58.4,7.7,4.0,1.0,4.4,5.8,16.8,1,0,6.0,6.0,-0.0,0,SYNTHETIC_PROTOTYPE_BENCHMARK,SYNTHETIC_PROTOTYPE_DATA_NOT_REAL_PERSONNEL_DATA,DEMO / SYNTHETIC DATA — NOT REAL PERSONNEL OR SENSOR DATA
16.0,46.3,1.2,6.7,1.0,0.0,7.0,7.2,0,0,4.6,3.5,-1.5,0,SYNTHETIC_PROTOTYPE_BENCHMARK,SYNTHETIC_PROTOTYPE_DATA_NOT_REAL_PERSONNEL_DATA,DEMO / SYNTHETIC DATA — NOT REAL PERSONNEL OR SENSOR DATA
16.9,57.7,3.1,5.1,8.0,10.6,6.4,14.2,1,2,4.4,2.5,-0.3,1,SYNTHETIC_PROTOTYPE_BENCHMARK,SYNTHETIC_PROTOTYPE_DATA_NOT_REAL_PERSONNEL_DATA,DEMO / SYNTHETIC DATA — NOT REAL PERSONNEL OR SENSOR DATA
23.2,66.0,3.6,5.2,0.0,7.3,6.5,12.3,1,0,4.7,3.9,0.3,1,SYNTHETIC_PROTOTYPE_BENCHMARK,SYNTHETIC_PROTOTYPE_DATA_NOT_REAL_PERSONNEL_DATA,DEMO / SYNTHETIC DATA — NOT REAL PERSONNEL OR SENSOR DATA
19.2,61.2,2.8,4.0,1.0,6.5,6.5,14.0,1,1,4.9,1.0,-1.1,0,SYNTHETIC_PROTOTYPE_BENCHMARK,SYNTHETIC_PROTOTYPE_DATA_NOT_REAL_PERSONNEL_DATA,DEMO / SYNTHETIC DATA — NOT REAL PERSONNEL OR SENSOR DATA
14.5,52.6,2.3,5.1,3.0,0.4,7.2,14.9,0,0,7.8,5.2,-3.9,0,SYNTHETIC_PROTOTYPE_BENCHMARK,SYNTHETIC_PROTOTYPE_DATA_NOT_REAL_PERSONNEL_DATA,DEMO / SYNTHETIC DATA — NOT REAL PERSONNEL OR SENSOR DATA
22.3,45.5,6.3,4.6,2.0,2.7,7.1,16.1,0,1,7.3,2.9,3.1,1,SYNTHETIC_PROTOTYPE_BENCHMARK,SYNTHETIC_PROTOTYPE_DATA_NOT_REAL_PERSONNEL_DATA,DEMO / SYNTHETIC DATA — NOT REAL PERSONNEL OR SENSOR DATA
24.0,59.0,5.1,7.1,0.0,16.4,6.5,14.9,1,2,3.8,5.1,1.8,1,SYNTHETIC_PROTOTYPE_BENCHMARK,SYNTHETIC_PROTOTYPE_DATA_NOT_REAL_PERSONNEL_DATA,DEMO / SYNTHETIC DATA — NOT REAL PERSONNEL OR SENSOR DATA
17.2,55.9,6.3,4.0,0.0,11.9,6.1,17.8,1,1,4.1,5.2,-0.3,1,SYNTHETIC_PROTOTYPE_BENCHMARK,SYNTHETIC_PROTOTYPE_DATA_NOT_REAL_PERSONNEL_DATA,DEMO / SYNTHETIC DATA — NOT REAL PERSONNEL OR SENSOR DATA
30.3,61.0,6.9,4.0,15.0,2.0,6.3,16.9,1,2,7.0,4.5,-2.0,1,SYNTHETIC_PROTOTYPE_BENCHMARK,SYNTHETIC_PROTOTYPE_DATA_NOT_REAL_PERSONNEL_DATA,DEMO / SYNTHETIC DATA — NOT REAL PERSONNEL OR SENSOR DATA
12.8,58.4,6.0,4.0,4.0,1.0,6.3,16.7,2,0,8.3,5.4,0.2,0,SYNTHETIC_PROTOTYPE_BENCHMARK,SYNTHETIC_PROTOTYPE_DATA_NOT_REAL_PERSONNEL_DATA,DEMO / SYNTHETIC DATA — NOT REAL PERSONNEL OR SENSOR DATA
24.0,62.5,6.8,4.0,2.0,3.6,8.0,16.0,0,3,8.3,4.8,0.8,1,SYNTHETIC_PROTOTYPE_BENCHMARK,SYNTHETIC_PROTOTYPE_DATA_NOT_REAL_PERSONNEL_DATA,DEMO / SYNTHETIC DATA — NOT REAL PERSONNEL OR SENSOR DATA
13.9,46.6,5.4,4.0,2.0,2.6,8.3,18.2,0,2,4.2,5.0,1.7,0,SYNTHETIC_PROTOTYPE_BENCHMARK,SYNTHETIC_PROTOTYPE_DATA_NOT_REAL_PERSONNEL_DATA,DEMO / SYNTHETIC DATA — NOT REAL PERSONNEL OR SENSOR DATA
13.6,65.2,3.1,10.0,1.0,6.9,6.7,12.6,0,1,8.2,7.1,1.9,0,SYNTHETIC_PROTOTYPE_BENCHMARK,SYNTHETIC_PROTOTYPE_DATA_NOT_REAL_PERSONNEL_DATA,DEMO / SYNTHETIC DATA — NOT REAL PERSONNEL OR SENSOR DATA
14.9,54.0,7.6,4.0,1.0,20.4,7.4,15.0,0,1,2.6,5.6,2.3,0,SYNTHETIC_PROTOTYPE_BENCHMARK,SYNTHETIC_PROTOTYPE_DATA_NOT_REAL_PERSONNEL_DATA,DEMO / SYNTHETIC DATA — NOT REAL PERSONNEL OR SENSOR DATA
24.6,72.8,4.3,7.5,4.0,2.7,6.7,10.4,0,3,5.8,5.1,-3.8,2,SYNTHETIC_PROTOTYPE_BENCHMARK,SYNTHETIC_PROTOTYPE_DATA_NOT_REAL_PERSONNEL_DATA,DEMO / SYNTHETIC DATA — NOT REAL PERSONNEL OR SENSOR DATA
16.8,45.1,3.6,4.0,8.0,0.4,7.4,17.7,0,1,7.2,7.1,-0.7,0,SYNTHETIC_PROTOTYPE_BENCHMARK,SYNTHETIC_PROTOTYPE_DATA_NOT_REAL_PERSONNEL_DATA,DEMO / SYNTHETIC DATA — NOT REAL PERSONNEL OR SENSOR DATA
29.8,69.4,5.1,4.0,1.0,13.7,4.7,15.4,2,2,2.0,5.1,2.2,2,SYNTHETIC_PROTOTYPE_BENCHMARK,SYNTHETIC_PROTOTYPE_DATA_NOT_REAL_PERSONNEL_DATA,DEMO / SYNTHETIC DATA — NOT REAL PERSONNEL OR SENSOR DATA
23.8,54.0,3.7,4.0,6.0,0.2,6.7,21.5,0,1,10.0,8.1,-2.0,0,SYNTHETIC_PROTOTYPE_BENCHMARK,SYNTHETIC_PROTOTYPE_DATA_NOT_REAL_PERSONNEL_DATA,DEMO / SYNTHETIC DATA — NOT REAL PERSONNEL OR SENSOR DATA
16.7,45.5,4.7,4.0,0.0,18.3,6.5,14.8,2,0,8.9,5.7,2.7,0,SYNTHETIC_PROTOTYPE_BENCHMARK,SYNTHETIC_PROTOTYPE_DATA_NOT_REAL_PERSONNEL_DATA,DEMO / SYNTHETIC DATA — NOT REAL PERSONNEL OR SENSOR DATA
18.7,47.2,6.2,9.6,1.0,6.6,6.1,13.6,1,2,7.5,5.4,4.0,1,SYNTHETIC_PROTOTYPE_BENCHMARK,SYNTHETIC_PROTOTYPE_DATA_NOT_REAL_PERSONNEL_DATA,DEMO / SYNTHETIC DATA — NOT REAL PERSONNEL OR SENSOR DATA
24.1,48.8,6.2,4.0,0.0,17.1,5.4,16.7,2,1,4.3,4.3,2.6,1,SYNTHETIC_PROTOTYPE_BENCHMARK,SYNTHETIC_PROTOTYPE_DATA_NOT_REAL_PERSONNEL_DATA,DEMO / SYNTHETIC DATA — NOT REAL PERSONNEL OR SENSOR DATA
15.2,56.2,3.7,4.0,1.0,1.3,7.2,13.4,0,1,6.1,4.5,1.5,0,SYNTHETIC_PROTOTYPE_BENCHMARK,SYNTHETIC_PROTOTYPE_DATA_NOT_REAL_PERSONNEL_DATA,DEMO / SYNTHETIC DATA — NOT REAL PERSONNEL OR SENSOR DATA
12.2,57.2,4.5,4.0,9.0,0.2,7.1,16.3,0,1,7.8,3.7,-1.0,0,SYNTHETIC_PROTOTYPE_BENCHMARK,SYNTHETIC_PROTOTYPE_DATA_NOT_REAL_PERSONNEL_DATA,DEMO / SYNTHETIC DATA — NOT REAL PERSONNEL OR SENSOR DATA
21.6,46.3,7.6,11.2,2.0,4.0,6.2,12.8,2,0,4.0,6.4,0.6,1,SYNTHETIC_PROTOTYPE_BENCHMARK,SYNTHETIC_PROTOTYPE_DATA_NOT_REAL_PERSONNEL_DATA,DEMO / SYNTHETIC DATA — NOT REAL PERSONNEL OR SENSOR DATA
26.5,51.8,6.5,4.0,0.0,3.6,6.3,15.0,2,2,5.8,3.8,-3.0,2,SYNTHETIC_PROTOTYPE_BENCHMARK,SYNTHETIC_PROTOTYPE_DATA_NOT_REAL_PERSONNEL_DATA,DEMO / SYNTHETIC DATA — NOT REAL PERSONNEL OR SENSOR DATA
24.5,73.4,9.7,4.0,11.0,2.4,7.0,17.9,0,3,8.0,4.0,-1.7,2,SYNTHETIC_PROTOTYPE_BENCHMARK,SYNTHETIC_PROTOTYPE_DATA_NOT_REAL_PERSONNEL_DATA,DEMO / SYNTHETIC DATA — NOT REAL PERSONNEL OR SENSOR DATA
36.2,69.3,7.9,4.0,7.0,19.0,5.1,13.8,1,3,3.2,5.0,-1.6,2,SYNTHETIC_PROTOTYPE_BENCHMARK,SYNTHETIC_PROTOTYPE_DATA_NOT_REAL_PERSONNEL_DATA,DEMO / SYNTHETIC DATA — NOT REAL PERSONNEL OR SENSOR DATA
21.5,56.4,7.8,4.0,5.0,10.4,6.7,16.1,0,0,6.9,5.1,0.1,0,SYNTHETIC_PROTOTYPE_BENCHMARK,SYNTHETIC_PROTOTYPE_DATA_NOT_REAL_PERSONNEL_DATA,DEMO / SYNTHETIC DATA — NOT REAL PERSONNEL OR SENSOR DATA
18.8,52.4,2.7,4.0,9.0,6.5,6.7,18.5,0,1,2.7,3.7,-0.9,0,SYNTHETIC_PROTOTYPE_BENCHMARK,SYNTHETIC_PROTOTYPE_DATA_NOT_REAL_PERSONNEL_DATA,DEMO / SYNTHETIC DATA — NOT REAL PERSONNEL OR SENSOR DATA
18.5,53.2,7.0,8.2,1.0,1.1,7.3,12.5,0,2,4.3,6.1,0.6,0,SYNTHETIC_PROTOTYPE_BENCHMARK,SYNTHETIC_PROTOTYPE_DATA_NOT_REAL_PERSONNEL_DATA,DEMO / SYNTHETIC DATA — NOT REAL PERSONNEL OR SENSOR DATA
24.7,58.1,5.4,4.0,6.0,8.0,5.9,15.0,1,1,5.2,4.6,1.9,1,SYNTHETIC_PROTOTYPE_BENCHMARK,SYNTHETIC_PROTOTYPE_DATA_NOT_REAL_PERSONNEL_DATA,DEMO / SYNTHETIC DATA — NOT REAL PERSONNEL OR SENSOR DATA
9.3,41.8,4.4,4.0,4.0,7.8,7.3,20.3,0,1,7.2,1.4,-1.6,0,SYNTHETIC_PROTOTYPE_BENCHMARK,SYNTHETIC_PROTOTYPE_DATA_NOT_REAL_PERSONNEL_DATA,DEMO / SYNTHETIC DATA — NOT REAL PERSONNEL OR SENSOR DATA
19.6,49.4,5.8,4.0,7.0,3.3,7.2,16.5,0,3,4.8,3.8,0.3,0,SYNTHETIC_PROTOTYPE_BENCHMARK,SYNTHETIC_PROTOTYPE_DATA_NOT_REAL_PERSONNEL_DATA,DEMO / SYNTHETIC DATA — NOT REAL PERSONNEL OR SENSOR DATA
13.0,35.3,7.4,4.0,6.0,15.5,7.4,14.6,0,1,6.5,8.1,-0.9,0,SYNTHETIC_PROTOTYPE_BENCHMARK,SYNTHETIC_PROTOTYPE_DATA_NOT_REAL_PERSONNEL_DATA,DEMO / SYNTHETIC DATA — NOT REAL PERSONNEL OR SENSOR DATA
14.5,56.0,6.5,4.0,1.0,1.1,6.9,17.2,0,1,4.8,7.1,0.4,0,SYNTHETIC_PROTOTYPE_BENCHMARK,SYNTHETIC_PROTOTYPE_DATA_NOT_REAL_PERSONNEL_DATA,DEMO / SYNTHETIC DATA — NOT REAL PERSONNEL OR SENSOR DATA
20.2,58.5,3.7,24.0,5.0,1.9,7.0,6.5,0,0,5.1,5.5,1.5,1,SYNTHETIC_PROTOTYPE_BENCHMARK,SYNTHETIC_PROTOTYPE_DATA_NOT_REAL_PERSONNEL_DATA,DEMO / SYNTHETIC DATA — NOT REAL PERSONNEL OR SENSOR DATA
15.7,47.2,7.0,7.2,1.0,0.4,9.0,11.2,0,0,8.7,6.6,2.0,0,SYNTHETIC_PROTOTYPE_BENCHMARK,SYNTHETIC_PROTOTYPE_DATA_NOT_REAL_PERSONNEL_DATA,DEMO / SYNTHETIC DATA — NOT REAL PERSONNEL OR SENSOR DATA
20.6,67.7,4.2,9.0,1.0,9.5,8.2,16.4,0,0,3.9,3.1,1.5,1,SYNTHETIC_PROTOTYPE_BENCHMARK,SYNTHETIC_PROTOTYPE_DATA_NOT_REAL_PERSONNEL_DATA,DEMO / SYNTHETIC DATA — NOT REAL PERSONNEL OR SENSOR DATA
18.6,39.7,5.9,6.9,0.0,5.8,6.8,12.2,0,3,7.7,5.4,0.9,1,SYNTHETIC_PROTOTYPE_BENCHMARK,SYNTHETIC_PROTOTYPE_DATA_NOT_REAL_PERSONNEL_DATA,DEMO / SYNTHETIC DATA — NOT REAL PERSONNEL OR SENSOR DATA
20.8,37.4,4.9,4.0,10.0,2.3,5.7,20.5,2,1,6.2,7.8,-3.1,0,SYNTHETIC_PROTOTYPE_BENCHMARK,SYNTHETIC_PROTOTYPE_DATA_NOT_REAL_PERSONNEL_DATA,DEMO / SYNTHETIC DATA — NOT REAL PERSONNEL OR SENSOR DATA
18.3,54.2,5.1,4.0,1.0,1.1,7.4,14.6,0,1,5.0,5.6,-2.4,1,SYNTHETIC_PROTOTYPE_BENCHMARK,SYNTHETIC_PROTOTYPE_DATA_NOT_REAL_PERSONNEL_DATA,DEMO / SYNTHETIC DATA — NOT REAL PERSONNEL OR SENSOR DATA
21.1,62.5,7.0,4.0,3.0,0.2,6.7,19.9,0,2,3.8,4.6,-1.8,0,SYNTHETIC_PROTOTYPE_BENCHMARK,SYNTHETIC_PROTOTYPE_DATA_NOT_REAL_PERSONNEL_DATA,DEMO / SYNTHETIC DATA — NOT REAL PERSONNEL OR SENSOR DATA
17.3,68.8,3.4,4.0,2.0,1.1,7.2,12.9,0,1,3.9,3.9,0.8,1,SYNTHETIC_PROTOTYPE_BENCHMARK,SYNTHETIC_PROTOTYPE_DATA_NOT_REAL_PERSONNEL_DATA,DEMO / SYNTHETIC DATA — NOT REAL PERSONNEL OR SENSOR DATA
11.4,47.4,9.4,4.0,11.0,3.6,7.3,17.7,0,1,4.7,7.1,-2.8,0,SYNTHETIC_PROTOTYPE_BENCHMARK,SYNTHETIC_PROTOTYPE_DATA_NOT_REAL_PERSONNEL_DATA,DEMO / SYNTHETIC DATA — NOT REAL PERSONNEL OR SENSOR DATA
21.6,62.8,1.9,4.0,1.0,1.7,6.6,16.6,0,0,5.9,6.2,0.7,0,SYNTHETIC_PROTOTYPE_BENCHMARK,SYNTHETIC_PROTOTYPE_DATA_NOT_REAL_PERSONNEL_DATA,DEMO / SYNTHETIC DATA — NOT REAL PERSONNEL OR SENSOR DATA
22.2,51.6,4.3,4.5,5.0,1.8,7.9,17.1,0,2,7.4,6.1,0.6,0,SYNTHETIC_PROTOTYPE_BENCHMARK,SYNTHETIC_PROTOTYPE_DATA_NOT_REAL_PERSONNEL_DATA,DEMO / SYNTHETIC DATA — NOT REAL PERSONNEL OR SENSOR DATA
27.6,50.3,6.2,8.3,7.0,12.5,7.7,15.8,0,0,5.6,5.3,-4.3,1,SYNTHETIC_PROTOTYPE_BENCHMARK,SYNTHETIC_PROTOTYPE_DATA_NOT_REAL_PERSONNEL_DATA,DEMO / SYNTHETIC DATA — NOT REAL PERSONNEL OR SENSOR DATA
19.5,60.8,6.7,5.5,2.0,4.3,5.4,14.0,1,0,5.7,4.1,-2.4,1,SYNTHETIC_PROTOTYPE_BENCHMARK,SYNTHETIC_PROTOTYPE_DATA_NOT_REAL_PERSONNEL_DATA,DEMO / SYNTHETIC DATA — NOT REAL PERSONNEL OR SENSOR DATA
16.4,58.5,5.3,11.2,2.0,7.8,5.9,10.1,1,0,6.0,5.8,2.3,1,SYNTHETIC_PROTOTYPE_BENCHMARK,SYNTHETIC_PROTOTYPE_DATA_NOT_REAL_PERSONNEL_DATA,DEMO / SYNTHETIC DATA — NOT REAL PERSONNEL OR SENSOR DATA
6.3,36.2,5.4,4.0,5.0,0.2,7.6,15.5,0,0,7.2,4.3,1.5,0,SYNTHETIC_PROTOTYPE_BENCHMARK,SYNTHETIC_PROTOTYPE_DATA_NOT_REAL_PERSONNEL_DATA,DEMO / SYNTHETIC DATA — NOT REAL PERSONNEL OR SENSOR DATA
24.3,66.8,6.3,4.0,9.0,2.7,6.4,16.0,2,0,7.5,2.9,-1.9,1,SYNTHETIC_PROTOTYPE_BENCHMARK,SYNTHETIC_PROTOTYPE_DATA_NOT_REAL_PERSONNEL_DATA,DEMO / SYNTHETIC DATA — NOT REAL PERSONNEL OR SENSOR DATA
24.4,65.8,5.0,4.3,5.0,3.9,6.2,14.5,2,1,3.4,2.2,-2.3,1,SYNTHETIC_PROTOTYPE_BENCHMARK,SYNTHETIC_PROTOTYPE_DATA_NOT_REAL_PERSONNEL_DATA,DEMO / SYNTHETIC DATA — NOT REAL PERSONNEL OR SENSOR DATA
22.7,45.7,8.3,4.0,1.0,1.2,7.6,16.2,0,0,5.6,7.3,-5.0,1,SYNTHETIC_PROTOTYPE_BENCHMARK,SYNTHETIC_PROTOTYPE_DATA_NOT_REAL_PERSONNEL_DATA,DEMO / SYNTHETIC DATA — NOT REAL PERSONNEL OR SENSOR DATA
15.6,56.0,7.2,4.0,8.0,0.8,7.6,16.3,0,1,8.7,3.8,3.2,0,SYNTHETIC_PROTOTYPE_BENCHMARK,SYNTHETIC_PROTOTYPE_DATA_NOT_REAL_PERSONNEL_DATA,DEMO / SYNTHETIC DATA — NOT REAL PERSONNEL OR SENSOR DATA
20.5,56.9,7.2,4.0,2.0,12.3,7.8,13.8,0,0,3.6,5.4,0.1,0,SYNTHETIC_PROTOTYPE_BENCHMARK,SYNTHETIC_PROTOTYPE_DATA_NOT_REAL_PERSONNEL_DATA,DEMO / SYNTHETIC DATA — NOT REAL PERSONNEL OR SENSOR DATA
14.0,54.6,3.6,4.0,3.0,16.8,6.9,16.4,0,0,6.3,4.8,4.1,0,SYNTHETIC_PROTOTYPE_BENCHMARK,SYNTHETIC_PROTOTYPE_DATA_NOT_REAL_PERSONNEL_DATA,DEMO / SYNTHETIC DATA — NOT REAL PERSONNEL OR SENSOR DATA
23.1,46.5,5.3,4.0,6.0,0.5,6.5,15.1,0,1,5.9,9.8,-0.4,1,SYNTHETIC_PROTOTYPE_BENCHMARK,SYNTHETIC_PROTOTYPE_DATA_NOT_REAL_PERSONNEL_DATA,DEMO / SYNTHETIC DATA — NOT REAL PERSONNEL OR SENSOR DATA
21.9,45.3,4.9,4.0,1.0,2.6,7.1,14.2,0,3,5.1,6.1,0.6,1,SYNTHETIC_PROTOTYPE_BENCHMARK,SYNTHETIC_PROTOTYPE_DATA_NOT_REAL_PERSONNEL_DATA,DEMO / SYNTHETIC DATA — NOT REAL PERSONNEL OR SENSOR DATA
13.1,51.7,3.5,4.0,5.0,19.1,6.4,17.2,2,2,9.4,2.3,2.0,0,SYNTHETIC_PROTOTYPE_BENCHMARK,SYNTHETIC_PROTOTYPE_DATA_NOT_REAL_PERSONNEL_DATA,DEMO / SYNTHETIC DATA — NOT REAL PERSONNEL OR SENSOR DATA
23.5,63.7,6.2,4.5,3.0,0.5,6.9,13.9,0,3,6.3,6.2,3.6,1,SYNTHETIC_PROTOTYPE_BENCHMARK,SYNTHETIC_PROTOTYPE_DATA_NOT_REAL_PERSONNEL_DATA,DEMO / SYNTHETIC DATA — NOT REAL PERSONNEL OR SENSOR DATA
10.9,57.4,4.4,4.0,8.0,6.2,6.9,14.7,0,1,9.2,4.2,1.1,0,SYNTHETIC_PROTOTYPE_BENCHMARK,SYNTHETIC_PROTOTYPE_DATA_NOT_REAL_PERSONNEL_DATA,DEMO / SYNTHETIC DATA — NOT REAL PERSONNEL OR SENSOR DATA
12.3,48.3,6.8,4.0,1.0,21.5,8.2,15.7,0,1,6.2,5.0,0.0,0,SYNTHETIC_PROTOTYPE_BENCHMARK,SYNTHETIC_PROTOTYPE_DATA_NOT_REAL_PERSONNEL_DATA,DEMO / SYNTHETIC DATA — NOT REAL PERSONNEL OR SENSOR DATA
15.6,59.7,3.4,4.0,2.0,23.0,5.7,18.3,2,1,7.1,3.7,0.1,1,SYNTHETIC_PROTOTYPE_BENCHMARK,SYNTHETIC_PROTOTYPE_DATA_NOT_REAL_PERSONNEL_DATA,DEMO / SYNTHETIC DATA — NOT REAL PERSONNEL OR SENSOR DATA
12.5,30.0,8.9,4.0,6.0,3.8,8.1,16.0,0,1,5.0,6.6,-2.3,0,SYNTHETIC_PROTOTYPE_BENCHMARK,SYNTHETIC_PROTOTYPE_DATA_NOT_REAL_PERSONNEL_DATA,DEMO / SYNTHETIC DATA — NOT REAL PERSONNEL OR SENSOR DATA
14.9,63.5,3.7,5.4,0.0,1.1,8.4,16.1,0,0,5.1,4.7,-0.8,0,SYNTHETIC_PROTOTYPE_BENCHMARK,SYNTHETIC_PROTOTYPE_DATA_NOT_REAL_PERSONNEL_DATA,DEMO / SYNTHETIC DATA — NOT REAL PERSONNEL OR SENSOR DATA
15.8,34.6,5.9,5.7,0.0,1.4,7.2,14.3,0,1,7.0,5.1,0.1,0,SYNTHETIC_PROTOTYPE_BENCHMARK,SYNTHETIC_PROTOTYPE_DATA_NOT_REAL_PERSONNEL_DATA,DEMO / SYNTHETIC DATA — NOT REAL PERSONNEL OR SENSOR DATA
19.2,48.4,7.1,4.4,16.0,13.2,6.9,15.3,0,1,7.1,4.6,3.0,0,SYNTHETIC_PROTOTYPE_BENCHMARK,SYNTHETIC_PROTOTYPE_DATA_NOT_REAL_PERSONNEL_DATA,DEMO / SYNTHETIC DATA — NOT REAL PERSONNEL OR SENSOR DATA
16.3,40.8,4.4,4.0,1.0,14.6,6.3,15.5,1,1,7.4,5.9,-0.9,0,SYNTHETIC_PROTOTYPE_BENCHMARK,SYNTHETIC_PROTOTYPE_DATA_NOT_REAL_PERSONNEL_DATA,DEMO / SYNTHETIC DATA — NOT REAL PERSONNEL OR SENSOR DATA
17.8,39.1,7.2,4.0,13.0,5.6,7.4,16.2,0,1,7.0,2.3,2.3,0,SYNTHETIC_PROTOTYPE_BENCHMARK,SYNTHETIC_PROTOTYPE_DATA_NOT_REAL_PERSONNEL_DATA,DEMO / SYNTHETIC DATA — NOT REAL PERSONNEL OR SENSOR DATA
13.9,63.6,3.0,4.0,1.0,8.7,5.7,15.0,1,0,3.5,2.3,-0.2,0,SYNTHETIC_PROTOTYPE_BENCHMARK,SYNTHETIC_PROTOTYPE_DATA_NOT_REAL_PERSONNEL_DATA,DEMO / SYNTHETIC DATA — NOT REAL PERSONNEL OR SENSOR DATA
18.5,47.3,8.4,4.0,2.0,8.1,7.8,18.3,0,1,4.6,7.9,2.7,0,SYNTHETIC_PROTOTYPE_BENCHMARK,SYNTHETIC_PROTOTYPE_DATA_NOT_REAL_PERSONNEL_DATA,DEMO / SYNTHETIC DATA — NOT REAL PERSONNEL OR SENSOR DATA
23.3,55.5,5.5,4.0,5.0,6.5,6.8,14.9,0,0,7.9,5.4,1.5,0,SYNTHETIC_PROTOTYPE_BENCHMARK,SYNTHETIC_PROTOTYPE_DATA_NOT_REAL_PERSONNEL_DATA,DEMO / SYNTHETIC DATA — NOT REAL PERSONNEL OR SENSOR DATA
21.2,51.5,4.3,4.0,4.0,10.5,6.0,12.2,2,3,2.3,4.3,1.3,2,SYNTHETIC_PROTOTYPE_BENCHMARK,SYNTHETIC_PROTOTYPE_DATA_NOT_REAL_PERSONNEL_DATA,DEMO / SYNTHETIC DATA — NOT REAL PERSONNEL OR SENSOR DATA
18.8,56.8,4.9,4.0,3.0,6.9,7.3,21.1,0,0,6.8,2.3,2.2,0,SYNTHETIC_PROTOTYPE_BENCHMARK,SYNTHETIC_PROTOTYPE_DATA_NOT_REAL_PERSONNEL_DATA,DEMO / SYNTHETIC DATA — NOT REAL PERSONNEL OR SENSOR DATA
19.4,52.8,7.1,5.0,3.0,4.6,7.0,14.5,0,0,6.0,5.0,1.8,0,SYNTHETIC_PROTOTYPE_BENCHMARK,SYNTHETIC_PROTOTYPE_DATA_NOT_REAL_PERSONNEL_DATA,DEMO / SYNTHETIC DATA — NOT REAL PERSONNEL OR SENSOR DATA
20.4,39.2,4.3,4.0,6.0,1.6,8.2,18.2,0,3,7.9,7.3,2.3,0,SYNTHETIC_PROTOTYPE_BENCHMARK,SYNTHETIC_PROTOTYPE_DATA_NOT_REAL_PERSONNEL_DATA,DEMO / SYNTHETIC DATA — NOT REAL PERSONNEL OR SENSOR DATA
22.2,62.0,4.0,5.5,1.0,8.2,5.5,17.8,1,1,7.0,8.5,4.7,1,SYNTHETIC_PROTOTYPE_BENCHMARK,SYNTHETIC_PROTOTYPE_DATA_NOT_REAL_PERSONNEL_DATA,DEMO / SYNTHETIC DATA — NOT REAL PERSONNEL OR SENSOR DATA
18.4,47.1,5.1,4.0,2.0,3.8,7.4,17.5,0,0,4.9,8.2,3.6,0,SYNTHETIC_PROTOTYPE_BENCHMARK,SYNTHETIC_PROTOTYPE_DATA_NOT_REAL_PERSONNEL_DATA,DEMO / SYNTHETIC DATA — NOT REAL PERSONNEL OR SENSOR DATA
14.6,36.4,3.1,4.0,1.0,2.1,8.2,15.2,0,1,4.8,4.6,1.0,0,SYNTHETIC_PROTOTYPE_BENCHMARK,SYNTHETIC_PROTOTYPE_DATA_NOT_REAL_PERSONNEL_DATA,DEMO / SYNTHETIC DATA — NOT REAL PERSONNEL OR SENSOR DATA
21.2,47.7,9.1,14.9,3.0,9.7,6.6,11.8,0,0,5.2,4.6,-1.0,1,SYNTHETIC_PROTOTYPE_BENCHMARK,SYNTHETIC_PROTOTYPE_DATA_NOT_REAL_PERSONNEL_DATA,DEMO / SYNTHETIC DATA — NOT REAL PERSONNEL OR SENSOR DATA
22.6,67.0,4.4,12.6,1.0,7.2,5.2,9.6,1,0,7.4,2.1,0.8,1,SYNTHETIC_PROTOTYPE_BENCHMARK,SYNTHETIC_PROTOTYPE_DATA_NOT_REAL_PERSONNEL_DATA,DEMO / SYNTHETIC DATA — NOT REAL PERSONNEL OR SENSOR DATA
16.2,60.5,7.2,4.0,1.0,16.6,6.1,19.6,2,0,1.6,3.4,-4.2,1,SYNTHETIC_PROTOTYPE_BENCHMARK,SYNTHETIC_PROTOTYPE_DATA_NOT_REAL_PERSONNEL_DATA,DEMO / SYNTHETIC DATA — NOT REAL PERSONNEL OR SENSOR DATA
11.9,48.5,5.9,4.0,2.0,1.1,8.1,13.9,0,1,6.5,5.0,1.8,0,SYNTHETIC_PROTOTYPE_BENCHMARK,SYNTHETIC_PROTOTYPE_DATA_NOT_REAL_PERSONNEL_DATA,DEMO / SYNTHETIC DATA — NOT REAL PERSONNEL OR SENSOR DATA
15.6,48.5,3.5,4.0,0.0,6.3,7.9,15.1,0,2,4.4,4.8,-2.3,0,SYNTHETIC_PROTOTYPE_BENCHMARK,SYNTHETIC_PROTOTYPE_DATA_NOT_REAL_PERSONNEL_DATA,DEMO / SYNTHETIC DATA — NOT REAL PERSONNEL OR SENSOR DATA
24.2,48.8,5.5,4.0,0.0,1.7,6.8,15.8,0,1,6.6,8.4,2.5,0,SYNTHETIC_PROTOTYPE_BENCHMARK,SYNTHETIC_PROTOTYPE_DATA_NOT_REAL_PERSONNEL_DATA,DEMO / SYNTHETIC DATA — NOT REAL PERSONNEL OR SENSOR DATA
25.0,72.8,7.1,7.1,4.0,14.0,4.7,14.1,3,1,6.9,2.0,4.4,2,SYNTHETIC_PROTOTYPE_BENCHMARK,SYNTHETIC_PROTOTYPE_DATA_NOT_REAL_PERSONNEL_DATA,DEMO / SYNTHETIC DATA — NOT REAL PERSONNEL OR SENSOR DATA
19.0,55.8,5.1,12.0,2.0,0.6,6.5,11.1,0,0,2.9,4.8,-3.2,1,SYNTHETIC_PROTOTYPE_BENCHMARK,SYNTHETIC_PROTOTYPE_DATA_NOT_REAL_PERSONNEL_DATA,DEMO / SYNTHETIC DATA — NOT REAL PERSONNEL OR SENSOR DATA
11.9,56.3,7.9,4.0,7.0,6.4,6.3,18.4,2,0,5.7,1.8,-0.1,0,SYNTHETIC_PROTOTYPE_BENCHMARK,SYNTHETIC_PROTOTYPE_DATA_NOT_REAL_PERSONNEL_DATA,DEMO / SYNTHETIC DATA — NOT REAL PERSONNEL OR SENSOR DATA
24.1,62.3,7.5,4.0,4.0,9.4,6.7,17.5,0,2,6.5,5.0,-2.3,1,SYNTHETIC_PROTOTYPE_BENCHMARK,SYNTHETIC_PROTOTYPE_DATA_NOT_REAL_PERSONNEL_DATA,DEMO / SYNTHETIC DATA — NOT REAL PERSONNEL OR SENSOR DATA
18.8,54.4,7.3,4.0,0.0,2.6,6.8,16.2,0,0,6.4,3.0,-3.8,0,SYNTHETIC_PROTOTYPE_BENCHMARK,SYNTHETIC_PROTOTYPE_DATA_NOT_REAL_PERSONNEL_DATA,DEMO / SYNTHETIC DATA — NOT REAL PERSONNEL OR SENSOR DATA
9.4,49.4,4.6,4.0,3.0,18.5,6.0,14.8,2,2,6.0,6.9,-0.2,0,SYNTHETIC_PROTOTYPE_BENCHMARK,SYNTHETIC_PROTOTYPE_DATA_NOT_REAL_PERSONNEL_DATA,DEMO / SYNTHETIC DATA — NOT REAL PERSONNEL OR SENSOR DATA
17.0,50.0,3.3,9.6,0.0,11.4,7.6,15.5,0,1,3.8,4.8,1.4,0,SYNTHETIC_PROTOTYPE_BENCHMARK,SYNTHETIC_PROTOTYPE_DATA_NOT_REAL_PERSONNEL_DATA,DEMO / SYNTHETIC DATA — NOT REAL PERSONNEL OR SENSOR DATA
12.3,51.3,4.3,8.2,5.0,2.1,7.1,13.0,0,2,4.1,3.0,1.7,0,SYNTHETIC_PROTOTYPE_BENCHMARK,SYNTHETIC_PROTOTYPE_DATA_NOT_REAL_PERSONNEL_DATA,DEMO / SYNTHETIC DATA — NOT REAL PERSONNEL OR SENSOR DATA
13.5,51.6,5.9,4.0,17.0,0.0,7.4,18.7,0,0,3.4,2.0,0.3,0,SYNTHETIC_PROTOTYPE_BENCHMARK,SYNTHETIC_PROTOTYPE_DATA_NOT_REAL_PERSONNEL_DATA,DEMO / SYNTHETIC DATA — NOT REAL PERSONNEL OR SENSOR DATA
24.7,59.3,6.6,4.0,3.0,2.1,5.3,15.8,1,0,7.3,3.2,-3.7,1,SYNTHETIC_PROTOTYPE_BENCHMARK,SYNTHETIC_PROTOTYPE_DATA_NOT_REAL_PERSONNEL_DATA,DEMO / SYNTHETIC DATA — NOT REAL PERSONNEL OR SENSOR DATA
20.4,52.5,1.2,4.0,4.0,2.0,5.0,18.1,1,2,6.0,5.4,0.3,0,SYNTHETIC_PROTOTYPE_BENCHMARK,SYNTHETIC_PROTOTYPE_DATA_NOT_REAL_PERSONNEL_DATA,DEMO / SYNTHETIC DATA — NOT REAL PERSONNEL OR SENSOR DATA
21.6,59.3,5.5,4.0,1.0,13.2,5.2,15.4,2,2,6.1,5.3,-3.3,1,SYNTHETIC_PROTOTYPE_BENCHMARK,SYNTHETIC_PROTOTYPE_DATA_NOT_REAL_PERSONNEL_DATA,DEMO / SYNTHETIC DATA — NOT REAL PERSONNEL OR SENSOR DATA
15.7,51.2,5.8,6.8,2.0,20.5,6.1,14.6,1,0,2.8,4.4,-3.1,0,SYNTHETIC_PROTOTYPE_BENCHMARK,SYNTHETIC_PROTOTYPE_DATA_NOT_REAL_PERSONNEL_DATA,DEMO / SYNTHETIC DATA — NOT REAL PERSONNEL OR SENSOR DATA
19.1,52.8,4.9,4.0,7.0,0.4,7.4,18.1,0,3,6.1,6.5,-2.2,1,SYNTHETIC_PROTOTYPE_BENCHMARK,SYNTHETIC_PROTOTYPE_DATA_NOT_REAL_PERSONNEL_DATA,DEMO / SYNTHETIC DATA — NOT REAL PERSONNEL OR SENSOR DATA
16.7,32.0,8.1,4.0,1.0,3.8,5.8,20.0,2,0,7.5,4.5,2.3,0,SYNTHETIC_PROTOTYPE_BENCHMARK,SYNTHETIC_PROTOTYPE_DATA_NOT_REAL_PERSONNEL_DATA,DEMO / SYNTHETIC DATA — NOT REAL PERSONNEL OR SENSOR DATA
13.1,61.2,6.3,4.0,1.0,4.8,7.8,18.7,0,0,2.5,1.0,1.2,0,SYNTHETIC_PROTOTYPE_BENCHMARK,SYNTHETIC_PROTOTYPE_DATA_NOT_REAL_PERSONNEL_DATA,DEMO / SYNTHETIC DATA — NOT REAL PERSONNEL OR SENSOR DATA
25.0,55.5,8.1,6.8,2.0,0.6,7.0,16.2,0,1,5.1,5.3,0.7,1,SYNTHETIC_PROTOTYPE_BENCHMARK,SYNTHETIC_PROTOTYPE_DATA_NOT_REAL_PERSONNEL_DATA,DEMO / SYNTHETIC DATA — NOT REAL PERSONNEL OR SENSOR DATA
16.1,62.0,5.1,4.0,4.0,2.8,7.6,16.8,0,2,3.1,6.5,-1.9,0,SYNTHETIC_PROTOTYPE_BENCHMARK,SYNTHETIC_PROTOTYPE_DATA_NOT_REAL_PERSONNEL_DATA,DEMO / SYNTHETIC DATA — NOT REAL PERSONNEL OR SENSOR DATA
11.6,30.0,7.4,7.8,2.0,2.3,7.1,13.1,0,3,5.4,8.3,-0.9,1,SYNTHETIC_PROTOTYPE_BENCHMARK,SYNTHETIC_PROTOTYPE_DATA_NOT_REAL_PERSONNEL_DATA,DEMO / SYNTHETIC DATA — NOT REAL PERSONNEL OR SENSOR DATA
28.6,72.9,8.8,9.1,9.0,4.6,6.4,14.1,2,1,4.4,2.0,-3.0,2,SYNTHETIC_PROTOTYPE_BENCHMARK,SYNTHETIC_PROTOTYPE_DATA_NOT_REAL_PERSONNEL_DATA,DEMO / SYNTHETIC DATA — NOT REAL PERSONNEL OR SENSOR DATA
16.3,50.6,8.1,11.7,0.0,6.5,6.9,10.7,0,0,7.0,4.4,3.0,1,SYNTHETIC_PROTOTYPE_BENCHMARK,SYNTHETIC_PROTOTYPE_DATA_NOT_REAL_PERSONNEL_DATA,DEMO / SYNTHETIC DATA — NOT REAL PERSONNEL OR SENSOR DATA
19.2,63.1,3.3,4.0,2.0,7.3,7.0,16.4,0,1,6.5,5.6,4.8,0,SYNTHETIC_PROTOTYPE_BENCHMARK,SYNTHETIC_PROTOTYPE_DATA_NOT_REAL_PERSONNEL_DATA,DEMO / SYNTHETIC DATA — NOT REAL PERSONNEL OR SENSOR DATA
16.8,41.6,5.0,4.0,4.0,0.9,7.2,16.5,0,0,8.8,4.7,1.2,0,SYNTHETIC_PROTOTYPE_BENCHMARK,SYNTHETIC_PROTOTYPE_DATA_NOT_REAL_PERSONNEL_DATA,DEMO / SYNTHETIC DATA — NOT REAL PERSONNEL OR SENSOR DATA
16.2,58.1,4.8,4.0,1.0,10.1,6.9,11.7,0,1,6.1,4.9,1.6,1,SYNTHETIC_PROTOTYPE_BENCHMARK,SYNTHETIC_PROTOTYPE_DATA_NOT_REAL_PERSONNEL_DATA,DEMO / SYNTHETIC DATA — NOT REAL PERSONNEL OR SENSOR DATA
16.2,41.5,6.5,4.0,4.0,6.8,8.1,15.7,0,1,6.9,4.6,-0.3,0,SYNTHETIC_PROTOTYPE_BENCHMARK,SYNTHETIC_PROTOTYPE_DATA_NOT_REAL_PERSONNEL_DATA,DEMO / SYNTHETIC DATA — NOT REAL PERSONNEL OR SENSOR DATA
19.7,45.8,6.9,4.0,1.0,13.2,6.4,16.4,1,0,5.1,3.8,-3.6,1,SYNTHETIC_PROTOTYPE_BENCHMARK,SYNTHETIC_PROTOTYPE_DATA_NOT_REAL_PERSONNEL_DATA,DEMO / SYNTHETIC DATA — NOT REAL PERSONNEL OR SENSOR DATA
28.1,71.1,3.8,4.0,0.0,3.6,6.3,15.4,1,1,4.0,2.7,-1.9,1,SYNTHETIC_PROTOTYPE_BENCHMARK,SYNTHETIC_PROTOTYPE_DATA_NOT_REAL_PERSONNEL_DATA,DEMO / SYNTHETIC DATA — NOT REAL PERSONNEL OR SENSOR DATA
18.1,50.1,5.6,4.0,0.0,13.5,5.2,16.3,2,1,7.9,6.7,-1.0,1,SYNTHETIC_PROTOTYPE_BENCHMARK,SYNTHETIC_PROTOTYPE_DATA_NOT_REAL_PERSONNEL_DATA,DEMO / SYNTHETIC DATA — NOT REAL PERSONNEL OR SENSOR DATA
15.8,54.2,1.5,8.0,9.0,12.0,7.1,11.3,0,2,8.7,5.0,-0.8,0,SYNTHETIC_PROTOTYPE_BENCHMARK,SYNTHETIC_PROTOTYPE_DATA_NOT_REAL_PERSONNEL_DATA,DEMO / SYNTHETIC DATA — NOT REAL PERSONNEL OR SENSOR DATA
22.5,60.7,8.4,4.0,3.0,3.5,8.1,14.0,0,1,7.6,6.5,-1.4,1,SYNTHETIC_PROTOTYPE_BENCHMARK,SYNTHETIC_PROTOTYPE_DATA_NOT_REAL_PERSONNEL_DATA,DEMO / SYNTHETIC DATA — NOT REAL PERSONNEL OR SENSOR DATA
19.3,57.0,4.5,4.1,6.0,2.9,5.7,17.6,1,0,6.5,5.6,0.1,0,SYNTHETIC_PROTOTYPE_BENCHMARK,SYNTHETIC_PROTOTYPE_DATA_NOT_REAL_PERSONNEL_DATA,DEMO / SYNTHETIC DATA — NOT REAL PERSONNEL OR SENSOR DATA
17.2,53.5,5.6,5.8,1.0,16.2,6.4,14.9,2,0,4.3,7.4,-1.9,0,SYNTHETIC_PROTOTYPE_BENCHMARK,SYNTHETIC_PROTOTYPE_DATA_NOT_REAL_PERSONNEL_DATA,DEMO / SYNTHETIC DATA — NOT REAL PERSONNEL OR SENSOR DATA
22.9,55.6,4.9,5.7,3.0,7.5,7.4,15.6,0,0,8.5,6.1,4.8,0,SYNTHETIC_PROTOTYPE_BENCHMARK,SYNTHETIC_PROTOTYPE_DATA_NOT_REAL_PERSONNEL_DATA,DEMO / SYNTHETIC DATA — NOT REAL PERSONNEL OR SENSOR DATA
17.3,76.0,7.8,8.7,2.0,15.8,5.6,12.6,2,0,7.4,4.9,-3.0,1,SYNTHETIC_PROTOTYPE_BENCHMARK,SYNTHETIC_PROTOTYPE_DATA_NOT_REAL_PERSONNEL_DATA,DEMO / SYNTHETIC DATA — NOT REAL PERSONNEL OR SENSOR DATA
9.9,51.4,1.0,5.2,10.0,9.6,6.9,15.1,0,1,10.0,5.0,2.0,0,SYNTHETIC_PROTOTYPE_BENCHMARK,SYNTHETIC_PROTOTYPE_DATA_NOT_REAL_PERSONNEL_DATA,DEMO / SYNTHETIC DATA — NOT REAL PERSONNEL OR SENSOR DATA
15.8,54.0,5.5,10.5,5.0,5.6,6.5,8.4,1,3,3.9,9.5,-0.6,1,SYNTHETIC_PROTOTYPE_BENCHMARK,SYNTHETIC_PROTOTYPE_DATA_NOT_REAL_PERSONNEL_DATA,DEMO / SYNTHETIC DATA — NOT REAL PERSONNEL OR SENSOR DATA
25.7,62.5,5.3,4.0,5.0,0.7,6.2,17.3,1,1,7.9,4.7,1.0,1,SYNTHETIC_PROTOTYPE_BENCHMARK,SYNTHETIC_PROTOTYPE_DATA_NOT_REAL_PERSONNEL_DATA,DEMO / SYNTHETIC DATA — NOT REAL PERSONNEL OR SENSOR DATA
22.4,63.1,4.6,4.0,0.0,2.1,6.4,19.2,1,1,7.3,1.5,1.1,1,SYNTHETIC_PROTOTYPE_BENCHMARK,SYNTHETIC_PROTOTYPE_DATA_NOT_REAL_PERSONNEL_DATA,DEMO / SYNTHETIC DATA — NOT REAL PERSONNEL OR SENSOR DATA
18.2,63.9,9.0,4.0,3.0,20.8,6.0,13.5,2,1,5.5,4.9,0.3,1,SYNTHETIC_PROTOTYPE_BENCHMARK,SYNTHETIC_PROTOTYPE_DATA_NOT_REAL_PERSONNEL_DATA,DEMO / SYNTHETIC DATA — NOT REAL PERSONNEL OR SENSOR DATA
17.8,58.4,3.7,4.0,2.0,2.3,5.8,13.7,2,0,8.9,3.3,-2.5,0,SYNTHETIC_PROTOTYPE_BENCHMARK,SYNTHETIC_PROTOTYPE_DATA_NOT_REAL_PERSONNEL_DATA,DEMO / SYNTHETIC DATA — NOT REAL PERSONNEL OR SENSOR DATA
19.7,40.6,7.0,4.0,9.0,0.6,7.4,16.5,0,3,7.0,7.3,-0.7,1,SYNTHETIC_PROTOTYPE_BENCHMARK,SYNTHETIC_PROTOTYPE_DATA_NOT_REAL_PERSONNEL_DATA,DEMO / SYNTHETIC DATA — NOT REAL PERSONNEL OR SENSOR DATA
15.5,68.3,6.2,4.0,1.0,7.4,7.4,18.5,0,3,4.3,5.3,0.4,1,SYNTHETIC_PROTOTYPE_BENCHMARK,SYNTHETIC_PROTOTYPE_DATA_NOT_REAL_PERSONNEL_DATA,DEMO / SYNTHETIC DATA — NOT REAL PERSONNEL OR SENSOR DATA
18.6,40.5,8.0,4.0,1.0,7.9,6.9,15.6,0,1,6.0,5.5,0.2,1,SYNTHETIC_PROTOTYPE_BENCHMARK,SYNTHETIC_PROTOTYPE_DATA_NOT_REAL_PERSONNEL_DATA,DEMO / SYNTHETIC DATA — NOT REAL PERSONNEL OR SENSOR DATA
13.1,55.0,4.2,4.0,2.0,2.0,5.8,13.1,2,0,4.3,3.6,-2.3,0,SYNTHETIC_PROTOTYPE_BENCHMARK,SYNTHETIC_PROTOTYPE_DATA_NOT_REAL_PERSONNEL_DATA,DEMO / SYNTHETIC DATA — NOT REAL PERSONNEL OR SENSOR DATA
20.3,44.5,4.0,4.0,1.0,2.1,7.1,15.2,0,2,5.3,5.7,2.8,0,SYNTHETIC_PROTOTYPE_BENCHMARK,SYNTHETIC_PROTOTYPE_DATA_NOT_REAL_PERSONNEL_DATA,DEMO / SYNTHETIC DATA — NOT REAL PERSONNEL OR SENSOR DATA
14.0,51.4,7.7,9.6,0.0,3.8,6.4,11.3,2,0,7.6,4.2,-5.0,1,SYNTHETIC_PROTOTYPE_BENCHMARK,SYNTHETIC_PROTOTYPE_DATA_NOT_REAL_PERSONNEL_DATA,DEMO / SYNTHETIC DATA — NOT REAL PERSONNEL OR SENSOR DATA
23.3,55.3,6.4,4.0,7.0,0.1,5.8,14.3,1,2,8.2,6.1,-0.6,1,SYNTHETIC_PROTOTYPE_BENCHMARK,SYNTHETIC_PROTOTYPE_DATA_NOT_REAL_PERSONNEL_DATA,DEMO / SYNTHETIC DATA — NOT REAL PERSONNEL OR SENSOR DATA
24.1,55.2,2.4,5.3,3.0,9.3,6.7,14.5,0,2,6.6,5.8,-2.0,1,SYNTHETIC_PROTOTYPE_BENCHMARK,SYNTHETIC_PROTOTYPE_DATA_NOT_REAL_PERSONNEL_DATA,DEMO / SYNTHETIC DATA — NOT REAL PERSONNEL OR SENSOR DATA
21.6,56.2,4.4,4.0,7.0,2.3,6.2,13.7,1,0,4.7,9.3,0.4,0,SYNTHETIC_PROTOTYPE_BENCHMARK,SYNTHETIC_PROTOTYPE_DATA_NOT_REAL_PERSONNEL_DATA,DEMO / SYNTHETIC DATA — NOT REAL PERSONNEL OR SENSOR DATA
28.6,68.1,6.3,9.7,6.0,11.5,5.5,11.8,2,3,7.0,3.5,2.2,2,SYNTHETIC_PROTOTYPE_BENCHMARK,SYNTHETIC_PROTOTYPE_DATA_NOT_REAL_PERSONNEL_DATA,DEMO / SYNTHETIC DATA — NOT REAL PERSONNEL OR SENSOR DATA
23.4,56.5,7.2,8.9,1.0,9.7,6.7,13.8,0,3,7.6,4.4,-3.1,2,SYNTHETIC_PROTOTYPE_BENCHMARK,SYNTHETIC_PROTOTYPE_DATA_NOT_REAL_PERSONNEL_DATA,DEMO / SYNTHETIC DATA — NOT REAL PERSONNEL OR SENSOR DATA
15.8,49.6,4.1,4.2,3.0,6.5,5.7,15.9,1,3,2.3,5.0,5.0,1,SYNTHETIC_PROTOTYPE_BENCHMARK,SYNTHETIC_PROTOTYPE_DATA_NOT_REAL_PERSONNEL_DATA,DEMO / SYNTHETIC DATA — NOT REAL PERSONNEL OR SENSOR DATA
17.7,61.6,1.0,4.5,0.0,2.4,5.2,12.6,1,1,6.4,4.4,0.4,0,SYNTHETIC_PROTOTYPE_BENCHMARK,SYNTHETIC_PROTOTYPE_DATA_NOT_REAL_PERSONNEL_DATA,DEMO / SYNTHETIC DATA — NOT REAL PERSONNEL OR SENSOR DATA
18.6,63.9,6.5,4.0,9.0,4.4,7.0,16.4,0,0,5.8,6.0,0.8,0,SYNTHETIC_PROTOTYPE_BENCHMARK,SYNTHETIC_PROTOTYPE_DATA_NOT_REAL_PERSONNEL_DATA,DEMO / SYNTHETIC DATA — NOT REAL PERSONNEL OR SENSOR DATA
14.8,39.7,3.1,16.8,2.0,3.5,5.9,9.7,1,1,8.1,5.4,-3.2,0,SYNTHETIC_PROTOTYPE_BENCHMARK,SYNTHETIC_PROTOTYPE_DATA_NOT_REAL_PERSONNEL_DATA,DEMO / SYNTHETIC DATA — NOT REAL PERSONNEL OR SENSOR DATA
12.1,58.0,1.5,8.4,2.0,2.5,5.9,15.3,1,1,7.0,7.7,-0.1,0,SYNTHETIC_PROTOTYPE_BENCHMARK,SYNTHETIC_PROTOTYPE_DATA_NOT_REAL_PERSONNEL_DATA,DEMO / SYNTHETIC DATA — NOT REAL PERSONNEL OR SENSOR DATA
19.4,59.0,1.0,9.0,1.0,11.3,5.0,15.2,3,0,7.2,5.6,2.1,0,SYNTHETIC_PROTOTYPE_BENCHMARK,SYNTHETIC_PROTOTYPE_DATA_NOT_REAL_PERSONNEL_DATA,DEMO / SYNTHETIC DATA — NOT REAL PERSONNEL OR SENSOR DATA
14.4,49.0,7.1,4.3,2.0,4.0,6.6,14.4,0,1,5.2,4.5,0.5,1,SYNTHETIC_PROTOTYPE_BENCHMARK,SYNTHETIC_PROTOTYPE_DATA_NOT_REAL_PERSONNEL_DATA,DEMO / SYNTHETIC DATA — NOT REAL PERSONNEL OR SENSOR DATA
27.7,65.8,5.8,4.0,1.0,10.7,6.5,16.8,2,1,6.2,3.2,0.3,1,SYNTHETIC_PROTOTYPE_BENCHMARK,SYNTHETIC_PROTOTYPE_DATA_NOT_REAL_PERSONNEL_DATA,DEMO / SYNTHETIC DATA — NOT REAL PERSONNEL OR SENSOR DATA
16.5,50.5,5.0,9.0,2.0,0.7,7.1,11.9,0,0,8.1,6.8,-0.1,0,SYNTHETIC_PROTOTYPE_BENCHMARK,SYNTHETIC_PROTOTYPE_DATA_NOT_REAL_PERSONNEL_DATA,DEMO / SYNTHETIC DATA — NOT REAL PERSONNEL OR SENSOR DATA
20.2,53.3,8.3,4.0,6.0,0.9,8.9,18.2,0,0,6.1,5.1,-3.0,0,SYNTHETIC_PROTOTYPE_BENCHMARK,SYNTHETIC_PROTOTYPE_DATA_NOT_REAL_PERSONNEL_DATA,DEMO / SYNTHETIC DATA — NOT REAL PERSONNEL OR SENSOR DATA
20.6,50.3,6.8,4.0,6.0,22.7,7.3,14.0,0,0,6.5,5.2,-3.0,0,SYNTHETIC_PROTOTYPE_BENCHMARK,SYNTHETIC_PROTOTYPE_DATA_NOT_REAL_PERSONNEL_DATA,DEMO / SYNTHETIC DATA — NOT REAL PERSONNEL OR SENSOR DATA
31.2,52.2,8.7,4.0,1.0,5.3,6.1,16.3,2,2,3.1,4.2,2.6,1,SYNTHETIC_PROTOTYPE_BENCHMARK,SYNTHETIC_PROTOTYPE_DATA_NOT_REAL_PERSONNEL_DATA,DEMO / SYNTHETIC DATA — NOT REAL PERSONNEL OR SENSOR DATA
16.1,41.0,2.7,10.2,2.0,4.3,6.4,12.7,1,1,6.1,5.6,1.9,0,SYNTHETIC_PROTOTYPE_BENCHMARK,SYNTHETIC_PROTOTYPE_DATA_NOT_REAL_PERSONNEL_DATA,DEMO / SYNTHETIC DATA — NOT REAL PERSONNEL OR SENSOR DATA
9.3,37.6,5.4,4.0,7.0,4.4,9.6,13.6,0,0,2.2,5.0,2.3,0,SYNTHETIC_PROTOTYPE_BENCHMARK,SYNTHETIC_PROTOTYPE_DATA_NOT_REAL_PERSONNEL_DATA,DEMO / SYNTHETIC DATA — NOT REAL PERSONNEL OR SENSOR DATA
20.7,67.9,2.3,4.0,0.0,1.5,7.2,17.4,0,3,5.2,6.3,-1.8,1,SYNTHETIC_PROTOTYPE_BENCHMARK,SYNTHETIC_PROTOTYPE_DATA_NOT_REAL_PERSONNEL_DATA,DEMO / SYNTHETIC DATA — NOT REAL PERSONNEL OR SENSOR DATA
20.1,43.5,5.0,4.0,8.0,7.6,7.6,14.4,0,0,6.3,6.7,-0.3,0,SYNTHETIC_PROTOTYPE_BENCHMARK,SYNTHETIC_PROTOTYPE_DATA_NOT_REAL_PERSONNEL_DATA,DEMO / SYNTHETIC DATA — NOT REAL PERSONNEL OR SENSOR DATA
10.3,42.1,5.0,5.8,1.0,0.5,7.5,11.5,0,1,7.7,5.4,2.7,0,SYNTHETIC_PROTOTYPE_BENCHMARK,SYNTHETIC_PROTOTYPE_DATA_NOT_REAL_PERSONNEL_DATA,DEMO / SYNTHETIC DATA — NOT REAL PERSONNEL OR SENSOR DATA
12.1,30.5,6.8,4.0,4.0,5.1,7.9,9.8,0,2,4.2,6.0,-2.7,0,SYNTHETIC_PROTOTYPE_BENCHMARK,SYNTHETIC_PROTOTYPE_DATA_NOT_REAL_PERSONNEL_DATA,DEMO / SYNTHETIC DATA — NOT REAL PERSONNEL OR SENSOR DATA
21.0,45.6,5.6,4.0,3.0,5.1,5.9,13.8,2,2,6.9,5.6,2.5,1,SYNTHETIC_PROTOTYPE_BENCHMARK,SYNTHETIC_PROTOTYPE_DATA_NOT_REAL_PERSONNEL_DATA,DEMO / SYNTHETIC DATA — NOT REAL PERSONNEL OR SENSOR DATA
14.1,38.8,6.7,4.0,3.0,14.7,7.2,18.4,0,0,9.1,5.8,-1.3,0,SYNTHETIC_PROTOTYPE_BENCHMARK,SYNTHETIC_PROTOTYPE_DATA_NOT_REAL_PERSONNEL_DATA,DEMO / SYNTHETIC DATA — NOT REAL PERSONNEL OR SENSOR DATA
30.0,68.4,6.9,5.7,7.0,4.5,6.3,17.5,2,3,4.9,2.8,-1.9,2,SYNTHETIC_PROTOTYPE_BENCHMARK,SYNTHETIC_PROTOTYPE_DATA_NOT_REAL_PERSONNEL_DATA,DEMO / SYNTHETIC DATA — NOT REAL PERSONNEL OR SENSOR DATA
21.9,62.1,9.8,16.9,0.0,0.9,5.9,9.0,2,3,3.1,1.7,-0.1,2,SYNTHETIC_PROTOTYPE_BENCHMARK,SYNTHETIC_PROTOTYPE_DATA_NOT_REAL_PERSONNEL_DATA,DEMO / SYNTHETIC DATA — NOT REAL PERSONNEL OR SENSOR DATA
16.7,45.1,4.9,6.6,1.0,5.1,6.7,13.8,0,1,6.8,4.3,-2.5,0,SYNTHETIC_PROTOTYPE_BENCHMARK,SYNTHETIC_PROTOTYPE_DATA_NOT_REAL_PERSONNEL_DATA,DEMO / SYNTHETIC DATA — NOT REAL PERSONNEL OR SENSOR DATA
20.1,74.5,3.6,4.0,3.0,0.6,7.3,14.7,0,1,3.8,3.7,-4.2,1,SYNTHETIC_PROTOTYPE_BENCHMARK,SYNTHETIC_PROTOTYPE_DATA_NOT_REAL_PERSONNEL_DATA,DEMO / SYNTHETIC DATA — NOT REAL PERSONNEL OR SENSOR DATA
15.1,61.8,6.0,9.4,6.0,1.4,6.5,10.8,1,0,4.6,3.5,0.2,0,SYNTHETIC_PROTOTYPE_BENCHMARK,SYNTHETIC_PROTOTYPE_DATA_NOT_REAL_PERSONNEL_DATA,DEMO / SYNTHETIC DATA — NOT REAL PERSONNEL OR SENSOR DATA
18.1,48.8,3.9,4.0,1.0,0.2,8.8,13.7,0,1,8.0,6.5,1.2,0,SYNTHETIC_PROTOTYPE_BENCHMARK,SYNTHETIC_PROTOTYPE_DATA_NOT_REAL_PERSONNEL_DATA,DEMO / SYNTHETIC DATA — NOT REAL PERSONNEL OR SENSOR DATA
16.5,30.0,8.5,4.0,6.0,4.3,6.4,17.6,1,1,10.0,6.0,2.7,0,SYNTHETIC_PROTOTYPE_BENCHMARK,SYNTHETIC_PROTOTYPE_DATA_NOT_REAL_PERSONNEL_DATA,DEMO / SYNTHETIC DATA — NOT REAL PERSONNEL OR SENSOR DATA
24.7,74.9,4.9,4.0,2.0,0.5,5.7,16.6,1,2,4.2,6.6,1.3,1,SYNTHETIC_PROTOTYPE_BENCHMARK,SYNTHETIC_PROTOTYPE_DATA_NOT_REAL_PERSONNEL_DATA,DEMO / SYNTHETIC DATA — NOT REAL PERSONNEL OR SENSOR DATA
12.7,38.1,4.4,4.0,1.0,3.8,6.2,16.1,1,1,4.7,5.0,4.3,0,SYNTHETIC_PROTOTYPE_BENCHMARK,SYNTHETIC_PROTOTYPE_DATA_NOT_REAL_PERSONNEL_DATA,DEMO / SYNTHETIC DATA — NOT REAL PERSONNEL OR SENSOR DATA
14.2,35.5,4.6,6.0,5.0,16.2,6.2,12.1,1,1,5.3,6.2,3.0,0,SYNTHETIC_PROTOTYPE_BENCHMARK,SYNTHETIC_PROTOTYPE_DATA_NOT_REAL_PERSONNEL_DATA,DEMO / SYNTHETIC DATA — NOT REAL PERSONNEL OR SENSOR DATA
16.8,62.2,6.9,4.0,0.0,7.6,5.7,15.8,1,0,5.1,4.1,1.6,0,SYNTHETIC_PROTOTYPE_BENCHMARK,SYNTHETIC_PROTOTYPE_DATA_NOT_REAL_PERSONNEL_DATA,DEMO / SYNTHETIC DATA — NOT REAL PERSONNEL OR SENSOR DATA
25.2,76.4,5.2,4.0,3.0,0.5,6.3,11.0,2,0,10.0,4.4,1.0,1,SYNTHETIC_PROTOTYPE_BENCHMARK,SYNTHETIC_PROTOTYPE_DATA_NOT_REAL_PERSONNEL_DATA,DEMO / SYNTHETIC DATA — NOT REAL PERSONNEL OR SENSOR DATA
23.0,65.8,4.2,4.0,0.0,1.5,6.6,17.3,0,0,5.1,5.9,2.7,0,SYNTHETIC_PROTOTYPE_BENCHMARK,SYNTHETIC_PROTOTYPE_DATA_NOT_REAL_PERSONNEL_DATA,DEMO / SYNTHETIC DATA — NOT REAL PERSONNEL OR SENSOR DATA
27.5,57.6,8.8,4.0,2.0,6.7,6.0,16.1,2,0,5.4,5.7,-4.9,1,SYNTHETIC_PROTOTYPE_BENCHMARK,SYNTHETIC_PROTOTYPE_DATA_NOT_REAL_PERSONNEL_DATA,DEMO / SYNTHETIC DATA — NOT REAL PERSONNEL OR SENSOR DATA
22.9,57.9,3.8,4.0,3.0,13.5,4.6,12.9,2,1,9.4,1.7,-1.1,1,SYNTHETIC_PROTOTYPE_BENCHMARK,SYNTHETIC_PROTOTYPE_DATA_NOT_REAL_PERSONNEL_DATA,DEMO / SYNTHETIC DATA — NOT REAL PERSONNEL OR SENSOR DATA
19.1,60.5,5.6,4.0,3.0,0.2,7.9,18.8,0,2,7.4,5.4,-4.1,0,SYNTHETIC_PROTOTYPE_BENCHMARK,SYNTHETIC_PROTOTYPE_DATA_NOT_REAL_PERSONNEL_DATA,DEMO / SYNTHETIC DATA — NOT REAL PERSONNEL OR SENSOR DATA
19.5,59.6,6.8,4.0,2.0,10.0,6.2,12.0,1,1,8.2,3.2,1.5,1,SYNTHETIC_PROTOTYPE_BENCHMARK,SYNTHETIC_PROTOTYPE_DATA_NOT_REAL_PERSONNEL_DATA,DEMO / SYNTHETIC DATA — NOT REAL PERSONNEL OR SENSOR DATA
20.1,54.8,2.2,4.2,2.0,5.0,5.9,16.6,1,1,4.4,4.5,-1.6,1,SYNTHETIC_PROTOTYPE_BENCHMARK,SYNTHETIC_PROTOTYPE_DATA_NOT_REAL_PERSONNEL_DATA,DEMO / SYNTHETIC DATA — NOT REAL PERSONNEL OR SENSOR DATA
19.8,53.0,6.5,4.6,1.0,4.7,7.1,16.5,0,1,5.1,6.1,5.0,0,SYNTHETIC_PROTOTYPE_BENCHMARK,SYNTHETIC_PROTOTYPE_DATA_NOT_REAL_PERSONNEL_DATA,DEMO / SYNTHETIC DATA — NOT REAL PERSONNEL OR SENSOR DATA
15.0,51.4,3.4,5.6,2.0,19.0,6.6,12.5,0,0,4.1,3.5,-1.1,0,SYNTHETIC_PROTOTYPE_BENCHMARK,SYNTHETIC_PROTOTYPE_DATA_NOT_REAL_PERSONNEL_DATA,DEMO / SYNTHETIC DATA — NOT REAL PERSONNEL OR SENSOR DATA
17.1,44.5,7.1,4.0,11.0,8.3,6.8,15.5,0,1,7.8,7.3,0.2,0,SYNTHETIC_PROTOTYPE_BENCHMARK,SYNTHETIC_PROTOTYPE_DATA_NOT_REAL_PERSONNEL_DATA,DEMO / SYNTHETIC DATA — NOT REAL PERSONNEL OR SENSOR DATA
19.8,49.2,3.6,9.0,7.0,11.4,6.9,10.3,0,0,8.7,4.7,-0.9,0,SYNTHETIC_PROTOTYPE_BENCHMARK,SYNTHETIC_PROTOTYPE_DATA_NOT_REAL_PERSONNEL_DATA,DEMO / SYNTHETIC DATA — NOT REAL PERSONNEL OR SENSOR DATA
16.3,35.1,6.9,11.0,1.0,2.6,6.7,7.1,0,2,5.0,9.3,-1.1,0,SYNTHETIC_PROTOTYPE_BENCHMARK,SYNTHETIC_PROTOTYPE_DATA_NOT_REAL_PERSONNEL_DATA,DEMO / SYNTHETIC DATA — NOT REAL PERSONNEL OR SENSOR DATA
22.6,51.0,7.7,6.6,0.0,4.8,7.5,12.4,0,0,5.5,5.3,-2.7,1,SYNTHETIC_PROTOTYPE_BENCHMARK,SYNTHETIC_PROTOTYPE_DATA_NOT_REAL_PERSONNEL_DATA,DEMO / SYNTHETIC DATA — NOT REAL PERSONNEL OR SENSOR DATA
17.3,42.1,7.2,4.0,9.0,5.7,6.4,14.4,2,0,5.6,8.2,-2.8,1,SYNTHETIC_PROTOTYPE_BENCHMARK,SYNTHETIC_PROTOTYPE_DATA_NOT_REAL_PERSONNEL_DATA,DEMO / SYNTHETIC DATA — NOT REAL PERSONNEL OR SENSOR DATA
15.2,41.0,6.0,4.0,3.0,2.3,6.9,16.9,0,1,3.1,7.5,-4.8,0,SYNTHETIC_PROTOTYPE_BENCHMARK,SYNTHETIC_PROTOTYPE_DATA_NOT_REAL_PERSONNEL_DATA,DEMO / SYNTHETIC DATA — NOT REAL PERSONNEL OR SENSOR DATA
18.0,53.8,5.0,16.3,3.0,5.1,7.3,10.8,0,3,4.9,4.1,1.2,1,SYNTHETIC_PROTOTYPE_BENCHMARK,SYNTHETIC_PROTOTYPE_DATA_NOT_REAL_PERSONNEL_DATA,DEMO / SYNTHETIC DATA — NOT REAL PERSONNEL OR SENSOR DATA
19.0,65.9,4.3,4.0,5.0,1.6,7.4,15.8,0,1,7.7,2.4,-0.9,0,SYNTHETIC_PROTOTYPE_BENCHMARK,SYNTHETIC_PROTOTYPE_DATA_NOT_REAL_PERSONNEL_DATA,DEMO / SYNTHETIC DATA — NOT REAL PERSONNEL OR SENSOR DATA
24.2,61.2,8.4,4.0,1.0,0.9,7.9,13.6,0,2,4.4,4.8,4.3,1,SYNTHETIC_PROTOTYPE_BENCHMARK,SYNTHETIC_PROTOTYPE_DATA_NOT_REAL_PERSONNEL_DATA,DEMO / SYNTHETIC DATA — NOT REAL PERSONNEL OR SENSOR DATA
11.4,36.3,4.1,4.0,2.0,2.8,8.4,14.5,0,1,6.4,5.1,-2.7,0,SYNTHETIC_PROTOTYPE_BENCHMARK,SYNTHETIC_PROTOTYPE_DATA_NOT_REAL_PERSONNEL_DATA,DEMO / SYNTHETIC DATA — NOT REAL PERSONNEL OR SENSOR DATA
18.7,42.1,3.4,4.0,12.0,8.1,6.9,13.7,0,1,3.6,8.0,3.2,0,SYNTHETIC_PROTOTYPE_BENCHMARK,SYNTHETIC_PROTOTYPE_DATA_NOT_REAL_PERSONNEL_DATA,DEMO / SYNTHETIC DATA — NOT REAL PERSONNEL OR SENSOR DATA
23.1,61.4,6.8,15.4,4.0,14.9,5.0,8.6,3,2,5.9,4.2,3.5,2,SYNTHETIC_PROTOTYPE_BENCHMARK,SYNTHETIC_PROTOTYPE_DATA_NOT_REAL_PERSONNEL_DATA,DEMO / SYNTHETIC DATA — NOT REAL PERSONNEL OR SENSOR DATA
14.9,42.2,3.9,4.0,1.0,3.7,8.4,14.4,0,2,5.1,5.2,2.8,0,SYNTHETIC_PROTOTYPE_BENCHMARK,SYNTHETIC_PROTOTYPE_DATA_NOT_REAL_PERSONNEL_DATA,DEMO / SYNTHETIC DATA — NOT REAL PERSONNEL OR SENSOR DATA
8.7,49.8,3.6,4.0,1.0,6.2,8.0,15.7,0,0,3.8,3.1,0.5,0,SYNTHETIC_PROTOTYPE_BENCHMARK,SYNTHETIC_PROTOTYPE_DATA_NOT_REAL_PERSONNEL_DATA,DEMO / SYNTHETIC DATA — NOT REAL PERSONNEL OR SENSOR DATA
19.1,57.5,2.6,4.3,1.0,0.7,6.2,14.3,1,0,7.8,5.4,-0.7,0,SYNTHETIC_PROTOTYPE_BENCHMARK,SYNTHETIC_PROTOTYPE_DATA_NOT_REAL_PERSONNEL_DATA,DEMO / SYNTHETIC DATA — NOT REAL PERSONNEL OR SENSOR DATA
12.4,42.3,4.5,4.0,5.0,14.1,7.7,15.0,0,0,7.9,3.9,2.8,0,SYNTHETIC_PROTOTYPE_BENCHMARK,SYNTHETIC_PROTOTYPE_DATA_NOT_REAL_PERSONNEL_DATA,DEMO / SYNTHETIC DATA — NOT REAL PERSONNEL OR SENSOR DATA
25.2,53.1,5.3,4.0,1.0,5.0,6.6,17.0,0,1,4.3,5.7,-1.7,0,SYNTHETIC_PROTOTYPE_BENCHMARK,SYNTHETIC_PROTOTYPE_DATA_NOT_REAL_PERSONNEL_DATA,DEMO / SYNTHETIC DATA — NOT REAL PERSONNEL OR SENSOR DATA
20.4,38.7,6.0,4.0,0.0,9.1,8.5,14.6,0,3,5.8,6.7,0.6,0,SYNTHETIC_PROTOTYPE_BENCHMARK,SYNTHETIC_PROTOTYPE_DATA_NOT_REAL_PERSONNEL_DATA,DEMO / SYNTHETIC DATA — NOT REAL PERSONNEL OR SENSOR DATA
17.6,46.0,7.4,5.0,10.0,9.5,6.6,12.5,0,0,6.3,4.3,-0.1,1,SYNTHETIC_PROTOTYPE_BENCHMARK,SYNTHETIC_PROTOTYPE_DATA_NOT_REAL_PERSONNEL_DATA,DEMO / SYNTHETIC DATA — NOT REAL PERSONNEL OR SENSOR DATA
22.7,55.2,6.6,4.0,1.0,1.8,8.4,16.7,0,1,2.6,6.4,-2.0,0,SYNTHETIC_PROTOTYPE_BENCHMARK,SYNTHETIC_PROTOTYPE_DATA_NOT_REAL_PERSONNEL_DATA,DEMO / SYNTHETIC DATA — NOT REAL PERSONNEL OR SENSOR DATA
17.0,36.1,5.1,5.7,0.0,4.5,8.2,15.5,0,2,3.4,5.6,0.6,0,SYNTHETIC_PROTOTYPE_BENCHMARK,SYNTHETIC_PROTOTYPE_DATA_NOT_REAL_PERSONNEL_DATA,DEMO / SYNTHETIC DATA — NOT REAL PERSONNEL OR SENSOR DATA
22.0,56.4,5.1,4.0,1.0,19.4,7.7,16.3,0,1,8.8,2.7,1.6,0,SYNTHETIC_PROTOTYPE_BENCHMARK,SYNTHETIC_PROTOTYPE_DATA_NOT_REAL_PERSONNEL_DATA,DEMO / SYNTHETIC DATA — NOT REAL PERSONNEL OR SENSOR DATA
15.8,51.8,6.5,4.0,1.0,0.6,6.6,16.9,0,1,4.1,7.4,-2.0,0,SYNTHETIC_PROTOTYPE_BENCHMARK,SYNTHETIC_PROTOTYPE_DATA_NOT_REAL_PERSONNEL_DATA,DEMO / SYNTHETIC DATA — NOT REAL PERSONNEL OR SENSOR DATA
24.3,57.5,8.0,4.0,2.0,6.9,6.9,16.5,0,2,8.7,3.4,1.0,1,SYNTHETIC_PROTOTYPE_BENCHMARK,SYNTHETIC_PROTOTYPE_DATA_NOT_REAL_PERSONNEL_DATA,DEMO / SYNTHETIC DATA — NOT REAL PERSONNEL OR SENSOR DATA
22.5,54.2,5.8,4.0,9.0,19.7,5.6,15.7,2,1,3.5,5.7,-4.9,1,SYNTHETIC_PROTOTYPE_BENCHMARK,SYNTHETIC_PROTOTYPE_DATA_NOT_REAL_PERSONNEL_DATA,DEMO / SYNTHETIC DATA — NOT REAL PERSONNEL OR SENSOR DATA
13.9,65.6,4.6,7.5,7.0,2.1,7.1,19.0,0,1,7.5,5.0,-2.3,0,SYNTHETIC_PROTOTYPE_BENCHMARK,SYNTHETIC_PROTOTYPE_DATA_NOT_REAL_PERSONNEL_DATA,DEMO / SYNTHETIC DATA — NOT REAL PERSONNEL OR SENSOR DATA
21.3,53.3,3.5,7.0,2.0,11.9,7.3,11.8,0,0,5.6,5.6,-1.0,0,SYNTHETIC_PROTOTYPE_BENCHMARK,SYNTHETIC_PROTOTYPE_DATA_NOT_REAL_PERSONNEL_DATA,DEMO / SYNTHETIC DATA — NOT REAL PERSONNEL OR SENSOR DATA
7.6,47.7,2.6,4.0,2.0,16.3,8.6,14.4,0,0,5.9,5.9,0.8,0,SYNTHETIC_PROTOTYPE_BENCHMARK,SYNTHETIC_PROTOTYPE_DATA_NOT_REAL_PERSONNEL_DATA,DEMO / SYNTHETIC DATA — NOT REAL PERSONNEL OR SENSOR DATA
14.0,53.2,6.8,4.0,3.0,8.2,7.1,17.5,0,1,9.9,3.6,1.9,0,SYNTHETIC_PROTOTYPE_BENCHMARK,SYNTHETIC_PROTOTYPE_DATA_NOT_REAL_PERSONNEL_DATA,DEMO / SYNTHETIC DATA — NOT REAL PERSONNEL OR SENSOR DATA
8.1,57.4,6.7,5.1,1.0,1.6,7.3,15.4,0,1,3.7,7.3,0.2,0,SYNTHETIC_PROTOTYPE_BENCHMARK,SYNTHETIC_PROTOTYPE_DATA_NOT_REAL_PERSONNEL_DATA,DEMO / SYNTHETIC DATA — NOT REAL PERSONNEL OR SENSOR DATA
24.7,52.5,6.7,4.0,0.0,2.4,6.6,17.1,0,3,7.4,6.5,1.2,1,SYNTHETIC_PROTOTYPE_BENCHMARK,SYNTHETIC_PROTOTYPE_DATA_NOT_REAL_PERSONNEL_DATA,DEMO / SYNTHETIC DATA — NOT REAL PERSONNEL OR SENSOR DATA
14.3,52.4,5.2,4.0,10.0,0.2,7.4,15.9,0,3,7.3,5.8,-0.4,0,SYNTHETIC_PROTOTYPE_BENCHMARK,SYNTHETIC_PROTOTYPE_DATA_NOT_REAL_PERSONNEL_DATA,DEMO / SYNTHETIC DATA — NOT REAL PERSONNEL OR SENSOR DATA
18.6,45.0,8.3,14.3,1.0,10.7,6.7,14.2,0,2,10.0,3.5,0.9,1,SYNTHETIC_PROTOTYPE_BENCHMARK,SYNTHETIC_PROTOTYPE_DATA_NOT_REAL_PERSONNEL_DATA,DEMO / SYNTHETIC DATA — NOT REAL PERSONNEL OR SENSOR DATA
18.2,45.4,4.5,4.0,1.0,11.4,7.0,13.6,0,0,4.0,4.0,0.8,0,SYNTHETIC_PROTOTYPE_BENCHMARK,SYNTHETIC_PROTOTYPE_DATA_NOT_REAL_PERSONNEL_DATA,DEMO / SYNTHETIC DATA — NOT REAL PERSONNEL OR SENSOR DATA
20.2,38.0,7.4,15.9,2.0,6.0,7.5,13.5,0,3,4.9,6.9,-1.1,1,SYNTHETIC_PROTOTYPE_BENCHMARK,SYNTHETIC_PROTOTYPE_DATA_NOT_REAL_PERSONNEL_DATA,DEMO / SYNTHETIC DATA — NOT REAL PERSONNEL OR SENSOR DATA
20.1,69.5,5.4,4.0,2.0,2.6,6.0,17.9,1,1,7.8,1.1,-0.8,1,SYNTHETIC_PROTOTYPE_BENCHMARK,SYNTHETIC_PROTOTYPE_DATA_NOT_REAL_PERSONNEL_DATA,DEMO / SYNTHETIC DATA — NOT REAL PERSONNEL OR SENSOR DATA
8.3,39.6,4.3,4.9,0.0,0.5,7.6,12.8,0,1,5.8,6.3,1.3,0,SYNTHETIC_PROTOTYPE_BENCHMARK,SYNTHETIC_PROTOTYPE_DATA_NOT_REAL_PERSONNEL_DATA,DEMO / SYNTHETIC DATA — NOT REAL PERSONNEL OR SENSOR DATA
19.2,45.1,6.7,4.0,1.0,8.4,6.7,16.9,0,2,5.3,3.5,4.0,1,SYNTHETIC_PROTOTYPE_BENCHMARK,SYNTHETIC_PROTOTYPE_DATA_NOT_REAL_PERSONNEL_DATA,DEMO / SYNTHETIC DATA — NOT REAL PERSONNEL OR SENSOR DATA
19.6,44.8,6.3,4.0,2.0,7.8,6.8,15.5,0,0,8.1,4.2,2.7,0,SYNTHETIC_PROTOTYPE_BENCHMARK,SYNTHETIC_PROTOTYPE_DATA_NOT_REAL_PERSONNEL_DATA,DEMO / SYNTHETIC DATA — NOT REAL PERSONNEL OR SENSOR DATA
21.4,60.9,6.2,4.0,4.0,14.6,7.1,14.4,0,0,5.7,2.5,-2.5,1,SYNTHETIC_PROTOTYPE_BENCHMARK,SYNTHETIC_PROTOTYPE_DATA_NOT_REAL_PERSONNEL_DATA,DEMO / SYNTHETIC DATA — NOT REAL PERSONNEL OR SENSOR DATA
26.5,49.1,5.7,4.0,1.0,7.9,7.0,11.8,0,2,4.4,5.6,-2.5,1,SYNTHETIC_PROTOTYPE_BENCHMARK,SYNTHETIC_PROTOTYPE_DATA_NOT_REAL_PERSONNEL_DATA,DEMO / SYNTHETIC DATA — NOT REAL PERSONNEL OR SENSOR DATA
18.5,64.5,5.4,4.0,2.0,10.6,6.5,13.6,1,1,7.7,6.1,-1.2,1,SYNTHETIC_PROTOTYPE_BENCHMARK,SYNTHETIC_PROTOTYPE_DATA_NOT_REAL_PERSONNEL_DATA,DEMO / SYNTHETIC DATA — NOT REAL PERSONNEL OR SENSOR DATA
15.8,45.3,10.0,4.0,3.0,8.2,5.9,17.0,2,1,7.0,6.0,0.2,0,SYNTHETIC_PROTOTYPE_BENCHMARK,SYNTHETIC_PROTOTYPE_DATA_NOT_REAL_PERSONNEL_DATA,DEMO / SYNTHETIC DATA — NOT REAL PERSONNEL OR SENSOR DATA
21.3,54.8,7.9,4.0,8.0,6.0,7.1,17.2,0,1,5.6,5.6,0.1,1,SYNTHETIC_PROTOTYPE_BENCHMARK,SYNTHETIC_PROTOTYPE_DATA_NOT_REAL_PERSONNEL_DATA,DEMO / SYNTHETIC DATA — NOT REAL PERSONNEL OR SENSOR DATA
20.9,43.6,6.9,4.9,1.0,3.3,7.7,14.8,0,3,5.5,5.8,2.7,1,SYNTHETIC_PROTOTYPE_BENCHMARK,SYNTHETIC_PROTOTYPE_DATA_NOT_REAL_PERSONNEL_DATA,DEMO / SYNTHETIC DATA — NOT REAL PERSONNEL OR SENSOR DATA
24.1,73.5,5.7,4.0,1.0,13.9,5.4,17.2,2,1,4.4,4.9,2.8,2,SYNTHETIC_PROTOTYPE_BENCHMARK,SYNTHETIC_PROTOTYPE_DATA_NOT_REAL_PERSONNEL_DATA,DEMO / SYNTHETIC DATA — NOT REAL PERSONNEL OR SENSOR DATA
12.0,40.1,7.5,4.0,2.0,6.3,9.0,17.5,0,1,7.7,6.5,0.0,0,SYNTHETIC_PROTOTYPE_BENCHMARK,SYNTHETIC_PROTOTYPE_DATA_NOT_REAL_PERSONNEL_DATA,DEMO / SYNTHETIC DATA — NOT REAL PERSONNEL OR SENSOR DATA
9.7,55.1,6.5,4.0,5.0,3.0,5.0,15.9,3,0,5.5,1.0,-0.5,0,SYNTHETIC_PROTOTYPE_BENCHMARK,SYNTHETIC_PROTOTYPE_DATA_NOT_REAL_PERSONNEL_DATA,DEMO / SYNTHETIC DATA — NOT REAL PERSONNEL OR SENSOR DATA
13.4,58.3,5.6,4.0,0.0,0.5,7.4,14.2,0,0,4.7,6.1,1.1,0,SYNTHETIC_PROTOTYPE_BENCHMARK,SYNTHETIC_PROTOTYPE_DATA_NOT_REAL_PERSONNEL_DATA,DEMO / SYNTHETIC DATA — NOT REAL PERSONNEL OR SENSOR DATA
23.6,56.1,4.9,4.0,2.0,2.1,7.4,16.5,0,3,3.6,6.1,2.3,1,SYNTHETIC_PROTOTYPE_BENCHMARK,SYNTHETIC_PROTOTYPE_DATA_NOT_REAL_PERSONNEL_DATA,DEMO / SYNTHETIC DATA — NOT REAL PERSONNEL OR SENSOR DATA
18.5,50.1,5.3,4.0,0.0,4.7,7.4,16.6,0,1,7.0,4.7,1.2,1,SYNTHETIC_PROTOTYPE_BENCHMARK,SYNTHETIC_PROTOTYPE_DATA_NOT_REAL_PERSONNEL_DATA,DEMO / SYNTHETIC DATA — NOT REAL PERSONNEL OR SENSOR DATA
19.0,50.7,1.0,5.6,0.0,1.9,7.2,16.3,0,1,5.2,2.2,-0.9,0,SYNTHETIC_PROTOTYPE_BENCHMARK,SYNTHETIC_PROTOTYPE_DATA_NOT_REAL_PERSONNEL_DATA,DEMO / SYNTHETIC DATA — NOT REAL PERSONNEL OR SENSOR DATA
19.5,52.4,5.9,4.0,2.0,1.5,7.4,17.3,0,1,2.2,5.5,-1.3,1,SYNTHETIC_PROTOTYPE_BENCHMARK,SYNTHETIC_PROTOTYPE_DATA_NOT_REAL_PERSONNEL_DATA,DEMO / SYNTHETIC DATA — NOT REAL PERSONNEL OR SENSOR DATA
22.8,50.5,4.5,4.0,1.0,4.5,7.6,12.9,0,3,3.8,5.7,-2.4,1,SYNTHETIC_PROTOTYPE_BENCHMARK,SYNTHETIC_PROTOTYPE_DATA_NOT_REAL_PERSONNEL_DATA,DEMO / SYNTHETIC DATA — NOT REAL PERSONNEL OR SENSOR DATA
26.1,61.6,8.7,8.9,7.0,1.1,6.0,12.6,1,1,5.7,3.9,0.4,1,SYNTHETIC_PROTOTYPE_BENCHMARK,SYNTHETIC_PROTOTYPE_DATA_NOT_REAL_PERSONNEL_DATA,DEMO / SYNTHETIC DATA — NOT REAL PERSONNEL OR SENSOR DATA
23.4,74.1,5.5,5.1,3.0,9.7,6.1,11.4,1,1,5.8,4.2,1.4,1,SYNTHETIC_PROTOTYPE_BENCHMARK,SYNTHETIC_PROTOTYPE_DATA_NOT_REAL_PERSONNEL_DATA,DEMO / SYNTHETIC DATA — NOT REAL PERSONNEL OR SENSOR DATA
16.0,46.4,3.1,4.0,2.0,4.0,7.0,17.1,0,1,5.7,7.0,1.6,0,SYNTHETIC_PROTOTYPE_BENCHMARK,SYNTHETIC_PROTOTYPE_DATA_NOT_REAL_PERSONNEL_DATA,DEMO / SYNTHETIC DATA — NOT REAL PERSONNEL OR SENSOR DATA
3.1,38.3,5.4,6.9,2.0,5.1,6.5,14.0,0,0,5.4,9.5,2.5,0,SYNTHETIC_PROTOTYPE_BENCHMARK,SYNTHETIC_PROTOTYPE_DATA_NOT_REAL_PERSONNEL_DATA,DEMO / SYNTHETIC DATA — NOT REAL PERSONNEL OR SENSOR DATA
16.7,51.1,3.4,4.0,2.0,1.0,7.6,16.5,0,3,3.2,5.4,3.3,0,SYNTHETIC_PROTOTYPE_BENCHMARK,SYNTHETIC_PROTOTYPE_DATA_NOT_REAL_PERSONNEL_DATA,DEMO / SYNTHETIC DATA — NOT REAL PERSONNEL OR SENSOR DATA
26.1,77.8,6.4,7.5,0.0,2.4,5.5,11.2,1,3,4.5,4.2,-3.0,2,SYNTHETIC_PROTOTYPE_BENCHMARK,SYNTHETIC_PROTOTYPE_DATA_NOT_REAL_PERSONNEL_DATA,DEMO / SYNTHETIC DATA — NOT REAL PERSONNEL OR SENSOR DATA
21.1,44.0,6.1,4.0,8.0,3.2,6.0,18.4,2,3,8.6,4.3,0.9,1,SYNTHETIC_PROTOTYPE_BENCHMARK,SYNTHETIC_PROTOTYPE_DATA_NOT_REAL_PERSONNEL_DATA,DEMO / SYNTHETIC DATA — NOT REAL PERSONNEL OR SENSOR DATA
23.5,68.4,7.4,4.6,21.0,9.9,5.6,13.0,1,3,8.3,3.4,1.0,2,SYNTHETIC_PROTOTYPE_BENCHMARK,SYNTHETIC_PROTOTYPE_DATA_NOT_REAL_PERSONNEL_DATA,DEMO / SYNTHETIC DATA — NOT REAL PERSONNEL OR SENSOR DATA
27.5,68.8,3.9,20.1,1.0,8.8,5.4,10.7,1,2,7.4,4.0,-0.2,1,SYNTHETIC_PROTOTYPE_BENCHMARK,SYNTHETIC_PROTOTYPE_DATA_NOT_REAL_PERSONNEL_DATA,DEMO / SYNTHETIC DATA — NOT REAL PERSONNEL OR SENSOR DATA
12.6,46.5,5.6,4.0,0.0,1.5,8.0,15.8,0,1,7.2,7.2,-1.8,0,SYNTHETIC_PROTOTYPE_BENCHMARK,SYNTHETIC_PROTOTYPE_DATA_NOT_REAL_PERSONNEL_DATA,DEMO / SYNTHETIC DATA — NOT REAL PERSONNEL OR SENSOR DATA
24.0,57.7,2.8,4.0,1.0,5.7,6.7,15.2,0,2,8.0,6.0,3.2,0,SYNTHETIC_PROTOTYPE_BENCHMARK,SYNTHETIC_PROTOTYPE_DATA_NOT_REAL_PERSONNEL_DATA,DEMO / SYNTHETIC DATA — NOT REAL PERSONNEL OR SENSOR DATA
17.7,68.3,6.9,4.0,4.0,1.7,7.4,15.1,0,1,4.0,7.1,-1.3,1,SYNTHETIC_PROTOTYPE_BENCHMARK,SYNTHETIC_PROTOTYPE_DATA_NOT_REAL_PERSONNEL_DATA,DEMO / SYNTHETIC DATA — NOT REAL PERSONNEL OR SENSOR DATA
15.6,48.2,6.5,4.0,4.0,26.7,5.8,14.3,1,0,6.3,3.1,-4.8,0,SYNTHETIC_PROTOTYPE_BENCHMARK,SYNTHETIC_PROTOTYPE_DATA_NOT_REAL_PERSONNEL_DATA,DEMO / SYNTHETIC DATA — NOT REAL PERSONNEL OR SENSOR DATA
15.5,50.0,6.5,4.0,7.0,18.2,7.3,18.2,0,1,4.0,3.2,0.0,1,SYNTHETIC_PROTOTYPE_BENCHMARK,SYNTHETIC_PROTOTYPE_DATA_NOT_REAL_PERSONNEL_DATA,DEMO / SYNTHETIC DATA — NOT REAL PERSONNEL OR SENSOR DATA
15.6,46.2,5.5,4.0,5.0,5.0,9.4,15.6,0,3,4.0,7.1,-0.5,0,SYNTHETIC_PROTOTYPE_BENCHMARK,SYNTHETIC_PROTOTYPE_DATA_NOT_REAL_PERSONNEL_DATA,DEMO / SYNTHETIC DATA — NOT REAL PERSONNEL OR SENSOR DATA
21.1,41.9,6.3,4.2,2.0,7.2,7.5,13.0,0,1,6.9,7.8,4.1,0,SYNTHETIC_PROTOTYPE_BENCHMARK,SYNTHETIC_PROTOTYPE_DATA_NOT_REAL_PERSONNEL_DATA,DEMO / SYNTHETIC DATA — NOT REAL PERSONNEL OR SENSOR DATA
18.5,45.5,8.7,4.0,3.0,9.7,7.7,14.8,0,2,8.1,5.5,1.1,0,SYNTHETIC_PROTOTYPE_BENCHMARK,SYNTHETIC_PROTOTYPE_DATA_NOT_REAL_PERSONNEL_DATA,DEMO / SYNTHETIC DATA — NOT REAL PERSONNEL OR SENSOR DATA
11.9,39.8,4.9,4.0,4.0,7.7,7.8,15.9,0,0,5.8,1.0,-0.7,0,SYNTHETIC_PROTOTYPE_BENCHMARK,SYNTHETIC_PROTOTYPE_DATA_NOT_REAL_PERSONNEL_DATA,DEMO / SYNTHETIC DATA — NOT REAL PERSONNEL OR SENSOR DATA
15.5,52.3,5.8,4.0,3.0,7.2,5.7,17.4,1,0,9.5,4.0,-0.4,0,SYNTHETIC_PROTOTYPE_BENCHMARK,SYNTHETIC_PROTOTYPE_DATA_NOT_REAL_PERSONNEL_DATA,DEMO / SYNTHETIC DATA — NOT REAL PERSONNEL OR SENSOR DATA
14.3,44.3,3.3,4.0,2.0,19.1,7.2,14.4,0,1,6.6,6.0,-0.5,0,SYNTHETIC_PROTOTYPE_BENCHMARK,SYNTHETIC_PROTOTYPE_DATA_NOT_REAL_PERSONNEL_DATA,DEMO / SYNTHETIC DATA — NOT REAL PERSONNEL OR SENSOR DATA
16.9,54.3,3.8,10.3,4.0,5.4,7.0,12.0,0,0,4.6,3.6,4.9,0,SYNTHETIC_PROTOTYPE_BENCHMARK,SYNTHETIC_PROTOTYPE_DATA_NOT_REAL_PERSONNEL_DATA,DEMO / SYNTHETIC DATA — NOT REAL PERSONNEL OR SENSOR DATA
12.8,36.4,5.7,4.0,3.0,6.1,7.3,15.6,0,0,4.0,6.3,1.5,0,SYNTHETIC_PROTOTYPE_BENCHMARK,SYNTHETIC_PROTOTYPE_DATA_NOT_REAL_PERSONNEL_DATA,DEMO / SYNTHETIC DATA — NOT REAL PERSONNEL OR SENSOR DATA
19.4,55.3,7.7,4.0,4.0,11.4,5.8,17.3,1,0,8.2,7.8,-3.1,1,SYNTHETIC_PROTOTYPE_BENCHMARK,SYNTHETIC_PROTOTYPE_DATA_NOT_REAL_PERSONNEL_DATA,DEMO / SYNTHETIC DATA — NOT REAL PERSONNEL OR SENSOR DATA
25.1,60.3,5.0,6.1,3.0,6.6,7.0,12.0,0,2,6.5,6.8,-0.5,1,SYNTHETIC_PROTOTYPE_BENCHMARK,SYNTHETIC_PROTOTYPE_DATA_NOT_REAL_PERSONNEL_DATA,DEMO / SYNTHETIC DATA — NOT REAL PERSONNEL OR SENSOR DATA
14.1,32.1,5.0,6.1,4.0,7.9,6.8,15.8,0,0,7.6,7.4,-0.1,0,SYNTHETIC_PROTOTYPE_BENCHMARK,SYNTHETIC_PROTOTYPE_DATA_NOT_REAL_PERSONNEL_DATA,DEMO / SYNTHETIC DATA — NOT REAL PERSONNEL OR SENSOR DATA
10.4,55.7,4.7,4.0,4.0,1.6,8.5,14.7,0,0,1.0,4.8,-2.4,0,SYNTHETIC_PROTOTYPE_BENCHMARK,SYNTHETIC_PROTOTYPE_DATA_NOT_REAL_PERSONNEL_DATA,DEMO / SYNTHETIC DATA — NOT REAL PERSONNEL OR SENSOR DATA
18.4,64.3,4.4,7.8,3.0,2.8,6.5,13.4,0,0,6.7,3.7,-3.9,1,SYNTHETIC_PROTOTYPE_BENCHMARK,SYNTHETIC_PROTOTYPE_DATA_NOT_REAL_PERSONNEL_DATA,DEMO / SYNTHETIC DATA — NOT REAL PERSONNEL OR SENSOR DATA
14.9,39.9,6.1,4.0,4.0,1.0,6.5,19.6,1,1,5.2,6.9,1.3,0,SYNTHETIC_PROTOTYPE_BENCHMARK,SYNTHETIC_PROTOTYPE_DATA_NOT_REAL_PERSONNEL_DATA,DEMO / SYNTHETIC DATA — NOT REAL PERSONNEL OR SENSOR DATA
23.0,68.7,2.5,8.8,2.0,4.2,5.8,13.3,2,1,3.4,4.2,-1.8,1,SYNTHETIC_PROTOTYPE_BENCHMARK,SYNTHETIC_PROTOTYPE_DATA_NOT_REAL_PERSONNEL_DATA,DEMO / SYNTHETIC DATA — NOT REAL PERSONNEL OR SENSOR DATA
21.5,56.2,8.1,4.0,1.0,3.6,6.5,17.1,0,1,6.1,5.0,2.7,1,SYNTHETIC_PROTOTYPE_BENCHMARK,SYNTHETIC_PROTOTYPE_DATA_NOT_REAL_PERSONNEL_DATA,DEMO / SYNTHETIC DATA — NOT REAL PERSONNEL OR SENSOR DATA
19.3,44.9,4.2,4.0,0.0,35.2,8.2,17.0,0,1,8.4,3.2,0.0,0,SYNTHETIC_PROTOTYPE_BENCHMARK,SYNTHETIC_PROTOTYPE_DATA_NOT_REAL_PERSONNEL_DATA,DEMO / SYNTHETIC DATA — NOT REAL PERSONNEL OR SENSOR DATA
15.5,51.4,6.9,4.0,3.0,5.7,6.2,13.2,2,0,10.0,4.1,-1.0,1,SYNTHETIC_PROTOTYPE_BENCHMARK,SYNTHETIC_PROTOTYPE_DATA_NOT_REAL_PERSONNEL_DATA,DEMO / SYNTHETIC DATA — NOT REAL PERSONNEL OR SENSOR DATA
19.3,57.6,3.0,6.4,3.0,9.3,6.4,11.0,1,2,6.7,5.9,-5.0,1,SYNTHETIC_PROTOTYPE_BENCHMARK,SYNTHETIC_PROTOTYPE_DATA_NOT_REAL_PERSONNEL_DATA,DEMO / SYNTHETIC DATA — NOT REAL PERSONNEL OR SENSOR DATA
17.2,52.8,6.8,4.0,13.0,2.4,6.5,17.2,2,2,4.8,3.4,2.7,1,SYNTHETIC_PROTOTYPE_BENCHMARK,SYNTHETIC_PROTOTYPE_DATA_NOT_REAL_PERSONNEL_DATA,DEMO / SYNTHETIC DATA — NOT REAL PERSONNEL OR SENSOR DATA
18.4,57.4,6.8,4.0,2.0,10.7,6.9,13.4,0,0,4.7,5.2,0.6,0,SYNTHETIC_PROTOTYPE_BENCHMARK,SYNTHETIC_PROTOTYPE_DATA_NOT_REAL_PERSONNEL_DATA,DEMO / SYNTHETIC DATA — NOT REAL PERSONNEL OR SENSOR DATA
11.2,42.8,6.3,4.0,2.0,5.7,6.8,12.3,0,1,8.1,6.2,-1.0,0,SYNTHETIC_PROTOTYPE_BENCHMARK,SYNTHETIC_PROTOTYPE_DATA_NOT_REAL_PERSONNEL_DATA,DEMO / SYNTHETIC DATA — NOT REAL PERSONNEL OR SENSOR DATA
18.5,53.7,3.5,9.3,1.0,7.2,5.8,15.5,1,0,4.2,5.7,-2.0,1,SYNTHETIC_PROTOTYPE_BENCHMARK,SYNTHETIC_PROTOTYPE_DATA_NOT_REAL_PERSONNEL_DATA,DEMO / SYNTHETIC DATA — NOT REAL PERSONNEL OR SENSOR DATA
13.8,37.9,6.0,7.2,0.0,2.1,7.4,12.3,0,0,7.4,6.7,3.5,0,SYNTHETIC_PROTOTYPE_BENCHMARK,SYNTHETIC_PROTOTYPE_DATA_NOT_REAL_PERSONNEL_DATA,DEMO / SYNTHETIC DATA — NOT REAL PERSONNEL OR SENSOR DATA
19.2,50.9,3.1,4.0,5.0,4.8,6.7,14.1,0,2,6.8,6.1,-2.3,0,SYNTHETIC_PROTOTYPE_BENCHMARK,SYNTHETIC_PROTOTYPE_DATA_NOT_REAL_PERSONNEL_DATA,DEMO / SYNTHETIC DATA — NOT REAL PERSONNEL OR SENSOR DATA
19.8,43.0,5.0,4.0,1.0,6.0,6.7,19.5,0,1,6.6,4.7,-0.8,0,SYNTHETIC_PROTOTYPE_BENCHMARK,SYNTHETIC_PROTOTYPE_DATA_NOT_REAL_PERSONNEL_DATA,DEMO / SYNTHETIC DATA — NOT REAL PERSONNEL OR SENSOR DATA
17.8,44.6,7.6,4.0,3.0,5.3,6.7,12.3,0,0,3.1,3.3,1.3,1,SYNTHETIC_PROTOTYPE_BENCHMARK,SYNTHETIC_PROTOTYPE_DATA_NOT_REAL_PERSONNEL_DATA,DEMO / SYNTHETIC DATA — NOT REAL PERSONNEL OR SENSOR DATA
14.7,64.4,7.1,4.0,4.0,14.8,7.0,13.1,0,0,5.5,3.1,3.2,0,SYNTHETIC_PROTOTYPE_BENCHMARK,SYNTHETIC_PROTOTYPE_DATA_NOT_REAL_PERSONNEL_DATA,DEMO / SYNTHETIC DATA — NOT REAL PERSONNEL OR SENSOR DATA
22.5,62.9,5.5,9.9,2.0,13.7,5.9,12.3,1,3,3.3,5.6,-0.5,1,SYNTHETIC_PROTOTYPE_BENCHMARK,SYNTHETIC_PROTOTYPE_DATA_NOT_REAL_PERSONNEL_DATA,DEMO / SYNTHETIC DATA — NOT REAL PERSONNEL OR SENSOR DATA
21.6,58.1,3.6,4.0,7.0,21.2,5.2,15.1,1,2,5.0,3.0,-1.6,1,SYNTHETIC_PROTOTYPE_BENCHMARK,SYNTHETIC_PROTOTYPE_DATA_NOT_REAL_PERSONNEL_DATA,DEMO / SYNTHETIC DATA — NOT REAL PERSONNEL OR SENSOR DATA
17.5,41.1,6.8,4.0,2.0,6.6,6.9,13.8,0,2,8.0,4.2,-0.2,0,SYNTHETIC_PROTOTYPE_BENCHMARK,SYNTHETIC_PROTOTYPE_DATA_NOT_REAL_PERSONNEL_DATA,DEMO / SYNTHETIC DATA — NOT REAL PERSONNEL OR SENSOR DATA
17.4,48.8,5.5,4.0,1.0,21.4,6.5,13.3,0,1,8.7,3.7,2.0,0,SYNTHETIC_PROTOTYPE_BENCHMARK,SYNTHETIC_PROTOTYPE_DATA_NOT_REAL_PERSONNEL_DATA,DEMO / SYNTHETIC DATA — NOT REAL PERSONNEL OR SENSOR DATA
26.5,64.1,1.0,4.0,8.0,10.7,5.1,18.6,1,1,6.6,1.7,2.5,1,SYNTHETIC_PROTOTYPE_BENCHMARK,SYNTHETIC_PROTOTYPE_DATA_NOT_REAL_PERSONNEL_DATA,DEMO / SYNTHETIC DATA — NOT REAL PERSONNEL OR SENSOR DATA
18.4,53.4,7.1,4.0,7.0,1.9,8.2,16.1,0,1,5.1,3.3,-3.0,0,SYNTHETIC_PROTOTYPE_BENCHMARK,SYNTHETIC_PROTOTYPE_DATA_NOT_REAL_PERSONNEL_DATA,DEMO / SYNTHETIC DATA — NOT REAL PERSONNEL OR SENSOR DATA
22.7,75.2,5.5,4.0,1.0,3.3,6.7,16.8,0,0,9.4,5.3,0.3,1,SYNTHETIC_PROTOTYPE_BENCHMARK,SYNTHETIC_PROTOTYPE_DATA_NOT_REAL_PERSONNEL_DATA,DEMO / SYNTHETIC DATA — NOT REAL PERSONNEL OR SENSOR DATA
11.2,55.9,7.9,4.0,0.0,1.6,8.0,15.3,0,1,5.0,3.8,-3.2,0,SYNTHETIC_PROTOTYPE_BENCHMARK,SYNTHETIC_PROTOTYPE_DATA_NOT_REAL_PERSONNEL_DATA,DEMO / SYNTHETIC DATA — NOT REAL PERSONNEL OR SENSOR DATA
20.0,53.9,3.3,4.0,0.0,0.0,7.3,16.2,0,1,3.9,2.4,1.9,0,SYNTHETIC_PROTOTYPE_BENCHMARK,SYNTHETIC_PROTOTYPE_DATA_NOT_REAL_PERSONNEL_DATA,DEMO / SYNTHETIC DATA — NOT REAL PERSONNEL OR SENSOR DATA
26.7,48.9,1.0,4.0,1.0,1.2,5.4,17.5,2,0,7.6,4.5,0.9,1,SYNTHETIC_PROTOTYPE_BENCHMARK,SYNTHETIC_PROTOTYPE_DATA_NOT_REAL_PERSONNEL_DATA,DEMO / SYNTHETIC DATA — NOT REAL PERSONNEL OR SENSOR DATA
24.4,53.3,6.1,4.0,13.0,0.0,8.2,13.6,0,2,7.1,5.8,-2.0,1,SYNTHETIC_PROTOTYPE_BENCHMARK,SYNTHETIC_PROTOTYPE_DATA_NOT_REAL_PERSONNEL_DATA,DEMO / SYNTHETIC DATA — NOT REAL PERSONNEL OR SENSOR DATA
16.0,50.5,6.1,4.0,3.0,7.6,6.2,16.1,2,0,5.1,2.4,3.4,1,SYNTHETIC_PROTOTYPE_BENCHMARK,SYNTHETIC_PROTOTYPE_DATA_NOT_REAL_PERSONNEL_DATA,DEMO / SYNTHETIC DATA — NOT REAL PERSONNEL OR SENSOR DATA
27.8,59.1,2.1,5.8,2.0,3.3,6.0,16.3,2,1,6.4,6.1,0.7,1,SYNTHETIC_PROTOTYPE_BENCHMARK,SYNTHETIC_PROTOTYPE_DATA_NOT_REAL_PERSONNEL_DATA,DEMO / SYNTHETIC DATA — NOT REAL PERSONNEL OR SENSOR DATA
17.7,61.6,3.5,4.0,8.0,2.2,6.7,18.7,0,0,7.1,2.4,0.5,0,SYNTHETIC_PROTOTYPE_BENCHMARK,SYNTHETIC_PROTOTYPE_DATA_NOT_REAL_PERSONNEL_DATA,DEMO / SYNTHETIC DATA — NOT REAL PERSONNEL OR SENSOR DATA
19.4,44.1,10.0,4.0,2.0,8.6,8.2,19.5,0,1,6.6,5.0,-0.4,0,SYNTHETIC_PROTOTYPE_BENCHMARK,SYNTHETIC_PROTOTYPE_DATA_NOT_REAL_PERSONNEL_DATA,DEMO / SYNTHETIC DATA — NOT REAL PERSONNEL OR SENSOR DATA
11.5,38.7,4.9,5.2,1.0,10.7,8.1,15.3,0,0,7.1,5.2,-0.0,0,SYNTHETIC_PROTOTYPE_BENCHMARK,SYNTHETIC_PROTOTYPE_DATA_NOT_REAL_PERSONNEL_DATA,DEMO / SYNTHETIC DATA — NOT REAL PERSONNEL OR SENSOR DATA
12.1,33.6,7.0,4.5,10.0,22.2,7.8,17.7,0,0,5.2,5.3,-0.8,0,SYNTHETIC_PROTOTYPE_BENCHMARK,SYNTHETIC_PROTOTYPE_DATA_NOT_REAL_PERSONNEL_DATA,DEMO / SYNTHETIC DATA — NOT REAL PERSONNEL OR SENSOR DATA
10.1,57.1,4.2,4.0,7.0,6.2,6.4,10.3,1,1,7.3,4.7,-1.6,0,SYNTHETIC_PROTOTYPE_BENCHMARK,SYNTHETIC_PROTOTYPE_DATA_NOT_REAL_PERSONNEL_DATA,DEMO / SYNTHETIC DATA — NOT REAL PERSONNEL OR SENSOR DATA
16.8,41.0,1.3,4.0,6.0,3.7,7.1,18.7,0,1,6.2,6.9,2.7,0,SYNTHETIC_PROTOTYPE_BENCHMARK,SYNTHETIC_PROTOTYPE_DATA_NOT_REAL_PERSONNEL_DATA,DEMO / SYNTHETIC DATA — NOT REAL PERSONNEL OR SENSOR DATA
11.7,30.5,5.2,4.0,3.0,2.2,8.1,14.1,0,1,5.3,6.2,-1.1,0,SYNTHETIC_PROTOTYPE_BENCHMARK,SYNTHETIC_PROTOTYPE_DATA_NOT_REAL_PERSONNEL_DATA,DEMO / SYNTHETIC DATA — NOT REAL PERSONNEL OR SENSOR DATA
16.6,55.9,5.0,4.1,5.0,1.5,6.7,15.1,0,0,5.7,4.0,-1.2,0,SYNTHETIC_PROTOTYPE_BENCHMARK,SYNTHETIC_PROTOTYPE_DATA_NOT_REAL_PERSONNEL_DATA,DEMO / SYNTHETIC DATA — NOT REAL PERSONNEL OR SENSOR DATA
23.7,76.9,4.7,4.0,1.0,1.4,6.7,16.5,0,1,6.0,4.4,-0.3,1,SYNTHETIC_PROTOTYPE_BENCHMARK,SYNTHETIC_PROTOTYPE_DATA_NOT_REAL_PERSONNEL_DATA,DEMO / SYNTHETIC DATA — NOT REAL PERSONNEL OR SENSOR DATA
15.7,51.9,5.3,7.6,3.0,3.2,7.6,13.9,0,1,3.3,5.4,3.1,0,SYNTHETIC_PROTOTYPE_BENCHMARK,SYNTHETIC_PROTOTYPE_DATA_NOT_REAL_PERSONNEL_DATA,DEMO / SYNTHETIC DATA — NOT REAL PERSONNEL OR SENSOR DATA
20.4,60.4,6.0,8.3,14.0,28.8,6.3,14.3,1,0,4.9,3.6,2.5,1,SYNTHETIC_PROTOTYPE_BENCHMARK,SYNTHETIC_PROTOTYPE_DATA_NOT_REAL_PERSONNEL_DATA,DEMO / SYNTHETIC DATA — NOT REAL PERSONNEL OR SENSOR DATA
27.1,52.8,5.2,4.0,1.0,0.0,5.0,18.8,3,2,6.3,5.1,-0.9,1,SYNTHETIC_PROTOTYPE_BENCHMARK,SYNTHETIC_PROTOTYPE_DATA_NOT_REAL_PERSONNEL_DATA,DEMO / SYNTHETIC DATA — NOT REAL PERSONNEL OR SENSOR DATA
18.0,51.0,3.0,4.0,6.0,1.3,7.1,14.8,0,1,3.5,4.0,2.7,0,SYNTHETIC_PROTOTYPE_BENCHMARK,SYNTHETIC_PROTOTYPE_DATA_NOT_REAL_PERSONNEL_DATA,DEMO / SYNTHETIC DATA — NOT REAL PERSONNEL OR SENSOR DATA
18.9,61.2,6.5,4.0,2.0,1.3,6.5,13.4,0,0,5.0,3.3,0.2,0,SYNTHETIC_PROTOTYPE_BENCHMARK,SYNTHETIC_PROTOTYPE_DATA_NOT_REAL_PERSONNEL_DATA,DEMO / SYNTHETIC DATA — NOT REAL PERSONNEL OR SENSOR DATA
18.1,49.1,1.6,4.0,0.0,7.6,7.0,19.2,0,3,10.0,6.5,-1.9,0,SYNTHETIC_PROTOTYPE_BENCHMARK,SYNTHETIC_PROTOTYPE_DATA_NOT_REAL_PERSONNEL_DATA,DEMO / SYNTHETIC DATA — NOT REAL PERSONNEL OR SENSOR DATA
19.6,54.7,1.4,4.0,5.0,2.6,6.2,16.7,1,2,3.9,5.6,-1.0,1,SYNTHETIC_PROTOTYPE_BENCHMARK,SYNTHETIC_PROTOTYPE_DATA_NOT_REAL_PERSONNEL_DATA,DEMO / SYNTHETIC DATA — NOT REAL PERSONNEL OR SENSOR DATA
21.1,55.2,7.0,8.8,1.0,3.7,5.7,17.5,2,3,5.4,6.1,3.0,1,SYNTHETIC_PROTOTYPE_BENCHMARK,SYNTHETIC_PROTOTYPE_DATA_NOT_REAL_PERSONNEL_DATA,DEMO / SYNTHETIC DATA — NOT REAL PERSONNEL OR SENSOR DATA
17.7,45.3,6.5,4.0,3.0,1.0,7.6,17.3,0,1,4.5,6.4,4.6,0,SYNTHETIC_PROTOTYPE_BENCHMARK,SYNTHETIC_PROTOTYPE_DATA_NOT_REAL_PERSONNEL_DATA,DEMO / SYNTHETIC DATA — NOT REAL PERSONNEL OR SENSOR DATA
23.6,61.9,5.4,10.6,0.0,3.1,6.2,10.3,1,1,6.0,3.2,0.7,1,SYNTHETIC_PROTOTYPE_BENCHMARK,SYNTHETIC_PROTOTYPE_DATA_NOT_REAL_PERSONNEL_DATA,DEMO / SYNTHETIC DATA — NOT REAL PERSONNEL OR SENSOR DATA
14.4,50.3,2.7,5.1,10.0,0.7,7.5,16.5,0,0,4.6,6.7,-1.2,0,SYNTHETIC_PROTOTYPE_BENCHMARK,SYNTHETIC_PROTOTYPE_DATA_NOT_REAL_PERSONNEL_DATA,DEMO / SYNTHETIC DATA — NOT REAL PERSONNEL OR SENSOR DATA
14.8,44.4,4.1,5.8,1.0,4.6,6.6,12.9,0,1,5.7,5.1,-0.3,0,SYNTHETIC_PROTOTYPE_BENCHMARK,SYNTHETIC_PROTOTYPE_DATA_NOT_REAL_PERSONNEL_DATA,DEMO / SYNTHETIC DATA — NOT REAL PERSONNEL OR SENSOR DATA
19.9,57.4,5.0,4.0,1.0,0.6,7.9,15.6,0,3,4.8,6.2,-1.7,1,SYNTHETIC_PROTOTYPE_BENCHMARK,SYNTHETIC_PROTOTYPE_DATA_NOT_REAL_PERSONNEL_DATA,DEMO / SYNTHETIC DATA — NOT REAL PERSONNEL OR SENSOR DATA
16.3,43.0,2.3,4.0,0.0,9.4,7.9,15.4,0,1,8.3,5.4,-1.4,0,SYNTHETIC_PROTOTYPE_BENCHMARK,SYNTHETIC_PROTOTYPE_DATA_NOT_REAL_PERSONNEL_DATA,DEMO / SYNTHETIC DATA — NOT REAL PERSONNEL OR SENSOR DATA
16.1,52.3,4.0,4.0,10.0,5.0,7.1,12.4,0,3,6.4,5.6,-1.6,0,SYNTHETIC_PROTOTYPE_BENCHMARK,SYNTHETIC_PROTOTYPE_DATA_NOT_REAL_PERSONNEL_DATA,DEMO / SYNTHETIC DATA — NOT REAL PERSONNEL OR SENSOR DATA
14.6,51.9,6.8,4.0,4.0,7.7,6.6,14.0,0,0,4.2,5.6,-0.2,0,SYNTHETIC_PROTOTYPE_BENCHMARK,SYNTHETIC_PROTOTYPE_DATA_NOT_REAL_PERSONNEL_DATA,DEMO / SYNTHETIC DATA — NOT REAL PERSONNEL OR SENSOR DATA
15.3,62.9,8.4,4.0,5.0,3.3,7.2,20.0,0,1,7.9,5.7,0.3,0,SYNTHETIC_PROTOTYPE_BENCHMARK,SYNTHETIC_PROTOTYPE_DATA_NOT_REAL_PERSONNEL_DATA,DEMO / SYNTHETIC DATA — NOT REAL PERSONNEL OR SENSOR DATA
21.9,56.7,4.7,4.0,2.0,2.9,7.1,16.1,0,3,4.3,2.4,-0.3,1,SYNTHETIC_PROTOTYPE_BENCHMARK,SYNTHETIC_PROTOTYPE_DATA_NOT_REAL_PERSONNEL_DATA,DEMO / SYNTHETIC DATA — NOT REAL PERSONNEL OR SENSOR DATA
23.9,51.7,7.0,4.0,2.0,0.6,7.2,15.2,0,2,3.1,2.8,-0.5,1,SYNTHETIC_PROTOTYPE_BENCHMARK,SYNTHETIC_PROTOTYPE_DATA_NOT_REAL_PERSONNEL_DATA,DEMO / SYNTHETIC DATA — NOT REAL PERSONNEL OR SENSOR DATA
25.5,60.2,1.7,4.0,0.0,4.5,7.4,19.2,0,3,6.2,5.7,1.7,1,SYNTHETIC_PROTOTYPE_BENCHMARK,SYNTHETIC_PROTOTYPE_DATA_NOT_REAL_PERSONNEL_DATA,DEMO / SYNTHETIC DATA — NOT REAL PERSONNEL OR SENSOR DATA
28.8,65.9,6.8,6.2,3.0,4.3,7.5,13.9,0,2,10.0,4.9,-0.5,1,SYNTHETIC_PROTOTYPE_BENCHMARK,SYNTHETIC_PROTOTYPE_DATA_NOT_REAL_PERSONNEL_DATA,DEMO / SYNTHETIC DATA — NOT REAL PERSONNEL OR SENSOR DATA
17.1,57.6,3.9,4.0,1.0,3.8,5.7,15.4,1,1,2.5,3.6,-0.4,1,SYNTHETIC_PROTOTYPE_BENCHMARK,SYNTHETIC_PROTOTYPE_DATA_NOT_REAL_PERSONNEL_DATA,DEMO / SYNTHETIC DATA — NOT REAL PERSONNEL OR SENSOR DATA
20.9,52.1,6.1,4.0,13.0,8.1,5.9,17.6,1,1,3.5,5.7,-0.4,0,SYNTHETIC_PROTOTYPE_BENCHMARK,SYNTHETIC_PROTOTYPE_DATA_NOT_REAL_PERSONNEL_DATA,DEMO / SYNTHETIC DATA — NOT REAL PERSONNEL OR SENSOR DATA
17.7,38.9,5.0,4.0,6.0,10.7,6.6,14.8,0,3,7.7,3.7,3.4,1,SYNTHETIC_PROTOTYPE_BENCHMARK,SYNTHETIC_PROTOTYPE_DATA_NOT_REAL_PERSONNEL_DATA,DEMO / SYNTHETIC DATA — NOT REAL PERSONNEL OR SENSOR DATA
25.7,41.3,8.1,14.9,2.0,8.3,6.0,9.7,2,1,4.9,10.0,-1.1,2,SYNTHETIC_PROTOTYPE_BENCHMARK,SYNTHETIC_PROTOTYPE_DATA_NOT_REAL_PERSONNEL_DATA,DEMO / SYNTHETIC DATA — NOT REAL PERSONNEL OR SENSOR DATA
20.2,48.9,3.8,4.0,1.0,0.9,7.1,11.1,0,0,7.4,7.2,1.3,0,SYNTHETIC_PROTOTYPE_BENCHMARK,SYNTHETIC_PROTOTYPE_DATA_NOT_REAL_PERSONNEL_DATA,DEMO / SYNTHETIC DATA — NOT REAL PERSONNEL OR SENSOR DATA
17.9,45.9,6.8,4.0,5.0,5.8,7.6,13.7,0,1,4.5,6.4,-1.6,0,SYNTHETIC_PROTOTYPE_BENCHMARK,SYNTHETIC_PROTOTYPE_DATA_NOT_REAL_PERSONNEL_DATA,DEMO / SYNTHETIC DATA — NOT REAL PERSONNEL OR SENSOR DATA
15.0,50.1,4.9,4.0,0.0,0.5,7.1,13.7,0,1,6.5,5.3,0.8,0,SYNTHETIC_PROTOTYPE_BENCHMARK,SYNTHETIC_PROTOTYPE_DATA_NOT_REAL_PERSONNEL_DATA,DEMO / SYNTHETIC DATA — NOT REAL PERSONNEL OR SENSOR DATA
3.6,52.6,5.2,9.5,1.0,7.1,6.4,13.7,2,0,9.7,4.2,1.2,0,SYNTHETIC_PROTOTYPE_BENCHMARK,SYNTHETIC_PROTOTYPE_DATA_NOT_REAL_PERSONNEL_DATA,DEMO / SYNTHETIC DATA — NOT REAL PERSONNEL OR SENSOR DATA
14.1,57.3,5.1,6.1,1.0,2.9,7.6,13.5,0,2,3.8,2.9,2.4,0,SYNTHETIC_PROTOTYPE_BENCHMARK,SYNTHETIC_PROTOTYPE_DATA_NOT_REAL_PERSONNEL_DATA,DEMO / SYNTHETIC DATA — NOT REAL PERSONNEL OR SENSOR DATA
7.9,51.3,3.8,4.0,3.0,0.9,7.1,19.9,0,0,8.2,5.0,-0.8,0,SYNTHETIC_PROTOTYPE_BENCHMARK,SYNTHETIC_PROTOTYPE_DATA_NOT_REAL_PERSONNEL_DATA,DEMO / SYNTHETIC DATA — NOT REAL PERSONNEL OR SENSOR DATA
13.6,56.9,5.5,4.0,5.0,11.9,6.7,13.5,0,1,7.6,3.6,-2.5,1,SYNTHETIC_PROTOTYPE_BENCHMARK,SYNTHETIC_PROTOTYPE_DATA_NOT_REAL_PERSONNEL_DATA,DEMO / SYNTHETIC DATA — NOT REAL PERSONNEL OR SENSOR DATA
26.5,52.6,5.4,4.0,1.0,5.7,7.7,18.4,0,2,3.2,3.9,-1.7,1,SYNTHETIC_PROTOTYPE_BENCHMARK,SYNTHETIC_PROTOTYPE_DATA_NOT_REAL_PERSONNEL_DATA,DEMO / SYNTHETIC DATA — NOT REAL PERSONNEL OR SENSOR DATA
9.1,32.2,6.0,4.0,0.0,2.6,7.6,16.0,0,1,7.3,4.1,2.1,0,SYNTHETIC_PROTOTYPE_BENCHMARK,SYNTHETIC_PROTOTYPE_DATA_NOT_REAL_PERSONNEL_DATA,DEMO / SYNTHETIC DATA — NOT REAL PERSONNEL OR SENSOR DATA
11.6,42.6,5.7,4.5,2.0,0.2,9.0,17.0,0,2,6.3,6.0,4.6,0,SYNTHETIC_PROTOTYPE_BENCHMARK,SYNTHETIC_PROTOTYPE_DATA_NOT_REAL_PERSONNEL_DATA,DEMO / SYNTHETIC DATA — NOT REAL PERSONNEL OR SENSOR DATA
14.2,50.6,7.1,5.2,5.0,4.6,6.6,16.6,0,0,6.4,4.6,1.8,0,SYNTHETIC_PROTOTYPE_BENCHMARK,SYNTHETIC_PROTOTYPE_DATA_NOT_REAL_PERSONNEL_DATA,DEMO / SYNTHETIC DATA — NOT REAL PERSONNEL OR SENSOR DATA
28.8,39.9,7.3,13.4,1.0,15.4,8.6,7.4,0,3,6.9,6.6,-2.8,1,SYNTHETIC_PROTOTYPE_BENCHMARK,SYNTHETIC_PROTOTYPE_DATA_NOT_REAL_PERSONNEL_DATA,DEMO / SYNTHETIC DATA — NOT REAL PERSONNEL OR SENSOR DATA
17.6,58.0,3.4,4.0,1.0,5.4,5.8,15.6,1,0,5.5,5.5,1.8,1,SYNTHETIC_PROTOTYPE_BENCHMARK,SYNTHETIC_PROTOTYPE_DATA_NOT_REAL_PERSONNEL_DATA,DEMO / SYNTHETIC DATA — NOT REAL PERSONNEL OR SENSOR DATA
25.4,67.3,7.2,4.0,10.0,21.4,6.2,15.1,2,0,6.3,4.6,-2.1,2,SYNTHETIC_PROTOTYPE_BENCHMARK,SYNTHETIC_PROTOTYPE_DATA_NOT_REAL_PERSONNEL_DATA,DEMO / SYNTHETIC DATA — NOT REAL PERSONNEL OR SENSOR DATA
22.5,64.2,3.1,4.0,11.0,0.9,6.0,13.3,2,2,6.7,8.4,-0.8,1,SYNTHETIC_PROTOTYPE_BENCHMARK,SYNTHETIC_PROTOTYPE_DATA_NOT_REAL_PERSONNEL_DATA,DEMO / SYNTHETIC DATA — NOT REAL PERSONNEL OR SENSOR DATA
11.2,49.9,6.7,4.9,16.0,5.0,7.8,16.2,0,2,7.7,6.5,0.4,0,SYNTHETIC_PROTOTYPE_BENCHMARK,SYNTHETIC_PROTOTYPE_DATA_NOT_REAL_PERSONNEL_DATA,DEMO / SYNTHETIC DATA — NOT REAL PERSONNEL OR SENSOR DATA
27.7,66.9,6.7,6.3,6.0,9.6,5.8,18.1,2,0,3.1,2.4,0.8,1,SYNTHETIC_PROTOTYPE_BENCHMARK,SYNTHETIC_PROTOTYPE_DATA_NOT_REAL_PERSONNEL_DATA,DEMO / SYNTHETIC DATA — NOT REAL PERSONNEL OR SENSOR DATA
21.0,53.5,1.7,4.0,1.0,4.5,7.1,10.3,0,3,8.8,5.7,0.1,0,SYNTHETIC_PROTOTYPE_BENCHMARK,SYNTHETIC_PROTOTYPE_DATA_NOT_REAL_PERSONNEL_DATA,DEMO / SYNTHETIC DATA — NOT REAL PERSONNEL OR SENSOR DATA
17.7,48.6,5.7,4.0,1.0,0.6,6.6,14.5,0,1,3.9,5.2,-1.3,0,SYNTHETIC_PROTOTYPE_BENCHMARK,SYNTHETIC_PROTOTYPE_DATA_NOT_REAL_PERSONNEL_DATA,DEMO / SYNTHETIC DATA — NOT REAL PERSONNEL OR SENSOR DATA
25.8,45.9,4.6,4.0,1.0,5.2,7.9,13.1,0,3,7.7,3.4,2.3,1,SYNTHETIC_PROTOTYPE_BENCHMARK,SYNTHETIC_PROTOTYPE_DATA_NOT_REAL_PERSONNEL_DATA,DEMO / SYNTHETIC DATA — NOT REAL PERSONNEL OR SENSOR DATA
16.1,49.0,4.0,4.0,1.0,5.7,6.4,15.7,1,1,6.4,3.1,-1.2,0,SYNTHETIC_PROTOTYPE_BENCHMARK,SYNTHETIC_PROTOTYPE_DATA_NOT_REAL_PERSONNEL_DATA,DEMO / SYNTHETIC DATA — NOT REAL PERSONNEL OR SENSOR DATA
17.1,48.1,8.2,7.9,11.0,7.8,8.3,13.4,0,1,3.6,6.0,2.8,0,SYNTHETIC_PROTOTYPE_BENCHMARK,SYNTHETIC_PROTOTYPE_DATA_NOT_REAL_PERSONNEL_DATA,DEMO / SYNTHETIC DATA — NOT REAL PERSONNEL OR SENSOR DATA
17.7,53.7,4.2,4.0,5.0,8.6,5.9,14.4,2,1,7.3,6.1,-3.0,1,SYNTHETIC_PROTOTYPE_BENCHMARK,SYNTHETIC_PROTOTYPE_DATA_NOT_REAL_PERSONNEL_DATA,DEMO / SYNTHETIC DATA — NOT REAL PERSONNEL OR SENSOR DATA
21.9,53.6,3.9,6.4,5.0,8.8,5.6,16.0,2,0,4.3,3.5,0.5,1,SYNTHETIC_PROTOTYPE_BENCHMARK,SYNTHETIC_PROTOTYPE_DATA_NOT_REAL_PERSONNEL_DATA,DEMO / SYNTHETIC DATA — NOT REAL PERSONNEL OR SENSOR DATA
20.9,52.0,5.7,4.0,1.0,6.5,7.6,18.9,0,1,8.3,6.6,-2.7,0,SYNTHETIC_PROTOTYPE_BENCHMARK,SYNTHETIC_PROTOTYPE_DATA_NOT_REAL_PERSONNEL_DATA,DEMO / SYNTHETIC DATA — NOT REAL PERSONNEL OR SENSOR DATA
21.8,56.4,6.9,5.9,8.0,1.5,6.3,20.1,2,1,4.8,5.3,-1.8,1,SYNTHETIC_PROTOTYPE_BENCHMARK,SYNTHETIC_PROTOTYPE_DATA_NOT_REAL_PERSONNEL_DATA,DEMO / SYNTHETIC DATA — NOT REAL PERSONNEL OR SENSOR DATA
15.1,63.9,5.2,4.0,6.0,3.1,6.4,14.1,1,0,3.2,6.2,-1.1,0,SYNTHETIC_PROTOTYPE_BENCHMARK,SYNTHETIC_PROTOTYPE_DATA_NOT_REAL_PERSONNEL_DATA,DEMO / SYNTHETIC DATA — NOT REAL PERSONNEL OR SENSOR DATA
19.4,61.5,7.8,7.1,1.0,9.0,6.1,10.7,1,0,9.3,6.2,3.3,1,SYNTHETIC_PROTOTYPE_BENCHMARK,SYNTHETIC_PROTOTYPE_DATA_NOT_REAL_PERSONNEL_DATA,DEMO / SYNTHETIC DATA — NOT REAL PERSONNEL OR SENSOR DATA
11.6,37.2,6.6,4.0,7.0,18.4,6.0,16.7,1,0,6.6,5.7,2.9,0,SYNTHETIC_PROTOTYPE_BENCHMARK,SYNTHETIC_PROTOTYPE_DATA_NOT_REAL_PERSONNEL_DATA,DEMO / SYNTHETIC DATA — NOT REAL PERSONNEL OR SENSOR DATA
16.9,30.0,1.1,4.0,1.0,0.5,7.8,18.8,0,2,7.9,8.8,1.9,0,SYNTHETIC_PROTOTYPE_BENCHMARK,SYNTHETIC_PROTOTYPE_DATA_NOT_REAL_PERSONNEL_DATA,DEMO / SYNTHETIC DATA — NOT REAL PERSONNEL OR SENSOR DATA
12.4,61.3,4.4,4.0,0.0,4.6,7.5,17.2,0,1,4.5,2.9,0.1,0,SYNTHETIC_PROTOTYPE_BENCHMARK,SYNTHETIC_PROTOTYPE_DATA_NOT_REAL_PERSONNEL_DATA,DEMO / SYNTHETIC DATA — NOT REAL PERSONNEL OR SENSOR DATA
21.5,38.3,4.4,4.0,4.0,2.2,8.3,18.8,0,2,2.4,9.5,0.4,0,SYNTHETIC_PROTOTYPE_BENCHMARK,SYNTHETIC_PROTOTYPE_DATA_NOT_REAL_PERSONNEL_DATA,DEMO / SYNTHETIC DATA — NOT REAL PERSONNEL OR SENSOR DATA
26.5,49.8,6.5,4.0,4.0,1.5,7.2,15.1,0,3,9.6,3.9,2.8,1,SYNTHETIC_PROTOTYPE_BENCHMARK,SYNTHETIC_PROTOTYPE_DATA_NOT_REAL_PERSONNEL_DATA,DEMO / SYNTHETIC DATA — NOT REAL PERSONNEL OR SENSOR DATA
8.3,40.3,1.0,4.0,0.0,4.2,8.3,14.4,0,1,6.2,5.7,1.5,0,SYNTHETIC_PROTOTYPE_BENCHMARK,SYNTHETIC_PROTOTYPE_DATA_NOT_REAL_PERSONNEL_DATA,DEMO / SYNTHETIC DATA — NOT REAL PERSONNEL OR SENSOR DATA
19.6,34.0,10.0,13.6,1.0,5.6,6.7,12.0,0,3,7.2,5.3,0.0,1,SYNTHETIC_PROTOTYPE_BENCHMARK,SYNTHETIC_PROTOTYPE_DATA_NOT_REAL_PERSONNEL_DATA,DEMO / SYNTHETIC DATA — NOT REAL PERSONNEL OR SENSOR DATA
16.0,57.4,6.6,4.0,17.0,0.1,6.5,14.9,0,0,7.5,4.2,3.3,1,SYNTHETIC_PROTOTYPE_BENCHMARK,SYNTHETIC_PROTOTYPE_DATA_NOT_REAL_PERSONNEL_DATA,DEMO / SYNTHETIC DATA — NOT REAL PERSONNEL OR SENSOR DATA
20.2,59.6,5.8,6.2,4.0,9.1,6.8,16.0,0,0,5.5,9.1,1.8,1,SYNTHETIC_PROTOTYPE_BENCHMARK,SYNTHETIC_PROTOTYPE_DATA_NOT_REAL_PERSONNEL_DATA,DEMO / SYNTHETIC DATA — NOT REAL PERSONNEL OR SENSOR DATA
24.5,46.2,7.9,16.6,5.0,10.3,6.8,12.5,0,1,6.7,4.7,0.5,1,SYNTHETIC_PROTOTYPE_BENCHMARK,SYNTHETIC_PROTOTYPE_DATA_NOT_REAL_PERSONNEL_DATA,DEMO / SYNTHETIC DATA — NOT REAL PERSONNEL OR SENSOR DATA
21.6,30.0,10.0,4.0,1.0,20.2,7.1,17.7,0,1,9.4,7.6,-1.0,1,SYNTHETIC_PROTOTYPE_BENCHMARK,SYNTHETIC_PROTOTYPE_DATA_NOT_REAL_PERSONNEL_DATA,DEMO / SYNTHETIC DATA — NOT REAL PERSONNEL OR SENSOR DATA
20.7,46.5,7.2,4.8,0.0,1.2,6.2,16.3,1,3,6.1,5.1,-1.2,1,SYNTHETIC_PROTOTYPE_BENCHMARK,SYNTHETIC_PROTOTYPE_DATA_NOT_REAL_PERSONNEL_DATA,DEMO / SYNTHETIC DATA — NOT REAL PERSONNEL OR SENSOR DATA
27.5,55.9,7.4,4.0,1.0,5.4,5.0,16.1,1,1,8.1,6.3,-0.7,1,SYNTHETIC_PROTOTYPE_BENCHMARK,SYNTHETIC_PROTOTYPE_DATA_NOT_REAL_PERSONNEL_DATA,DEMO / SYNTHETIC DATA — NOT REAL PERSONNEL OR SENSOR DATA
17.4,37.2,5.8,4.0,1.0,3.3,8.2,17.2,0,0,2.2,5.1,1.0,0,SYNTHETIC_PROTOTYPE_BENCHMARK,SYNTHETIC_PROTOTYPE_DATA_NOT_REAL_PERSONNEL_DATA,DEMO / SYNTHETIC DATA — NOT REAL PERSONNEL OR SENSOR DATA
19.2,53.8,5.2,4.0,1.0,2.4,7.1,11.7,0,2,8.4,5.4,1.8,1,SYNTHETIC_PROTOTYPE_BENCHMARK,SYNTHETIC_PROTOTYPE_DATA_NOT_REAL_PERSONNEL_DATA,DEMO / SYNTHETIC DATA — NOT REAL PERSONNEL OR SENSOR DATA
16.9,51.8,4.5,10.9,1.0,5.0,7.6,13.2,0,1,3.2,6.1,-3.2,0,SYNTHETIC_PROTOTYPE_BENCHMARK,SYNTHETIC_PROTOTYPE_DATA_NOT_REAL_PERSONNEL_DATA,DEMO / SYNTHETIC DATA — NOT REAL PERSONNEL OR SENSOR DATA
23.9,57.8,3.8,4.0,3.0,9.2,6.2,15.7,2,0,8.2,3.7,-4.3,1,SYNTHETIC_PROTOTYPE_BENCHMARK,SYNTHETIC_PROTOTYPE_DATA_NOT_REAL_PERSONNEL_DATA,DEMO / SYNTHETIC DATA — NOT REAL PERSONNEL OR SENSOR DATA
22.6,53.2,4.1,4.0,1.0,0.1,6.4,16.0,1,1,7.0,9.2,-2.1,1,SYNTHETIC_PROTOTYPE_BENCHMARK,SYNTHETIC_PROTOTYPE_DATA_NOT_REAL_PERSONNEL_DATA,DEMO / SYNTHETIC DATA — NOT REAL PERSONNEL OR SENSOR DATA
23.2,42.3,2.8,4.0,6.0,20.9,6.8,15.4,0,3,6.0,6.7,-0.9,1,SYNTHETIC_PROTOTYPE_BENCHMARK,SYNTHETIC_PROTOTYPE_DATA_NOT_REAL_PERSONNEL_DATA,DEMO / SYNTHETIC DATA — NOT REAL PERSONNEL OR SENSOR DATA
32.4,64.0,5.3,8.3,1.0,10.0,6.9,14.8,0,2,6.0,4.1,2.6,2,SYNTHETIC_PROTOTYPE_BENCHMARK,SYNTHETIC_PROTOTYPE_DATA_NOT_REAL_PERSONNEL_DATA,DEMO / SYNTHETIC DATA — NOT REAL PERSONNEL OR SENSOR DATA
18.6,50.4,2.1,4.0,2.0,8.3,6.6,14.5,0,1,5.7,4.2,-0.6,1,SYNTHETIC_PROTOTYPE_BENCHMARK,SYNTHETIC_PROTOTYPE_DATA_NOT_REAL_PERSONNEL_DATA,DEMO / SYNTHETIC DATA — NOT REAL PERSONNEL OR SENSOR DATA
19.2,51.7,5.9,4.6,0.0,8.6,7.4,17.6,0,1,4.6,5.3,0.6,0,SYNTHETIC_PROTOTYPE_BENCHMARK,SYNTHETIC_PROTOTYPE_DATA_NOT_REAL_PERSONNEL_DATA,DEMO / SYNTHETIC DATA — NOT REAL PERSONNEL OR SENSOR DATA
21.0,42.7,5.4,4.6,2.0,3.0,6.5,16.3,2,0,5.8,3.8,0.9,1,SYNTHETIC_PROTOTYPE_BENCHMARK,SYNTHETIC_PROTOTYPE_DATA_NOT_REAL_PERSONNEL_DATA,DEMO / SYNTHETIC DATA — NOT REAL PERSONNEL OR SENSOR DATA
25.8,47.6,5.8,4.4,0.0,8.4,6.8,15.7,0,1,10.0,8.0,-2.3,1,SYNTHETIC_PROTOTYPE_BENCHMARK,SYNTHETIC_PROTOTYPE_DATA_NOT_REAL_PERSONNEL_DATA,DEMO / SYNTHETIC DATA — NOT REAL PERSONNEL OR SENSOR DATA
14.9,43.2,4.5,11.4,13.0,2.9,7.2,11.2,0,2,8.8,6.2,3.2,0,SYNTHETIC_PROTOTYPE_BENCHMARK,SYNTHETIC_PROTOTYPE_DATA_NOT_REAL_PERSONNEL_DATA,DEMO / SYNTHETIC DATA — NOT REAL PERSONNEL OR SENSOR DATA
19.1,50.3,10.0,6.9,5.0,13.7,7.7,16.1,0,1,4.5,5.1,-1.5,1,SYNTHETIC_PROTOTYPE_BENCHMARK,SYNTHETIC_PROTOTYPE_DATA_NOT_REAL_PERSONNEL_DATA,DEMO / SYNTHETIC DATA — NOT REAL PERSONNEL OR SENSOR DATA
17.9,69.1,8.2,4.0,2.0,1.2,6.5,16.0,1,0,6.7,5.7,3.4,1,SYNTHETIC_PROTOTYPE_BENCHMARK,SYNTHETIC_PROTOTYPE_DATA_NOT_REAL_PERSONNEL_DATA,DEMO / SYNTHETIC DATA — NOT REAL PERSONNEL OR SENSOR DATA
16.6,38.3,3.0,4.0,0.0,2.1,8.9,14.1,0,3,6.4,4.8,-0.3,0,SYNTHETIC_PROTOTYPE_BENCHMARK,SYNTHETIC_PROTOTYPE_DATA_NOT_REAL_PERSONNEL_DATA,DEMO / SYNTHETIC DATA — NOT REAL PERSONNEL OR SENSOR DATA
21.5,35.9,6.0,4.0,3.0,4.8,6.4,15.5,1,2,5.9,4.3,-0.7,0,SYNTHETIC_PROTOTYPE_BENCHMARK,SYNTHETIC_PROTOTYPE_DATA_NOT_REAL_PERSONNEL_DATA,DEMO / SYNTHETIC DATA — NOT REAL PERSONNEL OR SENSOR DATA
17.0,66.7,4.3,4.0,5.0,2.3,6.5,16.9,1,1,4.2,4.1,-2.4,1,SYNTHETIC_PROTOTYPE_BENCHMARK,SYNTHETIC_PROTOTYPE_DATA_NOT_REAL_PERSONNEL_DATA,DEMO / SYNTHETIC DATA — NOT REAL PERSONNEL OR SENSOR DATA
19.4,49.9,3.5,4.0,1.0,3.3,7.1,16.7,0,0,7.1,5.4,0.4,0,SYNTHETIC_PROTOTYPE_BENCHMARK,SYNTHETIC_PROTOTYPE_DATA_NOT_REAL_PERSONNEL_DATA,DEMO / SYNTHETIC DATA — NOT REAL PERSONNEL OR SENSOR DATA
11.2,45.3,2.8,4.0,3.0,4.1,7.7,16.6,0,0,7.9,6.3,5.0,0,SYNTHETIC_PROTOTYPE_BENCHMARK,SYNTHETIC_PROTOTYPE_DATA_NOT_REAL_PERSONNEL_DATA,DEMO / SYNTHETIC DATA — NOT REAL PERSONNEL OR SENSOR DATA
18.6,62.4,6.4,4.0,6.0,11.6,5.6,15.8,2,0,4.5,2.3,0.9,1,SYNTHETIC_PROTOTYPE_BENCHMARK,SYNTHETIC_PROTOTYPE_DATA_NOT_REAL_PERSONNEL_DATA,DEMO / SYNTHETIC DATA — NOT REAL PERSONNEL OR SENSOR DATA
19.1,45.9,4.1,15.5,5.0,4.4,8.5,13.1,0,1,10.0,4.8,0.6,0,SYNTHETIC_PROTOTYPE_BENCHMARK,SYNTHETIC_PROTOTYPE_DATA_NOT_REAL_PERSONNEL_DATA,DEMO / SYNTHETIC DATA — NOT REAL PERSONNEL OR SENSOR DATA
19.5,70.3,7.4,4.0,6.0,2.7,6.2,18.1,1,0,9.2,1.0,-1.5,1,SYNTHETIC_PROTOTYPE_BENCHMARK,SYNTHETIC_PROTOTYPE_DATA_NOT_REAL_PERSONNEL_DATA,DEMO / SYNTHETIC DATA — NOT REAL PERSONNEL OR SENSOR DATA
18.1,58.8,7.5,10.2,7.0,1.7,5.8,14.6,2,2,7.3,3.0,1.3,1,SYNTHETIC_PROTOTYPE_BENCHMARK,SYNTHETIC_PROTOTYPE_DATA_NOT_REAL_PERSONNEL_DATA,DEMO / SYNTHETIC DATA — NOT REAL PERSONNEL OR SENSOR DATA
25.1,47.1,8.2,4.0,10.0,3.2,7.1,14.4,0,3,3.7,6.5,0.3,1,SYNTHETIC_PROTOTYPE_BENCHMARK,SYNTHETIC_PROTOTYPE_DATA_NOT_REAL_PERSONNEL_DATA,DEMO / SYNTHETIC DATA — NOT REAL PERSONNEL OR SENSOR DATA
22.1,73.6,3.8,4.0,2.0,4.4,5.8,13.5,1,1,7.0,5.4,-0.1,2,SYNTHETIC_PROTOTYPE_BENCHMARK,SYNTHETIC_PROTOTYPE_DATA_NOT_REAL_PERSONNEL_DATA,DEMO / SYNTHETIC DATA — NOT REAL PERSONNEL OR SENSOR DATA
19.8,45.9,6.5,7.1,3.0,8.2,9.2,13.3,0,1,6.8,3.7,1.1,0,SYNTHETIC_PROTOTYPE_BENCHMARK,SYNTHETIC_PROTOTYPE_DATA_NOT_REAL_PERSONNEL_DATA,DEMO / SYNTHETIC DATA — NOT REAL PERSONNEL OR SENSOR DATA
24.6,59.4,6.8,4.0,5.0,0.8,7.5,19.5,0,2,7.2,4.2,-4.0,1,SYNTHETIC_PROTOTYPE_BENCHMARK,SYNTHETIC_PROTOTYPE_DATA_NOT_REAL_PERSONNEL_DATA,DEMO / SYNTHETIC DATA — NOT REAL PERSONNEL OR SENSOR DATA
14.6,55.0,4.6,4.0,4.0,1.5,6.9,16.2,0,3,9.4,5.0,-0.2,0,SYNTHETIC_PROTOTYPE_BENCHMARK,SYNTHETIC_PROTOTYPE_DATA_NOT_REAL_PERSONNEL_DATA,DEMO / SYNTHETIC DATA — NOT REAL PERSONNEL OR SENSOR DATA
29.0,65.0,4.0,4.0,19.0,2.9,6.3,19.9,2,3,5.8,6.0,-2.6,2,SYNTHETIC_PROTOTYPE_BENCHMARK,SYNTHETIC_PROTOTYPE_DATA_NOT_REAL_PERSONNEL_DATA,DEMO / SYNTHETIC DATA — NOT REAL PERSONNEL OR SENSOR DATA
28.9,67.6,8.7,4.0,0.0,2.7,7.1,15.4,0,0,10.0,6.5,0.1,1,SYNTHETIC_PROTOTYPE_BENCHMARK,SYNTHETIC_PROTOTYPE_DATA_NOT_REAL_PERSONNEL_DATA,DEMO / SYNTHETIC DATA — NOT REAL PERSONNEL OR SENSOR DATA
20.3,52.3,6.0,10.4,2.0,3.0,7.7,12.5,0,0,7.0,5.3,-1.6,0,SYNTHETIC_PROTOTYPE_BENCHMARK,SYNTHETIC_PROTOTYPE_DATA_NOT_REAL_PERSONNEL_DATA,DEMO / SYNTHETIC DATA — NOT REAL PERSONNEL OR SENSOR DATA
26.3,44.5,6.8,7.1,1.0,9.5,4.7,14.2,2,2,5.6,5.1,-1.4,1,SYNTHETIC_PROTOTYPE_BENCHMARK,SYNTHETIC_PROTOTYPE_DATA_NOT_REAL_PERSONNEL_DATA,DEMO / SYNTHETIC DATA — NOT REAL PERSONNEL OR SENSOR DATA
16.8,56.6,3.9,4.0,1.0,2.4,7.3,15.4,0,1,10.0,2.7,-2.9,0,SYNTHETIC_PROTOTYPE_BENCHMARK,SYNTHETIC_PROTOTYPE_DATA_NOT_REAL_PERSONNEL_DATA,DEMO / SYNTHETIC DATA — NOT REAL PERSONNEL OR SENSOR DATA
11.8,45.2,3.1,4.0,1.0,4.2,7.2,14.1,0,0,7.9,5.6,2.5,0,SYNTHETIC_PROTOTYPE_BENCHMARK,SYNTHETIC_PROTOTYPE_DATA_NOT_REAL_PERSONNEL_DATA,DEMO / SYNTHETIC DATA — NOT REAL PERSONNEL OR SENSOR DATA
24.5,72.1,4.4,4.0,4.0,5.9,5.0,13.3,2,1,5.3,7.1,-1.5,2,SYNTHETIC_PROTOTYPE_BENCHMARK,SYNTHETIC_PROTOTYPE_DATA_NOT_REAL_PERSONNEL_DATA,DEMO / SYNTHETIC DATA — NOT REAL PERSONNEL OR SENSOR DATA
22.9,53.4,5.3,4.0,0.0,1.6,7.6,16.6,0,2,6.4,7.0,-1.4,1,SYNTHETIC_PROTOTYPE_BENCHMARK,SYNTHETIC_PROTOTYPE_DATA_NOT_REAL_PERSONNEL_DATA,DEMO / SYNTHETIC DATA — NOT REAL PERSONNEL OR SENSOR DATA
16.2,48.3,3.4,4.0,5.0,7.6,8.7,17.7,0,0,7.5,5.6,3.4,0,SYNTHETIC_PROTOTYPE_BENCHMARK,SYNTHETIC_PROTOTYPE_DATA_NOT_REAL_PERSONNEL_DATA,DEMO / SYNTHETIC DATA — NOT REAL PERSONNEL OR SENSOR DATA
18.1,53.8,5.5,4.0,4.0,4.8,7.2,20.5,0,2,5.9,5.5,1.2,1,SYNTHETIC_PROTOTYPE_BENCHMARK,SYNTHETIC_PROTOTYPE_DATA_NOT_REAL_PERSONNEL_DATA,DEMO / SYNTHETIC DATA — NOT REAL PERSONNEL OR SENSOR DATA
8.5,38.5,2.1,4.0,1.0,3.6,8.3,14.7,0,0,6.5,4.8,-4.5,0,SYNTHETIC_PROTOTYPE_BENCHMARK,SYNTHETIC_PROTOTYPE_DATA_NOT_REAL_PERSONNEL_DATA,DEMO / SYNTHETIC DATA — NOT REAL PERSONNEL OR SENSOR DATA
8.9,42.3,3.3,4.0,1.0,10.0,8.6,14.9,0,2,4.6,5.1,3.0,0,SYNTHETIC_PROTOTYPE_BENCHMARK,SYNTHETIC_PROTOTYPE_DATA_NOT_REAL_PERSONNEL_DATA,DEMO / SYNTHETIC DATA — NOT REAL PERSONNEL OR SENSOR DATA
25.2,64.0,6.8,4.0,3.0,1.7,5.8,14.1,2,1,2.8,4.7,3.6,2,SYNTHETIC_PROTOTYPE_BENCHMARK,SYNTHETIC_PROTOTYPE_DATA_NOT_REAL_PERSONNEL_DATA,DEMO / SYNTHETIC DATA — NOT REAL PERSONNEL OR SENSOR DATA
16.6,45.4,6.7,4.5,5.0,12.9,5.4,17.6,1,0,6.4,5.7,3.4,0,SYNTHETIC_PROTOTYPE_BENCHMARK,SYNTHETIC_PROTOTYPE_DATA_NOT_REAL_PERSONNEL_DATA,DEMO / SYNTHETIC DATA — NOT REAL PERSONNEL OR SENSOR DATA
15.3,41.5,4.7,4.0,7.0,4.9,7.8,17.2,0,2,6.5,7.2,1.5,0,SYNTHETIC_PROTOTYPE_BENCHMARK,SYNTHETIC_PROTOTYPE_DATA_NOT_REAL_PERSONNEL_DATA,DEMO / SYNTHETIC DATA — NOT REAL PERSONNEL OR SENSOR DATA
27.2,57.4,3.5,15.3,7.0,5.6,6.4,9.3,2,2,7.3,6.3,-2.4,2,SYNTHETIC_PROTOTYPE_BENCHMARK,SYNTHETIC_PROTOTYPE_DATA_NOT_REAL_PERSONNEL_DATA,DEMO / SYNTHETIC DATA — NOT REAL PERSONNEL OR SENSOR DATA
27.1,63.9,3.4,8.3,12.0,12.5,5.1,12.1,2,3,5.0,5.2,-0.1,2,SYNTHETIC_PROTOTYPE_BENCHMARK,SYNTHETIC_PROTOTYPE_DATA_NOT_REAL_PERSONNEL_DATA,DEMO / SYNTHETIC DATA — NOT REAL PERSONNEL OR SENSOR DATA
21.2,59.2,4.8,4.0,3.0,10.2,6.4,17.5,1,1,3.5,3.2,-3.2,1,SYNTHETIC_PROTOTYPE_BENCHMARK,SYNTHETIC_PROTOTYPE_DATA_NOT_REAL_PERSONNEL_DATA,DEMO / SYNTHETIC DATA — NOT REAL PERSONNEL OR SENSOR DATA
24.1,62.0,6.8,4.0,8.0,5.5,7.0,16.4,0,1,4.3,3.1,-1.9,1,SYNTHETIC_PROTOTYPE_BENCHMARK,SYNTHETIC_PROTOTYPE_DATA_NOT_REAL_PERSONNEL_DATA,DEMO / SYNTHETIC DATA — NOT REAL PERSONNEL OR SENSOR DATA
23.8,44.4,7.4,7.5,6.0,8.4,7.0,15.7,0,1,8.3,4.2,-2.4,1,SYNTHETIC_PROTOTYPE_BENCHMARK,SYNTHETIC_PROTOTYPE_DATA_NOT_REAL_PERSONNEL_DATA,DEMO / SYNTHETIC DATA — NOT REAL PERSONNEL OR SENSOR DATA
8.8,37.8,4.5,9.7,8.0,3.4,6.9,11.6,0,1,4.9,6.3,-1.4,0,SYNTHETIC_PROTOTYPE_BENCHMARK,SYNTHETIC_PROTOTYPE_DATA_NOT_REAL_PERSONNEL_DATA,DEMO / SYNTHETIC DATA — NOT REAL PERSONNEL OR SENSOR DATA
21.6,67.0,3.2,6.9,0.0,4.8,6.1,10.7,1,3,5.3,1.2,0.4,1,SYNTHETIC_PROTOTYPE_BENCHMARK,SYNTHETIC_PROTOTYPE_DATA_NOT_REAL_PERSONNEL_DATA,DEMO / SYNTHETIC DATA — NOT REAL PERSONNEL OR SENSOR DATA
15.3,48.8,6.0,4.0,12.0,0.4,7.1,13.9,0,0,5.6,5.3,-1.0,0,SYNTHETIC_PROTOTYPE_BENCHMARK,SYNTHETIC_PROTOTYPE_DATA_NOT_REAL_PERSONNEL_DATA,DEMO / SYNTHETIC DATA — NOT REAL PERSONNEL OR SENSOR DATA
13.0,49.5,3.9,24.0,2.0,0.6,5.6,9.0,1,0,5.0,7.4,-1.1,1,SYNTHETIC_PROTOTYPE_BENCHMARK,SYNTHETIC_PROTOTYPE_DATA_NOT_REAL_PERSONNEL_DATA,DEMO / SYNTHETIC DATA — NOT REAL PERSONNEL OR SENSOR DATA
20.1,65.3,4.5,4.0,6.0,10.6,6.1,19.8,2,1,4.8,5.4,-0.6,1,SYNTHETIC_PROTOTYPE_BENCHMARK,SYNTHETIC_PROTOTYPE_DATA_NOT_REAL_PERSONNEL_DATA,DEMO / SYNTHETIC DATA — NOT REAL PERSONNEL OR SENSOR DATA
14.6,57.6,8.2,5.2,0.0,0.4,5.7,14.3,1,0,4.5,4.3,3.3,1,SYNTHETIC_PROTOTYPE_BENCHMARK,SYNTHETIC_PROTOTYPE_DATA_NOT_REAL_PERSONNEL_DATA,DEMO / SYNTHETIC DATA — NOT REAL PERSONNEL OR SENSOR DATA
26.6,56.6,7.2,9.5,2.0,1.1,7.3,17.9,0,3,9.0,3.8,4.8,1,SYNTHETIC_PROTOTYPE_BENCHMARK,SYNTHETIC_PROTOTYPE_DATA_NOT_REAL_PERSONNEL_DATA,DEMO / SYNTHETIC DATA — NOT REAL PERSONNEL OR SENSOR DATA
23.1,73.7,5.8,4.0,1.0,9.5,4.6,17.3,3,1,7.6,5.1,-1.0,1,SYNTHETIC_PROTOTYPE_BENCHMARK,SYNTHETIC_PROTOTYPE_DATA_NOT_REAL_PERSONNEL_DATA,DEMO / SYNTHETIC DATA — NOT REAL PERSONNEL OR SENSOR DATA
15.1,45.6,3.0,9.6,1.0,0.0,8.1,10.6,0,1,8.7,5.9,0.7,0,SYNTHETIC_PROTOTYPE_BENCHMARK,SYNTHETIC_PROTOTYPE_DATA_NOT_REAL_PERSONNEL_DATA,DEMO / SYNTHETIC DATA — NOT REAL PERSONNEL OR SENSOR DATA
22.9,61.3,5.9,4.0,0.0,2.0,6.3,16.0,1,2,9.1,4.2,-1.9,1,SYNTHETIC_PROTOTYPE_BENCHMARK,SYNTHETIC_PROTOTYPE_DATA_NOT_REAL_PERSONNEL_DATA,DEMO / SYNTHETIC DATA — NOT REAL PERSONNEL OR SENSOR DATA
22.6,52.6,7.6,15.0,6.0,5.3,6.4,12.9,1,1,1.5,4.2,1.7,2,SYNTHETIC_PROTOTYPE_BENCHMARK,SYNTHETIC_PROTOTYPE_DATA_NOT_REAL_PERSONNEL_DATA,DEMO / SYNTHETIC DATA — NOT REAL PERSONNEL OR SENSOR DATA
8.5,54.7,4.7,4.0,0.0,5.4,7.0,10.7,0,1,6.9,5.1,-1.0,0,SYNTHETIC_PROTOTYPE_BENCHMARK,SYNTHETIC_PROTOTYPE_DATA_NOT_REAL_PERSONNEL_DATA,DEMO / SYNTHETIC DATA — NOT REAL PERSONNEL OR SENSOR DATA
24.7,67.3,8.2,12.3,1.0,9.0,5.4,13.6,1,0,5.0,3.8,-1.6,2,SYNTHETIC_PROTOTYPE_BENCHMARK,SYNTHETIC_PROTOTYPE_DATA_NOT_REAL_PERSONNEL_DATA,DEMO / SYNTHETIC DATA — NOT REAL PERSONNEL OR SENSOR DATA
19.7,57.1,8.1,4.0,1.0,4.2,6.9,17.9,0,1,8.4,6.0,4.4,1,SYNTHETIC_PROTOTYPE_BENCHMARK,SYNTHETIC_PROTOTYPE_DATA_NOT_REAL_PERSONNEL_DATA,DEMO / SYNTHETIC DATA — NOT REAL PERSONNEL OR SENSOR DATA
22.3,57.4,8.8,4.9,3.0,4.3,6.1,16.0,2,0,4.7,6.7,-3.0,1,SYNTHETIC_PROTOTYPE_BENCHMARK,SYNTHETIC_PROTOTYPE_DATA_NOT_REAL_PERSONNEL_DATA,DEMO / SYNTHETIC DATA — NOT REAL PERSONNEL OR SENSOR DATA
17.1,62.7,6.1,4.0,1.0,7.8,5.9,15.5,2,1,4.1,2.5,-5.0,1,SYNTHETIC_PROTOTYPE_BENCHMARK,SYNTHETIC_PROTOTYPE_DATA_NOT_REAL_PERSONNEL_DATA,DEMO / SYNTHETIC DATA — NOT REAL PERSONNEL OR SENSOR DATA
19.5,48.4,6.7,4.0,1.0,4.1,7.4,15.3,0,1,3.3,3.5,1.6,1,SYNTHETIC_PROTOTYPE_BENCHMARK,SYNTHETIC_PROTOTYPE_DATA_NOT_REAL_PERSONNEL_DATA,DEMO / SYNTHETIC DATA — NOT REAL PERSONNEL OR SENSOR DATA
22.9,43.6,8.3,4.0,2.0,5.6,6.3,15.1,2,0,5.6,7.6,-0.8,1,SYNTHETIC_PROTOTYPE_BENCHMARK,SYNTHETIC_PROTOTYPE_DATA_NOT_REAL_PERSONNEL_DATA,DEMO / SYNTHETIC DATA — NOT REAL PERSONNEL OR SENSOR DATA
18.9,41.6,6.4,4.9,4.0,13.7,6.0,12.9,2,1,8.0,5.9,-1.4,1,SYNTHETIC_PROTOTYPE_BENCHMARK,SYNTHETIC_PROTOTYPE_DATA_NOT_REAL_PERSONNEL_DATA,DEMO / SYNTHETIC DATA — NOT REAL PERSONNEL OR SENSOR DATA
8.6,32.3,4.5,4.0,0.0,3.1,7.9,14.2,0,0,6.7,4.5,5.0,0,SYNTHETIC_PROTOTYPE_BENCHMARK,SYNTHETIC_PROTOTYPE_DATA_NOT_REAL_PERSONNEL_DATA,DEMO / SYNTHETIC DATA — NOT REAL PERSONNEL OR SENSOR DATA
23.0,72.6,4.6,4.0,1.0,2.9,6.1,14.8,1,3,3.8,5.4,1.6,2,SYNTHETIC_PROTOTYPE_BENCHMARK,SYNTHETIC_PROTOTYPE_DATA_NOT_REAL_PERSONNEL_DATA,DEMO / SYNTHETIC DATA — NOT REAL PERSONNEL OR SENSOR DATA
16.6,41.0,6.0,4.0,1.0,0.0,7.6,15.8,0,0,10.0,6.2,-0.1,0,SYNTHETIC_PROTOTYPE_BENCHMARK,SYNTHETIC_PROTOTYPE_DATA_NOT_REAL_PERSONNEL_DATA,DEMO / SYNTHETIC DATA — NOT REAL PERSONNEL OR SENSOR DATA
20.0,49.8,2.9,12.5,13.0,5.7,7.2,11.1,0,2,7.5,8.5,-1.6,1,SYNTHETIC_PROTOTYPE_BENCHMARK,SYNTHETIC_PROTOTYPE_DATA_NOT_REAL_PERSONNEL_DATA,DEMO / SYNTHETIC DATA — NOT REAL PERSONNEL OR SENSOR DATA
18.8,49.2,5.2,4.0,2.0,0.2,7.2,13.9,0,1,7.8,4.9,1.0,0,SYNTHETIC_PROTOTYPE_BENCHMARK,SYNTHETIC_PROTOTYPE_DATA_NOT_REAL_PERSONNEL_DATA,DEMO / SYNTHETIC DATA — NOT REAL PERSONNEL OR SENSOR DATA
19.7,55.1,7.7,4.0,3.0,4.2,7.3,17.1,0,1,8.8,6.6,-3.8,0,SYNTHETIC_PROTOTYPE_BENCHMARK,SYNTHETIC_PROTOTYPE_DATA_NOT_REAL_PERSONNEL_DATA,DEMO / SYNTHETIC DATA — NOT REAL PERSONNEL OR SENSOR DATA
16.9,60.2,1.1,4.0,1.0,9.8,6.5,16.3,2,0,2.9,2.5,-1.1,0,SYNTHETIC_PROTOTYPE_BENCHMARK,SYNTHETIC_PROTOTYPE_DATA_NOT_REAL_PERSONNEL_DATA,DEMO / SYNTHETIC DATA — NOT REAL PERSONNEL OR SENSOR DATA
27.1,60.6,8.6,4.0,2.0,4.8,4.9,14.5,3,3,4.4,6.7,-0.1,2,SYNTHETIC_PROTOTYPE_BENCHMARK,SYNTHETIC_PROTOTYPE_DATA_NOT_REAL_PERSONNEL_DATA,DEMO / SYNTHETIC DATA — NOT REAL PERSONNEL OR SENSOR DATA
16.9,46.2,7.7,4.0,0.0,1.9,5.8,16.6,2,0,7.8,6.9,0.5,0,SYNTHETIC_PROTOTYPE_BENCHMARK,SYNTHETIC_PROTOTYPE_DATA_NOT_REAL_PERSONNEL_DATA,DEMO / SYNTHETIC DATA — NOT REAL PERSONNEL OR SENSOR DATA
18.8,50.3,4.6,4.0,0.0,9.3,8.4,14.7,0,1,4.6,7.6,-0.3,0,SYNTHETIC_PROTOTYPE_BENCHMARK,SYNTHETIC_PROTOTYPE_DATA_NOT_REAL_PERSONNEL_DATA,DEMO / SYNTHETIC DATA — NOT REAL PERSONNEL OR SENSOR DATA
24.0,54.8,6.6,8.2,2.0,1.9,6.9,14.0,0,3,5.6,6.6,-1.5,1,SYNTHETIC_PROTOTYPE_BENCHMARK,SYNTHETIC_PROTOTYPE_DATA_NOT_REAL_PERSONNEL_DATA,DEMO / SYNTHETIC DATA — NOT REAL PERSONNEL OR SENSOR DATA
25.4,49.5,5.5,5.0,2.0,7.9,7.6,17.2,0,3,6.0,5.1,2.0,1,SYNTHETIC_PROTOTYPE_BENCHMARK,SYNTHETIC_PROTOTYPE_DATA_NOT_REAL_PERSONNEL_DATA,DEMO / SYNTHETIC DATA — NOT REAL PERSONNEL OR SENSOR DATA
28.4,68.1,8.0,4.0,1.0,5.7,5.9,14.4,2,1,3.6,2.5,-3.6,2,SYNTHETIC_PROTOTYPE_BENCHMARK,SYNTHETIC_PROTOTYPE_DATA_NOT_REAL_PERSONNEL_DATA,DEMO / SYNTHETIC DATA — NOT REAL PERSONNEL OR SENSOR DATA
24.9,56.9,7.5,4.0,4.0,1.1,6.7,13.3,0,3,5.5,3.9,-0.6,1,SYNTHETIC_PROTOTYPE_BENCHMARK,SYNTHETIC_PROTOTYPE_DATA_NOT_REAL_PERSONNEL_DATA,DEMO / SYNTHETIC DATA — NOT REAL PERSONNEL OR SENSOR DATA
23.2,59.3,2.7,4.7,17.0,14.1,5.9,15.0,1,2,8.0,2.1,-1.1,0,SYNTHETIC_PROTOTYPE_BENCHMARK,SYNTHETIC_PROTOTYPE_DATA_NOT_REAL_PERSONNEL_DATA,DEMO / SYNTHETIC DATA — NOT REAL PERSONNEL OR SENSOR DATA
12.7,58.6,6.7,4.0,2.0,1.3,8.7,12.9,0,0,7.7,3.4,2.2,0,SYNTHETIC_PROTOTYPE_BENCHMARK,SYNTHETIC_PROTOTYPE_DATA_NOT_REAL_PERSONNEL_DATA,DEMO / SYNTHETIC DATA — NOT REAL PERSONNEL OR SENSOR DATA
21.1,63.7,5.1,6.2,3.0,27.4,5.9,14.2,2,1,8.4,5.1,-1.0,1,SYNTHETIC_PROTOTYPE_BENCHMARK,SYNTHETIC_PROTOTYPE_DATA_NOT_REAL_PERSONNEL_DATA,DEMO / SYNTHETIC DATA — NOT REAL PERSONNEL OR SENSOR DATA
19.0,53.8,5.7,4.0,12.0,0.0,6.5,15.0,0,0,8.2,4.9,1.0,0,SYNTHETIC_PROTOTYPE_BENCHMARK,SYNTHETIC_PROTOTYPE_DATA_NOT_REAL_PERSONNEL_DATA,DEMO / SYNTHETIC DATA — NOT REAL PERSONNEL OR SENSOR DATA
8.1,39.0,4.0,4.0,6.0,1.8,6.2,10.7,1,0,7.0,5.5,0.7,0,SYNTHETIC_PROTOTYPE_BENCHMARK,SYNTHETIC_PROTOTYPE_DATA_NOT_REAL_PERSONNEL_DATA,DEMO / SYNTHETIC DATA — NOT REAL PERSONNEL OR SENSOR DATA
22.7,56.0,9.0,4.0,2.0,1.3,8.4,16.7,0,2,6.9,3.7,-4.0,1,SYNTHETIC_PROTOTYPE_BENCHMARK,SYNTHETIC_PROTOTYPE_DATA_NOT_REAL_PERSONNEL_DATA,DEMO / SYNTHETIC DATA — NOT REAL PERSONNEL OR SENSOR DATA
14.3,45.5,7.6,7.8,5.0,0.1,7.1,13.7,0,1,6.7,2.8,-0.1,0,SYNTHETIC_PROTOTYPE_BENCHMARK,SYNTHETIC_PROTOTYPE_DATA_NOT_REAL_PERSONNEL_DATA,DEMO / SYNTHETIC DATA — NOT REAL PERSONNEL OR SENSOR DATA
10.7,46.7,4.0,4.0,0.0,7.9,7.6,18.0,0,0,4.9,5.7,-3.8,0,SYNTHETIC_PROTOTYPE_BENCHMARK,SYNTHETIC_PROTOTYPE_DATA_NOT_REAL_PERSONNEL_DATA,DEMO / SYNTHETIC DATA — NOT REAL PERSONNEL OR SENSOR DATA
16.9,57.9,2.8,4.0,3.0,7.1,7.3,16.0,0,2,4.1,5.4,0.8,1,SYNTHETIC_PROTOTYPE_BENCHMARK,SYNTHETIC_PROTOTYPE_DATA_NOT_REAL_PERSONNEL_DATA,DEMO / SYNTHETIC DATA — NOT REAL PERSONNEL OR SENSOR DATA
19.7,64.4,4.7,4.0,1.0,9.4,5.9,17.1,1,0,4.8,2.9,-1.6,0,SYNTHETIC_PROTOTYPE_BENCHMARK,SYNTHETIC_PROTOTYPE_DATA_NOT_REAL_PERSONNEL_DATA,DEMO / SYNTHETIC DATA — NOT REAL PERSONNEL OR SENSOR DATA
16.1,52.2,6.4,4.9,1.0,1.8,7.5,17.6,0,3,5.5,4.3,2.6,0,SYNTHETIC_PROTOTYPE_BENCHMARK,SYNTHETIC_PROTOTYPE_DATA_NOT_REAL_PERSONNEL_DATA,DEMO / SYNTHETIC DATA — NOT REAL PERSONNEL OR SENSOR DATA
26.6,55.1,6.0,9.4,2.0,3.5,6.3,13.2,1,3,4.9,7.3,-0.4,2,SYNTHETIC_PROTOTYPE_BENCHMARK,SYNTHETIC_PROTOTYPE_DATA_NOT_REAL_PERSONNEL_DATA,DEMO / SYNTHETIC DATA — NOT REAL PERSONNEL OR SENSOR DATA
28.7,69.0,8.0,4.0,0.0,6.5,5.4,15.6,1,3,7.0,5.9,-1.7,2,SYNTHETIC_PROTOTYPE_BENCHMARK,SYNTHETIC_PROTOTYPE_DATA_NOT_REAL_PERSONNEL_DATA,DEMO / SYNTHETIC DATA — NOT REAL PERSONNEL OR SENSOR DATA
28.0,54.4,7.1,4.0,4.0,3.5,7.8,12.5,0,2,6.6,2.8,2.6,1,SYNTHETIC_PROTOTYPE_BENCHMARK,SYNTHETIC_PROTOTYPE_DATA_NOT_REAL_PERSONNEL_DATA,DEMO / SYNTHETIC DATA — NOT REAL PERSONNEL OR SENSOR DATA
25.3,78.0,7.4,10.5,2.0,7.2,5.6,15.5,2,0,6.8,3.5,-1.9,2,SYNTHETIC_PROTOTYPE_BENCHMARK,SYNTHETIC_PROTOTYPE_DATA_NOT_REAL_PERSONNEL_DATA,DEMO / SYNTHETIC DATA — NOT REAL PERSONNEL OR SENSOR DATA
21.9,57.7,6.2,4.0,3.0,6.0,7.0,15.3,0,1,6.9,7.0,2.0,1,SYNTHETIC_PROTOTYPE_BENCHMARK,SYNTHETIC_PROTOTYPE_DATA_NOT_REAL_PERSONNEL_DATA,DEMO / SYNTHETIC DATA — NOT REAL PERSONNEL OR SENSOR DATA
7.2,34.4,2.7,4.0,1.0,0.7,8.0,13.6,0,0,8.6,5.8,1.0,0,SYNTHETIC_PROTOTYPE_BENCHMARK,SYNTHETIC_PROTOTYPE_DATA_NOT_REAL_PERSONNEL_DATA,DEMO / SYNTHETIC DATA — NOT REAL PERSONNEL OR SENSOR DATA
13.1,59.5,5.1,4.0,1.0,9.1,7.0,17.1,0,0,6.2,4.3,-0.8,0,SYNTHETIC_PROTOTYPE_BENCHMARK,SYNTHETIC_PROTOTYPE_DATA_NOT_REAL_PERSONNEL_DATA,DEMO / SYNTHETIC DATA — NOT REAL PERSONNEL OR SENSOR DATA
24.6,55.8,7.6,4.7,3.0,7.7,5.4,11.0,2,1,8.2,6.5,-2.9,1,SYNTHETIC_PROTOTYPE_BENCHMARK,SYNTHETIC_PROTOTYPE_DATA_NOT_REAL_PERSONNEL_DATA,DEMO / SYNTHETIC DATA — NOT REAL PERSONNEL OR SENSOR DATA
15.9,64.9,5.4,4.0,15.0,6.4,5.8,14.7,2,0,7.2,5.9,2.7,1,SYNTHETIC_PROTOTYPE_BENCHMARK,SYNTHETIC_PROTOTYPE_DATA_NOT_REAL_PERSONNEL_DATA,DEMO / SYNTHETIC DATA — NOT REAL PERSONNEL OR SENSOR DATA
26.5,58.7,6.5,6.9,0.0,1.0,6.5,16.3,1,3,8.5,6.1,1.1,2,SYNTHETIC_PROTOTYPE_BENCHMARK,SYNTHETIC_PROTOTYPE_DATA_NOT_REAL_PERSONNEL_DATA,DEMO / SYNTHETIC DATA — NOT REAL PERSONNEL OR SENSOR DATA
28.4,50.6,4.9,4.0,1.0,1.9,6.4,14.7,1,3,9.4,4.8,-1.7,1,SYNTHETIC_PROTOTYPE_BENCHMARK,SYNTHETIC_PROTOTYPE_DATA_NOT_REAL_PERSONNEL_DATA,DEMO / SYNTHETIC DATA — NOT REAL PERSONNEL OR SENSOR DATA
17.7,39.8,3.4,4.0,7.0,3.0,7.8,14.2,0,1,7.4,6.8,0.5,0,SYNTHETIC_PROTOTYPE_BENCHMARK,SYNTHETIC_PROTOTYPE_DATA_NOT_REAL_PERSONNEL_DATA,DEMO / SYNTHETIC DATA — NOT REAL PERSONNEL OR SENSOR DATA
18.8,49.9,5.3,6.2,0.0,2.0,8.0,13.9,0,1,6.4,7.5,2.2,0,SYNTHETIC_PROTOTYPE_BENCHMARK,SYNTHETIC_PROTOTYPE_DATA_NOT_REAL_PERSONNEL_DATA,DEMO / SYNTHETIC DATA — NOT REAL PERSONNEL OR SENSOR DATA
16.5,43.5,6.1,4.0,7.0,1.6,8.4,11.6,0,1,6.4,5.5,0.2,0,SYNTHETIC_PROTOTYPE_BENCHMARK,SYNTHETIC_PROTOTYPE_DATA_NOT_REAL_PERSONNEL_DATA,DEMO / SYNTHETIC DATA — NOT REAL PERSONNEL OR SENSOR DATA
18.5,46.2,4.2,4.0,3.0,9.8,6.7,17.0,0,3,5.3,4.8,0.5,1,SYNTHETIC_PROTOTYPE_BENCHMARK,SYNTHETIC_PROTOTYPE_DATA_NOT_REAL_PERSONNEL_DATA,DEMO / SYNTHETIC DATA — NOT REAL PERSONNEL OR SENSOR DATA
18.8,57.9,5.0,4.0,2.0,6.1,6.8,15.3,0,1,5.2,6.6,2.3,1,SYNTHETIC_PROTOTYPE_BENCHMARK,SYNTHETIC_PROTOTYPE_DATA_NOT_REAL_PERSONNEL_DATA,DEMO / SYNTHETIC DATA — NOT REAL PERSONNEL OR SENSOR DATA
16.8,68.7,3.6,8.5,1.0,5.0,6.6,13.3,0,0,8.0,7.3,3.4,1,SYNTHETIC_PROTOTYPE_BENCHMARK,SYNTHETIC_PROTOTYPE_DATA_NOT_REAL_PERSONNEL_DATA,DEMO / SYNTHETIC DATA — NOT REAL PERSONNEL OR SENSOR DATA
14.7,55.9,7.7,8.7,1.0,1.5,7.3,13.2,0,1,4.3,8.1,-0.3,0,SYNTHETIC_PROTOTYPE_BENCHMARK,SYNTHETIC_PROTOTYPE_DATA_NOT_REAL_PERSONNEL_DATA,DEMO / SYNTHETIC DATA — NOT REAL PERSONNEL OR SENSOR DATA
16.7,40.0,4.9,12.6,1.0,15.0,6.3,12.2,2,1,9.4,5.2,-2.9,1,SYNTHETIC_PROTOTYPE_BENCHMARK,SYNTHETIC_PROTOTYPE_DATA_NOT_REAL_PERSONNEL_DATA,DEMO / SYNTHETIC DATA — NOT REAL PERSONNEL OR SENSOR DATA
26.9,56.4,8.4,8.1,8.0,1.3,8.3,15.3,0,3,5.9,4.5,-2.9,1,SYNTHETIC_PROTOTYPE_BENCHMARK,SYNTHETIC_PROTOTYPE_DATA_NOT_REAL_PERSONNEL_DATA,DEMO / SYNTHETIC DATA — NOT REAL PERSONNEL OR SENSOR DATA
15.5,64.0,8.6,4.0,5.0,9.5,7.0,15.5,0,0,10.0,2.9,-1.5,1,SYNTHETIC_PROTOTYPE_BENCHMARK,SYNTHETIC_PROTOTYPE_DATA_NOT_REAL_PERSONNEL_DATA,DEMO / SYNTHETIC DATA — NOT REAL PERSONNEL OR SENSOR DATA
20.6,45.9,5.3,4.0,4.0,20.4,7.4,12.9,0,0,4.8,5.6,-2.1,0,SYNTHETIC_PROTOTYPE_BENCHMARK,SYNTHETIC_PROTOTYPE_DATA_NOT_REAL_PERSONNEL_DATA,DEMO / SYNTHETIC DATA — NOT REAL PERSONNEL OR SENSOR DATA
23.9,50.7,3.5,6.8,6.0,7.8,7.8,15.6,0,3,6.7,3.6,-3.7,1,SYNTHETIC_PROTOTYPE_BENCHMARK,SYNTHETIC_PROTOTYPE_DATA_NOT_REAL_PERSONNEL_DATA,DEMO / SYNTHETIC DATA — NOT REAL PERSONNEL OR SENSOR DATA
21.1,52.1,1.3,4.0,1.0,29.7,6.6,16.6,0,3,5.5,4.3,4.1,1,SYNTHETIC_PROTOTYPE_BENCHMARK,SYNTHETIC_PROTOTYPE_DATA_NOT_REAL_PERSONNEL_DATA,DEMO / SYNTHETIC DATA — NOT REAL PERSONNEL OR SENSOR DATA
19.1,44.2,2.6,4.0,3.0,6.3,6.3,16.0,2,2,4.6,6.6,1.2,1,SYNTHETIC_PROTOTYPE_BENCHMARK,SYNTHETIC_PROTOTYPE_DATA_NOT_REAL_PERSONNEL_DATA,DEMO / SYNTHETIC DATA — NOT REAL PERSONNEL OR SENSOR DATA
17.5,58.5,2.8,4.0,2.0,1.5,6.6,17.8,0,1,8.3,5.3,-1.2,0,SYNTHETIC_PROTOTYPE_BENCHMARK,SYNTHETIC_PROTOTYPE_DATA_NOT_REAL_PERSONNEL_DATA,DEMO / SYNTHETIC DATA — NOT REAL PERSONNEL OR SENSOR DATA
21.4,50.8,8.3,4.0,5.0,1.4,5.7,15.7,2,1,4.0,2.5,-0.1,1,SYNTHETIC_PROTOTYPE_BENCHMARK,SYNTHETIC_PROTOTYPE_DATA_NOT_REAL_PERSONNEL_DATA,DEMO / SYNTHETIC DATA — NOT REAL PERSONNEL OR SENSOR DATA
17.2,56.2,5.7,9.4,1.0,2.4,7.1,15.7,0,1,4.8,7.2,-3.9,0,SYNTHETIC_PROTOTYPE_BENCHMARK,SYNTHETIC_PROTOTYPE_DATA_NOT_REAL_PERSONNEL_DATA,DEMO / SYNTHETIC DATA — NOT REAL PERSONNEL OR SENSOR DATA
15.4,43.1,6.3,4.0,4.0,0.0,7.2,18.4,0,0,7.4,4.0,2.5,0,SYNTHETIC_PROTOTYPE_BENCHMARK,SYNTHETIC_PROTOTYPE_DATA_NOT_REAL_PERSONNEL_DATA,DEMO / SYNTHETIC DATA — NOT REAL PERSONNEL OR SENSOR DATA
15.4,47.6,1.1,4.0,7.0,6.9,7.0,16.8,0,1,7.7,3.9,-4.3,0,SYNTHETIC_PROTOTYPE_BENCHMARK,SYNTHETIC_PROTOTYPE_DATA_NOT_REAL_PERSONNEL_DATA,DEMO / SYNTHETIC DATA — NOT REAL PERSONNEL OR SENSOR DATA
23.3,59.2,3.1,24.0,2.0,1.9,7.6,6.1,0,0,3.4,2.9,1.1,1,SYNTHETIC_PROTOTYPE_BENCHMARK,SYNTHETIC_PROTOTYPE_DATA_NOT_REAL_PERSONNEL_DATA,DEMO / SYNTHETIC DATA — NOT REAL PERSONNEL OR SENSOR DATA
19.9,48.3,7.3,4.0,0.0,10.1,6.5,15.3,2,0,7.4,4.3,-4.0,1,SYNTHETIC_PROTOTYPE_BENCHMARK,SYNTHETIC_PROTOTYPE_DATA_NOT_REAL_PERSONNEL_DATA,DEMO / SYNTHETIC DATA — NOT REAL PERSONNEL OR SENSOR DATA
25.2,69.3,6.1,4.0,3.0,2.7,6.0,18.1,2,3,6.5,2.8,-0.9,2,SYNTHETIC_PROTOTYPE_BENCHMARK,SYNTHETIC_PROTOTYPE_DATA_NOT_REAL_PERSONNEL_DATA,DEMO / SYNTHETIC DATA — NOT REAL PERSONNEL OR SENSOR DATA
15.3,48.0,5.2,4.0,1.0,3.9,7.1,12.6,0,0,4.4,4.0,2.7,0,SYNTHETIC_PROTOTYPE_BENCHMARK,SYNTHETIC_PROTOTYPE_DATA_NOT_REAL_PERSONNEL_DATA,DEMO / SYNTHETIC DATA — NOT REAL PERSONNEL OR SENSOR DATA
22.3,54.2,6.6,6.7,4.0,20.2,4.9,13.7,2,3,4.6,1.3,-3.6,2,SYNTHETIC_PROTOTYPE_BENCHMARK,SYNTHETIC_PROTOTYPE_DATA_NOT_REAL_PERSONNEL_DATA,DEMO / SYNTHETIC DATA — NOT REAL PERSONNEL OR SENSOR DATA
18.8,61.3,8.8,6.0,11.0,1.7,6.4,14.1,2,0,2.1,4.8,-0.3,1,SYNTHETIC_PROTOTYPE_BENCHMARK,SYNTHETIC_PROTOTYPE_DATA_NOT_REAL_PERSONNEL_DATA,DEMO / SYNTHETIC DATA — NOT REAL PERSONNEL OR SENSOR DATA
19.4,37.8,5.1,6.2,2.0,7.7,5.4,13.0,1,0,9.6,6.2,1.4,0,SYNTHETIC_PROTOTYPE_BENCHMARK,SYNTHETIC_PROTOTYPE_DATA_NOT_REAL_PERSONNEL_DATA,DEMO / SYNTHETIC DATA — NOT REAL PERSONNEL OR SENSOR DATA
13.2,34.4,5.6,4.9,2.0,8.4,7.0,17.0,0,1,8.2,9.5,1.0,0,SYNTHETIC_PROTOTYPE_BENCHMARK,SYNTHETIC_PROTOTYPE_DATA_NOT_REAL_PERSONNEL_DATA,DEMO / SYNTHETIC DATA — NOT REAL PERSONNEL OR SENSOR DATA
13.4,36.7,5.9,4.0,4.0,1.5,8.3,16.4,0,2,3.6,6.7,0.2,0,SYNTHETIC_PROTOTYPE_BENCHMARK,SYNTHETIC_PROTOTYPE_DATA_NOT_REAL_PERSONNEL_DATA,DEMO / SYNTHETIC DATA — NOT REAL PERSONNEL OR SENSOR DATA
21.2,64.6,10.0,7.9,0.0,4.2,6.7,12.6,0,1,7.8,3.7,1.1,1,SYNTHETIC_PROTOTYPE_BENCHMARK,SYNTHETIC_PROTOTYPE_DATA_NOT_REAL_PERSONNEL_DATA,DEMO / SYNTHETIC DATA — NOT REAL PERSONNEL OR SENSOR DATA
15.4,46.5,1.3,9.0,1.0,2.6,6.7,14.8,0,3,5.1,3.6,-1.3,0,SYNTHETIC_PROTOTYPE_BENCHMARK,SYNTHETIC_PROTOTYPE_DATA_NOT_REAL_PERSONNEL_DATA,DEMO / SYNTHETIC DATA — NOT REAL PERSONNEL OR SENSOR DATA
28.1,77.6,6.9,4.0,9.0,8.9,5.8,15.3,1,0,8.0,3.5,4.3,1,SYNTHETIC_PROTOTYPE_BENCHMARK,SYNTHETIC_PROTOTYPE_DATA_NOT_REAL_PERSONNEL_DATA,DEMO / SYNTHETIC DATA — NOT REAL PERSONNEL OR SENSOR DATA
21.8,46.4,5.3,4.0,4.0,5.8,6.2,13.8,1,3,5.2,6.1,-3.5,1,SYNTHETIC_PROTOTYPE_BENCHMARK,SYNTHETIC_PROTOTYPE_DATA_NOT_REAL_PERSONNEL_DATA,DEMO / SYNTHETIC DATA — NOT REAL PERSONNEL OR SENSOR DATA
16.7,53.8,6.6,14.9,0.0,3.9,6.8,9.8,0,0,5.5,4.3,2.6,0,SYNTHETIC_PROTOTYPE_BENCHMARK,SYNTHETIC_PROTOTYPE_DATA_NOT_REAL_PERSONNEL_DATA,DEMO / SYNTHETIC DATA — NOT REAL PERSONNEL OR SENSOR DATA
21.8,67.4,4.2,8.1,1.0,9.1,8.5,14.8,0,3,5.6,4.3,0.4,1,SYNTHETIC_PROTOTYPE_BENCHMARK,SYNTHETIC_PROTOTYPE_DATA_NOT_REAL_PERSONNEL_DATA,DEMO / SYNTHETIC DATA — NOT REAL PERSONNEL OR SENSOR DATA
21.9,72.1,5.4,8.9,4.0,1.6,7.6,15.5,0,1,4.9,6.8,1.4,1,SYNTHETIC_PROTOTYPE_BENCHMARK,SYNTHETIC_PROTOTYPE_DATA_NOT_REAL_PERSONNEL_DATA,DEMO / SYNTHETIC DATA — NOT REAL PERSONNEL OR SENSOR DATA
22.7,72.6,6.9,8.7,5.0,8.4,6.0,12.7,2,2,9.0,3.4,1.7,1,SYNTHETIC_PROTOTYPE_BENCHMARK,SYNTHETIC_PROTOTYPE_DATA_NOT_REAL_PERSONNEL_DATA,DEMO / SYNTHETIC DATA — NOT REAL PERSONNEL OR SENSOR DATA
18.4,64.1,10.0,4.0,6.0,12.0,6.3,16.7,2,1,8.0,1.6,1.2,1,SYNTHETIC_PROTOTYPE_BENCHMARK,SYNTHETIC_PROTOTYPE_DATA_NOT_REAL_PERSONNEL_DATA,DEMO / SYNTHETIC DATA — NOT REAL PERSONNEL OR SENSOR DATA
26.7,62.2,7.1,4.2,1.0,12.7,5.4,18.7,1,0,6.4,5.9,-1.8,1,SYNTHETIC_PROTOTYPE_BENCHMARK,SYNTHETIC_PROTOTYPE_DATA_NOT_REAL_PERSONNEL_DATA,DEMO / SYNTHETIC DATA — NOT REAL PERSONNEL OR SENSOR DATA
26.8,57.9,3.8,4.0,9.0,9.2,5.9,13.1,2,3,8.2,5.3,-0.6,1,SYNTHETIC_PROTOTYPE_BENCHMARK,SYNTHETIC_PROTOTYPE_DATA_NOT_REAL_PERSONNEL_DATA,DEMO / SYNTHETIC DATA — NOT REAL PERSONNEL OR SENSOR DATA
19.2,59.8,4.7,4.0,3.0,3.1,6.9,16.3,0,0,2.9,2.1,-3.2,1,SYNTHETIC_PROTOTYPE_BENCHMARK,SYNTHETIC_PROTOTYPE_DATA_NOT_REAL_PERSONNEL_DATA,DEMO / SYNTHETIC DATA — NOT REAL PERSONNEL OR SENSOR DATA
19.9,46.5,4.6,5.5,4.0,24.0,6.1,16.7,1,0,3.7,6.1,-0.7,0,SYNTHETIC_PROTOTYPE_BENCHMARK,SYNTHETIC_PROTOTYPE_DATA_NOT_REAL_PERSONNEL_DATA,DEMO / SYNTHETIC DATA — NOT REAL PERSONNEL OR SENSOR DATA
22.7,43.8,1.9,4.0,3.0,2.9,8.0,15.4,0,2,7.1,4.1,0.7,0,SYNTHETIC_PROTOTYPE_BENCHMARK,SYNTHETIC_PROTOTYPE_DATA_NOT_REAL_PERSONNEL_DATA,DEMO / SYNTHETIC DATA — NOT REAL PERSONNEL OR SENSOR DATA
12.8,52.0,4.8,4.2,0.0,6.1,8.1,18.0,0,0,7.7,5.8,1.3,0,SYNTHETIC_PROTOTYPE_BENCHMARK,SYNTHETIC_PROTOTYPE_DATA_NOT_REAL_PERSONNEL_DATA,DEMO / SYNTHETIC DATA — NOT REAL PERSONNEL OR SENSOR DATA
12.4,50.3,7.0,4.0,12.0,1.1,7.3,20.0,0,0,6.8,8.1,0.9,0,SYNTHETIC_PROTOTYPE_BENCHMARK,SYNTHETIC_PROTOTYPE_DATA_NOT_REAL_PERSONNEL_DATA,DEMO / SYNTHETIC DATA — NOT REAL PERSONNEL OR SENSOR DATA
19.1,47.5,3.0,4.0,0.0,23.6,6.6,16.3,0,1,2.4,5.1,-3.9,0,SYNTHETIC_PROTOTYPE_BENCHMARK,SYNTHETIC_PROTOTYPE_DATA_NOT_REAL_PERSONNEL_DATA,DEMO / SYNTHETIC DATA — NOT REAL PERSONNEL OR SENSOR DATA
18.7,59.0,7.6,4.0,1.0,7.3,5.2,15.1,2,2,4.1,6.3,-1.2,2,SYNTHETIC_PROTOTYPE_BENCHMARK,SYNTHETIC_PROTOTYPE_DATA_NOT_REAL_PERSONNEL_DATA,DEMO / SYNTHETIC DATA — NOT REAL PERSONNEL OR SENSOR DATA
19.1,61.6,6.5,4.0,6.0,8.4,7.0,17.6,0,0,7.0,2.7,-1.5,0,SYNTHETIC_PROTOTYPE_BENCHMARK,SYNTHETIC_PROTOTYPE_DATA_NOT_REAL_PERSONNEL_DATA,DEMO / SYNTHETIC DATA — NOT REAL PERSONNEL OR SENSOR DATA
17.5,52.9,4.0,4.0,3.0,0.4,6.1,17.3,1,1,10.0,2.8,-2.9,0,SYNTHETIC_PROTOTYPE_BENCHMARK,SYNTHETIC_PROTOTYPE_DATA_NOT_REAL_PERSONNEL_DATA,DEMO / SYNTHETIC DATA — NOT REAL PERSONNEL OR SENSOR DATA
26.4,66.8,5.2,4.0,6.0,8.6,5.8,10.6,2,2,8.6,7.3,-1.8,1,SYNTHETIC_PROTOTYPE_BENCHMARK,SYNTHETIC_PROTOTYPE_DATA_NOT_REAL_PERSONNEL_DATA,DEMO / SYNTHETIC DATA — NOT REAL PERSONNEL OR SENSOR DATA
16.6,40.6,8.7,14.4,3.0,8.9,8.0,11.4,0,2,9.4,6.2,0.0,0,SYNTHETIC_PROTOTYPE_BENCHMARK,SYNTHETIC_PROTOTYPE_DATA_NOT_REAL_PERSONNEL_DATA,DEMO / SYNTHETIC DATA — NOT REAL PERSONNEL OR SENSOR DATA
25.9,50.1,7.0,4.0,2.0,6.7,7.7,14.8,0,3,6.9,6.2,3.1,1,SYNTHETIC_PROTOTYPE_BENCHMARK,SYNTHETIC_PROTOTYPE_DATA_NOT_REAL_PERSONNEL_DATA,DEMO / SYNTHETIC DATA — NOT REAL PERSONNEL OR SENSOR DATA
15.7,44.8,5.5,4.0,9.0,2.1,6.9,16.4,0,2,6.9,7.2,-2.1,0,SYNTHETIC_PROTOTYPE_BENCHMARK,SYNTHETIC_PROTOTYPE_DATA_NOT_REAL_PERSONNEL_DATA,DEMO / SYNTHETIC DATA — NOT REAL PERSONNEL OR SENSOR DATA
17.1,33.3,5.0,4.0,0.0,4.0,7.3,15.2,0,1,4.1,5.4,-2.5,0,SYNTHETIC_PROTOTYPE_BENCHMARK,SYNTHETIC_PROTOTYPE_DATA_NOT_REAL_PERSONNEL_DATA,DEMO / SYNTHETIC DATA — NOT REAL PERSONNEL OR SENSOR DATA
16.2,51.2,5.7,4.0,7.0,0.7,6.5,15.4,2,1,8.1,6.4,-1.3,1,SYNTHETIC_PROTOTYPE_BENCHMARK,SYNTHETIC_PROTOTYPE_DATA_NOT_REAL_PERSONNEL_DATA,DEMO / SYNTHETIC DATA — NOT REAL PERSONNEL OR SENSOR DATA
19.2,50.8,4.5,4.0,1.0,3.8,6.0,13.9,1,0,6.1,6.2,0.7,0,SYNTHETIC_PROTOTYPE_BENCHMARK,SYNTHETIC_PROTOTYPE_DATA_NOT_REAL_PERSONNEL_DATA,DEMO / SYNTHETIC DATA — NOT REAL PERSONNEL OR SENSOR DATA
17.4,67.1,1.3,6.3,7.0,1.7,5.9,16.1,2,2,7.6,2.3,2.7,1,SYNTHETIC_PROTOTYPE_BENCHMARK,SYNTHETIC_PROTOTYPE_DATA_NOT_REAL_PERSONNEL_DATA,DEMO / SYNTHETIC DATA — NOT REAL PERSONNEL OR SENSOR DATA
26.9,58.3,9.6,6.2,1.0,2.6,5.4,18.0,1,3,6.3,7.0,-0.2,2,SYNTHETIC_PROTOTYPE_BENCHMARK,SYNTHETIC_PROTOTYPE_DATA_NOT_REAL_PERSONNEL_DATA,DEMO / SYNTHETIC DATA — NOT REAL PERSONNEL OR SENSOR DATA
22.4,41.8,5.8,4.0,3.0,1.1,7.9,13.9,0,2,6.8,7.6,-3.2,0,SYNTHETIC_PROTOTYPE_BENCHMARK,SYNTHETIC_PROTOTYPE_DATA_NOT_REAL_PERSONNEL_DATA,DEMO / SYNTHETIC DATA — NOT REAL PERSONNEL OR SENSOR DATA
21.5,70.5,6.3,4.0,8.0,1.6,6.5,12.8,0,0,6.0,2.2,-2.7,0,SYNTHETIC_PROTOTYPE_BENCHMARK,SYNTHETIC_PROTOTYPE_DATA_NOT_REAL_PERSONNEL_DATA,DEMO / SYNTHETIC DATA — NOT REAL PERSONNEL OR SENSOR DATA
25.2,64.2,5.4,11.1,2.0,0.5,7.0,12.8,0,1,6.6,4.7,0.4,1,SYNTHETIC_PROTOTYPE_BENCHMARK,SYNTHETIC_PROTOTYPE_DATA_NOT_REAL_PERSONNEL_DATA,DEMO / SYNTHETIC DATA — NOT REAL PERSONNEL OR SENSOR DATA
20.0,57.8,4.0,7.0,5.0,15.1,5.6,14.3,2,1,8.2,4.4,2.2,1,SYNTHETIC_PROTOTYPE_BENCHMARK,SYNTHETIC_PROTOTYPE_DATA_NOT_REAL_PERSONNEL_DATA,DEMO / SYNTHETIC DATA — NOT REAL PERSONNEL OR SENSOR DATA
16.8,49.7,5.1,4.8,6.0,4.5,6.0,17.6,1,1,3.7,7.4,4.0,0,SYNTHETIC_PROTOTYPE_BENCHMARK,SYNTHETIC_PROTOTYPE_DATA_NOT_REAL_PERSONNEL_DATA,DEMO / SYNTHETIC DATA — NOT REAL PERSONNEL OR SENSOR DATA
16.5,42.4,2.3,4.0,5.0,3.0,7.4,13.1,0,2,3.2,3.5,-2.6,0,SYNTHETIC_PROTOTYPE_BENCHMARK,SYNTHETIC_PROTOTYPE_DATA_NOT_REAL_PERSONNEL_DATA,DEMO / SYNTHETIC DATA — NOT REAL PERSONNEL OR SENSOR DATA
22.7,48.3,10.0,4.0,9.0,4.6,7.1,14.5,0,1,7.1,10.0,0.3,1,SYNTHETIC_PROTOTYPE_BENCHMARK,SYNTHETIC_PROTOTYPE_DATA_NOT_REAL_PERSONNEL_DATA,DEMO / SYNTHETIC DATA — NOT REAL PERSONNEL OR SENSOR DATA
10.4,62.9,3.0,4.0,2.0,5.9,6.3,11.3,1,0,9.1,4.2,-2.3,0,SYNTHETIC_PROTOTYPE_BENCHMARK,SYNTHETIC_PROTOTYPE_DATA_NOT_REAL_PERSONNEL_DATA,DEMO / SYNTHETIC DATA — NOT REAL PERSONNEL OR SENSOR DATA
27.4,70.8,3.4,4.0,1.0,15.3,5.6,18.3,1,3,9.6,5.2,-2.0,2,SYNTHETIC_PROTOTYPE_BENCHMARK,SYNTHETIC_PROTOTYPE_DATA_NOT_REAL_PERSONNEL_DATA,DEMO / SYNTHETIC DATA — NOT REAL PERSONNEL OR SENSOR DATA
15.9,67.4,4.6,4.0,0.0,1.2,7.7,16.1,0,1,3.8,6.3,-2.2,0,SYNTHETIC_PROTOTYPE_BENCHMARK,SYNTHETIC_PROTOTYPE_DATA_NOT_REAL_PERSONNEL_DATA,DEMO / SYNTHETIC DATA — NOT REAL PERSONNEL OR SENSOR DATA
12.0,47.1,8.1,4.0,1.0,2.1,7.5,14.7,0,0,5.4,5.1,-0.7,0,SYNTHETIC_PROTOTYPE_BENCHMARK,SYNTHETIC_PROTOTYPE_DATA_NOT_REAL_PERSONNEL_DATA,DEMO / SYNTHETIC DATA — NOT REAL PERSONNEL OR SENSOR DATA
15.2,40.8,5.5,4.0,1.0,22.3,8.4,13.0,0,0,3.2,5.6,-1.9,0,SYNTHETIC_PROTOTYPE_BENCHMARK,SYNTHETIC_PROTOTYPE_DATA_NOT_REAL_PERSONNEL_DATA,DEMO / SYNTHETIC DATA — NOT REAL PERSONNEL OR SENSOR DATA
24.5,53.4,3.0,6.1,3.0,2.8,7.9,12.3,0,3,5.1,4.3,5.0,1,SYNTHETIC_PROTOTYPE_BENCHMARK,SYNTHETIC_PROTOTYPE_DATA_NOT_REAL_PERSONNEL_DATA,DEMO / SYNTHETIC DATA — NOT REAL PERSONNEL OR SENSOR DATA
18.1,34.3,8.0,7.3,1.0,0.1,9.1,15.1,0,3,8.4,4.8,-1.0,1,SYNTHETIC_PROTOTYPE_BENCHMARK,SYNTHETIC_PROTOTYPE_DATA_NOT_REAL_PERSONNEL_DATA,DEMO / SYNTHETIC DATA — NOT REAL PERSONNEL OR SENSOR DATA
15.5,55.2,7.0,4.0,0.0,1.0,6.0,13.4,1,1,6.2,5.3,2.2,1,SYNTHETIC_PROTOTYPE_BENCHMARK,SYNTHETIC_PROTOTYPE_DATA_NOT_REAL_PERSONNEL_DATA,DEMO / SYNTHETIC DATA — NOT REAL PERSONNEL OR SENSOR DATA
13.7,50.5,6.6,7.3,0.0,0.2,7.5,14.5,0,0,5.5,5.0,-1.5,0,SYNTHETIC_PROTOTYPE_BENCHMARK,SYNTHETIC_PROTOTYPE_DATA_NOT_REAL_PERSONNEL_DATA,DEMO / SYNTHETIC DATA — NOT REAL PERSONNEL OR SENSOR DATA
16.2,47.3,6.9,4.0,6.0,27.6,6.0,19.7,1,0,7.3,4.6,4.9,0,SYNTHETIC_PROTOTYPE_BENCHMARK,SYNTHETIC_PROTOTYPE_DATA_NOT_REAL_PERSONNEL_DATA,DEMO / SYNTHETIC DATA — NOT REAL PERSONNEL OR SENSOR DATA
18.2,36.1,10.0,7.3,3.0,2.0,6.3,13.6,2,0,4.6,5.3,0.7,1,SYNTHETIC_PROTOTYPE_BENCHMARK,SYNTHETIC_PROTOTYPE_DATA_NOT_REAL_PERSONNEL_DATA,DEMO / SYNTHETIC DATA — NOT REAL PERSONNEL OR SENSOR DATA
20.9,57.1,9.9,4.0,2.0,15.4,7.5,13.7,0,1,9.4,5.7,1.8,1,SYNTHETIC_PROTOTYPE_BENCHMARK,SYNTHETIC_PROTOTYPE_DATA_NOT_REAL_PERSONNEL_DATA,DEMO / SYNTHETIC DATA — NOT REAL PERSONNEL OR SENSOR DATA
19.6,46.7,4.1,4.0,8.0,33.0,6.0,16.4,2,1,6.2,4.2,-1.3,0,SYNTHETIC_PROTOTYPE_BENCHMARK,SYNTHETIC_PROTOTYPE_DATA_NOT_REAL_PERSONNEL_DATA,DEMO / SYNTHETIC DATA — NOT REAL PERSONNEL OR SENSOR DATA
22.7,40.3,8.7,4.1,0.0,5.5,6.5,13.1,1,1,5.4,5.4,2.1,1,SYNTHETIC_PROTOTYPE_BENCHMARK,SYNTHETIC_PROTOTYPE_DATA_NOT_REAL_PERSONNEL_DATA,DEMO / SYNTHETIC DATA — NOT REAL PERSONNEL OR SENSOR DATA
17.1,30.0,6.3,4.0,14.0,0.2,7.6,19.0,0,2,7.4,7.7,0.7,0,SYNTHETIC_PROTOTYPE_BENCHMARK,SYNTHETIC_PROTOTYPE_DATA_NOT_REAL_PERSONNEL_DATA,DEMO / SYNTHETIC DATA — NOT REAL PERSONNEL OR SENSOR DATA
21.5,51.7,6.5,9.5,3.0,0.5,6.4,16.2,2,0,8.1,5.5,-0.8,1,SYNTHETIC_PROTOTYPE_BENCHMARK,SYNTHETIC_PROTOTYPE_DATA_NOT_REAL_PERSONNEL_DATA,DEMO / SYNTHETIC DATA — NOT REAL PERSONNEL OR SENSOR DATA
18.4,69.7,2.1,4.0,1.0,3.9,5.6,15.3,1,0,9.4,2.6,-2.4,0,SYNTHETIC_PROTOTYPE_BENCHMARK,SYNTHETIC_PROTOTYPE_DATA_NOT_REAL_PERSONNEL_DATA,DEMO / SYNTHETIC DATA — NOT REAL PERSONNEL OR SENSOR DATA
35.3,68.6,5.2,4.0,4.0,3.1,6.1,13.8,2,1,5.8,4.2,-0.5,2,SYNTHETIC_PROTOTYPE_BENCHMARK,SYNTHETIC_PROTOTYPE_DATA_NOT_REAL_PERSONNEL_DATA,DEMO / SYNTHETIC DATA — NOT REAL PERSONNEL OR SENSOR DATA
15.4,47.4,3.9,4.0,5.0,5.6,8.4,14.7,0,0,8.4,6.0,-0.7,0,SYNTHETIC_PROTOTYPE_BENCHMARK,SYNTHETIC_PROTOTYPE_DATA_NOT_REAL_PERSONNEL_DATA,DEMO / SYNTHETIC DATA — NOT REAL PERSONNEL OR SENSOR DATA
19.8,46.0,7.2,4.0,2.0,3.5,6.6,15.0,0,0,6.4,6.9,1.9,0,SYNTHETIC_PROTOTYPE_BENCHMARK,SYNTHETIC_PROTOTYPE_DATA_NOT_REAL_PERSONNEL_DATA,DEMO / SYNTHETIC DATA — NOT REAL PERSONNEL OR SENSOR DATA
26.6,56.7,7.6,4.0,7.0,16.3,7.7,16.4,0,1,5.0,3.7,-0.5,1,SYNTHETIC_PROTOTYPE_BENCHMARK,SYNTHETIC_PROTOTYPE_DATA_NOT_REAL_PERSONNEL_DATA,DEMO / SYNTHETIC DATA — NOT REAL PERSONNEL OR SENSOR DATA
14.8,42.0,1.4,4.7,1.0,4.6,8.0,17.4,0,2,4.6,4.8,-4.2,0,SYNTHETIC_PROTOTYPE_BENCHMARK,SYNTHETIC_PROTOTYPE_DATA_NOT_REAL_PERSONNEL_DATA,DEMO / SYNTHETIC DATA — NOT REAL PERSONNEL OR SENSOR DATA
17.8,55.0,5.5,5.7,1.0,7.1,7.0,12.8,0,2,4.0,3.9,1.4,1,SYNTHETIC_PROTOTYPE_BENCHMARK,SYNTHETIC_PROTOTYPE_DATA_NOT_REAL_PERSONNEL_DATA,DEMO / SYNTHETIC DATA — NOT REAL PERSONNEL OR SENSOR DATA
27.9,59.7,7.7,7.7,0.0,13.6,6.9,16.2,0,2,4.7,3.7,2.8,1,SYNTHETIC_PROTOTYPE_BENCHMARK,SYNTHETIC_PROTOTYPE_DATA_NOT_REAL_PERSONNEL_DATA,DEMO / SYNTHETIC DATA — NOT REAL PERSONNEL OR SENSOR DATA
26.3,64.3,5.1,14.4,1.0,1.0,6.5,12.7,0,1,8.4,5.0,-3.7,2,SYNTHETIC_PROTOTYPE_BENCHMARK,SYNTHETIC_PROTOTYPE_DATA_NOT_REAL_PERSONNEL_DATA,DEMO / SYNTHETIC DATA — NOT REAL PERSONNEL OR SENSOR DATA
19.9,51.0,7.0,4.0,1.0,1.6,8.0,14.6,0,2,7.6,6.1,4.0,0,SYNTHETIC_PROTOTYPE_BENCHMARK,SYNTHETIC_PROTOTYPE_DATA_NOT_REAL_PERSONNEL_DATA,DEMO / SYNTHETIC DATA — NOT REAL PERSONNEL OR SENSOR DATA
23.1,50.0,6.2,5.0,9.0,0.7,7.5,13.0,0,0,3.7,6.8,3.1,1,SYNTHETIC_PROTOTYPE_BENCHMARK,SYNTHETIC_PROTOTYPE_DATA_NOT_REAL_PERSONNEL_DATA,DEMO / SYNTHETIC DATA — NOT REAL PERSONNEL OR SENSOR DATA
21.1,43.2,6.2,4.0,0.0,0.9,6.0,15.8,2,3,2.7,5.5,-1.4,2,SYNTHETIC_PROTOTYPE_BENCHMARK,SYNTHETIC_PROTOTYPE_DATA_NOT_REAL_PERSONNEL_DATA,DEMO / SYNTHETIC DATA — NOT REAL PERSONNEL OR SENSOR DATA
18.0,43.7,5.0,4.5,2.0,4.3,7.5,13.3,0,0,4.0,3.5,-2.5,0,SYNTHETIC_PROTOTYPE_BENCHMARK,SYNTHETIC_PROTOTYPE_DATA_NOT_REAL_PERSONNEL_DATA,DEMO / SYNTHETIC DATA — NOT REAL PERSONNEL OR SENSOR DATA
20.1,49.7,3.1,4.0,3.0,2.3,7.7,17.6,0,0,4.6,6.2,2.3,0,SYNTHETIC_PROTOTYPE_BENCHMARK,SYNTHETIC_PROTOTYPE_DATA_NOT_REAL_PERSONNEL_DATA,DEMO / SYNTHETIC DATA — NOT REAL PERSONNEL OR SENSOR DATA
16.9,55.7,3.3,20.3,8.0,3.3,6.5,6.8,0,0,5.6,5.1,-3.0,1,SYNTHETIC_PROTOTYPE_BENCHMARK,SYNTHETIC_PROTOTYPE_DATA_NOT_REAL_PERSONNEL_DATA,DEMO / SYNTHETIC DATA — NOT REAL PERSONNEL OR SENSOR DATA
26.9,61.1,6.9,5.2,21.0,24.3,6.0,16.2,1,3,8.5,4.7,-1.5,2,SYNTHETIC_PROTOTYPE_BENCHMARK,SYNTHETIC_PROTOTYPE_DATA_NOT_REAL_PERSONNEL_DATA,DEMO / SYNTHETIC DATA — NOT REAL PERSONNEL OR SENSOR DATA
24.4,44.0,5.5,12.2,5.0,1.0,6.8,12.2,0,3,5.1,3.6,-2.9,1,SYNTHETIC_PROTOTYPE_BENCHMARK,SYNTHETIC_PROTOTYPE_DATA_NOT_REAL_PERSONNEL_DATA,DEMO / SYNTHETIC DATA — NOT REAL PERSONNEL OR SENSOR DATA
23.1,66.9,5.2,7.2,12.0,4.7,5.2,13.2,2,2,9.6,4.0,0.0,1,SYNTHETIC_PROTOTYPE_BENCHMARK,SYNTHETIC_PROTOTYPE_DATA_NOT_REAL_PERSONNEL_DATA,DEMO / SYNTHETIC DATA — NOT REAL PERSONNEL OR SENSOR DATA
15.4,49.3,4.7,9.3,5.0,0.6,5.9,13.3,2,1,2.8,3.5,3.2,1,SYNTHETIC_PROTOTYPE_BENCHMARK,SYNTHETIC_PROTOTYPE_DATA_NOT_REAL_PERSONNEL_DATA,DEMO / SYNTHETIC DATA — NOT REAL PERSONNEL OR SENSOR DATA
24.7,51.8,4.9,6.7,12.0,2.3,5.7,16.7,2,1,5.5,5.8,0.8,1,SYNTHETIC_PROTOTYPE_BENCHMARK,SYNTHETIC_PROTOTYPE_DATA_NOT_REAL_PERSONNEL_DATA,DEMO / SYNTHETIC DATA — NOT REAL PERSONNEL OR SENSOR DATA
21.7,44.5,7.6,4.0,4.0,4.5,7.7,13.2,0,3,7.8,4.9,2.2,1,SYNTHETIC_PROTOTYPE_BENCHMARK,SYNTHETIC_PROTOTYPE_DATA_NOT_REAL_PERSONNEL_DATA,DEMO / SYNTHETIC DATA — NOT REAL PERSONNEL OR SENSOR DATA
13.8,30.0,4.8,4.0,0.0,17.6,5.4,14.8,2,1,7.9,5.6,-0.8,1,SYNTHETIC_PROTOTYPE_BENCHMARK,SYNTHETIC_PROTOTYPE_DATA_NOT_REAL_PERSONNEL_DATA,DEMO / SYNTHETIC DATA — NOT REAL PERSONNEL OR SENSOR DATA
23.0,60.8,2.8,4.0,2.0,3.0,6.0,14.1,1,3,5.5,2.3,0.2,1,SYNTHETIC_PROTOTYPE_BENCHMARK,SYNTHETIC_PROTOTYPE_DATA_NOT_REAL_PERSONNEL_DATA,DEMO / SYNTHETIC DATA — NOT REAL PERSONNEL OR SENSOR DATA
22.0,59.4,7.0,4.0,4.0,0.4,6.1,15.5,1,0,8.2,6.2,-2.7,1,SYNTHETIC_PROTOTYPE_BENCHMARK,SYNTHETIC_PROTOTYPE_DATA_NOT_REAL_PERSONNEL_DATA,DEMO / SYNTHETIC DATA — NOT REAL PERSONNEL OR SENSOR DATA
9.8,49.2,5.1,4.0,2.0,2.9,6.8,14.2,0,0,7.8,4.9,-0.2,0,SYNTHETIC_PROTOTYPE_BENCHMARK,SYNTHETIC_PROTOTYPE_DATA_NOT_REAL_PERSONNEL_DATA,DEMO / SYNTHETIC DATA — NOT REAL PERSONNEL OR SENSOR DATA
24.7,52.7,5.6,4.0,1.0,0.9,5.5,12.1,1,2,4.8,5.2,-1.6,1,SYNTHETIC_PROTOTYPE_BENCHMARK,SYNTHETIC_PROTOTYPE_DATA_NOT_REAL_PERSONNEL_DATA,DEMO / SYNTHETIC DATA — NOT REAL PERSONNEL OR SENSOR DATA
21.0,57.2,8.7,4.0,3.0,1.6,7.1,13.5,0,0,6.8,3.7,-0.4,1,SYNTHETIC_PROTOTYPE_BENCHMARK,SYNTHETIC_PROTOTYPE_DATA_NOT_REAL_PERSONNEL_DATA,DEMO / SYNTHETIC DATA — NOT REAL PERSONNEL OR SENSOR DATA
25.9,36.4,5.5,14.6,9.0,5.8,6.5,14.6,2,3,7.6,3.5,-0.5,1,SYNTHETIC_PROTOTYPE_BENCHMARK,SYNTHETIC_PROTOTYPE_DATA_NOT_REAL_PERSONNEL_DATA,DEMO / SYNTHETIC DATA — NOT REAL PERSONNEL OR SENSOR DATA
15.4,46.7,6.1,9.7,0.0,0.4,8.1,13.8,0,1,5.0,4.6,-0.7,0,SYNTHETIC_PROTOTYPE_BENCHMARK,SYNTHETIC_PROTOTYPE_DATA_NOT_REAL_PERSONNEL_DATA,DEMO / SYNTHETIC DATA — NOT REAL PERSONNEL OR SENSOR DATA
28.1,59.9,3.1,4.0,5.0,3.7,6.1,16.0,1,3,9.6,4.1,4.6,1,SYNTHETIC_PROTOTYPE_BENCHMARK,SYNTHETIC_PROTOTYPE_DATA_NOT_REAL_PERSONNEL_DATA,DEMO / SYNTHETIC DATA — NOT REAL PERSONNEL OR SENSOR DATA
13.6,39.5,5.1,4.0,4.0,5.6,7.3,15.0,0,0,4.5,6.2,3.9,0,SYNTHETIC_PROTOTYPE_BENCHMARK,SYNTHETIC_PROTOTYPE_DATA_NOT_REAL_PERSONNEL_DATA,DEMO / SYNTHETIC DATA — NOT REAL PERSONNEL OR SENSOR DATA
21.9,54.9,6.7,4.0,12.0,3.3,6.8,15.5,0,2,6.5,4.4,3.1,1,SYNTHETIC_PROTOTYPE_BENCHMARK,SYNTHETIC_PROTOTYPE_DATA_NOT_REAL_PERSONNEL_DATA,DEMO / SYNTHETIC DATA — NOT REAL PERSONNEL OR SENSOR DATA
14.2,38.4,2.4,4.0,9.0,0.1,7.8,14.7,0,1,3.7,4.8,3.9,0,SYNTHETIC_PROTOTYPE_BENCHMARK,SYNTHETIC_PROTOTYPE_DATA_NOT_REAL_PERSONNEL_DATA,DEMO / SYNTHETIC DATA — NOT REAL PERSONNEL OR SENSOR DATA
28.8,56.7,5.9,6.4,5.0,25.4,6.1,15.7,1,1,6.4,2.6,3.1,2,SYNTHETIC_PROTOTYPE_BENCHMARK,SYNTHETIC_PROTOTYPE_DATA_NOT_REAL_PERSONNEL_DATA,DEMO / SYNTHETIC DATA — NOT REAL PERSONNEL OR SENSOR DATA
13.8,51.6,5.7,4.0,3.0,2.7,6.6,15.8,0,1,4.1,5.2,-0.0,0,SYNTHETIC_PROTOTYPE_BENCHMARK,SYNTHETIC_PROTOTYPE_DATA_NOT_REAL_PERSONNEL_DATA,DEMO / SYNTHETIC DATA — NOT REAL PERSONNEL OR SENSOR DATA
19.8,35.8,5.6,4.0,1.0,9.0,7.7,13.3,0,3,5.6,4.8,-0.3,0,SYNTHETIC_PROTOTYPE_BENCHMARK,SYNTHETIC_PROTOTYPE_DATA_NOT_REAL_PERSONNEL_DATA,DEMO / SYNTHETIC DATA — NOT REAL PERSONNEL OR SENSOR DATA
21.9,63.6,7.6,7.7,3.0,2.4,6.9,14.6,0,1,3.0,6.4,0.5,1,SYNTHETIC_PROTOTYPE_BENCHMARK,SYNTHETIC_PROTOTYPE_DATA_NOT_REAL_PERSONNEL_DATA,DEMO / SYNTHETIC DATA — NOT REAL PERSONNEL OR SENSOR DATA
16.1,44.7,6.2,6.6,5.0,3.9,6.6,9.7,0,0,7.8,5.7,-0.5,0,SYNTHETIC_PROTOTYPE_BENCHMARK,SYNTHETIC_PROTOTYPE_DATA_NOT_REAL_PERSONNEL_DATA,DEMO / SYNTHETIC DATA — NOT REAL PERSONNEL OR SENSOR DATA
23.4,43.9,8.5,4.0,8.0,3.0,7.6,16.4,0,3,6.9,6.4,-2.3,1,SYNTHETIC_PROTOTYPE_BENCHMARK,SYNTHETIC_PROTOTYPE_DATA_NOT_REAL_PERSONNEL_DATA,DEMO / SYNTHETIC DATA — NOT REAL PERSONNEL OR SENSOR DATA
19.3,54.0,3.5,5.0,5.0,2.5,7.8,12.4,0,0,8.4,4.6,0.7,0,SYNTHETIC_PROTOTYPE_BENCHMARK,SYNTHETIC_PROTOTYPE_DATA_NOT_REAL_PERSONNEL_DATA,DEMO / SYNTHETIC DATA — NOT REAL PERSONNEL OR SENSOR DATA
22.5,63.5,5.8,4.0,1.0,0.1,7.1,15.4,0,1,5.5,4.8,-3.4,1,SYNTHETIC_PROTOTYPE_BENCHMARK,SYNTHETIC_PROTOTYPE_DATA_NOT_REAL_PERSONNEL_DATA,DEMO / SYNTHETIC DATA — NOT REAL PERSONNEL OR SENSOR DATA
18.6,41.8,5.7,4.0,3.0,2.7,8.1,13.2,0,0,8.5,4.3,0.3,0,SYNTHETIC_PROTOTYPE_BENCHMARK,SYNTHETIC_PROTOTYPE_DATA_NOT_REAL_PERSONNEL_DATA,DEMO / SYNTHETIC DATA — NOT REAL PERSONNEL OR SENSOR DATA
19.6,52.6,3.4,4.0,1.0,13.2,6.7,15.6,0,3,6.3,3.3,-2.2,0,SYNTHETIC_PROTOTYPE_BENCHMARK,SYNTHETIC_PROTOTYPE_DATA_NOT_REAL_PERSONNEL_DATA,DEMO / SYNTHETIC DATA — NOT REAL PERSONNEL OR SENSOR DATA
19.7,56.3,7.4,4.0,0.0,7.0,5.9,16.8,1,0,6.4,4.9,-0.2,0,SYNTHETIC_PROTOTYPE_BENCHMARK,SYNTHETIC_PROTOTYPE_DATA_NOT_REAL_PERSONNEL_DATA,DEMO / SYNTHETIC DATA — NOT REAL PERSONNEL OR SENSOR DATA
17.7,58.9,10.0,4.0,1.0,0.9,6.1,18.6,1,0,10.0,5.6,0.4,1,SYNTHETIC_PROTOTYPE_BENCHMARK,SYNTHETIC_PROTOTYPE_DATA_NOT_REAL_PERSONNEL_DATA,DEMO / SYNTHETIC DATA — NOT REAL PERSONNEL OR SENSOR DATA
29.6,53.8,5.5,4.0,0.0,5.4,7.0,12.5,0,3,5.2,2.1,-0.8,1,SYNTHETIC_PROTOTYPE_BENCHMARK,SYNTHETIC_PROTOTYPE_DATA_NOT_REAL_PERSONNEL_DATA,DEMO / SYNTHETIC DATA — NOT REAL PERSONNEL OR SENSOR DATA
18.4,48.3,6.5,4.7,6.0,13.4,7.5,17.3,0,2,8.7,4.6,-3.6,0,SYNTHETIC_PROTOTYPE_BENCHMARK,SYNTHETIC_PROTOTYPE_DATA_NOT_REAL_PERSONNEL_DATA,DEMO / SYNTHETIC DATA — NOT REAL PERSONNEL OR SENSOR DATA
11.2,43.7,5.7,5.9,1.0,7.2,9.4,15.1,0,0,7.2,8.3,-2.6,0,SYNTHETIC_PROTOTYPE_BENCHMARK,SYNTHETIC_PROTOTYPE_DATA_NOT_REAL_PERSONNEL_DATA,DEMO / SYNTHETIC DATA — NOT REAL PERSONNEL OR SENSOR DATA
20.7,52.9,4.1,4.0,1.0,1.0,7.7,14.7,0,2,5.1,5.8,1.0,0,SYNTHETIC_PROTOTYPE_BENCHMARK,SYNTHETIC_PROTOTYPE_DATA_NOT_REAL_PERSONNEL_DATA,DEMO / SYNTHETIC DATA — NOT REAL PERSONNEL OR SENSOR DATA
22.8,41.3,1.9,4.0,11.0,12.1,6.1,17.1,2,3,3.6,8.0,-1.2,1,SYNTHETIC_PROTOTYPE_BENCHMARK,SYNTHETIC_PROTOTYPE_DATA_NOT_REAL_PERSONNEL_DATA,DEMO / SYNTHETIC DATA — NOT REAL PERSONNEL OR SENSOR DATA
8.8,30.0,4.1,7.6,2.0,2.2,7.2,13.7,0,0,4.1,5.4,1.2,0,SYNTHETIC_PROTOTYPE_BENCHMARK,SYNTHETIC_PROTOTYPE_DATA_NOT_REAL_PERSONNEL_DATA,DEMO / SYNTHETIC DATA — NOT REAL PERSONNEL OR SENSOR DATA
21.9,56.4,2.7,4.0,0.0,3.6,8.6,17.0,0,2,8.5,4.2,0.0,0,SYNTHETIC_PROTOTYPE_BENCHMARK,SYNTHETIC_PROTOTYPE_DATA_NOT_REAL_PERSONNEL_DATA,DEMO / SYNTHETIC DATA — NOT REAL PERSONNEL OR SENSOR DATA
21.5,61.0,8.9,11.1,1.0,4.5,6.4,10.8,1,1,9.7,6.1,-0.4,2,SYNTHETIC_PROTOTYPE_BENCHMARK,SYNTHETIC_PROTOTYPE_DATA_NOT_REAL_PERSONNEL_DATA,DEMO / SYNTHETIC DATA — NOT REAL PERSONNEL OR SENSOR DATA
19.2,30.0,5.3,4.0,0.0,11.4,7.6,14.3,0,1,6.4,7.3,0.8,0,SYNTHETIC_PROTOTYPE_BENCHMARK,SYNTHETIC_PROTOTYPE_DATA_NOT_REAL_PERSONNEL_DATA,DEMO / SYNTHETIC DATA — NOT REAL PERSONNEL OR SENSOR DATA
14.9,41.9,4.8,4.0,0.0,16.1,6.2,17.5,1,1,6.5,5.5,-1.5,0,SYNTHETIC_PROTOTYPE_BENCHMARK,SYNTHETIC_PROTOTYPE_DATA_NOT_REAL_PERSONNEL_DATA,DEMO / SYNTHETIC DATA — NOT REAL PERSONNEL OR SENSOR DATA
22.7,58.2,7.3,4.0,0.0,15.9,7.5,18.6,0,1,7.8,2.9,0.9,1,SYNTHETIC_PROTOTYPE_BENCHMARK,SYNTHETIC_PROTOTYPE_DATA_NOT_REAL_PERSONNEL_DATA,DEMO / SYNTHETIC DATA — NOT REAL PERSONNEL OR SENSOR DATA
19.7,72.6,3.3,4.0,3.0,0.0,6.6,15.5,0,0,6.3,5.7,-0.9,1,SYNTHETIC_PROTOTYPE_BENCHMARK,SYNTHETIC_PROTOTYPE_DATA_NOT_REAL_PERSONNEL_DATA,DEMO / SYNTHETIC DATA — NOT REAL PERSONNEL OR SENSOR DATA
15.8,52.2,4.0,4.0,1.0,15.3,5.9,10.0,2,2,8.4,8.9,5.0,1,SYNTHETIC_PROTOTYPE_BENCHMARK,SYNTHETIC_PROTOTYPE_DATA_NOT_REAL_PERSONNEL_DATA,DEMO / SYNTHETIC DATA — NOT REAL PERSONNEL OR SENSOR DATA
10.4,44.7,5.6,4.0,2.0,0.3,6.5,15.2,0,0,6.8,3.2,-2.5,0,SYNTHETIC_PROTOTYPE_BENCHMARK,SYNTHETIC_PROTOTYPE_DATA_NOT_REAL_PERSONNEL_DATA,DEMO / SYNTHETIC DATA — NOT REAL PERSONNEL OR SENSOR DATA
15.9,50.2,7.6,4.0,7.0,1.9,7.3,15.7,0,1,6.5,7.3,-0.8,0,SYNTHETIC_PROTOTYPE_BENCHMARK,SYNTHETIC_PROTOTYPE_DATA_NOT_REAL_PERSONNEL_DATA,DEMO / SYNTHETIC DATA — NOT REAL PERSONNEL OR SENSOR DATA
24.5,65.7,6.5,4.0,2.0,4.3,6.4,15.1,2,0,4.8,3.6,-0.7,1,SYNTHETIC_PROTOTYPE_BENCHMARK,SYNTHETIC_PROTOTYPE_DATA_NOT_REAL_PERSONNEL_DATA,DEMO / SYNTHETIC DATA — NOT REAL PERSONNEL OR SENSOR DATA
10.2,45.5,6.0,4.0,9.0,3.9,7.8,16.3,0,2,4.3,5.0,-3.0,0,SYNTHETIC_PROTOTYPE_BENCHMARK,SYNTHETIC_PROTOTYPE_DATA_NOT_REAL_PERSONNEL_DATA,DEMO / SYNTHETIC DATA — NOT REAL PERSONNEL OR SENSOR DATA
15.9,44.0,5.7,4.0,2.0,5.6,7.6,14.6,0,0,1.0,6.0,1.6,0,SYNTHETIC_PROTOTYPE_BENCHMARK,SYNTHETIC_PROTOTYPE_DATA_NOT_REAL_PERSONNEL_DATA,DEMO / SYNTHETIC DATA — NOT REAL PERSONNEL OR SENSOR DATA
19.0,47.2,6.3,4.0,2.0,3.9,6.9,17.3,0,1,8.7,3.6,-0.9,0,SYNTHETIC_PROTOTYPE_BENCHMARK,SYNTHETIC_PROTOTYPE_DATA_NOT_REAL_PERSONNEL_DATA,DEMO / SYNTHETIC DATA — NOT REAL PERSONNEL OR SENSOR DATA
10.7,42.5,5.9,4.0,5.0,16.3,6.5,13.3,2,1,5.9,5.6,-5.0,0,SYNTHETIC_PROTOTYPE_BENCHMARK,SYNTHETIC_PROTOTYPE_DATA_NOT_REAL_PERSONNEL_DATA,DEMO / SYNTHETIC DATA — NOT REAL PERSONNEL OR SENSOR DATA
15.9,53.2,3.4,4.0,0.0,1.7,6.8,18.1,0,2,5.4,2.6,1.5,0,SYNTHETIC_PROTOTYPE_BENCHMARK,SYNTHETIC_PROTOTYPE_DATA_NOT_REAL_PERSONNEL_DATA,DEMO / SYNTHETIC DATA — NOT REAL PERSONNEL OR SENSOR DATA
19.4,68.2,5.6,4.0,0.0,1.9,5.9,18.7,1,1,2.3,4.9,-1.4,1,SYNTHETIC_PROTOTYPE_BENCHMARK,SYNTHETIC_PROTOTYPE_DATA_NOT_REAL_PERSONNEL_DATA,DEMO / SYNTHETIC DATA — NOT REAL PERSONNEL OR SENSOR DATA
20.2,55.2,3.4,5.4,4.0,15.2,6.3,13.2,2,2,4.9,8.3,-0.2,1,SYNTHETIC_PROTOTYPE_BENCHMARK,SYNTHETIC_PROTOTYPE_DATA_NOT_REAL_PERSONNEL_DATA,DEMO / SYNTHETIC DATA — NOT REAL PERSONNEL OR SENSOR DATA
22.0,49.5,5.7,4.0,2.0,0.5,7.1,13.8,0,0,4.7,4.3,1.5,1,SYNTHETIC_PROTOTYPE_BENCHMARK,SYNTHETIC_PROTOTYPE_DATA_NOT_REAL_PERSONNEL_DATA,DEMO / SYNTHETIC DATA — NOT REAL PERSONNEL OR SENSOR DATA
20.8,49.1,4.5,6.4,5.0,5.6,6.2,15.5,1,0,4.6,5.0,-0.8,1,SYNTHETIC_PROTOTYPE_BENCHMARK,SYNTHETIC_PROTOTYPE_DATA_NOT_REAL_PERSONNEL_DATA,DEMO / SYNTHETIC DATA — NOT REAL PERSONNEL OR SENSOR DATA
15.6,36.4,10.0,4.0,9.0,6.9,7.9,13.2,0,1,6.9,5.8,-0.8,0,SYNTHETIC_PROTOTYPE_BENCHMARK,SYNTHETIC_PROTOTYPE_DATA_NOT_REAL_PERSONNEL_DATA,DEMO / SYNTHETIC DATA — NOT REAL PERSONNEL OR SENSOR DATA
20.6,60.8,5.4,4.0,2.0,4.2,6.2,14.6,1,3,6.4,6.1,5.0,1,SYNTHETIC_PROTOTYPE_BENCHMARK,SYNTHETIC_PROTOTYPE_DATA_NOT_REAL_PERSONNEL_DATA,DEMO / SYNTHETIC DATA — NOT REAL PERSONNEL OR SENSOR DATA
9.6,51.2,2.7,4.0,3.0,7.1,6.2,17.8,2,0,3.5,5.8,-4.7,0,SYNTHETIC_PROTOTYPE_BENCHMARK,SYNTHETIC_PROTOTYPE_DATA_NOT_REAL_PERSONNEL_DATA,DEMO / SYNTHETIC DATA — NOT REAL PERSONNEL OR SENSOR DATA
14.9,50.2,5.2,5.0,2.0,1.1,6.8,16.7,0,0,3.6,6.6,-2.8,0,SYNTHETIC_PROTOTYPE_BENCHMARK,SYNTHETIC_PROTOTYPE_DATA_NOT_REAL_PERSONNEL_DATA,DEMO / SYNTHETIC DATA — NOT REAL PERSONNEL OR SENSOR DATA
21.1,83.9,6.5,4.0,14.0,11.5,5.6,19.6,1,0,3.6,2.6,-2.4,1,SYNTHETIC_PROTOTYPE_BENCHMARK,SYNTHETIC_PROTOTYPE_DATA_NOT_REAL_PERSONNEL_DATA,DEMO / SYNTHETIC DATA — NOT REAL PERSONNEL OR SENSOR DATA
20.7,55.0,8.8,4.0,6.0,0.9,6.9,15.9,0,1,9.8,5.6,3.9,0,SYNTHETIC_PROTOTYPE_BENCHMARK,SYNTHETIC_PROTOTYPE_DATA_NOT_REAL_PERSONNEL_DATA,DEMO / SYNTHETIC DATA — NOT REAL PERSONNEL OR SENSOR DATA
15.5,44.5,4.3,4.0,8.0,3.1,7.6,14.4,0,1,9.2,1.0,-1.4,0,SYNTHETIC_PROTOTYPE_BENCHMARK,SYNTHETIC_PROTOTYPE_DATA_NOT_REAL_PERSONNEL_DATA,DEMO / SYNTHETIC DATA — NOT REAL PERSONNEL OR SENSOR DATA
14.2,47.7,2.3,4.0,1.0,0.5,7.9,15.7,0,2,4.5,6.3,0.5,0,SYNTHETIC_PROTOTYPE_BENCHMARK,SYNTHETIC_PROTOTYPE_DATA_NOT_REAL_PERSONNEL_DATA,DEMO / SYNTHETIC DATA — NOT REAL PERSONNEL OR SENSOR DATA
17.3,63.5,7.1,4.0,5.0,4.7,7.5,15.3,0,0,2.2,2.6,-1.0,0,SYNTHETIC_PROTOTYPE_BENCHMARK,SYNTHETIC_PROTOTYPE_DATA_NOT_REAL_PERSONNEL_DATA,DEMO / SYNTHETIC DATA — NOT REAL PERSONNEL OR SENSOR DATA
12.4,53.1,2.7,4.2,1.0,6.6,7.0,15.3,0,0,6.5,4.6,1.3,0,SYNTHETIC_PROTOTYPE_BENCHMARK,SYNTHETIC_PROTOTYPE_DATA_NOT_REAL_PERSONNEL_DATA,DEMO / SYNTHETIC DATA — NOT REAL PERSONNEL OR SENSOR DATA
12.4,37.6,4.6,4.0,1.0,17.0,6.2,15.6,1,0,6.3,7.0,-0.0,0,SYNTHETIC_PROTOTYPE_BENCHMARK,SYNTHETIC_PROTOTYPE_DATA_NOT_REAL_PERSONNEL_DATA,DEMO / SYNTHETIC DATA — NOT REAL PERSONNEL OR SENSOR DATA
26.3,61.2,5.0,4.0,10.0,8.1,6.2,13.7,2,1,6.8,2.3,0.6,1,SYNTHETIC_PROTOTYPE_BENCHMARK,SYNTHETIC_PROTOTYPE_DATA_NOT_REAL_PERSONNEL_DATA,DEMO / SYNTHETIC DATA — NOT REAL PERSONNEL OR SENSOR DATA
19.8,45.3,5.4,4.0,0.0,4.7,6.3,16.2,1,1,7.7,7.1,2.8,0,SYNTHETIC_PROTOTYPE_BENCHMARK,SYNTHETIC_PROTOTYPE_DATA_NOT_REAL_PERSONNEL_DATA,DEMO / SYNTHETIC DATA — NOT REAL PERSONNEL OR SENSOR DATA
22.8,70.7,6.9,5.4,12.0,16.2,7.1,12.2,0,0,7.1,3.9,1.0,1,SYNTHETIC_PROTOTYPE_BENCHMARK,SYNTHETIC_PROTOTYPE_DATA_NOT_REAL_PERSONNEL_DATA,DEMO / SYNTHETIC DATA — NOT REAL PERSONNEL OR SENSOR DATA
25.4,62.8,4.1,4.9,1.0,3.9,8.1,13.8,0,3,4.0,6.7,-1.6,1,SYNTHETIC_PROTOTYPE_BENCHMARK,SYNTHETIC_PROTOTYPE_DATA_NOT_REAL_PERSONNEL_DATA,DEMO / SYNTHETIC DATA — NOT REAL PERSONNEL OR SENSOR DATA
18.5,47.5,5.0,4.0,6.0,4.9,7.6,15.4,0,0,6.8,4.0,0.7,0,SYNTHETIC_PROTOTYPE_BENCHMARK,SYNTHETIC_PROTOTYPE_DATA_NOT_REAL_PERSONNEL_DATA,DEMO / SYNTHETIC DATA — NOT REAL PERSONNEL OR SENSOR DATA
27.8,64.8,5.5,4.5,1.0,5.4,7.0,10.9,0,2,7.9,1.7,5.0,1,SYNTHETIC_PROTOTYPE_BENCHMARK,SYNTHETIC_PROTOTYPE_DATA_NOT_REAL_PERSONNEL_DATA,DEMO / SYNTHETIC DATA — NOT REAL PERSONNEL OR SENSOR DATA
20.8,52.7,5.8,8.3,2.0,3.2,7.1,15.4,0,1,4.8,5.0,1.2,0,SYNTHETIC_PROTOTYPE_BENCHMARK,SYNTHETIC_PROTOTYPE_DATA_NOT_REAL_PERSONNEL_DATA,DEMO / SYNTHETIC DATA — NOT REAL PERSONNEL OR SENSOR DATA
19.6,60.5,5.7,4.0,1.0,10.9,6.6,11.5,0,0,6.8,5.5,0.3,0,SYNTHETIC_PROTOTYPE_BENCHMARK,SYNTHETIC_PROTOTYPE_DATA_NOT_REAL_PERSONNEL_DATA,DEMO / SYNTHETIC DATA — NOT REAL PERSONNEL OR SENSOR DATA
20.7,56.8,6.4,4.0,3.0,1.2,5.5,16.9,1,2,5.1,5.8,-3.0,1,SYNTHETIC_PROTOTYPE_BENCHMARK,SYNTHETIC_PROTOTYPE_DATA_NOT_REAL_PERSONNEL_DATA,DEMO / SYNTHETIC DATA — NOT REAL PERSONNEL OR SENSOR DATA
15.9,43.5,7.2,5.8,1.0,4.9,7.2,12.3,0,2,10.0,3.9,1.6,0,SYNTHETIC_PROTOTYPE_BENCHMARK,SYNTHETIC_PROTOTYPE_DATA_NOT_REAL_PERSONNEL_DATA,DEMO / SYNTHETIC DATA — NOT REAL PERSONNEL OR SENSOR DATA
21.9,45.6,6.3,4.0,4.0,7.7,6.3,14.8,2,1,3.5,3.0,1.9,1,SYNTHETIC_PROTOTYPE_BENCHMARK,SYNTHETIC_PROTOTYPE_DATA_NOT_REAL_PERSONNEL_DATA,DEMO / SYNTHETIC DATA — NOT REAL PERSONNEL OR SENSOR DATA
20.9,62.3,6.4,4.0,0.0,14.1,6.4,16.6,2,1,8.5,4.1,0.7,1,SYNTHETIC_PROTOTYPE_BENCHMARK,SYNTHETIC_PROTOTYPE_DATA_NOT_REAL_PERSONNEL_DATA,DEMO / SYNTHETIC DATA — NOT REAL PERSONNEL OR SENSOR DATA
9.1,48.7,2.3,8.9,0.0,12.9,6.7,18.0,0,0,2.9,6.1,0.3,0,SYNTHETIC_PROTOTYPE_BENCHMARK,SYNTHETIC_PROTOTYPE_DATA_NOT_REAL_PERSONNEL_DATA,DEMO / SYNTHETIC DATA — NOT REAL PERSONNEL OR SENSOR DATA
7.3,48.0,5.6,4.0,0.0,4.3,8.6,15.8,0,1,9.8,6.0,5.0,0,SYNTHETIC_PROTOTYPE_BENCHMARK,SYNTHETIC_PROTOTYPE_DATA_NOT_REAL_PERSONNEL_DATA,DEMO / SYNTHETIC DATA — NOT REAL PERSONNEL OR SENSOR DATA
23.0,42.4,6.5,5.5,2.0,6.2,7.9,11.0,0,0,3.9,8.0,1.9,0,SYNTHETIC_PROTOTYPE_BENCHMARK,SYNTHETIC_PROTOTYPE_DATA_NOT_REAL_PERSONNEL_DATA,DEMO / SYNTHETIC DATA — NOT REAL PERSONNEL OR SENSOR DATA
17.6,56.2,7.0,5.7,6.0,3.0,7.0,16.8,0,2,6.6,4.3,2.7,0,SYNTHETIC_PROTOTYPE_BENCHMARK,SYNTHETIC_PROTOTYPE_DATA_NOT_REAL_PERSONNEL_DATA,DEMO / SYNTHETIC DATA — NOT REAL PERSONNEL OR SENSOR DATA
18.2,72.6,4.1,12.2,8.0,3.8,5.9,11.8,1,0,2.9,1.2,0.1,1,SYNTHETIC_PROTOTYPE_BENCHMARK,SYNTHETIC_PROTOTYPE_DATA_NOT_REAL_PERSONNEL_DATA,DEMO / SYNTHETIC DATA — NOT REAL PERSONNEL OR SENSOR DATA
17.2,41.3,4.2,4.0,1.0,14.2,8.4,15.7,0,0,3.5,7.5,-0.3,0,SYNTHETIC_PROTOTYPE_BENCHMARK,SYNTHETIC_PROTOTYPE_DATA_NOT_REAL_PERSONNEL_DATA,DEMO / SYNTHETIC DATA — NOT REAL PERSONNEL OR SENSOR DATA
11.8,52.2,4.4,4.0,3.0,16.0,6.5,16.7,0,0,8.0,5.4,1.4,0,SYNTHETIC_PROTOTYPE_BENCHMARK,SYNTHETIC_PROTOTYPE_DATA_NOT_REAL_PERSONNEL_DATA,DEMO / SYNTHETIC DATA — NOT REAL PERSONNEL OR SENSOR DATA
22.8,66.1,6.6,4.0,5.0,13.5,6.3,11.1,2,0,8.3,4.7,-0.3,1,SYNTHETIC_PROTOTYPE_BENCHMARK,SYNTHETIC_PROTOTYPE_DATA_NOT_REAL_PERSONNEL_DATA,DEMO / SYNTHETIC DATA — NOT REAL PERSONNEL OR SENSOR DATA
26.6,51.2,7.6,4.0,1.0,0.9,7.1,15.6,0,1,6.7,6.3,-0.1,1,SYNTHETIC_PROTOTYPE_BENCHMARK,SYNTHETIC_PROTOTYPE_DATA_NOT_REAL_PERSONNEL_DATA,DEMO / SYNTHETIC DATA — NOT REAL PERSONNEL OR SENSOR DATA
26.4,56.5,4.7,4.0,2.0,11.4,6.2,14.8,1,0,7.7,6.8,1.0,1,SYNTHETIC_PROTOTYPE_BENCHMARK,SYNTHETIC_PROTOTYPE_DATA_NOT_REAL_PERSONNEL_DATA,DEMO / SYNTHETIC DATA — NOT REAL PERSONNEL OR SENSOR DATA
17.3,41.4,7.3,4.0,3.0,17.8,6.9,18.0,0,2,8.3,5.7,-1.1,0,SYNTHETIC_PROTOTYPE_BENCHMARK,SYNTHETIC_PROTOTYPE_DATA_NOT_REAL_PERSONNEL_DATA,DEMO / SYNTHETIC DATA — NOT REAL PERSONNEL OR SENSOR DATA
19.7,56.3,5.7,4.0,1.0,2.7,5.2,17.1,1,0,4.8,6.6,0.5,1,SYNTHETIC_PROTOTYPE_BENCHMARK,SYNTHETIC_PROTOTYPE_DATA_NOT_REAL_PERSONNEL_DATA,DEMO / SYNTHETIC DATA — NOT REAL PERSONNEL OR SENSOR DATA
19.3,50.1,5.3,4.0,0.0,4.4,5.7,12.3,1,2,3.4,6.0,0.2,1,SYNTHETIC_PROTOTYPE_BENCHMARK,SYNTHETIC_PROTOTYPE_DATA_NOT_REAL_PERSONNEL_DATA,DEMO / SYNTHETIC DATA — NOT REAL PERSONNEL OR SENSOR DATA
20.1,61.9,5.1,4.0,1.0,9.1,6.6,18.1,0,1,6.2,3.6,2.1,0,SYNTHETIC_PROTOTYPE_BENCHMARK,SYNTHETIC_PROTOTYPE_DATA_NOT_REAL_PERSONNEL_DATA,DEMO / SYNTHETIC DATA — NOT REAL PERSONNEL OR SENSOR DATA
28.9,63.9,7.0,5.4,3.0,5.0,7.7,16.0,0,3,5.0,4.1,-1.3,2,SYNTHETIC_PROTOTYPE_BENCHMARK,SYNTHETIC_PROTOTYPE_DATA_NOT_REAL_PERSONNEL_DATA,DEMO / SYNTHETIC DATA — NOT REAL PERSONNEL OR SENSOR DATA
22.9,77.9,6.2,5.8,0.0,30.2,5.4,11.8,2,3,7.0,4.6,-4.4,2,SYNTHETIC_PROTOTYPE_BENCHMARK,SYNTHETIC_PROTOTYPE_DATA_NOT_REAL_PERSONNEL_DATA,DEMO / SYNTHETIC DATA — NOT REAL PERSONNEL OR SENSOR DATA
27.3,57.8,10.0,9.4,1.0,3.6,6.1,13.5,1,2,7.3,3.7,-0.7,2,SYNTHETIC_PROTOTYPE_BENCHMARK,SYNTHETIC_PROTOTYPE_DATA_NOT_REAL_PERSONNEL_DATA,DEMO / SYNTHETIC DATA — NOT REAL PERSONNEL OR SENSOR DATA
20.4,55.3,3.8,4.0,1.0,7.5,5.5,17.7,2,2,4.8,6.3,0.9,1,SYNTHETIC_PROTOTYPE_BENCHMARK,SYNTHETIC_PROTOTYPE_DATA_NOT_REAL_PERSONNEL_DATA,DEMO / SYNTHETIC DATA — NOT REAL PERSONNEL OR SENSOR DATA
24.4,53.9,6.5,12.2,0.0,9.4,7.3,9.9,0,1,7.6,5.2,2.1,1,SYNTHETIC_PROTOTYPE_BENCHMARK,SYNTHETIC_PROTOTYPE_DATA_NOT_REAL_PERSONNEL_DATA,DEMO / SYNTHETIC DATA — NOT REAL PERSONNEL OR SENSOR DATA
24.3,48.5,4.4,8.0,1.0,4.1,6.6,16.7,0,2,7.5,5.9,-1.5,1,SYNTHETIC_PROTOTYPE_BENCHMARK,SYNTHETIC_PROTOTYPE_DATA_NOT_REAL_PERSONNEL_DATA,DEMO / SYNTHETIC DATA — NOT REAL PERSONNEL OR SENSOR DATA
19.3,55.4,3.8,4.0,8.0,11.7,7.0,12.6,0,3,7.6,7.1,1.2,0,SYNTHETIC_PROTOTYPE_BENCHMARK,SYNTHETIC_PROTOTYPE_DATA_NOT_REAL_PERSONNEL_DATA,DEMO / SYNTHETIC DATA — NOT REAL PERSONNEL OR SENSOR DATA
15.3,49.0,5.5,4.0,0.0,4.7,7.3,14.0,0,0,5.4,5.8,2.5,0,SYNTHETIC_PROTOTYPE_BENCHMARK,SYNTHETIC_PROTOTYPE_DATA_NOT_REAL_PERSONNEL_DATA,DEMO / SYNTHETIC DATA — NOT REAL PERSONNEL OR SENSOR DATA
22.0,53.7,5.8,4.0,4.0,3.2,7.2,13.7,0,1,7.8,5.1,1.7,0,SYNTHETIC_PROTOTYPE_BENCHMARK,SYNTHETIC_PROTOTYPE_DATA_NOT_REAL_PERSONNEL_DATA,DEMO / SYNTHETIC DATA — NOT REAL PERSONNEL OR SENSOR DATA
26.3,65.2,10.0,4.0,2.0,0.7,6.5,18.4,2,0,7.2,4.3,-1.7,2,SYNTHETIC_PROTOTYPE_BENCHMARK,SYNTHETIC_PROTOTYPE_DATA_NOT_REAL_PERSONNEL_DATA,DEMO / SYNTHETIC DATA — NOT REAL PERSONNEL OR SENSOR DATA
5.6,41.9,5.1,4.0,4.0,3.0,7.6,14.6,0,1,7.5,5.5,-1.5,0,SYNTHETIC_PROTOTYPE_BENCHMARK,SYNTHETIC_PROTOTYPE_DATA_NOT_REAL_PERSONNEL_DATA,DEMO / SYNTHETIC DATA — NOT REAL PERSONNEL OR SENSOR DATA
23.4,63.4,3.2,4.0,3.0,7.9,6.2,13.3,2,1,9.6,4.9,1.0,1,SYNTHETIC_PROTOTYPE_BENCHMARK,SYNTHETIC_PROTOTYPE_DATA_NOT_REAL_PERSONNEL_DATA,DEMO / SYNTHETIC DATA — NOT REAL PERSONNEL OR SENSOR DATA
29.3,65.2,6.0,5.5,1.0,15.3,5.5,15.9,2,1,6.9,6.4,3.6,1,SYNTHETIC_PROTOTYPE_BENCHMARK,SYNTHETIC_PROTOTYPE_DATA_NOT_REAL_PERSONNEL_DATA,DEMO / SYNTHETIC DATA — NOT REAL PERSONNEL OR SENSOR DATA
17.5,50.8,1.4,4.0,7.0,1.7,6.2,16.9,2,1,5.0,4.3,0.0,0,SYNTHETIC_PROTOTYPE_BENCHMARK,SYNTHETIC_PROTOTYPE_DATA_NOT_REAL_PERSONNEL_DATA,DEMO / SYNTHETIC DATA — NOT REAL PERSONNEL OR SENSOR DATA
22.7,30.8,5.3,4.0,2.0,2.6,5.9,16.9,1,3,4.0,5.3,-0.4,1,SYNTHETIC_PROTOTYPE_BENCHMARK,SYNTHETIC_PROTOTYPE_DATA_NOT_REAL_PERSONNEL_DATA,DEMO / SYNTHETIC DATA — NOT REAL PERSONNEL OR SENSOR DATA
22.2,45.9,5.5,7.8,6.0,1.0,7.1,13.5,0,1,8.5,7.4,-3.0,0,SYNTHETIC_PROTOTYPE_BENCHMARK,SYNTHETIC_PROTOTYPE_DATA_NOT_REAL_PERSONNEL_DATA,DEMO / SYNTHETIC DATA — NOT REAL PERSONNEL OR SENSOR DATA
23.4,65.0,7.1,4.0,2.0,7.0,7.5,16.1,0,2,6.9,3.5,-0.8,1,SYNTHETIC_PROTOTYPE_BENCHMARK,SYNTHETIC_PROTOTYPE_DATA_NOT_REAL_PERSONNEL_DATA,DEMO / SYNTHETIC DATA — NOT REAL PERSONNEL OR SENSOR DATA
21.0,51.8,7.4,14.2,15.0,19.3,7.0,10.2,0,0,9.5,5.4,-1.6,1,SYNTHETIC_PROTOTYPE_BENCHMARK,SYNTHETIC_PROTOTYPE_DATA_NOT_REAL_PERSONNEL_DATA,DEMO / SYNTHETIC DATA — NOT REAL PERSONNEL OR SENSOR DATA
15.4,42.0,4.5,4.0,5.0,6.1,7.4,18.9,0,1,2.1,4.8,0.1,0,SYNTHETIC_PROTOTYPE_BENCHMARK,SYNTHETIC_PROTOTYPE_DATA_NOT_REAL_PERSONNEL_DATA,DEMO / SYNTHETIC DATA — NOT REAL PERSONNEL OR SENSOR DATA
17.6,47.0,5.2,12.7,12.0,5.8,6.5,14.4,1,1,8.0,2.9,-3.3,1,SYNTHETIC_PROTOTYPE_BENCHMARK,SYNTHETIC_PROTOTYPE_DATA_NOT_REAL_PERSONNEL_DATA,DEMO / SYNTHETIC DATA — NOT REAL PERSONNEL OR SENSOR DATA
14.2,60.4,4.0,4.0,3.0,4.8,7.3,17.8,0,0,5.7,4.9,-0.7,0,SYNTHETIC_PROTOTYPE_BENCHMARK,SYNTHETIC_PROTOTYPE_DATA_NOT_REAL_PERSONNEL_DATA,DEMO / SYNTHETIC DATA — NOT REAL PERSONNEL OR SENSOR DATA
19.0,57.5,3.2,4.0,2.0,0.6,6.7,17.2,0,1,5.5,6.5,-2.2,0,SYNTHETIC_PROTOTYPE_BENCHMARK,SYNTHETIC_PROTOTYPE_DATA_NOT_REAL_PERSONNEL_DATA,DEMO / SYNTHETIC DATA — NOT REAL PERSONNEL OR SENSOR DATA
24.4,49.6,6.1,4.0,5.0,7.8,8.1,16.6,0,1,4.7,5.2,2.1,1,SYNTHETIC_PROTOTYPE_BENCHMARK,SYNTHETIC_PROTOTYPE_DATA_NOT_REAL_PERSONNEL_DATA,DEMO / SYNTHETIC DATA — NOT REAL PERSONNEL OR SENSOR DATA
13.4,48.3,3.0,4.9,7.0,5.5,6.2,12.8,1,1,8.0,3.1,-1.9,0,SYNTHETIC_PROTOTYPE_BENCHMARK,SYNTHETIC_PROTOTYPE_DATA_NOT_REAL_PERSONNEL_DATA,DEMO / SYNTHETIC DATA — NOT REAL PERSONNEL OR SENSOR DATA
20.3,48.1,4.7,7.6,12.0,6.5,6.4,15.4,1,1,7.4,5.5,-1.3,0,SYNTHETIC_PROTOTYPE_BENCHMARK,SYNTHETIC_PROTOTYPE_DATA_NOT_REAL_PERSONNEL_DATA,DEMO / SYNTHETIC DATA — NOT REAL PERSONNEL OR SENSOR DATA
17.5,42.8,3.5,4.0,1.0,13.7,6.3,15.8,2,1,3.9,4.5,0.6,0,SYNTHETIC_PROTOTYPE_BENCHMARK,SYNTHETIC_PROTOTYPE_DATA_NOT_REAL_PERSONNEL_DATA,DEMO / SYNTHETIC DATA — NOT REAL PERSONNEL OR SENSOR DATA
28.6,68.2,6.6,10.6,6.0,9.2,4.9,15.5,3,0,6.5,1.0,-1.0,2,SYNTHETIC_PROTOTYPE_BENCHMARK,SYNTHETIC_PROTOTYPE_DATA_NOT_REAL_PERSONNEL_DATA,DEMO / SYNTHETIC DATA — NOT REAL PERSONNEL OR SENSOR DATA
27.5,48.8,9.1,4.0,1.0,9.1,6.1,17.2,1,1,7.6,5.2,5.0,1,SYNTHETIC_PROTOTYPE_BENCHMARK,SYNTHETIC_PROTOTYPE_DATA_NOT_REAL_PERSONNEL_DATA,DEMO / SYNTHETIC DATA — NOT REAL PERSONNEL OR SENSOR DATA
14.6,64.2,2.9,4.0,3.0,15.7,6.1,16.7,2,0,6.6,5.2,2.0,0,SYNTHETIC_PROTOTYPE_BENCHMARK,SYNTHETIC_PROTOTYPE_DATA_NOT_REAL_PERSONNEL_DATA,DEMO / SYNTHETIC DATA — NOT REAL PERSONNEL OR SENSOR DATA
17.3,67.2,1.8,7.5,1.0,27.6,5.0,10.8,2,0,8.4,6.0,0.0,1,SYNTHETIC_PROTOTYPE_BENCHMARK,SYNTHETIC_PROTOTYPE_DATA_NOT_REAL_PERSONNEL_DATA,DEMO / SYNTHETIC DATA — NOT REAL PERSONNEL OR SENSOR DATA
20.6,62.0,5.3,4.0,1.0,5.2,3.4,15.4,3,0,5.6,7.2,0.8,1,SYNTHETIC_PROTOTYPE_BENCHMARK,SYNTHETIC_PROTOTYPE_DATA_NOT_REAL_PERSONNEL_DATA,DEMO / SYNTHETIC DATA — NOT REAL PERSONNEL OR SENSOR DATA
12.7,47.7,5.5,4.0,9.0,0.7,8.0,14.5,0,0,1.7,6.3,-5.0,0,SYNTHETIC_PROTOTYPE_BENCHMARK,SYNTHETIC_PROTOTYPE_DATA_NOT_REAL_PERSONNEL_DATA,DEMO / SYNTHETIC DATA — NOT REAL PERSONNEL OR SENSOR DATA
18.0,56.0,5.9,9.5,1.0,3.7,5.4,13.9,1,0,6.6,6.3,2.7,1,SYNTHETIC_PROTOTYPE_BENCHMARK,SYNTHETIC_PROTOTYPE_DATA_NOT_REAL_PERSONNEL_DATA,DEMO / SYNTHETIC DATA — NOT REAL PERSONNEL OR SENSOR DATA
17.2,51.8,4.6,9.2,4.0,9.3,7.2,12.7,0,0,6.6,3.2,1.1,0,SYNTHETIC_PROTOTYPE_BENCHMARK,SYNTHETIC_PROTOTYPE_DATA_NOT_REAL_PERSONNEL_DATA,DEMO / SYNTHETIC DATA — NOT REAL PERSONNEL OR SENSOR DATA
10.9,43.0,5.1,15.0,3.0,0.2,7.4,10.6,0,0,6.8,8.0,-0.2,0,SYNTHETIC_PROTOTYPE_BENCHMARK,SYNTHETIC_PROTOTYPE_DATA_NOT_REAL_PERSONNEL_DATA,DEMO / SYNTHETIC DATA — NOT REAL PERSONNEL OR SENSOR DATA
14.6,55.2,6.2,9.3,0.0,0.4,8.6,14.4,0,1,8.4,6.8,1.2,0,SYNTHETIC_PROTOTYPE_BENCHMARK,SYNTHETIC_PROTOTYPE_DATA_NOT_REAL_PERSONNEL_DATA,DEMO / SYNTHETIC DATA — NOT REAL PERSONNEL OR SENSOR DATA
11.1,40.2,7.6,4.0,1.0,0.4,8.3,14.7,0,0,2.3,5.2,1.5,0,SYNTHETIC_PROTOTYPE_BENCHMARK,SYNTHETIC_PROTOTYPE_DATA_NOT_REAL_PERSONNEL_DATA,DEMO / SYNTHETIC DATA — NOT REAL PERSONNEL OR SENSOR DATA
21.3,63.9,1.6,6.9,3.0,7.9,5.9,14.7,2,1,5.7,5.5,-0.9,1,SYNTHETIC_PROTOTYPE_BENCHMARK,SYNTHETIC_PROTOTYPE_DATA_NOT_REAL_PERSONNEL_DATA,DEMO / SYNTHETIC DATA — NOT REAL PERSONNEL OR SENSOR DATA
20.5,47.4,4.8,4.0,1.0,4.2,6.5,12.6,0,3,4.4,6.2,0.8,1,SYNTHETIC_PROTOTYPE_BENCHMARK,SYNTHETIC_PROTOTYPE_DATA_NOT_REAL_PERSONNEL_DATA,DEMO / SYNTHETIC DATA — NOT REAL PERSONNEL OR SENSOR DATA
18.2,54.0,5.9,18.8,6.0,2.8,8.1,8.0,0,2,3.8,7.2,2.3,1,SYNTHETIC_PROTOTYPE_BENCHMARK,SYNTHETIC_PROTOTYPE_DATA_NOT_REAL_PERSONNEL_DATA,DEMO / SYNTHETIC DATA — NOT REAL PERSONNEL OR SENSOR DATA
14.3,54.8,3.7,4.0,13.0,0.7,5.7,16.9,1,0,6.1,4.7,1.0,0,SYNTHETIC_PROTOTYPE_BENCHMARK,SYNTHETIC_PROTOTYPE_DATA_NOT_REAL_PERSONNEL_DATA,DEMO / SYNTHETIC DATA — NOT REAL PERSONNEL OR SENSOR DATA
16.6,49.4,9.0,4.0,1.0,7.9,7.0,13.1,0,3,7.6,4.1,-0.6,0,SYNTHETIC_PROTOTYPE_BENCHMARK,SYNTHETIC_PROTOTYPE_DATA_NOT_REAL_PERSONNEL_DATA,DEMO / SYNTHETIC DATA — NOT REAL PERSONNEL OR SENSOR DATA
23.9,57.9,4.2,4.0,1.0,2.3,6.6,18.1,0,0,6.8,4.1,0.7,0,SYNTHETIC_PROTOTYPE_BENCHMARK,SYNTHETIC_PROTOTYPE_DATA_NOT_REAL_PERSONNEL_DATA,DEMO / SYNTHETIC DATA — NOT REAL PERSONNEL OR SENSOR DATA
14.7,47.3,5.4,4.0,2.0,1.8,6.9,17.5,0,0,4.8,6.7,3.0,0,SYNTHETIC_PROTOTYPE_BENCHMARK,SYNTHETIC_PROTOTYPE_DATA_NOT_REAL_PERSONNEL_DATA,DEMO / SYNTHETIC DATA — NOT REAL PERSONNEL OR SENSOR DATA
34.8,60.7,6.6,4.0,5.0,6.3,6.8,15.1,0,3,5.9,1.7,1.7,2,SYNTHETIC_PROTOTYPE_BENCHMARK,SYNTHETIC_PROTOTYPE_DATA_NOT_REAL_PERSONNEL_DATA,DEMO / SYNTHETIC DATA — NOT REAL PERSONNEL OR SENSOR DATA
19.1,38.5,4.3,9.0,1.0,4.9,7.6,19.6,0,2,8.1,1.4,-2.6,0,SYNTHETIC_PROTOTYPE_BENCHMARK,SYNTHETIC_PROTOTYPE_DATA_NOT_REAL_PERSONNEL_DATA,DEMO / SYNTHETIC DATA — NOT REAL PERSONNEL OR SENSOR DATA
23.3,53.3,1.8,6.5,0.0,2.7,7.3,17.1,0,1,7.6,6.4,1.3,1,SYNTHETIC_PROTOTYPE_BENCHMARK,SYNTHETIC_PROTOTYPE_DATA_NOT_REAL_PERSONNEL_DATA,DEMO / SYNTHETIC DATA — NOT REAL PERSONNEL OR SENSOR DATA
26.2,71.4,4.6,4.0,3.0,6.2,6.2,13.7,1,1,5.1,4.4,1.0,2,SYNTHETIC_PROTOTYPE_BENCHMARK,SYNTHETIC_PROTOTYPE_DATA_NOT_REAL_PERSONNEL_DATA,DEMO / SYNTHETIC DATA — NOT REAL PERSONNEL OR SENSOR DATA
17.5,42.0,7.6,6.0,11.0,1.9,7.7,16.3,0,1,5.0,5.7,2.6,0,SYNTHETIC_PROTOTYPE_BENCHMARK,SYNTHETIC_PROTOTYPE_DATA_NOT_REAL_PERSONNEL_DATA,DEMO / SYNTHETIC DATA — NOT REAL PERSONNEL OR SENSOR DATA
12.5,45.2,4.8,4.0,2.0,9.5,7.1,15.7,0,0,2.8,3.5,0.1,0,SYNTHETIC_PROTOTYPE_BENCHMARK,SYNTHETIC_PROTOTYPE_DATA_NOT_REAL_PERSONNEL_DATA,DEMO / SYNTHETIC DATA — NOT REAL PERSONNEL OR SENSOR DATA
13.6,57.1,3.8,4.0,2.0,1.6,6.2,14.0,2,0,5.3,2.3,-0.8,0,SYNTHETIC_PROTOTYPE_BENCHMARK,SYNTHETIC_PROTOTYPE_DATA_NOT_REAL_PERSONNEL_DATA,DEMO / SYNTHETIC DATA — NOT REAL PERSONNEL OR SENSOR DATA
24.3,53.8,7.4,4.0,12.0,1.0,6.9,13.5,0,1,2.7,4.1,-3.0,1,SYNTHETIC_PROTOTYPE_BENCHMARK,SYNTHETIC_PROTOTYPE_DATA_NOT_REAL_PERSONNEL_DATA,DEMO / SYNTHETIC DATA — NOT REAL PERSONNEL OR SENSOR DATA
23.9,55.5,4.8,7.9,4.0,9.2,6.0,16.0,1,3,10.0,5.5,-1.5,1,SYNTHETIC_PROTOTYPE_BENCHMARK,SYNTHETIC_PROTOTYPE_DATA_NOT_REAL_PERSONNEL_DATA,DEMO / SYNTHETIC DATA — NOT REAL PERSONNEL OR SENSOR DATA
20.6,56.9,4.5,4.8,4.0,7.4,6.0,14.1,2,0,4.5,4.0,2.7,1,SYNTHETIC_PROTOTYPE_BENCHMARK,SYNTHETIC_PROTOTYPE_DATA_NOT_REAL_PERSONNEL_DATA,DEMO / SYNTHETIC DATA — NOT REAL PERSONNEL OR SENSOR DATA
25.1,58.3,5.8,4.0,3.0,1.2,6.5,15.4,2,2,8.4,6.1,0.4,1,SYNTHETIC_PROTOTYPE_BENCHMARK,SYNTHETIC_PROTOTYPE_DATA_NOT_REAL_PERSONNEL_DATA,DEMO / SYNTHETIC DATA — NOT REAL PERSONNEL OR SENSOR DATA
21.7,63.1,7.0,4.0,13.0,0.7,6.5,13.8,2,0,9.8,3.1,-0.2,1,SYNTHETIC_PROTOTYPE_BENCHMARK,SYNTHETIC_PROTOTYPE_DATA_NOT_REAL_PERSONNEL_DATA,DEMO / SYNTHETIC DATA — NOT REAL PERSONNEL OR SENSOR DATA
20.3,56.1,10.0,4.0,4.0,10.9,6.6,14.1,0,1,6.6,4.1,2.9,1,SYNTHETIC_PROTOTYPE_BENCHMARK,SYNTHETIC_PROTOTYPE_DATA_NOT_REAL_PERSONNEL_DATA,DEMO / SYNTHETIC DATA — NOT REAL PERSONNEL OR SENSOR DATA
22.2,49.6,7.2,4.0,8.0,9.0,7.6,15.3,0,1,6.0,6.3,2.4,0,SYNTHETIC_PROTOTYPE_BENCHMARK,SYNTHETIC_PROTOTYPE_DATA_NOT_REAL_PERSONNEL_DATA,DEMO / SYNTHETIC DATA — NOT REAL PERSONNEL OR SENSOR DATA
20.9,58.7,7.8,4.0,4.0,2.4,6.3,16.4,1,1,3.6,4.2,-1.6,1,SYNTHETIC_PROTOTYPE_BENCHMARK,SYNTHETIC_PROTOTYPE_DATA_NOT_REAL_PERSONNEL_DATA,DEMO / SYNTHETIC DATA — NOT REAL PERSONNEL OR SENSOR DATA
20.8,71.0,4.5,4.0,5.0,6.4,6.2,10.4,2,0,5.2,3.6,2.6,1,SYNTHETIC_PROTOTYPE_BENCHMARK,SYNTHETIC_PROTOTYPE_DATA_NOT_REAL_PERSONNEL_DATA,DEMO / SYNTHETIC DATA — NOT REAL PERSONNEL OR SENSOR DATA
19.5,50.7,3.4,4.3,1.0,0.8,7.1,15.5,0,1,9.4,4.2,-3.6,0,SYNTHETIC_PROTOTYPE_BENCHMARK,SYNTHETIC_PROTOTYPE_DATA_NOT_REAL_PERSONNEL_DATA,DEMO / SYNTHETIC DATA — NOT REAL PERSONNEL OR SENSOR DATA
16.6,42.3,5.6,9.7,1.0,4.2,6.8,11.8,0,1,6.9,4.4,1.0,1,SYNTHETIC_PROTOTYPE_BENCHMARK,SYNTHETIC_PROTOTYPE_DATA_NOT_REAL_PERSONNEL_DATA,DEMO / SYNTHETIC DATA — NOT REAL PERSONNEL OR SENSOR DATA
12.0,63.1,5.7,4.0,5.0,0.1,6.6,18.4,0,0,6.3,5.0,0.8,0,SYNTHETIC_PROTOTYPE_BENCHMARK,SYNTHETIC_PROTOTYPE_DATA_NOT_REAL_PERSONNEL_DATA,DEMO / SYNTHETIC DATA — NOT REAL PERSONNEL OR SENSOR DATA
18.4,50.8,3.3,4.0,1.0,3.0,7.8,21.5,0,0,8.8,5.9,2.5,0,SYNTHETIC_PROTOTYPE_BENCHMARK,SYNTHETIC_PROTOTYPE_DATA_NOT_REAL_PERSONNEL_DATA,DEMO / SYNTHETIC DATA — NOT REAL PERSONNEL OR SENSOR DATA
17.9,30.3,5.1,4.2,3.0,0.5,8.0,14.8,0,1,7.6,6.7,0.8,0,SYNTHETIC_PROTOTYPE_BENCHMARK,SYNTHETIC_PROTOTYPE_DATA_NOT_REAL_PERSONNEL_DATA,DEMO / SYNTHETIC DATA — NOT REAL PERSONNEL OR SENSOR DATA
13.2,60.5,6.3,8.2,1.0,3.9,6.7,10.5,0,1,5.9,3.7,-0.5,0,SYNTHETIC_PROTOTYPE_BENCHMARK,SYNTHETIC_PROTOTYPE_DATA_NOT_REAL_PERSONNEL_DATA,DEMO / SYNTHETIC DATA — NOT REAL PERSONNEL OR SENSOR DATA
12.5,46.6,6.2,5.5,6.0,3.3,6.6,15.2,0,0,6.6,5.1,-0.4,0,SYNTHETIC_PROTOTYPE_BENCHMARK,SYNTHETIC_PROTOTYPE_DATA_NOT_REAL_PERSONNEL_DATA,DEMO / SYNTHETIC DATA — NOT REAL PERSONNEL OR SENSOR DATA
25.0,51.1,6.5,8.1,0.0,3.5,8.5,13.5,0,1,4.7,7.6,5.0,1,SYNTHETIC_PROTOTYPE_BENCHMARK,SYNTHETIC_PROTOTYPE_DATA_NOT_REAL_PERSONNEL_DATA,DEMO / SYNTHETIC DATA — NOT REAL PERSONNEL OR SENSOR DATA
24.1,55.3,6.1,4.0,6.0,0.3,6.4,19.5,2,3,5.1,2.8,0.2,1,SYNTHETIC_PROTOTYPE_BENCHMARK,SYNTHETIC_PROTOTYPE_DATA_NOT_REAL_PERSONNEL_DATA,DEMO / SYNTHETIC DATA — NOT REAL PERSONNEL OR SENSOR DATA
18.2,53.9,4.5,5.6,3.0,2.7,5.5,18.3,1,0,5.8,7.8,1.3,1,SYNTHETIC_PROTOTYPE_BENCHMARK,SYNTHETIC_PROTOTYPE_DATA_NOT_REAL_PERSONNEL_DATA,DEMO / SYNTHETIC DATA — NOT REAL PERSONNEL OR SENSOR DATA
17.0,59.1,4.5,4.0,1.0,8.5,7.2,17.3,0,1,7.3,4.9,-4.4,0,SYNTHETIC_PROTOTYPE_BENCHMARK,SYNTHETIC_PROTOTYPE_DATA_NOT_REAL_PERSONNEL_DATA,DEMO / SYNTHETIC DATA — NOT REAL PERSONNEL OR SENSOR DATA
10.3,47.6,3.1,4.0,3.0,2.8,7.0,14.4,0,0,3.7,5.1,-1.8,0,SYNTHETIC_PROTOTYPE_BENCHMARK,SYNTHETIC_PROTOTYPE_DATA_NOT_REAL_PERSONNEL_DATA,DEMO / SYNTHETIC DATA — NOT REAL PERSONNEL OR SENSOR DATA
19.7,57.1,9.1,4.0,1.0,7.5,6.3,17.0,1,0,6.4,6.3,1.1,1,SYNTHETIC_PROTOTYPE_BENCHMARK,SYNTHETIC_PROTOTYPE_DATA_NOT_REAL_PERSONNEL_DATA,DEMO / SYNTHETIC DATA — NOT REAL PERSONNEL OR SENSOR DATA
20.6,49.4,5.5,4.0,1.0,2.8,6.6,16.1,0,0,5.4,2.2,-3.6,0,SYNTHETIC_PROTOTYPE_BENCHMARK,SYNTHETIC_PROTOTYPE_DATA_NOT_REAL_PERSONNEL_DATA,DEMO / SYNTHETIC DATA — NOT REAL PERSONNEL OR SENSOR DATA
17.9,59.4,5.1,10.6,2.0,3.3,8.1,13.4,0,1,4.4,6.8,1.2,1,SYNTHETIC_PROTOTYPE_BENCHMARK,SYNTHETIC_PROTOTYPE_DATA_NOT_REAL_PERSONNEL_DATA,DEMO / SYNTHETIC DATA — NOT REAL PERSONNEL OR SENSOR DATA
22.4,58.2,3.6,8.3,0.0,5.0,6.9,10.8,0,2,5.4,7.6,-1.6,1,SYNTHETIC_PROTOTYPE_BENCHMARK,SYNTHETIC_PROTOTYPE_DATA_NOT_REAL_PERSONNEL_DATA,DEMO / SYNTHETIC DATA — NOT REAL PERSONNEL OR SENSOR DATA
24.4,42.6,10.0,4.0,15.0,18.1,7.3,17.7,0,0,1.6,7.3,-2.3,1,SYNTHETIC_PROTOTYPE_BENCHMARK,SYNTHETIC_PROTOTYPE_DATA_NOT_REAL_PERSONNEL_DATA,DEMO / SYNTHETIC DATA — NOT REAL PERSONNEL OR SENSOR DATA
17.0,62.9,3.4,4.0,0.0,0.7,6.7,15.8,0,1,4.7,1.4,-1.6,0,SYNTHETIC_PROTOTYPE_BENCHMARK,SYNTHETIC_PROTOTYPE_DATA_NOT_REAL_PERSONNEL_DATA,DEMO / SYNTHETIC DATA — NOT REAL PERSONNEL OR SENSOR DATA
17.5,46.6,4.6,4.0,4.0,0.2,7.4,15.4,0,1,4.0,6.6,3.4,0,SYNTHETIC_PROTOTYPE_BENCHMARK,SYNTHETIC_PROTOTYPE_DATA_NOT_REAL_PERSONNEL_DATA,DEMO / SYNTHETIC DATA — NOT REAL PERSONNEL OR SENSOR DATA
21.9,60.1,6.3,4.0,2.0,5.6,7.6,14.4,0,0,5.6,7.1,0.7,0,SYNTHETIC_PROTOTYPE_BENCHMARK,SYNTHETIC_PROTOTYPE_DATA_NOT_REAL_PERSONNEL_DATA,DEMO / SYNTHETIC DATA — NOT REAL PERSONNEL OR SENSOR DATA
16.9,55.7,6.7,4.0,4.0,17.9,6.1,14.0,1,1,1.6,7.2,-2.0,1,SYNTHETIC_PROTOTYPE_BENCHMARK,SYNTHETIC_PROTOTYPE_DATA_NOT_REAL_PERSONNEL_DATA,DEMO / SYNTHETIC DATA — NOT REAL PERSONNEL OR SENSOR DATA
28.3,70.4,7.4,9.3,2.0,27.5,4.3,14.1,3,2,6.6,2.0,1.7,2,SYNTHETIC_PROTOTYPE_BENCHMARK,SYNTHETIC_PROTOTYPE_DATA_NOT_REAL_PERSONNEL_DATA,DEMO / SYNTHETIC DATA — NOT REAL PERSONNEL OR SENSOR DATA
28.3,49.8,9.1,13.1,4.0,4.0,7.7,8.5,0,2,8.0,6.8,1.8,2,SYNTHETIC_PROTOTYPE_BENCHMARK,SYNTHETIC_PROTOTYPE_DATA_NOT_REAL_PERSONNEL_DATA,DEMO / SYNTHETIC DATA — NOT REAL PERSONNEL OR SENSOR DATA
17.9,48.5,6.5,4.2,5.0,3.8,7.4,17.1,0,2,6.0,8.0,-0.8,0,SYNTHETIC_PROTOTYPE_BENCHMARK,SYNTHETIC_PROTOTYPE_DATA_NOT_REAL_PERSONNEL_DATA,DEMO / SYNTHETIC DATA — NOT REAL PERSONNEL OR SENSOR DATA
19.7,51.8,3.4,7.3,4.0,6.2,6.9,12.2,0,0,7.2,5.2,2.1,0,SYNTHETIC_PROTOTYPE_BENCHMARK,SYNTHETIC_PROTOTYPE_DATA_NOT_REAL_PERSONNEL_DATA,DEMO / SYNTHETIC DATA — NOT REAL PERSONNEL OR SENSOR DATA
18.0,49.0,5.0,4.0,0.0,4.9,7.4,11.5,0,2,5.2,3.1,2.2,0,SYNTHETIC_PROTOTYPE_BENCHMARK,SYNTHETIC_PROTOTYPE_DATA_NOT_REAL_PERSONNEL_DATA,DEMO / SYNTHETIC DATA — NOT REAL PERSONNEL OR SENSOR DATA
26.6,60.0,6.1,4.0,4.0,6.0,6.2,19.2,2,0,3.1,5.9,1.9,1,SYNTHETIC_PROTOTYPE_BENCHMARK,SYNTHETIC_PROTOTYPE_DATA_NOT_REAL_PERSONNEL_DATA,DEMO / SYNTHETIC DATA — NOT REAL PERSONNEL OR SENSOR DATA
12.5,35.8,9.6,4.0,1.0,12.4,7.3,13.9,0,2,6.2,7.6,-1.5,0,SYNTHETIC_PROTOTYPE_BENCHMARK,SYNTHETIC_PROTOTYPE_DATA_NOT_REAL_PERSONNEL_DATA,DEMO / SYNTHETIC DATA — NOT REAL PERSONNEL OR SENSOR DATA
18.0,41.5,2.7,4.0,0.0,8.2,7.1,14.2,0,3,7.6,5.5,-2.6,0,SYNTHETIC_PROTOTYPE_BENCHMARK,SYNTHETIC_PROTOTYPE_DATA_NOT_REAL_PERSONNEL_DATA,DEMO / SYNTHETIC DATA — NOT REAL PERSONNEL OR SENSOR DATA
10.4,41.3,7.9,5.4,2.0,4.1,6.9,17.3,0,0,3.6,3.9,-3.7,0,SYNTHETIC_PROTOTYPE_BENCHMARK,SYNTHETIC_PROTOTYPE_DATA_NOT_REAL_PERSONNEL_DATA,DEMO / SYNTHETIC DATA — NOT REAL PERSONNEL OR SENSOR DATA
16.8,61.5,5.9,4.0,2.0,3.7,7.5,19.3,0,1,5.3,6.1,-1.4,0,SYNTHETIC_PROTOTYPE_BENCHMARK,SYNTHETIC_PROTOTYPE_DATA_NOT_REAL_PERSONNEL_DATA,DEMO / SYNTHETIC DATA — NOT REAL PERSONNEL OR SENSOR DATA
21.9,69.1,7.2,4.0,2.0,6.1,5.0,12.5,2,1,5.7,3.0,-0.8,2,SYNTHETIC_PROTOTYPE_BENCHMARK,SYNTHETIC_PROTOTYPE_DATA_NOT_REAL_PERSONNEL_DATA,DEMO / SYNTHETIC DATA — NOT REAL PERSONNEL OR SENSOR DATA
16.3,51.0,5.3,4.0,4.0,3.6,8.8,13.7,0,2,10.0,5.8,-0.6,0,SYNTHETIC_PROTOTYPE_BENCHMARK,SYNTHETIC_PROTOTYPE_DATA_NOT_REAL_PERSONNEL_DATA,DEMO / SYNTHETIC DATA — NOT REAL PERSONNEL OR SENSOR DATA
9.8,50.3,3.8,12.8,1.0,3.7,7.7,10.3,0,0,6.6,7.5,-0.1,0,SYNTHETIC_PROTOTYPE_BENCHMARK,SYNTHETIC_PROTOTYPE_DATA_NOT_REAL_PERSONNEL_DATA,DEMO / SYNTHETIC DATA — NOT REAL PERSONNEL OR SENSOR DATA
23.9,52.7,7.0,4.0,1.0,0.1,5.6,17.5,1,3,2.4,2.6,3.8,2,SYNTHETIC_PROTOTYPE_BENCHMARK,SYNTHETIC_PROTOTYPE_DATA_NOT_REAL_PERSONNEL_DATA,DEMO / SYNTHETIC DATA — NOT REAL PERSONNEL OR SENSOR DATA
23.8,63.6,6.8,5.6,0.0,1.1,6.3,18.2,1,1,1.9,5.8,-0.7,1,SYNTHETIC_PROTOTYPE_BENCHMARK,SYNTHETIC_PROTOTYPE_DATA_NOT_REAL_PERSONNEL_DATA,DEMO / SYNTHETIC DATA — NOT REAL PERSONNEL OR SENSOR DATA
9.9,42.7,7.4,5.6,4.0,4.0,7.1,12.8,0,0,7.7,5.3,-0.1,0,SYNTHETIC_PROTOTYPE_BENCHMARK,SYNTHETIC_PROTOTYPE_DATA_NOT_REAL_PERSONNEL_DATA,DEMO / SYNTHETIC DATA — NOT REAL PERSONNEL OR SENSOR DATA
14.6,54.4,5.5,4.0,3.0,10.4,6.9,18.4,0,0,10.0,4.7,-4.0,0,SYNTHETIC_PROTOTYPE_BENCHMARK,SYNTHETIC_PROTOTYPE_DATA_NOT_REAL_PERSONNEL_DATA,DEMO / SYNTHETIC DATA — NOT REAL PERSONNEL OR SENSOR DATA
32.5,61.8,4.3,4.0,2.0,2.0,5.8,14.2,1,2,5.6,5.3,4.9,2,SYNTHETIC_PROTOTYPE_BENCHMARK,SYNTHETIC_PROTOTYPE_DATA_NOT_REAL_PERSONNEL_DATA,DEMO / SYNTHETIC DATA — NOT REAL PERSONNEL OR SENSOR DATA
17.4,57.0,2.4,9.0,4.0,4.4,6.7,14.3,0,0,5.5,3.7,-2.9,1,SYNTHETIC_PROTOTYPE_BENCHMARK,SYNTHETIC_PROTOTYPE_DATA_NOT_REAL_PERSONNEL_DATA,DEMO / SYNTHETIC DATA — NOT REAL PERSONNEL OR SENSOR DATA
11.0,53.9,7.1,4.0,3.0,2.5,6.8,13.1,0,0,7.1,3.2,-1.6,0,SYNTHETIC_PROTOTYPE_BENCHMARK,SYNTHETIC_PROTOTYPE_DATA_NOT_REAL_PERSONNEL_DATA,DEMO / SYNTHETIC DATA — NOT REAL PERSONNEL OR SENSOR DATA
16.2,62.0,6.3,11.6,2.0,0.7,6.0,12.3,2,1,4.6,1.9,1.5,1,SYNTHETIC_PROTOTYPE_BENCHMARK,SYNTHETIC_PROTOTYPE_DATA_NOT_REAL_PERSONNEL_DATA,DEMO / SYNTHETIC DATA — NOT REAL PERSONNEL OR SENSOR DATA
14.5,30.0,3.6,4.0,3.0,19.1,6.6,15.4,0,1,1.1,8.2,0.5,0,SYNTHETIC_PROTOTYPE_BENCHMARK,SYNTHETIC_PROTOTYPE_DATA_NOT_REAL_PERSONNEL_DATA,DEMO / SYNTHETIC DATA — NOT REAL PERSONNEL OR SENSOR DATA
19.1,58.8,4.4,4.0,4.0,11.6,7.1,15.0,0,1,8.3,4.2,3.6,1,SYNTHETIC_PROTOTYPE_BENCHMARK,SYNTHETIC_PROTOTYPE_DATA_NOT_REAL_PERSONNEL_DATA,DEMO / SYNTHETIC DATA — NOT REAL PERSONNEL OR SENSOR DATA
15.5,45.5,4.6,8.9,4.0,0.5,5.9,14.4,1,1,5.0,6.3,1.6,1,SYNTHETIC_PROTOTYPE_BENCHMARK,SYNTHETIC_PROTOTYPE_DATA_NOT_REAL_PERSONNEL_DATA,DEMO / SYNTHETIC DATA — NOT REAL PERSONNEL OR SENSOR DATA
22.5,33.7,2.5,7.5,1.0,7.6,7.9,12.2,0,2,8.3,5.4,-0.2,0,SYNTHETIC_PROTOTYPE_BENCHMARK,SYNTHETIC_PROTOTYPE_DATA_NOT_REAL_PERSONNEL_DATA,DEMO / SYNTHETIC DATA — NOT REAL PERSONNEL OR SENSOR DATA
31.4,57.1,3.9,19.6,1.0,2.6,7.4,7.6,0,3,4.7,3.1,2.3,2,SYNTHETIC_PROTOTYPE_BENCHMARK,SYNTHETIC_PROTOTYPE_DATA_NOT_REAL_PERSONNEL_DATA,DEMO / SYNTHETIC DATA — NOT REAL PERSONNEL OR SENSOR DATA
18.7,65.7,3.2,4.6,1.0,31.6,5.3,16.3,1,0,6.4,5.3,2.6,1,SYNTHETIC_PROTOTYPE_BENCHMARK,SYNTHETIC_PROTOTYPE_DATA_NOT_REAL_PERSONNEL_DATA,DEMO / SYNTHETIC DATA — NOT REAL PERSONNEL OR SENSOR DATA
22.5,50.6,4.7,11.0,4.0,2.2,7.1,15.5,0,2,7.9,5.7,-1.5,1,SYNTHETIC_PROTOTYPE_BENCHMARK,SYNTHETIC_PROTOTYPE_DATA_NOT_REAL_PERSONNEL_DATA,DEMO / SYNTHETIC DATA — NOT REAL PERSONNEL OR SENSOR DATA
25.4,61.5,4.0,7.0,7.0,1.6,7.5,14.3,0,3,8.3,4.2,2.1,1,SYNTHETIC_PROTOTYPE_BENCHMARK,SYNTHETIC_PROTOTYPE_DATA_NOT_REAL_PERSONNEL_DATA,DEMO / SYNTHETIC DATA — NOT REAL PERSONNEL OR SENSOR DATA
25.0,68.1,2.2,7.4,2.0,5.0,5.7,15.2,1,1,6.7,4.7,-0.5,1,SYNTHETIC_PROTOTYPE_BENCHMARK,SYNTHETIC_PROTOTYPE_DATA_NOT_REAL_PERSONNEL_DATA,DEMO / SYNTHETIC DATA — NOT REAL PERSONNEL OR SENSOR DATA
22.1,65.1,9.5,4.0,1.0,10.8,5.7,17.1,1,1,6.6,2.9,-0.2,1,SYNTHETIC_PROTOTYPE_BENCHMARK,SYNTHETIC_PROTOTYPE_DATA_NOT_REAL_PERSONNEL_DATA,DEMO / SYNTHETIC DATA — NOT REAL PERSONNEL OR SENSOR DATA
30.2,68.4,8.0,4.0,5.0,1.3,5.9,17.3,2,0,7.4,5.8,0.3,1,SYNTHETIC_PROTOTYPE_BENCHMARK,SYNTHETIC_PROTOTYPE_DATA_NOT_REAL_PERSONNEL_DATA,DEMO / SYNTHETIC DATA — NOT REAL PERSONNEL OR SENSOR DATA
17.9,59.4,3.9,10.9,6.0,7.4,7.4,10.9,0,1,7.1,6.6,-0.8,1,SYNTHETIC_PROTOTYPE_BENCHMARK,SYNTHETIC_PROTOTYPE_DATA_NOT_REAL_PERSONNEL_DATA,DEMO / SYNTHETIC DATA — NOT REAL PERSONNEL OR SENSOR DATA
19.2,52.8,6.0,4.0,7.0,0.4,8.0,14.0,0,1,3.6,6.2,-1.0,0,SYNTHETIC_PROTOTYPE_BENCHMARK,SYNTHETIC_PROTOTYPE_DATA_NOT_REAL_PERSONNEL_DATA,DEMO / SYNTHETIC DATA — NOT REAL PERSONNEL OR SENSOR DATA
18.6,36.0,6.3,4.0,3.0,15.1,6.1,14.2,2,2,3.7,5.4,2.2,1,SYNTHETIC_PROTOTYPE_BENCHMARK,SYNTHETIC_PROTOTYPE_DATA_NOT_REAL_PERSONNEL_DATA,DEMO / SYNTHETIC DATA — NOT REAL PERSONNEL OR SENSOR DATA
20.8,49.5,7.9,4.0,7.0,0.5,7.9,19.5,0,3,2.0,5.3,-3.4,0,SYNTHETIC_PROTOTYPE_BENCHMARK,SYNTHETIC_PROTOTYPE_DATA_NOT_REAL_PERSONNEL_DATA,DEMO / SYNTHETIC DATA — NOT REAL PERSONNEL OR SENSOR DATA
14.6,43.6,3.9,4.0,0.0,14.7,7.6,16.6,0,0,7.7,7.9,-2.3,0,SYNTHETIC_PROTOTYPE_BENCHMARK,SYNTHETIC_PROTOTYPE_DATA_NOT_REAL_PERSONNEL_DATA,DEMO / SYNTHETIC DATA — NOT REAL PERSONNEL OR SENSOR DATA
16.8,73.7,7.7,4.0,0.0,4.0,7.3,16.5,0,0,5.4,5.8,1.5,0,SYNTHETIC_PROTOTYPE_BENCHMARK,SYNTHETIC_PROTOTYPE_DATA_NOT_REAL_PERSONNEL_DATA,DEMO / SYNTHETIC DATA — NOT REAL PERSONNEL OR SENSOR DATA
7.5,50.2,4.4,4.0,0.0,3.6,7.3,16.3,0,0,7.8,8.2,-0.2,0,SYNTHETIC_PROTOTYPE_BENCHMARK,SYNTHETIC_PROTOTYPE_DATA_NOT_REAL_PERSONNEL_DATA,DEMO / SYNTHETIC DATA — NOT REAL PERSONNEL OR SENSOR DATA
18.5,53.2,2.8,8.5,4.0,21.7,6.3,11.1,2,2,7.0,3.9,2.2,1,SYNTHETIC_PROTOTYPE_BENCHMARK,SYNTHETIC_PROTOTYPE_DATA_NOT_REAL_PERSONNEL_DATA,DEMO / SYNTHETIC DATA — NOT REAL PERSONNEL OR SENSOR DATA
15.1,57.5,6.9,4.0,0.0,27.9,6.9,19.5,0,0,4.2,3.5,0.8,0,SYNTHETIC_PROTOTYPE_BENCHMARK,SYNTHETIC_PROTOTYPE_DATA_NOT_REAL_PERSONNEL_DATA,DEMO / SYNTHETIC DATA — NOT REAL PERSONNEL OR SENSOR DATA
21.6,52.4,8.1,4.0,2.0,6.3,7.4,16.6,0,1,6.0,5.3,-2.9,1,SYNTHETIC_PROTOTYPE_BENCHMARK,SYNTHETIC_PROTOTYPE_DATA_NOT_REAL_PERSONNEL_DATA,DEMO / SYNTHETIC DATA — NOT REAL PERSONNEL OR SENSOR DATA
22.8,69.0,10.0,4.0,2.0,0.8,8.1,17.0,0,0,5.3,4.8,0.1,1,SYNTHETIC_PROTOTYPE_BENCHMARK,SYNTHETIC_PROTOTYPE_DATA_NOT_REAL_PERSONNEL_DATA,DEMO / SYNTHETIC DATA — NOT REAL PERSONNEL OR SENSOR DATA
14.7,45.8,3.1,4.0,1.0,4.2,7.9,12.1,0,1,5.0,5.2,1.2,0,SYNTHETIC_PROTOTYPE_BENCHMARK,SYNTHETIC_PROTOTYPE_DATA_NOT_REAL_PERSONNEL_DATA,DEMO / SYNTHETIC DATA — NOT REAL PERSONNEL OR SENSOR DATA
23.9,53.9,6.9,4.0,7.0,4.5,6.9,17.2,0,0,8.0,4.4,0.5,1,SYNTHETIC_PROTOTYPE_BENCHMARK,SYNTHETIC_PROTOTYPE_DATA_NOT_REAL_PERSONNEL_DATA,DEMO / SYNTHETIC DATA — NOT REAL PERSONNEL OR SENSOR DATA
18.9,44.6,4.7,4.9,1.0,4.3,6.2,14.5,2,2,10.0,7.4,-1.0,1,SYNTHETIC_PROTOTYPE_BENCHMARK,SYNTHETIC_PROTOTYPE_DATA_NOT_REAL_PERSONNEL_DATA,DEMO / SYNTHETIC DATA — NOT REAL PERSONNEL OR SENSOR DATA
11.1,38.8,7.1,4.0,2.0,5.1,6.9,13.0,0,1,8.4,5.7,-0.6,0,SYNTHETIC_PROTOTYPE_BENCHMARK,SYNTHETIC_PROTOTYPE_DATA_NOT_REAL_PERSONNEL_DATA,DEMO / SYNTHETIC DATA — NOT REAL PERSONNEL OR SENSOR DATA
18.8,45.9,2.6,9.6,5.0,0.1,6.1,11.5,1,3,6.1,3.6,-1.2,1,SYNTHETIC_PROTOTYPE_BENCHMARK,SYNTHETIC_PROTOTYPE_DATA_NOT_REAL_PERSONNEL_DATA,DEMO / SYNTHETIC DATA — NOT REAL PERSONNEL OR SENSOR DATA
21.8,51.6,3.0,4.0,0.0,7.5,6.6,13.1,0,1,8.7,3.5,-2.9,1,SYNTHETIC_PROTOTYPE_BENCHMARK,SYNTHETIC_PROTOTYPE_DATA_NOT_REAL_PERSONNEL_DATA,DEMO / SYNTHETIC DATA — NOT REAL PERSONNEL OR SENSOR DATA
6.6,47.7,3.9,4.0,4.0,7.5,7.7,13.0,0,0,9.6,5.7,-3.2,0,SYNTHETIC_PROTOTYPE_BENCHMARK,SYNTHETIC_PROTOTYPE_DATA_NOT_REAL_PERSONNEL_DATA,DEMO / SYNTHETIC DATA — NOT REAL PERSONNEL OR SENSOR DATA
14.8,45.1,5.7,4.0,6.0,0.7,7.3,15.7,0,0,3.4,10.0,0.9,0,SYNTHETIC_PROTOTYPE_BENCHMARK,SYNTHETIC_PROTOTYPE_DATA_NOT_REAL_PERSONNEL_DATA,DEMO / SYNTHETIC DATA — NOT REAL PERSONNEL OR SENSOR DATA
19.0,37.9,4.2,4.0,9.0,5.1,8.2,14.8,0,3,8.6,4.4,-1.9,0,SYNTHETIC_PROTOTYPE_BENCHMARK,SYNTHETIC_PROTOTYPE_DATA_NOT_REAL_PERSONNEL_DATA,DEMO / SYNTHETIC DATA — NOT REAL PERSONNEL OR SENSOR DATA
30.9,51.2,6.8,5.9,7.0,5.0,7.2,15.5,0,2,7.7,4.7,1.3,1,SYNTHETIC_PROTOTYPE_BENCHMARK,SYNTHETIC_PROTOTYPE_DATA_NOT_REAL_PERSONNEL_DATA,DEMO / SYNTHETIC DATA — NOT REAL PERSONNEL OR SENSOR DATA
19.9,37.0,7.6,8.3,1.0,6.9,7.1,17.2,0,0,8.6,9.6,-1.3,0,SYNTHETIC_PROTOTYPE_BENCHMARK,SYNTHETIC_PROTOTYPE_DATA_NOT_REAL_PERSONNEL_DATA,DEMO / SYNTHETIC DATA — NOT REAL PERSONNEL OR SENSOR DATA
22.8,59.6,6.7,4.0,3.0,0.5,6.8,15.3,0,2,7.8,4.0,-2.9,1,SYNTHETIC_PROTOTYPE_BENCHMARK,SYNTHETIC_PROTOTYPE_DATA_NOT_REAL_PERSONNEL_DATA,DEMO / SYNTHETIC DATA — NOT REAL PERSONNEL OR SENSOR DATA
22.2,52.8,8.7,4.0,0.0,5.9,7.2,11.1,0,1,5.7,5.7,-0.9,1,SYNTHETIC_PROTOTYPE_BENCHMARK,SYNTHETIC_PROTOTYPE_DATA_NOT_REAL_PERSONNEL_DATA,DEMO / SYNTHETIC DATA — NOT REAL PERSONNEL OR SENSOR DATA
6.2,37.4,6.3,4.0,1.0,2.0,7.7,15.1,0,0,10.0,8.7,4.6,0,SYNTHETIC_PROTOTYPE_BENCHMARK,SYNTHETIC_PROTOTYPE_DATA_NOT_REAL_PERSONNEL_DATA,DEMO / SYNTHETIC DATA — NOT REAL PERSONNEL OR SENSOR DATA
10.3,48.9,3.1,4.0,0.0,4.2,7.1,18.0,0,0,6.9,3.9,-0.2,0,SYNTHETIC_PROTOTYPE_BENCHMARK,SYNTHETIC_PROTOTYPE_DATA_NOT_REAL_PERSONNEL_DATA,DEMO / SYNTHETIC DATA — NOT REAL PERSONNEL OR SENSOR DATA
23.4,44.5,8.2,12.3,1.0,8.9,6.4,12.1,1,2,5.3,5.1,1.4,2,SYNTHETIC_PROTOTYPE_BENCHMARK,SYNTHETIC_PROTOTYPE_DATA_NOT_REAL_PERSONNEL_DATA,DEMO / SYNTHETIC DATA — NOT REAL PERSONNEL OR SENSOR DATA
18.0,55.2,4.3,4.0,7.0,7.3,6.3,18.7,1,0,7.2,4.2,0.4,0,SYNTHETIC_PROTOTYPE_BENCHMARK,SYNTHETIC_PROTOTYPE_DATA_NOT_REAL_PERSONNEL_DATA,DEMO / SYNTHETIC DATA — NOT REAL PERSONNEL OR SENSOR DATA
19.8,65.4,7.3,5.3,1.0,0.8,8.3,16.0,0,0,8.1,2.1,-3.1,0,SYNTHETIC_PROTOTYPE_BENCHMARK,SYNTHETIC_PROTOTYPE_DATA_NOT_REAL_PERSONNEL_DATA,DEMO / SYNTHETIC DATA — NOT REAL PERSONNEL OR SENSOR DATA
13.4,33.2,8.6,4.0,3.0,5.4,8.6,11.9,0,0,6.4,8.5,3.2,0,SYNTHETIC_PROTOTYPE_BENCHMARK,SYNTHETIC_PROTOTYPE_DATA_NOT_REAL_PERSONNEL_DATA,DEMO / SYNTHETIC DATA — NOT REAL PERSONNEL OR SENSOR DATA
19.6,53.2,6.4,4.0,2.0,20.9,5.2,15.8,2,0,7.0,4.2,-0.5,1,SYNTHETIC_PROTOTYPE_BENCHMARK,SYNTHETIC_PROTOTYPE_DATA_NOT_REAL_PERSONNEL_DATA,DEMO / SYNTHETIC DATA — NOT REAL PERSONNEL OR SENSOR DATA
18.8,50.4,2.5,4.0,2.0,1.0,5.2,16.2,2,1,6.4,3.9,-2.9,0,SYNTHETIC_PROTOTYPE_BENCHMARK,SYNTHETIC_PROTOTYPE_DATA_NOT_REAL_PERSONNEL_DATA,DEMO / SYNTHETIC DATA — NOT REAL PERSONNEL OR SENSOR DATA
13.2,58.7,3.7,4.0,12.0,11.5,6.5,17.8,1,0,4.9,4.1,-1.1,0,SYNTHETIC_PROTOTYPE_BENCHMARK,SYNTHETIC_PROTOTYPE_DATA_NOT_REAL_PERSONNEL_DATA,DEMO / SYNTHETIC DATA — NOT REAL PERSONNEL OR SENSOR DATA
17.2,54.1,8.1,6.4,1.0,7.3,7.4,18.3,0,0,4.6,6.4,-0.5,0,SYNTHETIC_PROTOTYPE_BENCHMARK,SYNTHETIC_PROTOTYPE_DATA_NOT_REAL_PERSONNEL_DATA,DEMO / SYNTHETIC DATA — NOT REAL PERSONNEL OR SENSOR DATA
15.4,44.5,5.2,4.0,3.0,8.9,6.6,17.4,0,3,3.4,5.7,1.6,0,SYNTHETIC_PROTOTYPE_BENCHMARK,SYNTHETIC_PROTOTYPE_DATA_NOT_REAL_PERSONNEL_DATA,DEMO / SYNTHETIC DATA — NOT REAL PERSONNEL OR SENSOR DATA
12.6,48.8,5.7,5.2,2.0,2.0,7.9,16.0,0,0,9.2,4.1,-1.5,0,SYNTHETIC_PROTOTYPE_BENCHMARK,SYNTHETIC_PROTOTYPE_DATA_NOT_REAL_PERSONNEL_DATA,DEMO / SYNTHETIC DATA — NOT REAL PERSONNEL OR SENSOR DATA
22.1,44.0,7.0,4.0,0.0,2.0,7.3,17.0,0,1,5.8,6.2,5.0,0,SYNTHETIC_PROTOTYPE_BENCHMARK,SYNTHETIC_PROTOTYPE_DATA_NOT_REAL_PERSONNEL_DATA,DEMO / SYNTHETIC DATA — NOT REAL PERSONNEL OR SENSOR DATA
21.5,62.8,6.9,12.4,2.0,14.2,6.0,11.9,1,1,1.0,5.7,-2.1,2,SYNTHETIC_PROTOTYPE_BENCHMARK,SYNTHETIC_PROTOTYPE_DATA_NOT_REAL_PERSONNEL_DATA,DEMO / SYNTHETIC DATA — NOT REAL PERSONNEL OR SENSOR DATA
20.4,52.2,6.1,4.0,6.0,2.7,7.5,12.7,0,1,7.0,5.1,1.3,0,SYNTHETIC_PROTOTYPE_BENCHMARK,SYNTHETIC_PROTOTYPE_DATA_NOT_REAL_PERSONNEL_DATA,DEMO / SYNTHETIC DATA — NOT REAL PERSONNEL OR SENSOR DATA
24.9,71.0,5.1,8.6,0.0,0.4,5.8,13.9,1,2,7.0,3.7,-4.3,2,SYNTHETIC_PROTOTYPE_BENCHMARK,SYNTHETIC_PROTOTYPE_DATA_NOT_REAL_PERSONNEL_DATA,DEMO / SYNTHETIC DATA — NOT REAL PERSONNEL OR SENSOR DATA
15.1,51.4,4.9,6.6,0.0,5.5,6.6,15.3,0,0,2.5,6.7,-0.3,0,SYNTHETIC_PROTOTYPE_BENCHMARK,SYNTHETIC_PROTOTYPE_DATA_NOT_REAL_PERSONNEL_DATA,DEMO / SYNTHETIC DATA — NOT REAL PERSONNEL OR SENSOR DATA
14.6,44.9,7.2,13.8,1.0,0.8,7.8,9.3,0,2,4.5,5.2,0.8,0,SYNTHETIC_PROTOTYPE_BENCHMARK,SYNTHETIC_PROTOTYPE_DATA_NOT_REAL_PERSONNEL_DATA,DEMO / SYNTHETIC DATA — NOT REAL PERSONNEL OR SENSOR DATA
15.8,36.9,6.6,4.0,5.0,9.6,7.3,18.3,0,2,4.4,8.4,-2.5,1,SYNTHETIC_PROTOTYPE_BENCHMARK,SYNTHETIC_PROTOTYPE_DATA_NOT_REAL_PERSONNEL_DATA,DEMO / SYNTHETIC DATA — NOT REAL PERSONNEL OR SENSOR DATA
14.5,34.0,5.0,5.2,5.0,6.2,9.1,17.1,0,2,4.7,5.0,3.3,0,SYNTHETIC_PROTOTYPE_BENCHMARK,SYNTHETIC_PROTOTYPE_DATA_NOT_REAL_PERSONNEL_DATA,DEMO / SYNTHETIC DATA — NOT REAL PERSONNEL OR SENSOR DATA
16.4,36.2,7.7,4.0,3.0,12.5,7.8,12.9,0,0,8.6,4.8,1.0,0,SYNTHETIC_PROTOTYPE_BENCHMARK,SYNTHETIC_PROTOTYPE_DATA_NOT_REAL_PERSONNEL_DATA,DEMO / SYNTHETIC DATA — NOT REAL PERSONNEL OR SENSOR DATA
17.3,54.7,5.2,4.0,2.0,9.2,7.1,18.3,0,0,5.9,3.6,-0.7,0,SYNTHETIC_PROTOTYPE_BENCHMARK,SYNTHETIC_PROTOTYPE_DATA_NOT_REAL_PERSONNEL_DATA,DEMO / SYNTHETIC DATA — NOT REAL PERSONNEL OR SENSOR DATA
21.0,57.1,3.8,4.0,8.0,0.7,6.8,15.0,0,1,5.3,4.5,0.9,0,SYNTHETIC_PROTOTYPE_BENCHMARK,SYNTHETIC_PROTOTYPE_DATA_NOT_REAL_PERSONNEL_DATA,DEMO / SYNTHETIC DATA — NOT REAL PERSONNEL OR SENSOR DATA
8.5,36.2,4.0,4.0,5.0,2.9,8.3,14.0,0,2,8.4,6.0,-1.3,0,SYNTHETIC_PROTOTYPE_BENCHMARK,SYNTHETIC_PROTOTYPE_DATA_NOT_REAL_PERSONNEL_DATA,DEMO / SYNTHETIC DATA — NOT REAL PERSONNEL OR SENSOR DATA
23.2,61.0,3.5,16.1,6.0,8.9,6.1,12.9,2,1,7.2,2.6,2.8,1,SYNTHETIC_PROTOTYPE_BENCHMARK,SYNTHETIC_PROTOTYPE_DATA_NOT_REAL_PERSONNEL_DATA,DEMO / SYNTHETIC DATA — NOT REAL PERSONNEL OR SENSOR DATA
10.5,47.2,5.0,4.0,6.0,3.2,7.3,15.5,0,0,2.7,5.5,2.2,0,SYNTHETIC_PROTOTYPE_BENCHMARK,SYNTHETIC_PROTOTYPE_DATA_NOT_REAL_PERSONNEL_DATA,DEMO / SYNTHETIC DATA — NOT REAL PERSONNEL OR SENSOR DATA
24.0,53.5,8.0,4.0,4.0,21.5,5.6,19.4,1,0,5.0,5.9,0.8,1,SYNTHETIC_PROTOTYPE_BENCHMARK,SYNTHETIC_PROTOTYPE_DATA_NOT_REAL_PERSONNEL_DATA,DEMO / SYNTHETIC DATA — NOT REAL PERSONNEL OR SENSOR DATA
22.2,68.1,3.9,4.0,2.0,8.0,7.0,13.9,0,1,6.8,2.0,1.3,1,SYNTHETIC_PROTOTYPE_BENCHMARK,SYNTHETIC_PROTOTYPE_DATA_NOT_REAL_PERSONNEL_DATA,DEMO / SYNTHETIC DATA — NOT REAL PERSONNEL OR SENSOR DATA
14.4,61.0,5.9,4.0,7.0,0.1,6.9,12.1,0,2,4.3,3.8,-3.2,1,SYNTHETIC_PROTOTYPE_BENCHMARK,SYNTHETIC_PROTOTYPE_DATA_NOT_REAL_PERSONNEL_DATA,DEMO / SYNTHETIC DATA — NOT REAL PERSONNEL OR SENSOR DATA
16.7,49.3,4.2,4.3,9.0,12.7,8.3,14.9,0,0,10.0,6.1,3.2,0,SYNTHETIC_PROTOTYPE_BENCHMARK,SYNTHETIC_PROTOTYPE_DATA_NOT_REAL_PERSONNEL_DATA,DEMO / SYNTHETIC DATA — NOT REAL PERSONNEL OR SENSOR DATA
16.0,43.1,5.0,4.0,0.0,0.6,9.3,17.2,0,0,6.4,4.0,-0.2,0,SYNTHETIC_PROTOTYPE_BENCHMARK,SYNTHETIC_PROTOTYPE_DATA_NOT_REAL_PERSONNEL_DATA,DEMO / SYNTHETIC DATA — NOT REAL PERSONNEL OR SENSOR DATA
15.8,30.5,2.5,4.0,0.0,0.9,8.5,13.7,0,1,4.7,5.8,2.3,0,SYNTHETIC_PROTOTYPE_BENCHMARK,SYNTHETIC_PROTOTYPE_DATA_NOT_REAL_PERSONNEL_DATA,DEMO / SYNTHETIC DATA — NOT REAL PERSONNEL OR SENSOR DATA
13.5,44.8,5.1,4.0,11.0,8.0,7.1,12.9,0,1,4.0,7.1,1.6,0,SYNTHETIC_PROTOTYPE_BENCHMARK,SYNTHETIC_PROTOTYPE_DATA_NOT_REAL_PERSONNEL_DATA,DEMO / SYNTHETIC DATA — NOT REAL PERSONNEL OR SENSOR DATA
21.2,49.9,5.1,11.3,1.0,12.0,6.0,13.2,1,2,8.1,7.9,2.2,1,SYNTHETIC_PROTOTYPE_BENCHMARK,SYNTHETIC_PROTOTYPE_DATA_NOT_REAL_PERSONNEL_DATA,DEMO / SYNTHETIC DATA — NOT REAL PERSONNEL OR SENSOR DATA
20.3,42.1,6.6,5.7,7.0,4.6,8.0,12.0,0,2,4.9,6.3,-2.3,1,SYNTHETIC_PROTOTYPE_BENCHMARK,SYNTHETIC_PROTOTYPE_DATA_NOT_REAL_PERSONNEL_DATA,DEMO / SYNTHETIC DATA — NOT REAL PERSONNEL OR SENSOR DATA
21.0,50.7,5.9,14.4,2.0,2.0,7.2,12.1,0,1,7.0,4.9,-2.0,1,SYNTHETIC_PROTOTYPE_BENCHMARK,SYNTHETIC_PROTOTYPE_DATA_NOT_REAL_PERSONNEL_DATA,DEMO / SYNTHETIC DATA — NOT REAL PERSONNEL OR SENSOR DATA
16.6,52.8,3.1,4.0,0.0,2.6,7.3,14.9,0,0,3.9,4.3,4.9,0,SYNTHETIC_PROTOTYPE_BENCHMARK,SYNTHETIC_PROTOTYPE_DATA_NOT_REAL_PERSONNEL_DATA,DEMO / SYNTHETIC DATA — NOT REAL PERSONNEL OR SENSOR DATA
15.7,49.8,7.7,4.0,0.0,2.5,8.4,16.6,0,1,6.3,6.6,-3.3,0,SYNTHETIC_PROTOTYPE_BENCHMARK,SYNTHETIC_PROTOTYPE_DATA_NOT_REAL_PERSONNEL_DATA,DEMO / SYNTHETIC DATA — NOT REAL PERSONNEL OR SENSOR DATA
25.0,45.5,5.9,4.0,1.0,2.4,6.5,12.8,0,3,4.9,7.2,-2.4,1,SYNTHETIC_PROTOTYPE_BENCHMARK,SYNTHETIC_PROTOTYPE_DATA_NOT_REAL_PERSONNEL_DATA,DEMO / SYNTHETIC DATA — NOT REAL PERSONNEL OR SENSOR DATA
27.0,53.7,5.9,4.0,1.0,1.7,6.2,18.2,1,3,5.6,3.3,0.1,2,SYNTHETIC_PROTOTYPE_BENCHMARK,SYNTHETIC_PROTOTYPE_DATA_NOT_REAL_PERSONNEL_DATA,DEMO / SYNTHETIC DATA — NOT REAL PERSONNEL OR SENSOR DATA
20.6,56.4,5.5,4.0,2.0,5.6,6.5,15.2,2,2,4.6,6.2,0.1,1,SYNTHETIC_PROTOTYPE_BENCHMARK,SYNTHETIC_PROTOTYPE_DATA_NOT_REAL_PERSONNEL_DATA,DEMO / SYNTHETIC DATA — NOT REAL PERSONNEL OR SENSOR DATA
10.1,41.1,4.5,4.5,4.0,13.8,7.7,16.9,0,0,8.3,4.8,-1.2,0,SYNTHETIC_PROTOTYPE_BENCHMARK,SYNTHETIC_PROTOTYPE_DATA_NOT_REAL_PERSONNEL_DATA,DEMO / SYNTHETIC DATA — NOT REAL PERSONNEL OR SENSOR DATA
19.9,66.1,5.9,4.0,15.0,2.2,6.8,17.5,0,2,5.2,3.0,1.4,1,SYNTHETIC_PROTOTYPE_BENCHMARK,SYNTHETIC_PROTOTYPE_DATA_NOT_REAL_PERSONNEL_DATA,DEMO / SYNTHETIC DATA — NOT REAL PERSONNEL OR SENSOR DATA
26.5,51.0,6.5,4.0,2.0,1.2,6.3,13.3,2,2,5.9,4.9,2.0,1,SYNTHETIC_PROTOTYPE_BENCHMARK,SYNTHETIC_PROTOTYPE_DATA_NOT_REAL_PERSONNEL_DATA,DEMO / SYNTHETIC DATA — NOT REAL PERSONNEL OR SENSOR DATA
19.7,52.2,2.0,8.8,3.0,10.9,7.3,15.5,0,1,6.0,6.6,-0.0,0,SYNTHETIC_PROTOTYPE_BENCHMARK,SYNTHETIC_PROTOTYPE_DATA_NOT_REAL_PERSONNEL_DATA,DEMO / SYNTHETIC DATA — NOT REAL PERSONNEL OR SENSOR DATA
19.0,59.1,4.4,4.7,3.0,8.1,5.5,12.5,2,0,9.4,5.2,-0.6,1,SYNTHETIC_PROTOTYPE_BENCHMARK,SYNTHETIC_PROTOTYPE_DATA_NOT_REAL_PERSONNEL_DATA,DEMO / SYNTHETIC DATA — NOT REAL PERSONNEL OR SENSOR DATA
22.2,54.3,5.0,4.0,3.0,16.0,5.8,12.9,1,3,8.0,5.4,-0.0,1,SYNTHETIC_PROTOTYPE_BENCHMARK,SYNTHETIC_PROTOTYPE_DATA_NOT_REAL_PERSONNEL_DATA,DEMO / SYNTHETIC DATA — NOT REAL PERSONNEL OR SENSOR DATA
13.8,61.5,6.0,4.0,3.0,1.1,6.5,19.5,0,1,7.8,5.1,-1.1,0,SYNTHETIC_PROTOTYPE_BENCHMARK,SYNTHETIC_PROTOTYPE_DATA_NOT_REAL_PERSONNEL_DATA,DEMO / SYNTHETIC DATA — NOT REAL PERSONNEL OR SENSOR DATA
18.9,54.9,7.9,4.0,0.0,0.9,6.4,17.8,2,0,3.0,5.7,-3.7,1,SYNTHETIC_PROTOTYPE_BENCHMARK,SYNTHETIC_PROTOTYPE_DATA_NOT_REAL_PERSONNEL_DATA,DEMO / SYNTHETIC DATA — NOT REAL PERSONNEL OR SENSOR DATA
8.9,45.9,4.0,4.0,0.0,4.7,7.8,19.7,0,0,4.9,5.3,0.7,0,SYNTHETIC_PROTOTYPE_BENCHMARK,SYNTHETIC_PROTOTYPE_DATA_NOT_REAL_PERSONNEL_DATA,DEMO / SYNTHETIC DATA — NOT REAL PERSONNEL OR SENSOR DATA
19.0,55.6,4.5,4.0,0.0,5.7,6.9,14.9,0,1,8.6,5.9,1.7,0,SYNTHETIC_PROTOTYPE_BENCHMARK,SYNTHETIC_PROTOTYPE_DATA_NOT_REAL_PERSONNEL_DATA,DEMO / SYNTHETIC DATA — NOT REAL PERSONNEL OR SENSOR DATA
18.2,40.6,4.5,4.0,0.0,3.9,8.8,15.8,0,1,3.9,4.8,-0.3,0,SYNTHETIC_PROTOTYPE_BENCHMARK,SYNTHETIC_PROTOTYPE_DATA_NOT_REAL_PERSONNEL_DATA,DEMO / SYNTHETIC DATA — NOT REAL PERSONNEL OR SENSOR DATA
12.4,53.1,3.9,7.7,4.0,5.5,6.6,15.2,0,0,6.4,6.0,-5.0,0,SYNTHETIC_PROTOTYPE_BENCHMARK,SYNTHETIC_PROTOTYPE_DATA_NOT_REAL_PERSONNEL_DATA,DEMO / SYNTHETIC DATA — NOT REAL PERSONNEL OR SENSOR DATA
20.5,51.7,4.8,5.7,1.0,1.2,6.9,14.9,0,2,4.1,6.4,-1.3,1,SYNTHETIC_PROTOTYPE_BENCHMARK,SYNTHETIC_PROTOTYPE_DATA_NOT_REAL_PERSONNEL_DATA,DEMO / SYNTHETIC DATA — NOT REAL PERSONNEL OR SENSOR DATA
23.3,49.9,7.0,4.0,8.0,3.9,8.0,14.1,0,2,4.3,6.3,2.0,1,SYNTHETIC_PROTOTYPE_BENCHMARK,SYNTHETIC_PROTOTYPE_DATA_NOT_REAL_PERSONNEL_DATA,DEMO / SYNTHETIC DATA — NOT REAL PERSONNEL OR SENSOR DATA
19.5,50.7,3.4,4.0,9.0,6.4,6.8,13.8,0,2,9.6,6.3,-3.2,0,SYNTHETIC_PROTOTYPE_BENCHMARK,SYNTHETIC_PROTOTYPE_DATA_NOT_REAL_PERSONNEL_DATA,DEMO / SYNTHETIC DATA — NOT REAL PERSONNEL OR SENSOR DATA
9.5,33.2,6.4,4.0,13.0,3.4,8.9,16.0,0,0,7.6,6.9,1.5,0,SYNTHETIC_PROTOTYPE_BENCHMARK,SYNTHETIC_PROTOTYPE_DATA_NOT_REAL_PERSONNEL_DATA,DEMO / SYNTHETIC DATA — NOT REAL PERSONNEL OR SENSOR DATA
14.7,46.5,2.1,6.0,10.0,6.8,7.5,12.7,0,1,8.2,7.2,-1.0,0,SYNTHETIC_PROTOTYPE_BENCHMARK,SYNTHETIC_PROTOTYPE_DATA_NOT_REAL_PERSONNEL_DATA,DEMO / SYNTHETIC DATA — NOT REAL PERSONNEL OR SENSOR DATA
22.4,52.9,4.4,4.0,1.0,3.6,5.0,13.4,3,0,7.8,1.7,-0.0,1,SYNTHETIC_PROTOTYPE_BENCHMARK,SYNTHETIC_PROTOTYPE_DATA_NOT_REAL_PERSONNEL_DATA,DEMO / SYNTHETIC DATA — NOT REAL PERSONNEL OR SENSOR DATA
16.6,53.6,4.8,4.0,2.0,2.4,7.8,16.4,0,0,5.9,6.3,-1.5,0,SYNTHETIC_PROTOTYPE_BENCHMARK,SYNTHETIC_PROTOTYPE_DATA_NOT_REAL_PERSONNEL_DATA,DEMO / SYNTHETIC DATA — NOT REAL PERSONNEL OR SENSOR DATA
17.1,41.7,8.8,4.0,1.0,2.2,8.1,15.4,0,1,4.8,8.6,-2.5,0,SYNTHETIC_PROTOTYPE_BENCHMARK,SYNTHETIC_PROTOTYPE_DATA_NOT_REAL_PERSONNEL_DATA,DEMO / SYNTHETIC DATA — NOT REAL PERSONNEL OR SENSOR DATA
26.2,64.7,5.0,4.0,6.0,3.2,7.2,17.5,0,2,5.4,3.5,3.2,1,SYNTHETIC_PROTOTYPE_BENCHMARK,SYNTHETIC_PROTOTYPE_DATA_NOT_REAL_PERSONNEL_DATA,DEMO / SYNTHETIC DATA — NOT REAL PERSONNEL OR SENSOR DATA
17.5,43.3,1.1,6.0,8.0,0.1,5.8,13.9,1,1,5.8,4.5,1.8,0,SYNTHETIC_PROTOTYPE_BENCHMARK,SYNTHETIC_PROTOTYPE_DATA_NOT_REAL_PERSONNEL_DATA,DEMO / SYNTHETIC DATA — NOT REAL PERSONNEL OR SENSOR DATA
12.5,61.7,1.5,4.0,7.0,6.6,5.9,14.4,2,0,9.8,6.5,1.4,0,SYNTHETIC_PROTOTYPE_BENCHMARK,SYNTHETIC_PROTOTYPE_DATA_NOT_REAL_PERSONNEL_DATA,DEMO / SYNTHETIC DATA — NOT REAL PERSONNEL OR SENSOR DATA
22.7,56.3,5.6,4.0,2.0,11.2,6.0,16.4,1,1,3.5,3.5,2.0,1,SYNTHETIC_PROTOTYPE_BENCHMARK,SYNTHETIC_PROTOTYPE_DATA_NOT_REAL_PERSONNEL_DATA,DEMO / SYNTHETIC DATA — NOT REAL PERSONNEL OR SENSOR DATA
22.2,45.5,6.7,4.0,5.0,2.6,6.5,14.0,0,1,5.1,4.5,1.1,0,SYNTHETIC_PROTOTYPE_BENCHMARK,SYNTHETIC_PROTOTYPE_DATA_NOT_REAL_PERSONNEL_DATA,DEMO / SYNTHETIC DATA — NOT REAL PERSONNEL OR SENSOR DATA
19.3,69.8,6.3,4.0,0.0,0.3,7.7,14.3,0,3,4.4,4.4,2.1,1,SYNTHETIC_PROTOTYPE_BENCHMARK,SYNTHETIC_PROTOTYPE_DATA_NOT_REAL_PERSONNEL_DATA,DEMO / SYNTHETIC DATA — NOT REAL PERSONNEL OR SENSOR DATA
10.8,40.1,5.8,8.4,0.0,26.0,6.7,12.6,0,3,8.3,4.6,-1.5,0,SYNTHETIC_PROTOTYPE_BENCHMARK,SYNTHETIC_PROTOTYPE_DATA_NOT_REAL_PERSONNEL_DATA,DEMO / SYNTHETIC DATA — NOT REAL PERSONNEL OR SENSOR DATA
16.1,61.2,7.8,8.1,5.0,1.8,6.6,13.5,0,0,9.9,5.9,3.0,0,SYNTHETIC_PROTOTYPE_BENCHMARK,SYNTHETIC_PROTOTYPE_DATA_NOT_REAL_PERSONNEL_DATA,DEMO / SYNTHETIC DATA — NOT REAL PERSONNEL OR SENSOR DATA
17.4,62.0,4.4,4.0,2.0,0.8,7.0,19.1,0,0,6.8,3.4,2.8,0,SYNTHETIC_PROTOTYPE_BENCHMARK,SYNTHETIC_PROTOTYPE_DATA_NOT_REAL_PERSONNEL_DATA,DEMO / SYNTHETIC DATA — NOT REAL PERSONNEL OR SENSOR DATA
19.8,45.3,7.3,4.0,19.0,2.8,7.7,12.8,0,0,7.0,6.0,0.8,0,SYNTHETIC_PROTOTYPE_BENCHMARK,SYNTHETIC_PROTOTYPE_DATA_NOT_REAL_PERSONNEL_DATA,DEMO / SYNTHETIC DATA — NOT REAL PERSONNEL OR SENSOR DATA
21.0,65.9,2.2,4.0,0.0,8.0,3.6,18.2,2,2,6.4,4.8,-0.6,1,SYNTHETIC_PROTOTYPE_BENCHMARK,SYNTHETIC_PROTOTYPE_DATA_NOT_REAL_PERSONNEL_DATA,DEMO / SYNTHETIC DATA — NOT REAL PERSONNEL OR SENSOR DATA
17.9,49.5,3.7,4.0,7.0,2.1,6.5,17.1,0,0,7.1,7.7,-2.7,0,SYNTHETIC_PROTOTYPE_BENCHMARK,SYNTHETIC_PROTOTYPE_DATA_NOT_REAL_PERSONNEL_DATA,DEMO / SYNTHETIC DATA — NOT REAL PERSONNEL OR SENSOR DATA
5.1,54.9,1.9,4.0,2.0,5.1,5.6,18.7,1,0,7.7,6.7,0.5,0,SYNTHETIC_PROTOTYPE_BENCHMARK,SYNTHETIC_PROTOTYPE_DATA_NOT_REAL_PERSONNEL_DATA,DEMO / SYNTHETIC DATA — NOT REAL PERSONNEL OR SENSOR DATA
19.0,54.6,5.0,4.2,6.0,3.2,7.1,21.8,0,1,7.1,4.2,3.7,0,SYNTHETIC_PROTOTYPE_BENCHMARK,SYNTHETIC_PROTOTYPE_DATA_NOT_REAL_PERSONNEL_DATA,DEMO / SYNTHETIC DATA — NOT REAL PERSONNEL OR SENSOR DATA
15.0,50.7,5.4,4.0,6.0,0.8,6.8,18.5,0,0,7.2,3.3,-2.6,0,SYNTHETIC_PROTOTYPE_BENCHMARK,SYNTHETIC_PROTOTYPE_DATA_NOT_REAL_PERSONNEL_DATA,DEMO / SYNTHETIC DATA — NOT REAL PERSONNEL OR SENSOR DATA
27.1,60.1,5.7,4.2,9.0,2.4,6.6,17.4,0,0,7.8,5.9,2.2,1,SYNTHETIC_PROTOTYPE_BENCHMARK,SYNTHETIC_PROTOTYPE_DATA_NOT_REAL_PERSONNEL_DATA,DEMO / SYNTHETIC DATA — NOT REAL PERSONNEL OR SENSOR DATA
14.8,59.9,5.6,4.0,1.0,7.7,4.8,13.0,3,1,2.6,3.7,-1.0,1,SYNTHETIC_PROTOTYPE_BENCHMARK,SYNTHETIC_PROTOTYPE_DATA_NOT_REAL_PERSONNEL_DATA,DEMO / SYNTHETIC DATA — NOT REAL PERSONNEL OR SENSOR DATA
12.0,34.5,3.6,5.6,10.0,5.7,7.3,12.6,0,0,6.2,5.6,-0.8,0,SYNTHETIC_PROTOTYPE_BENCHMARK,SYNTHETIC_PROTOTYPE_DATA_NOT_REAL_PERSONNEL_DATA,DEMO / SYNTHETIC DATA — NOT REAL PERSONNEL OR SENSOR DATA
12.3,65.0,5.1,4.0,1.0,0.8,7.4,16.3,0,1,6.8,2.8,-2.6,0,SYNTHETIC_PROTOTYPE_BENCHMARK,SYNTHETIC_PROTOTYPE_DATA_NOT_REAL_PERSONNEL_DATA,DEMO / SYNTHETIC DATA — NOT REAL PERSONNEL OR SENSOR DATA
12.3,35.4,2.5,5.0,0.0,1.1,8.8,11.8,0,3,7.0,7.1,-1.7,0,SYNTHETIC_PROTOTYPE_BENCHMARK,SYNTHETIC_PROTOTYPE_DATA_NOT_REAL_PERSONNEL_DATA,DEMO / SYNTHETIC DATA — NOT REAL PERSONNEL OR SENSOR DATA
13.4,62.3,8.2,4.0,2.0,6.1,7.0,16.8,0,0,5.9,3.6,1.4,0,SYNTHETIC_PROTOTYPE_BENCHMARK,SYNTHETIC_PROTOTYPE_DATA_NOT_REAL_PERSONNEL_DATA,DEMO / SYNTHETIC DATA — NOT REAL PERSONNEL OR SENSOR DATA
31.3,63.3,4.9,4.0,6.0,10.1,5.2,11.3,1,1,6.5,4.4,1.7,1,SYNTHETIC_PROTOTYPE_BENCHMARK,SYNTHETIC_PROTOTYPE_DATA_NOT_REAL_PERSONNEL_DATA,DEMO / SYNTHETIC DATA — NOT REAL PERSONNEL OR SENSOR DATA
15.8,41.1,4.5,4.9,2.0,2.6,8.4,17.6,0,3,4.8,5.7,0.5,0,SYNTHETIC_PROTOTYPE_BENCHMARK,SYNTHETIC_PROTOTYPE_DATA_NOT_REAL_PERSONNEL_DATA,DEMO / SYNTHETIC DATA — NOT REAL PERSONNEL OR SENSOR DATA
19.5,47.9,8.7,4.0,6.0,5.4,7.6,15.0,0,2,2.7,5.6,-1.1,1,SYNTHETIC_PROTOTYPE_BENCHMARK,SYNTHETIC_PROTOTYPE_DATA_NOT_REAL_PERSONNEL_DATA,DEMO / SYNTHETIC DATA — NOT REAL PERSONNEL OR SENSOR DATA
14.2,40.9,3.0,6.3,5.0,1.1,7.3,14.9,0,1,8.2,6.7,-2.4,0,SYNTHETIC_PROTOTYPE_BENCHMARK,SYNTHETIC_PROTOTYPE_DATA_NOT_REAL_PERSONNEL_DATA,DEMO / SYNTHETIC DATA — NOT REAL PERSONNEL OR SENSOR DATA
13.9,49.9,3.2,4.0,1.0,2.2,5.4,14.1,2,1,3.9,4.9,0.1,1,SYNTHETIC_PROTOTYPE_BENCHMARK,SYNTHETIC_PROTOTYPE_DATA_NOT_REAL_PERSONNEL_DATA,DEMO / SYNTHETIC DATA — NOT REAL PERSONNEL OR SENSOR DATA
17.9,48.9,3.3,4.0,10.0,0.1,7.9,11.8,0,0,5.9,4.2,-0.8,0,SYNTHETIC_PROTOTYPE_BENCHMARK,SYNTHETIC_PROTOTYPE_DATA_NOT_REAL_PERSONNEL_DATA,DEMO / SYNTHETIC DATA — NOT REAL PERSONNEL OR SENSOR DATA
25.0,59.8,5.4,4.0,0.0,8.8,6.0,18.1,2,2,4.7,1.9,0.5,1,SYNTHETIC_PROTOTYPE_BENCHMARK,SYNTHETIC_PROTOTYPE_DATA_NOT_REAL_PERSONNEL_DATA,DEMO / SYNTHETIC DATA — NOT REAL PERSONNEL OR SENSOR DATA
28.4,65.1,6.4,4.0,8.0,3.1,6.7,18.3,0,3,9.4,4.5,-0.7,2,SYNTHETIC_PROTOTYPE_BENCHMARK,SYNTHETIC_PROTOTYPE_DATA_NOT_REAL_PERSONNEL_DATA,DEMO / SYNTHETIC DATA — NOT REAL PERSONNEL OR SENSOR DATA
17.7,66.0,7.0,4.0,1.0,10.2,6.2,14.9,2,1,6.0,4.1,-0.7,1,SYNTHETIC_PROTOTYPE_BENCHMARK,SYNTHETIC_PROTOTYPE_DATA_NOT_REAL_PERSONNEL_DATA,DEMO / SYNTHETIC DATA — NOT REAL PERSONNEL OR SENSOR DATA
23.0,46.4,10.0,4.0,2.0,7.4,8.3,16.9,0,1,5.6,4.4,0.3,1,SYNTHETIC_PROTOTYPE_BENCHMARK,SYNTHETIC_PROTOTYPE_DATA_NOT_REAL_PERSONNEL_DATA,DEMO / SYNTHETIC DATA — NOT REAL PERSONNEL OR SENSOR DATA
18.0,49.9,1.0,4.8,2.0,10.6,6.7,14.5,0,0,7.7,5.3,0.8,0,SYNTHETIC_PROTOTYPE_BENCHMARK,SYNTHETIC_PROTOTYPE_DATA_NOT_REAL_PERSONNEL_DATA,DEMO / SYNTHETIC DATA — NOT REAL PERSONNEL OR SENSOR DATA
14.3,35.2,6.7,4.0,1.0,2.0,7.6,16.2,0,1,10.0,7.3,2.7,0,SYNTHETIC_PROTOTYPE_BENCHMARK,SYNTHETIC_PROTOTYPE_DATA_NOT_REAL_PERSONNEL_DATA,DEMO / SYNTHETIC DATA — NOT REAL PERSONNEL OR SENSOR DATA
17.8,43.9,4.4,4.0,2.0,1.2,8.6,17.1,0,1,7.0,7.2,-0.7,0,SYNTHETIC_PROTOTYPE_BENCHMARK,SYNTHETIC_PROTOTYPE_DATA_NOT_REAL_PERSONNEL_DATA,DEMO / SYNTHETIC DATA — NOT REAL PERSONNEL OR SENSOR DATA
22.2,61.6,4.3,4.0,1.0,21.4,5.5,16.7,2,1,5.4,2.3,1.2,1,SYNTHETIC_PROTOTYPE_BENCHMARK,SYNTHETIC_PROTOTYPE_DATA_NOT_REAL_PERSONNEL_DATA,DEMO / SYNTHETIC DATA — NOT REAL PERSONNEL OR SENSOR DATA
12.7,68.2,4.3,4.0,1.0,7.6,6.8,18.3,0,0,7.6,3.7,4.0,0,SYNTHETIC_PROTOTYPE_BENCHMARK,SYNTHETIC_PROTOTYPE_DATA_NOT_REAL_PERSONNEL_DATA,DEMO / SYNTHETIC DATA — NOT REAL PERSONNEL OR SENSOR DATA
14.2,39.7,3.7,4.0,1.0,10.8,7.0,16.6,0,1,3.1,7.2,1.3,0,SYNTHETIC_PROTOTYPE_BENCHMARK,SYNTHETIC_PROTOTYPE_DATA_NOT_REAL_PERSONNEL_DATA,DEMO / SYNTHETIC DATA — NOT REAL PERSONNEL OR SENSOR DATA
17.9,46.1,8.9,5.5,2.0,0.1,6.5,15.0,2,1,6.3,7.8,2.6,1,SYNTHETIC_PROTOTYPE_BENCHMARK,SYNTHETIC_PROTOTYPE_DATA_NOT_REAL_PERSONNEL_DATA,DEMO / SYNTHETIC DATA — NOT REAL PERSONNEL OR SENSOR DATA
18.0,51.7,7.2,6.3,6.0,2.6,7.0,13.1,0,0,10.0,3.9,-1.4,0,SYNTHETIC_PROTOTYPE_BENCHMARK,SYNTHETIC_PROTOTYPE_DATA_NOT_REAL_PERSONNEL_DATA,DEMO / SYNTHETIC DATA — NOT REAL PERSONNEL OR SENSOR DATA
21.0,54.8,5.5,4.0,3.0,8.1,7.2,14.6,0,0,6.5,7.0,-1.6,0,SYNTHETIC_PROTOTYPE_BENCHMARK,SYNTHETIC_PROTOTYPE_DATA_NOT_REAL_PERSONNEL_DATA,DEMO / SYNTHETIC DATA — NOT REAL PERSONNEL OR SENSOR DATA
8.6,43.9,8.2,12.8,8.0,0.5,8.4,13.7,0,0,6.4,3.5,-0.4,0,SYNTHETIC_PROTOTYPE_BENCHMARK,SYNTHETIC_PROTOTYPE_DATA_NOT_REAL_PERSONNEL_DATA,DEMO / SYNTHETIC DATA — NOT REAL PERSONNEL OR SENSOR DATA
16.0,56.2,2.5,4.0,4.0,5.0,7.9,12.6,0,2,6.2,6.6,-0.1,0,SYNTHETIC_PROTOTYPE_BENCHMARK,SYNTHETIC_PROTOTYPE_DATA_NOT_REAL_PERSONNEL_DATA,DEMO / SYNTHETIC DATA — NOT REAL PERSONNEL OR SENSOR DATA
12.7,47.3,2.8,10.0,4.0,3.4,6.9,15.4,0,1,5.4,5.0,2.4,0,SYNTHETIC_PROTOTYPE_BENCHMARK,SYNTHETIC_PROTOTYPE_DATA_NOT_REAL_PERSONNEL_DATA,DEMO / SYNTHETIC DATA — NOT REAL PERSONNEL OR SENSOR DATA
15.0,51.9,1.1,4.9,4.0,0.1,6.2,14.7,2,2,6.8,7.5,-1.6,0,SYNTHETIC_PROTOTYPE_BENCHMARK,SYNTHETIC_PROTOTYPE_DATA_NOT_REAL_PERSONNEL_DATA,DEMO / SYNTHETIC DATA — NOT REAL PERSONNEL OR SENSOR DATA
14.1,57.5,4.1,5.1,2.0,1.6,6.5,13.5,2,0,7.8,4.1,-0.2,0,SYNTHETIC_PROTOTYPE_BENCHMARK,SYNTHETIC_PROTOTYPE_DATA_NOT_REAL_PERSONNEL_DATA,DEMO / SYNTHETIC DATA — NOT REAL PERSONNEL OR SENSOR DATA
23.1,52.1,5.8,4.0,4.0,2.0,6.0,13.4,2,3,5.5,4.6,2.4,1,SYNTHETIC_PROTOTYPE_BENCHMARK,SYNTHETIC_PROTOTYPE_DATA_NOT_REAL_PERSONNEL_DATA,DEMO / SYNTHETIC DATA — NOT REAL PERSONNEL OR SENSOR DATA
21.3,47.6,5.7,4.0,0.0,0.7,7.0,16.9,0,2,1.2,5.2,0.5,0,SYNTHETIC_PROTOTYPE_BENCHMARK,SYNTHETIC_PROTOTYPE_DATA_NOT_REAL_PERSONNEL_DATA,DEMO / SYNTHETIC DATA — NOT REAL PERSONNEL OR SENSOR DATA
20.1,50.9,5.8,4.0,7.0,6.0,6.6,15.6,0,1,7.1,2.9,-0.0,1,SYNTHETIC_PROTOTYPE_BENCHMARK,SYNTHETIC_PROTOTYPE_DATA_NOT_REAL_PERSONNEL_DATA,DEMO / SYNTHETIC DATA — NOT REAL PERSONNEL OR SENSOR DATA
14.8,51.1,2.7,5.0,5.0,1.7,7.6,18.4,0,0,10.0,2.5,0.5,0,SYNTHETIC_PROTOTYPE_BENCHMARK,SYNTHETIC_PROTOTYPE_DATA_NOT_REAL_PERSONNEL_DATA,DEMO / SYNTHETIC DATA — NOT REAL PERSONNEL OR SENSOR DATA
21.4,48.3,7.1,4.0,1.0,2.0,5.3,13.1,2,0,5.4,6.1,-2.5,1,SYNTHETIC_PROTOTYPE_BENCHMARK,SYNTHETIC_PROTOTYPE_DATA_NOT_REAL_PERSONNEL_DATA,DEMO / SYNTHETIC DATA — NOT REAL PERSONNEL OR SENSOR DATA
31.9,49.4,6.0,6.2,5.0,13.7,6.1,13.6,1,3,3.3,6.7,-2.5,2,SYNTHETIC_PROTOTYPE_BENCHMARK,SYNTHETIC_PROTOTYPE_DATA_NOT_REAL_PERSONNEL_DATA,DEMO / SYNTHETIC DATA — NOT REAL PERSONNEL OR SENSOR DATA
22.5,68.0,7.0,4.0,0.0,3.8,5.7,15.4,1,0,7.6,5.1,-3.5,1,SYNTHETIC_PROTOTYPE_BENCHMARK,SYNTHETIC_PROTOTYPE_DATA_NOT_REAL_PERSONNEL_DATA,DEMO / SYNTHETIC DATA — NOT REAL PERSONNEL OR SENSOR DATA
18.7,57.6,1.7,6.8,1.0,3.0,7.7,13.0,0,0,9.7,2.9,0.5,0,SYNTHETIC_PROTOTYPE_BENCHMARK,SYNTHETIC_PROTOTYPE_DATA_NOT_REAL_PERSONNEL_DATA,DEMO / SYNTHETIC DATA — NOT REAL PERSONNEL OR SENSOR DATA
21.5,49.0,6.1,4.0,0.0,7.7,6.0,15.6,1,0,7.3,6.0,2.0,1,SYNTHETIC_PROTOTYPE_BENCHMARK,SYNTHETIC_PROTOTYPE_DATA_NOT_REAL_PERSONNEL_DATA,DEMO / SYNTHETIC DATA — NOT REAL PERSONNEL OR SENSOR DATA
27.4,59.0,3.1,4.0,5.0,14.4,6.5,16.2,1,2,9.6,3.2,1.7,1,SYNTHETIC_PROTOTYPE_BENCHMARK,SYNTHETIC_PROTOTYPE_DATA_NOT_REAL_PERSONNEL_DATA,DEMO / SYNTHETIC DATA — NOT REAL PERSONNEL OR SENSOR DATA
17.8,48.7,4.7,4.0,5.0,0.2,7.0,16.6,0,0,7.8,5.9,2.5,0,SYNTHETIC_PROTOTYPE_BENCHMARK,SYNTHETIC_PROTOTYPE_DATA_NOT_REAL_PERSONNEL_DATA,DEMO / SYNTHETIC DATA — NOT REAL PERSONNEL OR SENSOR DATA
15.7,63.7,6.6,4.0,6.0,3.6,7.3,18.6,0,0,7.6,6.2,3.2,0,SYNTHETIC_PROTOTYPE_BENCHMARK,SYNTHETIC_PROTOTYPE_DATA_NOT_REAL_PERSONNEL_DATA,DEMO / SYNTHETIC DATA — NOT REAL PERSONNEL OR SENSOR DATA
20.0,55.7,5.7,4.0,0.0,5.7,7.2,13.0,0,1,5.2,5.5,0.3,1,SYNTHETIC_PROTOTYPE_BENCHMARK,SYNTHETIC_PROTOTYPE_DATA_NOT_REAL_PERSONNEL_DATA,DEMO / SYNTHETIC DATA — NOT REAL PERSONNEL OR SENSOR DATA
17.9,50.9,3.8,5.8,2.0,2.3,7.1,15.6,0,1,6.8,7.4,-0.1,0,SYNTHETIC_PROTOTYPE_BENCHMARK,SYNTHETIC_PROTOTYPE_DATA_NOT_REAL_PERSONNEL_DATA,DEMO / SYNTHETIC DATA — NOT REAL PERSONNEL OR SENSOR DATA
23.4,56.5,5.5,4.0,4.0,8.9,6.1,14.3,1,1,6.1,4.6,3.2,1,SYNTHETIC_PROTOTYPE_BENCHMARK,SYNTHETIC_PROTOTYPE_DATA_NOT_REAL_PERSONNEL_DATA,DEMO / SYNTHETIC DATA — NOT REAL PERSONNEL OR SENSOR DATA
11.9,36.3,2.4,4.0,1.0,21.3,5.5,16.5,2,1,6.1,5.7,-1.5,0,SYNTHETIC_PROTOTYPE_BENCHMARK,SYNTHETIC_PROTOTYPE_DATA_NOT_REAL_PERSONNEL_DATA,DEMO / SYNTHETIC DATA — NOT REAL PERSONNEL OR SENSOR DATA
24.1,40.7,7.8,7.3,4.0,17.2,7.2,15.2,0,2,5.7,5.8,-2.6,1,SYNTHETIC_PROTOTYPE_BENCHMARK,SYNTHETIC_PROTOTYPE_DATA_NOT_REAL_PERSONNEL_DATA,DEMO / SYNTHETIC DATA — NOT REAL PERSONNEL OR SENSOR DATA
16.4,40.1,5.1,4.0,0.0,1.9,7.9,13.6,0,2,6.7,3.8,-0.7,0,SYNTHETIC_PROTOTYPE_BENCHMARK,SYNTHETIC_PROTOTYPE_DATA_NOT_REAL_PERSONNEL_DATA,DEMO / SYNTHETIC DATA — NOT REAL PERSONNEL OR SENSOR DATA
26.4,53.4,7.7,11.4,1.0,1.5,5.7,10.8,1,2,3.6,4.4,-1.0,2,SYNTHETIC_PROTOTYPE_BENCHMARK,SYNTHETIC_PROTOTYPE_DATA_NOT_REAL_PERSONNEL_DATA,DEMO / SYNTHETIC DATA — NOT REAL PERSONNEL OR SENSOR DATA
23.1,69.3,4.4,17.2,2.0,18.9,4.8,11.4,2,0,7.8,3.7,0.1,1,SYNTHETIC_PROTOTYPE_BENCHMARK,SYNTHETIC_PROTOTYPE_DATA_NOT_REAL_PERSONNEL_DATA,DEMO / SYNTHETIC DATA — NOT REAL PERSONNEL OR SENSOR DATA
24.7,74.3,4.5,4.0,4.0,3.7,6.2,15.6,1,2,4.4,3.4,-1.9,1,SYNTHETIC_PROTOTYPE_BENCHMARK,SYNTHETIC_PROTOTYPE_DATA_NOT_REAL_PERSONNEL_DATA,DEMO / SYNTHETIC DATA — NOT REAL PERSONNEL OR SENSOR DATA
17.8,58.4,4.0,4.0,1.0,1.4,7.0,15.2,0,0,5.7,5.2,0.8,0,SYNTHETIC_PROTOTYPE_BENCHMARK,SYNTHETIC_PROTOTYPE_DATA_NOT_REAL_PERSONNEL_DATA,DEMO / SYNTHETIC DATA — NOT REAL PERSONNEL OR SENSOR DATA
22.7,57.0,7.3,4.0,1.0,7.4,5.8,16.9,1,0,6.9,2.6,-1.3,1,SYNTHETIC_PROTOTYPE_BENCHMARK,SYNTHETIC_PROTOTYPE_DATA_NOT_REAL_PERSONNEL_DATA,DEMO / SYNTHETIC DATA — NOT REAL PERSONNEL OR SENSOR DATA
24.9,34.0,4.1,6.0,1.0,2.0,7.2,16.3,0,3,4.3,4.4,2.7,1,SYNTHETIC_PROTOTYPE_BENCHMARK,SYNTHETIC_PROTOTYPE_DATA_NOT_REAL_PERSONNEL_DATA,DEMO / SYNTHETIC DATA — NOT REAL PERSONNEL OR SENSOR DATA
13.1,46.6,6.8,4.0,1.0,1.9,5.7,14.5,1,2,2.3,7.1,-2.6,1,SYNTHETIC_PROTOTYPE_BENCHMARK,SYNTHETIC_PROTOTYPE_DATA_NOT_REAL_PERSONNEL_DATA,DEMO / SYNTHETIC DATA — NOT REAL PERSONNEL OR SENSOR DATA
17.3,44.1,4.7,4.1,1.0,12.7,8.1,13.8,0,1,5.4,2.5,-0.3,0,SYNTHETIC_PROTOTYPE_BENCHMARK,SYNTHETIC_PROTOTYPE_DATA_NOT_REAL_PERSONNEL_DATA,DEMO / SYNTHETIC DATA — NOT REAL PERSONNEL OR SENSOR DATA
17.5,45.8,1.5,5.7,2.0,1.1,6.2,12.4,1,2,3.3,6.4,-0.7,0,SYNTHETIC_PROTOTYPE_BENCHMARK,SYNTHETIC_PROTOTYPE_DATA_NOT_REAL_PERSONNEL_DATA,DEMO / SYNTHETIC DATA — NOT REAL PERSONNEL OR SENSOR DATA
19.2,50.3,4.4,4.0,4.0,0.4,7.5,15.7,0,3,7.6,4.6,0.5,1,SYNTHETIC_PROTOTYPE_BENCHMARK,SYNTHETIC_PROTOTYPE_DATA_NOT_REAL_PERSONNEL_DATA,DEMO / SYNTHETIC DATA — NOT REAL PERSONNEL OR SENSOR DATA
6.4,47.3,3.1,7.2,2.0,1.9,7.1,11.5,0,1,3.9,5.6,2.0,0,SYNTHETIC_PROTOTYPE_BENCHMARK,SYNTHETIC_PROTOTYPE_DATA_NOT_REAL_PERSONNEL_DATA,DEMO / SYNTHETIC DATA — NOT REAL PERSONNEL OR SENSOR DATA
15.0,32.2,5.6,4.9,5.0,5.6,8.7,15.4,0,1,9.2,8.5,0.6,0,SYNTHETIC_PROTOTYPE_BENCHMARK,SYNTHETIC_PROTOTYPE_DATA_NOT_REAL_PERSONNEL_DATA,DEMO / SYNTHETIC DATA — NOT REAL PERSONNEL OR SENSOR DATA
20.4,59.5,3.1,4.0,4.0,0.8,6.1,18.0,1,2,6.2,4.5,-0.3,1,SYNTHETIC_PROTOTYPE_BENCHMARK,SYNTHETIC_PROTOTYPE_DATA_NOT_REAL_PERSONNEL_DATA,DEMO / SYNTHETIC DATA — NOT REAL PERSONNEL OR SENSOR DATA
12.0,41.3,7.4,8.8,0.0,3.8,7.4,13.0,0,0,6.3,6.6,1.5,0,SYNTHETIC_PROTOTYPE_BENCHMARK,SYNTHETIC_PROTOTYPE_DATA_NOT_REAL_PERSONNEL_DATA,DEMO / SYNTHETIC DATA — NOT REAL PERSONNEL OR SENSOR DATA
19.1,54.4,5.3,4.8,0.0,5.9,5.4,14.2,2,0,2.2,5.1,1.9,1,SYNTHETIC_PROTOTYPE_BENCHMARK,SYNTHETIC_PROTOTYPE_DATA_NOT_REAL_PERSONNEL_DATA,DEMO / SYNTHETIC DATA — NOT REAL PERSONNEL OR SENSOR DATA
25.4,72.7,5.1,4.0,7.0,11.3,4.3,19.6,3,2,6.5,3.8,0.6,2,SYNTHETIC_PROTOTYPE_BENCHMARK,SYNTHETIC_PROTOTYPE_DATA_NOT_REAL_PERSONNEL_DATA,DEMO / SYNTHETIC DATA — NOT REAL PERSONNEL OR SENSOR DATA
7.8,42.8,6.8,4.0,0.0,1.6,7.8,18.6,0,0,6.0,5.3,0.9,0,SYNTHETIC_PROTOTYPE_BENCHMARK,SYNTHETIC_PROTOTYPE_DATA_NOT_REAL_PERSONNEL_DATA,DEMO / SYNTHETIC DATA — NOT REAL PERSONNEL OR SENSOR DATA
15.2,30.0,7.4,4.0,1.0,10.2,6.2,14.1,1,0,3.6,7.4,1.4,0,SYNTHETIC_PROTOTYPE_BENCHMARK,SYNTHETIC_PROTOTYPE_DATA_NOT_REAL_PERSONNEL_DATA,DEMO / SYNTHETIC DATA — NOT REAL PERSONNEL OR SENSOR DATA
18.6,49.1,5.5,4.0,0.0,1.6,6.9,15.9,0,0,6.4,4.2,-3.6,0,SYNTHETIC_PROTOTYPE_BENCHMARK,SYNTHETIC_PROTOTYPE_DATA_NOT_REAL_PERSONNEL_DATA,DEMO / SYNTHETIC DATA — NOT REAL PERSONNEL OR SENSOR DATA
16.9,63.0,4.0,12.4,3.0,6.8,7.2,12.9,0,1,5.4,2.8,-0.8,0,SYNTHETIC_PROTOTYPE_BENCHMARK,SYNTHETIC_PROTOTYPE_DATA_NOT_REAL_PERSONNEL_DATA,DEMO / SYNTHETIC DATA — NOT REAL PERSONNEL OR SENSOR DATA
24.2,71.6,2.0,4.0,3.0,3.4,6.7,16.0,0,3,5.8,4.1,0.8,1,SYNTHETIC_PROTOTYPE_BENCHMARK,SYNTHETIC_PROTOTYPE_DATA_NOT_REAL_PERSONNEL_DATA,DEMO / SYNTHETIC DATA — NOT REAL PERSONNEL OR SENSOR DATA
15.7,39.7,4.1,4.8,15.0,0.7,7.0,18.9,0,1,6.3,6.1,-0.6,0,SYNTHETIC_PROTOTYPE_BENCHMARK,SYNTHETIC_PROTOTYPE_DATA_NOT_REAL_PERSONNEL_DATA,DEMO / SYNTHETIC DATA — NOT REAL PERSONNEL OR SENSOR DATA
24.6,57.0,4.3,4.0,8.0,7.5,5.3,15.8,1,1,5.3,2.1,-0.6,1,SYNTHETIC_PROTOTYPE_BENCHMARK,SYNTHETIC_PROTOTYPE_DATA_NOT_REAL_PERSONNEL_DATA,DEMO / SYNTHETIC DATA — NOT REAL PERSONNEL OR SENSOR DATA
19.7,47.3,5.7,4.0,2.0,1.5,7.6,16.1,0,3,6.7,5.4,0.8,0,SYNTHETIC_PROTOTYPE_BENCHMARK,SYNTHETIC_PROTOTYPE_DATA_NOT_REAL_PERSONNEL_DATA,DEMO / SYNTHETIC DATA — NOT REAL PERSONNEL OR SENSOR DATA
22.7,50.9,4.8,10.3,2.0,1.2,8.1,14.4,0,3,6.0,3.3,0.9,1,SYNTHETIC_PROTOTYPE_BENCHMARK,SYNTHETIC_PROTOTYPE_DATA_NOT_REAL_PERSONNEL_DATA,DEMO / SYNTHETIC DATA — NOT REAL PERSONNEL OR SENSOR DATA
24.6,78.4,6.9,7.6,1.0,2.7,5.4,16.5,1,1,7.1,4.6,1.0,2,SYNTHETIC_PROTOTYPE_BENCHMARK,SYNTHETIC_PROTOTYPE_DATA_NOT_REAL_PERSONNEL_DATA,DEMO / SYNTHETIC DATA — NOT REAL PERSONNEL OR SENSOR DATA
26.1,37.0,4.3,4.0,1.0,6.4,6.8,17.5,0,3,5.1,3.2,-1.7,1,SYNTHETIC_PROTOTYPE_BENCHMARK,SYNTHETIC_PROTOTYPE_DATA_NOT_REAL_PERSONNEL_DATA,DEMO / SYNTHETIC DATA — NOT REAL PERSONNEL OR SENSOR DATA
17.6,54.5,5.4,4.0,1.0,1.6,6.5,16.7,1,1,4.1,7.9,-3.1,0,SYNTHETIC_PROTOTYPE_BENCHMARK,SYNTHETIC_PROTOTYPE_DATA_NOT_REAL_PERSONNEL_DATA,DEMO / SYNTHETIC DATA — NOT REAL PERSONNEL OR SENSOR DATA
15.9,56.7,7.9,4.0,0.0,1.2,7.3,12.5,0,0,4.8,4.3,1.8,0,SYNTHETIC_PROTOTYPE_BENCHMARK,SYNTHETIC_PROTOTYPE_DATA_NOT_REAL_PERSONNEL_DATA,DEMO / SYNTHETIC DATA — NOT REAL PERSONNEL OR SENSOR DATA
17.9,62.9,6.2,4.0,0.0,0.1,7.6,14.6,0,0,9.1,3.2,-1.6,0,SYNTHETIC_PROTOTYPE_BENCHMARK,SYNTHETIC_PROTOTYPE_DATA_NOT_REAL_PERSONNEL_DATA,DEMO / SYNTHETIC DATA — NOT REAL PERSONNEL OR SENSOR DATA
16.8,53.0,5.4,4.0,1.0,3.8,5.9,17.2,1,1,8.1,4.6,-1.8,0,SYNTHETIC_PROTOTYPE_BENCHMARK,SYNTHETIC_PROTOTYPE_DATA_NOT_REAL_PERSONNEL_DATA,DEMO / SYNTHETIC DATA — NOT REAL PERSONNEL OR SENSOR DATA
14.8,55.1,4.3,4.0,1.0,3.4,5.6,16.1,1,1,8.6,5.8,-2.0,0,SYNTHETIC_PROTOTYPE_BENCHMARK,SYNTHETIC_PROTOTYPE_DATA_NOT_REAL_PERSONNEL_DATA,DEMO / SYNTHETIC DATA — NOT REAL PERSONNEL OR SENSOR DATA
17.3,48.1,4.2,13.6,11.0,1.6,9.0,13.4,0,1,8.8,6.7,2.5,0,SYNTHETIC_PROTOTYPE_BENCHMARK,SYNTHETIC_PROTOTYPE_DATA_NOT_REAL_PERSONNEL_DATA,DEMO / SYNTHETIC DATA — NOT REAL PERSONNEL OR SENSOR DATA
5.8,54.7,3.8,4.0,3.0,0.3,6.8,19.4,0,1,5.3,4.6,0.5,0,SYNTHETIC_PROTOTYPE_BENCHMARK,SYNTHETIC_PROTOTYPE_DATA_NOT_REAL_PERSONNEL_DATA,DEMO / SYNTHETIC DATA — NOT REAL PERSONNEL OR SENSOR DATA
12.2,48.6,4.4,8.8,15.0,3.4,7.3,11.3,0,0,6.8,3.1,0.8,0,SYNTHETIC_PROTOTYPE_BENCHMARK,SYNTHETIC_PROTOTYPE_DATA_NOT_REAL_PERSONNEL_DATA,DEMO / SYNTHETIC DATA — NOT REAL PERSONNEL OR SENSOR DATA
14.6,58.2,7.0,4.2,2.0,9.3,5.9,17.8,2,0,6.4,2.9,1.5,0,SYNTHETIC_PROTOTYPE_BENCHMARK,SYNTHETIC_PROTOTYPE_DATA_NOT_REAL_PERSONNEL_DATA,DEMO / SYNTHETIC DATA — NOT REAL PERSONNEL OR SENSOR DATA
17.5,48.3,5.1,4.0,2.0,7.5,7.3,14.9,0,1,7.5,5.7,-0.1,0,SYNTHETIC_PROTOTYPE_BENCHMARK,SYNTHETIC_PROTOTYPE_DATA_NOT_REAL_PERSONNEL_DATA,DEMO / SYNTHETIC DATA — NOT REAL PERSONNEL OR SENSOR DATA
6.6,55.8,2.8,7.7,1.0,11.8,7.3,16.0,0,0,5.6,6.4,2.2,0,SYNTHETIC_PROTOTYPE_BENCHMARK,SYNTHETIC_PROTOTYPE_DATA_NOT_REAL_PERSONNEL_DATA,DEMO / SYNTHETIC DATA — NOT REAL PERSONNEL OR SENSOR DATA
22.2,51.7,9.0,4.0,1.0,0.1,7.3,15.5,0,1,6.4,6.8,-2.6,0,SYNTHETIC_PROTOTYPE_BENCHMARK,SYNTHETIC_PROTOTYPE_DATA_NOT_REAL_PERSONNEL_DATA,DEMO / SYNTHETIC DATA — NOT REAL PERSONNEL OR SENSOR DATA
22.9,63.3,6.1,8.1,1.0,20.4,7.4,18.2,0,1,6.3,4.7,-2.4,1,SYNTHETIC_PROTOTYPE_BENCHMARK,SYNTHETIC_PROTOTYPE_DATA_NOT_REAL_PERSONNEL_DATA,DEMO / SYNTHETIC DATA — NOT REAL PERSONNEL OR SENSOR DATA
10.3,51.5,2.7,4.0,10.0,2.5,6.7,15.9,0,1,7.3,6.6,-2.5,0,SYNTHETIC_PROTOTYPE_BENCHMARK,SYNTHETIC_PROTOTYPE_DATA_NOT_REAL_PERSONNEL_DATA,DEMO / SYNTHETIC DATA — NOT REAL PERSONNEL OR SENSOR DATA
14.1,34.3,4.6,4.0,15.0,27.9,6.7,14.3,0,0,7.5,9.0,0.9,0,SYNTHETIC_PROTOTYPE_BENCHMARK,SYNTHETIC_PROTOTYPE_DATA_NOT_REAL_PERSONNEL_DATA,DEMO / SYNTHETIC DATA — NOT REAL PERSONNEL OR SENSOR DATA
23.2,64.6,5.7,7.7,0.0,1.7,6.6,14.9,0,1,6.4,6.2,1.1,1,SYNTHETIC_PROTOTYPE_BENCHMARK,SYNTHETIC_PROTOTYPE_DATA_NOT_REAL_PERSONNEL_DATA,DEMO / SYNTHETIC DATA — NOT REAL PERSONNEL OR SENSOR DATA
23.3,42.9,8.9,4.0,1.0,3.8,7.6,16.2,0,2,6.4,7.0,-1.0,1,SYNTHETIC_PROTOTYPE_BENCHMARK,SYNTHETIC_PROTOTYPE_DATA_NOT_REAL_PERSONNEL_DATA,DEMO / SYNTHETIC DATA — NOT REAL PERSONNEL OR SENSOR DATA
12.6,45.5,3.3,8.8,2.0,2.6,7.4,16.0,0,3,6.7,4.3,-0.5,0,SYNTHETIC_PROTOTYPE_BENCHMARK,SYNTHETIC_PROTOTYPE_DATA_NOT_REAL_PERSONNEL_DATA,DEMO / SYNTHETIC DATA — NOT REAL PERSONNEL OR SENSOR DATA
14.5,46.0,7.5,11.1,1.0,2.6,6.2,13.7,1,2,9.5,6.9,2.8,1,SYNTHETIC_PROTOTYPE_BENCHMARK,SYNTHETIC_PROTOTYPE_DATA_NOT_REAL_PERSONNEL_DATA,DEMO / SYNTHETIC DATA — NOT REAL PERSONNEL OR SENSOR DATA
29.2,65.7,8.3,4.0,2.0,11.1,6.4,20.6,2,1,2.7,5.0,-1.5,1,SYNTHETIC_PROTOTYPE_BENCHMARK,SYNTHETIC_PROTOTYPE_DATA_NOT_REAL_PERSONNEL_DATA,DEMO / SYNTHETIC DATA — NOT REAL PERSONNEL OR SENSOR DATA
8.4,30.6,4.2,4.0,0.0,8.2,7.3,15.4,0,0,4.3,7.3,0.6,0,SYNTHETIC_PROTOTYPE_BENCHMARK,SYNTHETIC_PROTOTYPE_DATA_NOT_REAL_PERSONNEL_DATA,DEMO / SYNTHETIC DATA — NOT REAL PERSONNEL OR SENSOR DATA
24.6,83.4,4.9,4.0,2.0,29.1,4.4,15.4,3,1,7.5,5.3,-1.5,2,SYNTHETIC_PROTOTYPE_BENCHMARK,SYNTHETIC_PROTOTYPE_DATA_NOT_REAL_PERSONNEL_DATA,DEMO / SYNTHETIC DATA — NOT REAL PERSONNEL OR SENSOR DATA
25.3,62.6,3.4,4.0,1.0,5.7,6.5,14.4,2,3,6.7,5.1,2.4,1,SYNTHETIC_PROTOTYPE_BENCHMARK,SYNTHETIC_PROTOTYPE_DATA_NOT_REAL_PERSONNEL_DATA,DEMO / SYNTHETIC DATA — NOT REAL PERSONNEL OR SENSOR DATA
13.3,54.2,5.1,6.3,2.0,3.7,6.0,14.8,1,0,6.7,4.8,1.4,0,SYNTHETIC_PROTOTYPE_BENCHMARK,SYNTHETIC_PROTOTYPE_DATA_NOT_REAL_PERSONNEL_DATA,DEMO / SYNTHETIC DATA — NOT REAL PERSONNEL OR SENSOR DATA
16.5,51.5,5.4,4.0,0.0,0.6,6.1,16.1,2,0,7.5,3.5,-3.1,0,SYNTHETIC_PROTOTYPE_BENCHMARK,SYNTHETIC_PROTOTYPE_DATA_NOT_REAL_PERSONNEL_DATA,DEMO / SYNTHETIC DATA — NOT REAL PERSONNEL OR SENSOR DATA
25.4,54.9,6.8,4.0,2.0,34.0,3.8,16.2,3,0,6.6,4.5,-0.6,2,SYNTHETIC_PROTOTYPE_BENCHMARK,SYNTHETIC_PROTOTYPE_DATA_NOT_REAL_PERSONNEL_DATA,DEMO / SYNTHETIC DATA — NOT REAL PERSONNEL OR SENSOR DATA
15.1,57.2,7.7,4.9,14.0,4.8,8.1,15.4,0,2,5.1,5.1,-4.6,1,SYNTHETIC_PROTOTYPE_BENCHMARK,SYNTHETIC_PROTOTYPE_DATA_NOT_REAL_PERSONNEL_DATA,DEMO / SYNTHETIC DATA — NOT REAL PERSONNEL OR SENSOR DATA
16.5,58.5,4.0,4.0,1.0,7.2,7.0,14.4,0,1,7.5,5.2,2.0,1,SYNTHETIC_PROTOTYPE_BENCHMARK,SYNTHETIC_PROTOTYPE_DATA_NOT_REAL_PERSONNEL_DATA,DEMO / SYNTHETIC DATA — NOT REAL PERSONNEL OR SENSOR DATA
11.3,57.6,1.6,6.7,7.0,3.1,6.6,12.7,0,0,6.2,5.2,4.5,0,SYNTHETIC_PROTOTYPE_BENCHMARK,SYNTHETIC_PROTOTYPE_DATA_NOT_REAL_PERSONNEL_DATA,DEMO / SYNTHETIC DATA — NOT REAL PERSONNEL OR SENSOR DATA
17.7,52.9,5.5,4.0,6.0,4.8,6.3,14.8,1,2,5.3,6.5,-4.8,1,SYNTHETIC_PROTOTYPE_BENCHMARK,SYNTHETIC_PROTOTYPE_DATA_NOT_REAL_PERSONNEL_DATA,DEMO / SYNTHETIC DATA — NOT REAL PERSONNEL OR SENSOR DATA
26.3,50.0,6.1,11.9,11.0,17.1,4.3,14.7,3,1,7.6,6.5,-3.1,2,SYNTHETIC_PROTOTYPE_BENCHMARK,SYNTHETIC_PROTOTYPE_DATA_NOT_REAL_PERSONNEL_DATA,DEMO / SYNTHETIC DATA — NOT REAL PERSONNEL OR SENSOR DATA
22.9,50.5,6.0,4.0,5.0,1.1,6.5,18.3,2,0,7.5,5.1,0.4,1,SYNTHETIC_PROTOTYPE_BENCHMARK,SYNTHETIC_PROTOTYPE_DATA_NOT_REAL_PERSONNEL_DATA,DEMO / SYNTHETIC DATA — NOT REAL PERSONNEL OR SENSOR DATA
16.2,50.1,4.8,4.0,4.0,2.1,7.6,15.4,0,0,6.6,3.9,-0.0,0,SYNTHETIC_PROTOTYPE_BENCHMARK,SYNTHETIC_PROTOTYPE_DATA_NOT_REAL_PERSONNEL_DATA,DEMO / SYNTHETIC DATA — NOT REAL PERSONNEL OR SENSOR DATA
20.6,63.3,5.7,4.0,7.0,1.0,7.3,13.7,0,0,9.6,5.1,-0.9,0,SYNTHETIC_PROTOTYPE_BENCHMARK,SYNTHETIC_PROTOTYPE_DATA_NOT_REAL_PERSONNEL_DATA,DEMO / SYNTHETIC DATA — NOT REAL PERSONNEL OR SENSOR DATA
23.2,57.9,8.5,4.0,0.0,9.4,7.0,15.4,0,1,8.9,8.2,-3.8,1,SYNTHETIC_PROTOTYPE_BENCHMARK,SYNTHETIC_PROTOTYPE_DATA_NOT_REAL_PERSONNEL_DATA,DEMO / SYNTHETIC DATA — NOT REAL PERSONNEL OR SENSOR DATA
9.3,30.0,6.3,14.0,2.0,0.4,8.0,15.8,0,0,8.2,6.8,0.7,0,SYNTHETIC_PROTOTYPE_BENCHMARK,SYNTHETIC_PROTOTYPE_DATA_NOT_REAL_PERSONNEL_DATA,DEMO / SYNTHETIC DATA — NOT REAL PERSONNEL OR SENSOR DATA
19.0,58.6,4.8,4.0,16.0,0.5,7.8,17.6,0,1,10.0,4.3,2.0,0,SYNTHETIC_PROTOTYPE_BENCHMARK,SYNTHETIC_PROTOTYPE_DATA_NOT_REAL_PERSONNEL_DATA,DEMO / SYNTHETIC DATA — NOT REAL PERSONNEL OR SENSOR DATA
14.9,53.9,4.5,5.6,5.0,2.1,6.6,16.1,0,2,5.9,5.8,5.0,0,SYNTHETIC_PROTOTYPE_BENCHMARK,SYNTHETIC_PROTOTYPE_DATA_NOT_REAL_PERSONNEL_DATA,DEMO / SYNTHETIC DATA — NOT REAL PERSONNEL OR SENSOR DATA
13.3,51.8,5.2,4.0,11.0,4.3,7.8,17.5,0,1,5.3,6.0,2.9,0,SYNTHETIC_PROTOTYPE_BENCHMARK,SYNTHETIC_PROTOTYPE_DATA_NOT_REAL_PERSONNEL_DATA,DEMO / SYNTHETIC DATA — NOT REAL PERSONNEL OR SENSOR DATA
17.8,48.1,8.8,4.0,5.0,3.1,6.8,18.7,0,0,7.9,6.2,-2.9,0,SYNTHETIC_PROTOTYPE_BENCHMARK,SYNTHETIC_PROTOTYPE_DATA_NOT_REAL_PERSONNEL_DATA,DEMO / SYNTHETIC DATA — NOT REAL PERSONNEL OR SENSOR DATA
17.2,63.2,5.1,4.0,7.0,0.3,5.9,13.3,1,1,5.7,6.5,-0.0,1,SYNTHETIC_PROTOTYPE_BENCHMARK,SYNTHETIC_PROTOTYPE_DATA_NOT_REAL_PERSONNEL_DATA,DEMO / SYNTHETIC DATA — NOT REAL PERSONNEL OR SENSOR DATA
18.5,61.5,5.5,4.0,4.0,18.9,5.3,14.8,2,2,6.2,5.2,1.3,1,SYNTHETIC_PROTOTYPE_BENCHMARK,SYNTHETIC_PROTOTYPE_DATA_NOT_REAL_PERSONNEL_DATA,DEMO / SYNTHETIC DATA — NOT REAL PERSONNEL OR SENSOR DATA
13.1,44.3,4.5,4.0,5.0,18.3,5.9,14.5,2,0,4.2,7.5,-1.5,0,SYNTHETIC_PROTOTYPE_BENCHMARK,SYNTHETIC_PROTOTYPE_DATA_NOT_REAL_PERSONNEL_DATA,DEMO / SYNTHETIC DATA — NOT REAL PERSONNEL OR SENSOR DATA
22.9,56.1,7.7,4.0,3.0,2.0,7.3,16.8,0,0,7.4,5.2,1.7,1,SYNTHETIC_PROTOTYPE_BENCHMARK,SYNTHETIC_PROTOTYPE_DATA_NOT_REAL_PERSONNEL_DATA,DEMO / SYNTHETIC DATA — NOT REAL PERSONNEL OR SENSOR DATA
25.6,42.3,9.4,9.6,9.0,7.9,6.6,13.7,0,1,3.3,7.9,1.5,2,SYNTHETIC_PROTOTYPE_BENCHMARK,SYNTHETIC_PROTOTYPE_DATA_NOT_REAL_PERSONNEL_DATA,DEMO / SYNTHETIC DATA — NOT REAL PERSONNEL OR SENSOR DATA
16.7,38.2,6.4,4.0,6.0,5.2,6.6,17.1,0,1,6.0,7.7,2.7,0,SYNTHETIC_PROTOTYPE_BENCHMARK,SYNTHETIC_PROTOTYPE_DATA_NOT_REAL_PERSONNEL_DATA,DEMO / SYNTHETIC DATA — NOT REAL PERSONNEL OR SENSOR DATA
17.0,45.7,5.7,4.0,7.0,1.6,7.8,14.6,0,0,6.2,6.8,1.8,0,SYNTHETIC_PROTOTYPE_BENCHMARK,SYNTHETIC_PROTOTYPE_DATA_NOT_REAL_PERSONNEL_DATA,DEMO / SYNTHETIC DATA — NOT REAL PERSONNEL OR SENSOR DATA
19.3,60.6,5.6,4.0,4.0,1.8,6.9,18.3,0,2,5.3,5.8,0.6,0,SYNTHETIC_PROTOTYPE_BENCHMARK,SYNTHETIC_PROTOTYPE_DATA_NOT_REAL_PERSONNEL_DATA,DEMO / SYNTHETIC DATA — NOT REAL PERSONNEL OR SENSOR DATA
8.7,61.5,1.0,4.0,1.0,4.1,7.3,15.5,0,1,2.7,8.0,-1.4,0,SYNTHETIC_PROTOTYPE_BENCHMARK,SYNTHETIC_PROTOTYPE_DATA_NOT_REAL_PERSONNEL_DATA,DEMO / SYNTHETIC DATA — NOT REAL PERSONNEL OR SENSOR DATA
19.6,57.1,7.0,10.8,0.0,3.3,7.1,14.3,0,3,2.7,6.4,-2.8,1,SYNTHETIC_PROTOTYPE_BENCHMARK,SYNTHETIC_PROTOTYPE_DATA_NOT_REAL_PERSONNEL_DATA,DEMO / SYNTHETIC DATA — NOT REAL PERSONNEL OR SENSOR DATA
18.0,59.3,5.8,4.0,10.0,2.1,6.1,18.0,2,0,4.7,3.4,0.5,1,SYNTHETIC_PROTOTYPE_BENCHMARK,SYNTHETIC_PROTOTYPE_DATA_NOT_REAL_PERSONNEL_DATA,DEMO / SYNTHETIC DATA — NOT REAL PERSONNEL OR SENSOR DATA
22.4,57.2,6.4,4.0,3.0,9.9,6.6,17.8,0,2,7.3,5.2,-0.9,1,SYNTHETIC_PROTOTYPE_BENCHMARK,SYNTHETIC_PROTOTYPE_DATA_NOT_REAL_PERSONNEL_DATA,DEMO / SYNTHETIC DATA — NOT REAL PERSONNEL OR SENSOR DATA
13.9,45.6,4.1,4.0,1.0,3.9,7.3,16.3,0,0,6.8,5.1,-0.7,0,SYNTHETIC_PROTOTYPE_BENCHMARK,SYNTHETIC_PROTOTYPE_DATA_NOT_REAL_PERSONNEL_DATA,DEMO / SYNTHETIC DATA — NOT REAL PERSONNEL OR SENSOR DATA
18.7,56.3,4.7,4.0,1.0,6.4,5.9,17.2,1,1,6.2,8.0,2.5,1,SYNTHETIC_PROTOTYPE_BENCHMARK,SYNTHETIC_PROTOTYPE_DATA_NOT_REAL_PERSONNEL_DATA,DEMO / SYNTHETIC DATA — NOT REAL PERSONNEL OR SENSOR DATA
18.4,60.0,4.7,4.0,6.0,1.3,5.8,19.1,2,1,4.4,6.5,3.0,1,SYNTHETIC_PROTOTYPE_BENCHMARK,SYNTHETIC_PROTOTYPE_DATA_NOT_REAL_PERSONNEL_DATA,DEMO / SYNTHETIC DATA — NOT REAL PERSONNEL OR SENSOR DATA
23.4,59.5,7.5,4.7,6.0,4.6,6.0,16.3,2,1,6.9,7.7,-2.7,2,SYNTHETIC_PROTOTYPE_BENCHMARK,SYNTHETIC_PROTOTYPE_DATA_NOT_REAL_PERSONNEL_DATA,DEMO / SYNTHETIC DATA — NOT REAL PERSONNEL OR SENSOR DATA
14.8,63.9,4.7,4.0,6.0,2.3,8.1,14.1,0,2,2.6,3.3,-0.5,0,SYNTHETIC_PROTOTYPE_BENCHMARK,SYNTHETIC_PROTOTYPE_DATA_NOT_REAL_PERSONNEL_DATA,DEMO / SYNTHETIC DATA — NOT REAL PERSONNEL OR SENSOR DATA
24.5,59.1,9.7,4.0,4.0,4.5,6.3,16.8,1,0,1.4,6.4,-1.0,2,SYNTHETIC_PROTOTYPE_BENCHMARK,SYNTHETIC_PROTOTYPE_DATA_NOT_REAL_PERSONNEL_DATA,DEMO / SYNTHETIC DATA — NOT REAL PERSONNEL OR SENSOR DATA
16.4,55.5,6.4,6.8,2.0,9.1,7.6,14.4,0,1,5.7,2.9,0.7,1,SYNTHETIC_PROTOTYPE_BENCHMARK,SYNTHETIC_PROTOTYPE_DATA_NOT_REAL_PERSONNEL_DATA,DEMO / SYNTHETIC DATA — NOT REAL PERSONNEL OR SENSOR DATA
26.6,62.7,2.9,4.0,1.0,8.8,6.0,10.9,2,0,5.1,2.1,-5.0,1,SYNTHETIC_PROTOTYPE_BENCHMARK,SYNTHETIC_PROTOTYPE_DATA_NOT_REAL_PERSONNEL_DATA,DEMO / SYNTHETIC DATA — NOT REAL PERSONNEL OR SENSOR DATA
17.6,51.7,5.2,7.7,0.0,2.6,7.7,15.0,0,2,8.2,4.5,-3.2,0,SYNTHETIC_PROTOTYPE_BENCHMARK,SYNTHETIC_PROTOTYPE_DATA_NOT_REAL_PERSONNEL_DATA,DEMO / SYNTHETIC DATA — NOT REAL PERSONNEL OR SENSOR DATA
11.3,43.2,4.2,4.0,6.0,7.1,7.9,15.8,0,0,6.5,7.9,-0.3,0,SYNTHETIC_PROTOTYPE_BENCHMARK,SYNTHETIC_PROTOTYPE_DATA_NOT_REAL_PERSONNEL_DATA,DEMO / SYNTHETIC DATA — NOT REAL PERSONNEL OR SENSOR DATA
14.3,50.4,1.1,7.2,0.0,17.0,7.3,16.6,0,2,9.5,3.7,1.7,0,SYNTHETIC_PROTOTYPE_BENCHMARK,SYNTHETIC_PROTOTYPE_DATA_NOT_REAL_PERSONNEL_DATA,DEMO / SYNTHETIC DATA — NOT REAL PERSONNEL OR SENSOR DATA
18.0,44.6,8.7,4.0,3.0,5.9,7.5,14.1,0,2,5.1,5.5,0.2,0,SYNTHETIC_PROTOTYPE_BENCHMARK,SYNTHETIC_PROTOTYPE_DATA_NOT_REAL_PERSONNEL_DATA,DEMO / SYNTHETIC DATA — NOT REAL PERSONNEL OR SENSOR DATA
20.3,45.2,6.9,4.0,2.0,1.0,8.4,12.6,0,2,7.2,7.3,1.5,0,SYNTHETIC_PROTOTYPE_BENCHMARK,SYNTHETIC_PROTOTYPE_DATA_NOT_REAL_PERSONNEL_DATA,DEMO / SYNTHETIC DATA — NOT REAL PERSONNEL OR SENSOR DATA
16.7,50.6,6.6,4.0,3.0,6.8,7.2,15.9,0,0,5.7,6.5,0.4,0,SYNTHETIC_PROTOTYPE_BENCHMARK,SYNTHETIC_PROTOTYPE_DATA_NOT_REAL_PERSONNEL_DATA,DEMO / SYNTHETIC DATA — NOT REAL PERSONNEL OR SENSOR DATA
19.0,44.1,5.8,4.0,9.0,0.7,8.7,16.4,0,1,9.0,8.9,2.8,0,SYNTHETIC_PROTOTYPE_BENCHMARK,SYNTHETIC_PROTOTYPE_DATA_NOT_REAL_PERSONNEL_DATA,DEMO / SYNTHETIC DATA — NOT REAL PERSONNEL OR SENSOR DATA
18.1,48.9,2.7,4.0,0.0,12.3,5.5,15.8,1,0,5.8,5.3,3.3,0,SYNTHETIC_PROTOTYPE_BENCHMARK,SYNTHETIC_PROTOTYPE_DATA_NOT_REAL_PERSONNEL_DATA,DEMO / SYNTHETIC DATA — NOT REAL PERSONNEL OR SENSOR DATA
14.9,33.1,4.5,4.0,5.0,4.4,7.9,15.6,0,2,7.9,5.5,-1.7,0,SYNTHETIC_PROTOTYPE_BENCHMARK,SYNTHETIC_PROTOTYPE_DATA_NOT_REAL_PERSONNEL_DATA,DEMO / SYNTHETIC DATA — NOT REAL PERSONNEL OR SENSOR DATA
22.7,54.1,7.2,4.0,0.0,2.9,7.1,13.5,0,2,4.0,3.4,1.9,1,SYNTHETIC_PROTOTYPE_BENCHMARK,SYNTHETIC_PROTOTYPE_DATA_NOT_REAL_PERSONNEL_DATA,DEMO / SYNTHETIC DATA — NOT REAL PERSONNEL OR SENSOR DATA
22.7,52.0,3.4,4.0,0.0,0.4,6.3,15.3,1,1,5.4,4.6,1.1,0,SYNTHETIC_PROTOTYPE_BENCHMARK,SYNTHETIC_PROTOTYPE_DATA_NOT_REAL_PERSONNEL_DATA,DEMO / SYNTHETIC DATA — NOT REAL PERSONNEL OR SENSOR DATA
17.4,43.8,1.0,4.0,2.0,2.9,7.7,14.9,0,2,6.0,3.9,5.0,0,SYNTHETIC_PROTOTYPE_BENCHMARK,SYNTHETIC_PROTOTYPE_DATA_NOT_REAL_PERSONNEL_DATA,DEMO / SYNTHETIC DATA — NOT REAL PERSONNEL OR SENSOR DATA
20.9,58.6,5.0,6.2,0.0,14.0,5.1,16.8,1,0,8.7,2.1,-1.8,1,SYNTHETIC_PROTOTYPE_BENCHMARK,SYNTHETIC_PROTOTYPE_DATA_NOT_REAL_PERSONNEL_DATA,DEMO / SYNTHETIC DATA — NOT REAL PERSONNEL OR SENSOR DATA
22.5,61.4,5.2,4.3,5.0,0.1,6.1,16.3,2,1,1.8,7.5,-0.3,1,SYNTHETIC_PROTOTYPE_BENCHMARK,SYNTHETIC_PROTOTYPE_DATA_NOT_REAL_PERSONNEL_DATA,DEMO / SYNTHETIC DATA — NOT REAL PERSONNEL OR SENSOR DATA
10.6,35.9,5.8,4.0,3.0,3.9,5.9,15.0,2,0,5.5,6.1,-2.3,0,SYNTHETIC_PROTOTYPE_BENCHMARK,SYNTHETIC_PROTOTYPE_DATA_NOT_REAL_PERSONNEL_DATA,DEMO / SYNTHETIC DATA — NOT REAL PERSONNEL OR SENSOR DATA
29.9,44.4,7.0,4.0,0.0,16.1,8.1,19.0,0,3,5.5,9.4,-2.1,1,SYNTHETIC_PROTOTYPE_BENCHMARK,SYNTHETIC_PROTOTYPE_DATA_NOT_REAL_PERSONNEL_DATA,DEMO / SYNTHETIC DATA — NOT REAL PERSONNEL OR SENSOR DATA
21.3,44.3,6.8,4.0,0.0,3.0,7.1,15.1,0,2,2.0,4.3,0.8,1,SYNTHETIC_PROTOTYPE_BENCHMARK,SYNTHETIC_PROTOTYPE_DATA_NOT_REAL_PERSONNEL_DATA,DEMO / SYNTHETIC DATA — NOT REAL PERSONNEL OR SENSOR DATA
18.6,42.6,6.0,4.0,3.0,3.4,9.0,16.7,0,2,5.3,5.0,0.5,0,SYNTHETIC_PROTOTYPE_BENCHMARK,SYNTHETIC_PROTOTYPE_DATA_NOT_REAL_PERSONNEL_DATA,DEMO / SYNTHETIC DATA — NOT REAL PERSONNEL OR SENSOR DATA
24.1,60.3,7.9,7.4,6.0,5.2,7.2,13.9,0,3,3.1,3.5,1.2,2,SYNTHETIC_PROTOTYPE_BENCHMARK,SYNTHETIC_PROTOTYPE_DATA_NOT_REAL_PERSONNEL_DATA,DEMO / SYNTHETIC DATA — NOT REAL PERSONNEL OR SENSOR DATA
4.9,50.1,2.5,4.0,2.0,3.7,7.3,18.9,0,0,1.5,4.3,1.1,0,SYNTHETIC_PROTOTYPE_BENCHMARK,SYNTHETIC_PROTOTYPE_DATA_NOT_REAL_PERSONNEL_DATA,DEMO / SYNTHETIC DATA — NOT REAL PERSONNEL OR SENSOR DATA
21.0,49.4,6.5,4.0,3.0,1.1,6.6,15.8,0,3,5.7,6.6,-0.5,0,SYNTHETIC_PROTOTYPE_BENCHMARK,SYNTHETIC_PROTOTYPE_DATA_NOT_REAL_PERSONNEL_DATA,DEMO / SYNTHETIC DATA — NOT REAL PERSONNEL OR SENSOR DATA
14.1,32.0,6.8,4.2,6.0,0.1,7.0,15.7,0,0,5.6,7.1,-0.5,0,SYNTHETIC_PROTOTYPE_BENCHMARK,SYNTHETIC_PROTOTYPE_DATA_NOT_REAL_PERSONNEL_DATA,DEMO / SYNTHETIC DATA — NOT REAL PERSONNEL OR SENSOR DATA
16.2,58.4,3.0,4.0,3.0,5.6,7.0,15.3,0,2,5.7,6.1,-2.1,0,SYNTHETIC_PROTOTYPE_BENCHMARK,SYNTHETIC_PROTOTYPE_DATA_NOT_REAL_PERSONNEL_DATA,DEMO / SYNTHETIC DATA — NOT REAL PERSONNEL OR SENSOR DATA
12.5,39.6,2.5,8.8,1.0,15.2,7.0,14.1,0,2,6.7,7.8,-1.5,0,SYNTHETIC_PROTOTYPE_BENCHMARK,SYNTHETIC_PROTOTYPE_DATA_NOT_REAL_PERSONNEL_DATA,DEMO / SYNTHETIC DATA — NOT REAL PERSONNEL OR SENSOR DATA
15.8,52.6,4.0,7.8,3.0,0.7,5.9,16.5,2,0,4.4,6.7,-0.1,0,SYNTHETIC_PROTOTYPE_BENCHMARK,SYNTHETIC_PROTOTYPE_DATA_NOT_REAL_PERSONNEL_DATA,DEMO / SYNTHETIC DATA — NOT REAL PERSONNEL OR SENSOR DATA
22.7,54.8,4.2,4.0,3.0,1.4,5.7,17.3,1,1,9.8,3.4,0.4,1,SYNTHETIC_PROTOTYPE_BENCHMARK,SYNTHETIC_PROTOTYPE_DATA_NOT_REAL_PERSONNEL_DATA,DEMO / SYNTHETIC DATA — NOT REAL PERSONNEL OR SENSOR DATA
26.7,65.6,7.0,4.0,5.0,2.8,5.6,15.7,2,0,6.1,3.6,1.6,1,SYNTHETIC_PROTOTYPE_BENCHMARK,SYNTHETIC_PROTOTYPE_DATA_NOT_REAL_PERSONNEL_DATA,DEMO / SYNTHETIC DATA — NOT REAL PERSONNEL OR SENSOR DATA
17.0,38.9,4.3,4.0,3.0,9.9,8.7,19.0,0,3,8.8,6.0,1.3,0,SYNTHETIC_PROTOTYPE_BENCHMARK,SYNTHETIC_PROTOTYPE_DATA_NOT_REAL_PERSONNEL_DATA,DEMO / SYNTHETIC DATA — NOT REAL PERSONNEL OR SENSOR DATA
7.7,30.0,3.8,4.0,12.0,1.9,9.6,17.3,0,0,2.8,10.0,3.4,0,SYNTHETIC_PROTOTYPE_BENCHMARK,SYNTHETIC_PROTOTYPE_DATA_NOT_REAL_PERSONNEL_DATA,DEMO / SYNTHETIC DATA — NOT REAL PERSONNEL OR SENSOR DATA
16.7,53.8,4.3,4.0,1.0,12.8,6.7,14.7,0,1,4.5,6.2,-2.1,0,SYNTHETIC_PROTOTYPE_BENCHMARK,SYNTHETIC_PROTOTYPE_DATA_NOT_REAL_PERSONNEL_DATA,DEMO / SYNTHETIC DATA — NOT REAL PERSONNEL OR SENSOR DATA
25.6,70.0,7.7,5.0,11.0,0.3,6.4,12.4,1,2,7.6,4.3,-0.5,1,SYNTHETIC_PROTOTYPE_BENCHMARK,SYNTHETIC_PROTOTYPE_DATA_NOT_REAL_PERSONNEL_DATA,DEMO / SYNTHETIC DATA — NOT REAL PERSONNEL OR SENSOR DATA
21.3,64.4,5.5,4.0,3.0,17.0,5.7,14.8,1,0,5.7,5.4,-1.9,1,SYNTHETIC_PROTOTYPE_BENCHMARK,SYNTHETIC_PROTOTYPE_DATA_NOT_REAL_PERSONNEL_DATA,DEMO / SYNTHETIC DATA — NOT REAL PERSONNEL OR SENSOR DATA
21.3,54.1,5.1,4.0,4.0,4.9,6.0,16.4,1,1,4.1,4.1,2.8,1,SYNTHETIC_PROTOTYPE_BENCHMARK,SYNTHETIC_PROTOTYPE_DATA_NOT_REAL_PERSONNEL_DATA,DEMO / SYNTHETIC DATA — NOT REAL PERSONNEL OR SENSOR DATA
14.1,47.1,5.3,4.0,0.0,6.5,8.1,16.8,0,1,2.5,5.8,-1.1,0,SYNTHETIC_PROTOTYPE_BENCHMARK,SYNTHETIC_PROTOTYPE_DATA_NOT_REAL_PERSONNEL_DATA,DEMO / SYNTHETIC DATA — NOT REAL PERSONNEL OR SENSOR DATA
20.4,60.1,8.1,5.5,2.0,2.8,8.1,17.7,0,0,7.7,6.1,2.5,1,SYNTHETIC_PROTOTYPE_BENCHMARK,SYNTHETIC_PROTOTYPE_DATA_NOT_REAL_PERSONNEL_DATA,DEMO / SYNTHETIC DATA — NOT REAL PERSONNEL OR SENSOR DATA
19.7,42.3,4.0,4.0,5.0,9.1,6.4,13.4,2,2,7.5,5.6,3.2,1,SYNTHETIC_PROTOTYPE_BENCHMARK,SYNTHETIC_PROTOTYPE_DATA_NOT_REAL_PERSONNEL_DATA,DEMO / SYNTHETIC DATA — NOT REAL PERSONNEL OR SENSOR DATA
17.8,56.8,8.1,7.2,4.0,1.1,6.7,13.4,0,0,6.7,3.7,0.9,0,SYNTHETIC_PROTOTYPE_BENCHMARK,SYNTHETIC_PROTOTYPE_DATA_NOT_REAL_PERSONNEL_DATA,DEMO / SYNTHETIC DATA — NOT REAL PERSONNEL OR SENSOR DATA
11.6,57.1,5.9,4.0,0.0,0.3,6.4,13.2,1,0,5.2,4.7,0.6,0,SYNTHETIC_PROTOTYPE_BENCHMARK,SYNTHETIC_PROTOTYPE_DATA_NOT_REAL_PERSONNEL_DATA,DEMO / SYNTHETIC DATA — NOT REAL PERSONNEL OR SENSOR DATA
17.4,62.6,5.2,4.0,3.0,3.0,6.2,12.9,1,1,4.0,4.0,0.1,0,SYNTHETIC_PROTOTYPE_BENCHMARK,SYNTHETIC_PROTOTYPE_DATA_NOT_REAL_PERSONNEL_DATA,DEMO / SYNTHETIC DATA — NOT REAL PERSONNEL OR SENSOR DATA
32.8,79.6,10.0,8.3,0.0,11.5,6.5,12.6,0,1,6.1,1.5,-0.7,2,SYNTHETIC_PROTOTYPE_BENCHMARK,SYNTHETIC_PROTOTYPE_DATA_NOT_REAL_PERSONNEL_DATA,DEMO / SYNTHETIC DATA — NOT REAL PERSONNEL OR SENSOR DATA
15.9,55.9,3.4,8.0,19.0,8.4,5.6,14.7,1,3,3.6,4.0,-1.0,1,SYNTHETIC_PROTOTYPE_BENCHMARK,SYNTHETIC_PROTOTYPE_DATA_NOT_REAL_PERSONNEL_DATA,DEMO / SYNTHETIC DATA — NOT REAL PERSONNEL OR SENSOR DATA
24.8,46.9,4.8,4.0,8.0,4.4,7.5,17.1,0,3,4.7,3.3,-0.3,1,SYNTHETIC_PROTOTYPE_BENCHMARK,SYNTHETIC_PROTOTYPE_DATA_NOT_REAL_PERSONNEL_DATA,DEMO / SYNTHETIC DATA — NOT REAL PERSONNEL OR SENSOR DATA
9.3,51.7,3.0,4.0,0.0,5.1,7.5,13.7,0,1,8.7,3.3,4.0,0,SYNTHETIC_PROTOTYPE_BENCHMARK,SYNTHETIC_PROTOTYPE_DATA_NOT_REAL_PERSONNEL_DATA,DEMO / SYNTHETIC DATA — NOT REAL PERSONNEL OR SENSOR DATA
12.4,34.3,7.4,6.0,7.0,0.8,7.6,13.2,0,1,2.5,4.4,-2.3,0,SYNTHETIC_PROTOTYPE_BENCHMARK,SYNTHETIC_PROTOTYPE_DATA_NOT_REAL_PERSONNEL_DATA,DEMO / SYNTHETIC DATA — NOT REAL PERSONNEL OR SENSOR DATA
15.1,45.1,8.9,4.0,9.0,11.0,7.7,12.0,0,0,7.6,6.9,0.5,0,SYNTHETIC_PROTOTYPE_BENCHMARK,SYNTHETIC_PROTOTYPE_DATA_NOT_REAL_PERSONNEL_DATA,DEMO / SYNTHETIC DATA — NOT REAL PERSONNEL OR SENSOR DATA
25.0,47.9,8.8,4.0,2.0,9.3,7.0,16.0,0,0,9.2,7.6,1.6,1,SYNTHETIC_PROTOTYPE_BENCHMARK,SYNTHETIC_PROTOTYPE_DATA_NOT_REAL_PERSONNEL_DATA,DEMO / SYNTHETIC DATA — NOT REAL PERSONNEL OR SENSOR DATA
17.7,46.8,7.9,9.4,4.0,6.4,8.0,12.0,0,1,7.8,3.1,-0.6,0,SYNTHETIC_PROTOTYPE_BENCHMARK,SYNTHETIC_PROTOTYPE_DATA_NOT_REAL_PERSONNEL_DATA,DEMO / SYNTHETIC DATA — NOT REAL PERSONNEL OR SENSOR DATA
20.7,53.5,5.1,4.0,2.0,3.8,5.6,18.9,1,2,7.0,7.4,0.9,1,SYNTHETIC_PROTOTYPE_BENCHMARK,SYNTHETIC_PROTOTYPE_DATA_NOT_REAL_PERSONNEL_DATA,DEMO / SYNTHETIC DATA — NOT REAL PERSONNEL OR SENSOR DATA
11.6,43.8,4.8,4.0,4.0,20.0,6.5,16.4,2,0,5.3,3.9,-3.3,0,SYNTHETIC_PROTOTYPE_BENCHMARK,SYNTHETIC_PROTOTYPE_DATA_NOT_REAL_PERSONNEL_DATA,DEMO / SYNTHETIC DATA — NOT REAL PERSONNEL OR SENSOR DATA
19.8,63.2,2.2,4.0,1.0,12.7,6.1,15.3,2,0,4.9,5.6,2.9,1,SYNTHETIC_PROTOTYPE_BENCHMARK,SYNTHETIC_PROTOTYPE_DATA_NOT_REAL_PERSONNEL_DATA,DEMO / SYNTHETIC DATA — NOT REAL PERSONNEL OR SENSOR DATA
21.4,52.0,9.6,4.0,1.0,6.2,4.7,14.3,2,1,1.7,5.5,2.5,1,SYNTHETIC_PROTOTYPE_BENCHMARK,SYNTHETIC_PROTOTYPE_DATA_NOT_REAL_PERSONNEL_DATA,DEMO / SYNTHETIC DATA — NOT REAL PERSONNEL OR SENSOR DATA
17.4,51.9,6.4,4.3,2.0,2.8,6.1,12.5,2,0,6.3,6.1,-0.2,0,SYNTHETIC_PROTOTYPE_BENCHMARK,SYNTHETIC_PROTOTYPE_DATA_NOT_REAL_PERSONNEL_DATA,DEMO / SYNTHETIC DATA — NOT REAL PERSONNEL OR SENSOR DATA
18.1,48.7,4.5,4.0,1.0,5.8,6.3,12.9,2,2,5.4,3.5,-1.9,1,SYNTHETIC_PROTOTYPE_BENCHMARK,SYNTHETIC_PROTOTYPE_DATA_NOT_REAL_PERSONNEL_DATA,DEMO / SYNTHETIC DATA — NOT REAL PERSONNEL OR SENSOR DATA
22.3,53.6,8.2,4.0,6.0,5.1,7.6,14.4,0,1,4.8,2.3,1.7,1,SYNTHETIC_PROTOTYPE_BENCHMARK,SYNTHETIC_PROTOTYPE_DATA_NOT_REAL_PERSONNEL_DATA,DEMO / SYNTHETIC DATA — NOT REAL PERSONNEL OR SENSOR DATA
22.8,60.3,3.6,4.0,2.0,3.0,6.0,14.2,2,1,6.2,3.4,-2.5,1,SYNTHETIC_PROTOTYPE_BENCHMARK,SYNTHETIC_PROTOTYPE_DATA_NOT_REAL_PERSONNEL_DATA,DEMO / SYNTHETIC DATA — NOT REAL PERSONNEL OR SENSOR DATA
12.4,43.3,6.3,4.6,2.0,2.2,6.6,13.4,0,0,6.3,6.2,-2.2,0,SYNTHETIC_PROTOTYPE_BENCHMARK,SYNTHETIC_PROTOTYPE_DATA_NOT_REAL_PERSONNEL_DATA,DEMO / SYNTHETIC DATA — NOT REAL PERSONNEL OR SENSOR DATA
16.5,45.4,5.2,4.0,8.0,3.1,7.8,16.4,0,3,4.9,8.4,-0.1,1,SYNTHETIC_PROTOTYPE_BENCHMARK,SYNTHETIC_PROTOTYPE_DATA_NOT_REAL_PERSONNEL_DATA,DEMO / SYNTHETIC DATA — NOT REAL PERSONNEL OR SENSOR DATA
15.5,49.0,6.8,10.6,2.0,5.1,5.7,14.0,2,0,9.4,3.7,3.3,1,SYNTHETIC_PROTOTYPE_BENCHMARK,SYNTHETIC_PROTOTYPE_DATA_NOT_REAL_PERSONNEL_DATA,DEMO / SYNTHETIC DATA — NOT REAL PERSONNEL OR SENSOR DATA
19.5,38.5,5.4,4.0,3.0,3.4,5.8,14.7,1,2,7.7,5.7,1.4,1,SYNTHETIC_PROTOTYPE_BENCHMARK,SYNTHETIC_PROTOTYPE_DATA_NOT_REAL_PERSONNEL_DATA,DEMO / SYNTHETIC DATA — NOT REAL PERSONNEL OR SENSOR DATA
18.7,43.8,2.6,24.0,11.0,1.8,7.0,11.5,0,1,8.0,4.4,-1.4,0,SYNTHETIC_PROTOTYPE_BENCHMARK,SYNTHETIC_PROTOTYPE_DATA_NOT_REAL_PERSONNEL_DATA,DEMO / SYNTHETIC DATA — NOT REAL PERSONNEL OR SENSOR DATA
22.9,47.2,5.7,4.0,8.0,8.6,5.8,12.1,2,3,6.0,5.3,-3.7,1,SYNTHETIC_PROTOTYPE_BENCHMARK,SYNTHETIC_PROTOTYPE_DATA_NOT_REAL_PERSONNEL_DATA,DEMO / SYNTHETIC DATA — NOT REAL PERSONNEL OR SENSOR DATA
15.8,60.7,7.6,5.9,1.0,4.5,5.4,15.0,2,2,7.2,1.7,0.1,1,SYNTHETIC_PROTOTYPE_BENCHMARK,SYNTHETIC_PROTOTYPE_DATA_NOT_REAL_PERSONNEL_DATA,DEMO / SYNTHETIC DATA — NOT REAL PERSONNEL OR SENSOR DATA
19.7,54.6,5.4,4.0,2.0,0.4,7.4,15.2,0,0,4.4,7.2,0.6,0,SYNTHETIC_PROTOTYPE_BENCHMARK,SYNTHETIC_PROTOTYPE_DATA_NOT_REAL_PERSONNEL_DATA,DEMO / SYNTHETIC DATA — NOT REAL PERSONNEL OR SENSOR DATA
15.1,53.9,7.1,4.0,12.0,2.8,7.6,14.5,0,2,7.5,5.0,-0.2,0,SYNTHETIC_PROTOTYPE_BENCHMARK,SYNTHETIC_PROTOTYPE_DATA_NOT_REAL_PERSONNEL_DATA,DEMO / SYNTHETIC DATA — NOT REAL PERSONNEL OR SENSOR DATA
15.8,60.5,3.4,8.3,2.0,13.0,6.9,12.5,0,1,5.8,6.0,4.0,0,SYNTHETIC_PROTOTYPE_BENCHMARK,SYNTHETIC_PROTOTYPE_DATA_NOT_REAL_PERSONNEL_DATA,DEMO / SYNTHETIC DATA — NOT REAL PERSONNEL OR SENSOR DATA
16.3,50.6,5.4,7.8,2.0,8.4,7.7,14.1,0,0,4.2,4.8,-0.3,0,SYNTHETIC_PROTOTYPE_BENCHMARK,SYNTHETIC_PROTOTYPE_DATA_NOT_REAL_PERSONNEL_DATA,DEMO / SYNTHETIC DATA — NOT REAL PERSONNEL OR SENSOR DATA
15.3,55.9,4.3,4.0,1.0,2.3,7.8,15.1,0,0,6.2,5.2,-5.0,0,SYNTHETIC_PROTOTYPE_BENCHMARK,SYNTHETIC_PROTOTYPE_DATA_NOT_REAL_PERSONNEL_DATA,DEMO / SYNTHETIC DATA — NOT REAL PERSONNEL OR SENSOR DATA
25.0,51.0,7.0,4.8,0.0,16.7,4.9,14.5,3,1,5.6,6.9,-0.9,1,SYNTHETIC_PROTOTYPE_BENCHMARK,SYNTHETIC_PROTOTYPE_DATA_NOT_REAL_PERSONNEL_DATA,DEMO / SYNTHETIC DATA — NOT REAL PERSONNEL OR SENSOR DATA
16.0,54.7,5.6,4.0,5.0,0.5,7.3,13.0,0,1,10.0,5.2,1.0,0,SYNTHETIC_PROTOTYPE_BENCHMARK,SYNTHETIC_PROTOTYPE_DATA_NOT_REAL_PERSONNEL_DATA,DEMO / SYNTHETIC DATA — NOT REAL PERSONNEL OR SENSOR DATA
16.7,46.2,6.9,7.7,5.0,19.5,6.2,10.9,2,2,7.1,5.7,0.9,1,SYNTHETIC_PROTOTYPE_BENCHMARK,SYNTHETIC_PROTOTYPE_DATA_NOT_REAL_PERSONNEL_DATA,DEMO / SYNTHETIC DATA — NOT REAL PERSONNEL OR SENSOR DATA
15.7,30.0,7.7,4.0,12.0,1.7,7.3,15.0,0,2,9.4,5.1,-0.4,0,SYNTHETIC_PROTOTYPE_BENCHMARK,SYNTHETIC_PROTOTYPE_DATA_NOT_REAL_PERSONNEL_DATA,DEMO / SYNTHETIC DATA — NOT REAL PERSONNEL OR SENSOR DATA
22.1,50.7,6.9,4.0,5.0,0.1,7.5,14.8,0,1,8.5,4.4,-0.8,0,SYNTHETIC_PROTOTYPE_BENCHMARK,SYNTHETIC_PROTOTYPE_DATA_NOT_REAL_PERSONNEL_DATA,DEMO / SYNTHETIC DATA — NOT REAL PERSONNEL OR SENSOR DATA
27.7,66.2,6.0,4.0,1.0,3.4,5.0,15.2,2,2,6.3,2.8,-4.4,2,SYNTHETIC_PROTOTYPE_BENCHMARK,SYNTHETIC_PROTOTYPE_DATA_NOT_REAL_PERSONNEL_DATA,DEMO / SYNTHETIC DATA — NOT REAL PERSONNEL OR SENSOR DATA
21.3,61.3,3.5,4.0,0.0,2.7,5.2,15.4,2,1,5.3,3.5,0.2,1,SYNTHETIC_PROTOTYPE_BENCHMARK,SYNTHETIC_PROTOTYPE_DATA_NOT_REAL_PERSONNEL_DATA,DEMO / SYNTHETIC DATA — NOT REAL PERSONNEL OR SENSOR DATA
23.7,61.7,5.5,8.9,15.0,4.6,7.0,12.6,0,0,2.7,6.5,-0.7,1,SYNTHETIC_PROTOTYPE_BENCHMARK,SYNTHETIC_PROTOTYPE_DATA_NOT_REAL_PERSONNEL_DATA,DEMO / SYNTHETIC DATA — NOT REAL PERSONNEL OR SENSOR DATA
28.1,64.4,4.4,4.0,1.0,9.6,6.6,15.2,0,3,4.5,7.1,0.5,1,SYNTHETIC_PROTOTYPE_BENCHMARK,SYNTHETIC_PROTOTYPE_DATA_NOT_REAL_PERSONNEL_DATA,DEMO / SYNTHETIC DATA — NOT REAL PERSONNEL OR SENSOR DATA
19.8,52.9,4.8,4.0,1.0,11.1,6.8,13.9,0,0,7.5,3.2,1.1,0,SYNTHETIC_PROTOTYPE_BENCHMARK,SYNTHETIC_PROTOTYPE_DATA_NOT_REAL_PERSONNEL_DATA,DEMO / SYNTHETIC DATA — NOT REAL PERSONNEL OR SENSOR DATA
14.5,54.0,4.8,4.0,8.0,3.1,6.1,18.6,2,1,5.6,5.6,2.7,0,SYNTHETIC_PROTOTYPE_BENCHMARK,SYNTHETIC_PROTOTYPE_DATA_NOT_REAL_PERSONNEL_DATA,DEMO / SYNTHETIC DATA — NOT REAL PERSONNEL OR SENSOR DATA
19.8,45.8,3.5,4.3,3.0,3.4,7.8,13.9,0,2,7.0,5.0,-2.1,0,SYNTHETIC_PROTOTYPE_BENCHMARK,SYNTHETIC_PROTOTYPE_DATA_NOT_REAL_PERSONNEL_DATA,DEMO / SYNTHETIC DATA — NOT REAL PERSONNEL OR SENSOR DATA
13.7,48.8,1.6,4.0,1.0,1.0,7.7,14.9,0,1,2.1,7.4,-2.8,0,SYNTHETIC_PROTOTYPE_BENCHMARK,SYNTHETIC_PROTOTYPE_DATA_NOT_REAL_PERSONNEL_DATA,DEMO / SYNTHETIC DATA — NOT REAL PERSONNEL OR SENSOR DATA
15.6,58.2,4.2,4.0,8.0,0.3,6.8,14.2,0,0,7.1,5.0,-1.3,0,SYNTHETIC_PROTOTYPE_BENCHMARK,SYNTHETIC_PROTOTYPE_DATA_NOT_REAL_PERSONNEL_DATA,DEMO / SYNTHETIC DATA — NOT REAL PERSONNEL OR SENSOR DATA
18.2,64.0,5.9,11.7,18.0,6.2,5.4,11.0,1,0,8.4,4.4,-1.6,1,SYNTHETIC_PROTOTYPE_BENCHMARK,SYNTHETIC_PROTOTYPE_DATA_NOT_REAL_PERSONNEL_DATA,DEMO / SYNTHETIC DATA — NOT REAL PERSONNEL OR SENSOR DATA
16.0,50.6,2.8,4.0,0.0,0.4,6.7,15.6,0,1,2.6,4.1,-1.8,0,SYNTHETIC_PROTOTYPE_BENCHMARK,SYNTHETIC_PROTOTYPE_DATA_NOT_REAL_PERSONNEL_DATA,DEMO / SYNTHETIC DATA — NOT REAL PERSONNEL OR SENSOR DATA
17.4,47.5,5.5,4.4,7.0,7.9,7.6,15.2,0,3,6.9,3.1,3.2,1,SYNTHETIC_PROTOTYPE_BENCHMARK,SYNTHETIC_PROTOTYPE_DATA_NOT_REAL_PERSONNEL_DATA,DEMO / SYNTHETIC DATA — NOT REAL PERSONNEL OR SENSOR DATA
20.1,52.0,9.3,5.4,2.0,4.6,7.9,14.1,0,1,8.9,6.3,0.3,0,SYNTHETIC_PROTOTYPE_BENCHMARK,SYNTHETIC_PROTOTYPE_DATA_NOT_REAL_PERSONNEL_DATA,DEMO / SYNTHETIC DATA — NOT REAL PERSONNEL OR SENSOR DATA
20.5,58.0,7.5,4.0,3.0,1.3,6.5,15.0,2,1,9.6,5.3,4.3,1,SYNTHETIC_PROTOTYPE_BENCHMARK,SYNTHETIC_PROTOTYPE_DATA_NOT_REAL_PERSONNEL_DATA,DEMO / SYNTHETIC DATA — NOT REAL PERSONNEL OR SENSOR DATA
16.6,37.6,8.8,11.1,9.0,4.7,7.3,11.3,0,0,5.2,6.5,-0.0,0,SYNTHETIC_PROTOTYPE_BENCHMARK,SYNTHETIC_PROTOTYPE_DATA_NOT_REAL_PERSONNEL_DATA,DEMO / SYNTHETIC DATA — NOT REAL PERSONNEL OR SENSOR DATA
14.5,30.0,6.3,5.3,13.0,1.2,7.7,15.9,0,0,7.8,5.4,-2.6,0,SYNTHETIC_PROTOTYPE_BENCHMARK,SYNTHETIC_PROTOTYPE_DATA_NOT_REAL_PERSONNEL_DATA,DEMO / SYNTHETIC DATA — NOT REAL PERSONNEL OR SENSOR DATA
15.5,46.5,7.8,4.0,1.0,3.5,7.4,19.7,0,0,9.1,5.2,-1.8,0,SYNTHETIC_PROTOTYPE_BENCHMARK,SYNTHETIC_PROTOTYPE_DATA_NOT_REAL_PERSONNEL_DATA,DEMO / SYNTHETIC DATA — NOT REAL PERSONNEL OR SENSOR DATA
10.9,39.8,4.1,4.0,1.0,9.6,6.8,13.9,0,0,7.0,7.0,2.3,0,SYNTHETIC_PROTOTYPE_BENCHMARK,SYNTHETIC_PROTOTYPE_DATA_NOT_REAL_PERSONNEL_DATA,DEMO / SYNTHETIC DATA — NOT REAL PERSONNEL OR SENSOR DATA
11.2,46.9,4.2,4.7,0.0,3.7,4.8,16.1,3,1,8.8,6.9,-2.5,0,SYNTHETIC_PROTOTYPE_BENCHMARK,SYNTHETIC_PROTOTYPE_DATA_NOT_REAL_PERSONNEL_DATA,DEMO / SYNTHETIC DATA — NOT REAL PERSONNEL OR SENSOR DATA
15.6,50.5,1.0,4.0,3.0,1.0,8.0,15.7,0,0,6.1,3.4,1.2,0,SYNTHETIC_PROTOTYPE_BENCHMARK,SYNTHETIC_PROTOTYPE_DATA_NOT_REAL_PERSONNEL_DATA,DEMO / SYNTHETIC DATA — NOT REAL PERSONNEL OR SENSOR DATA
15.9,47.5,7.9,8.4,0.0,7.7,8.4,15.2,0,0,7.0,4.4,-0.8,0,SYNTHETIC_PROTOTYPE_BENCHMARK,SYNTHETIC_PROTOTYPE_DATA_NOT_REAL_PERSONNEL_DATA,DEMO / SYNTHETIC DATA — NOT REAL PERSONNEL OR SENSOR DATA
24.9,66.5,8.6,4.0,2.0,1.2,5.9,17.0,2,2,5.0,2.2,-2.0,2,SYNTHETIC_PROTOTYPE_BENCHMARK,SYNTHETIC_PROTOTYPE_DATA_NOT_REAL_PERSONNEL_DATA,DEMO / SYNTHETIC DATA — NOT REAL PERSONNEL OR SENSOR DATA
27.5,55.3,4.4,4.0,0.0,8.0,5.8,16.0,2,3,5.9,5.2,3.1,2,SYNTHETIC_PROTOTYPE_BENCHMARK,SYNTHETIC_PROTOTYPE_DATA_NOT_REAL_PERSONNEL_DATA,DEMO / SYNTHETIC DATA — NOT REAL PERSONNEL OR SENSOR DATA
16.9,55.0,5.0,4.0,2.0,3.9,6.7,15.5,0,3,7.1,6.3,-1.3,0,SYNTHETIC_PROTOTYPE_BENCHMARK,SYNTHETIC_PROTOTYPE_DATA_NOT_REAL_PERSONNEL_DATA,DEMO / SYNTHETIC DATA — NOT REAL PERSONNEL OR SENSOR DATA
19.3,58.2,4.0,4.0,0.0,3.6,6.5,14.7,0,1,4.8,4.3,-1.8,0,SYNTHETIC_PROTOTYPE_BENCHMARK,SYNTHETIC_PROTOTYPE_DATA_NOT_REAL_PERSONNEL_DATA,DEMO / SYNTHETIC DATA — NOT REAL PERSONNEL OR SENSOR DATA
10.1,40.6,6.3,4.0,6.0,11.4,7.9,14.1,0,0,5.8,4.7,-0.2,0,SYNTHETIC_PROTOTYPE_BENCHMARK,SYNTHETIC_PROTOTYPE_DATA_NOT_REAL_PERSONNEL_DATA,DEMO / SYNTHETIC DATA — NOT REAL PERSONNEL OR SENSOR DATA
26.4,62.4,7.7,8.2,1.0,7.4,6.4,13.7,2,2,7.7,4.0,-1.1,2,SYNTHETIC_PROTOTYPE_BENCHMARK,SYNTHETIC_PROTOTYPE_DATA_NOT_REAL_PERSONNEL_DATA,DEMO / SYNTHETIC DATA — NOT REAL PERSONNEL OR SENSOR DATA
6.2,51.2,2.0,4.5,1.0,0.2,6.4,12.8,2,0,10.0,8.6,4.9,0,SYNTHETIC_PROTOTYPE_BENCHMARK,SYNTHETIC_PROTOTYPE_DATA_NOT_REAL_PERSONNEL_DATA,DEMO / SYNTHETIC DATA — NOT REAL PERSONNEL OR SENSOR DATA
24.8,58.7,6.3,4.3,7.0,2.1,5.6,14.3,1,1,2.1,6.5,2.3,1,SYNTHETIC_PROTOTYPE_BENCHMARK,SYNTHETIC_PROTOTYPE_DATA_NOT_REAL_PERSONNEL_DATA,DEMO / SYNTHETIC DATA — NOT REAL PERSONNEL OR SENSOR DATA
19.7,41.3,4.9,4.0,5.0,12.3,7.8,17.8,0,2,10.0,6.8,-1.3,0,SYNTHETIC_PROTOTYPE_BENCHMARK,SYNTHETIC_PROTOTYPE_DATA_NOT_REAL_PERSONNEL_DATA,DEMO / SYNTHETIC DATA — NOT REAL PERSONNEL OR SENSOR DATA
12.2,36.5,5.7,7.6,1.0,0.1,8.1,14.4,0,2,5.7,6.5,-1.0,0,SYNTHETIC_PROTOTYPE_BENCHMARK,SYNTHETIC_PROTOTYPE_DATA_NOT_REAL_PERSONNEL_DATA,DEMO / SYNTHETIC DATA — NOT REAL PERSONNEL OR SENSOR DATA
23.3,60.2,6.4,4.0,0.0,4.7,7.4,17.4,0,3,8.1,4.6,-4.4,1,SYNTHETIC_PROTOTYPE_BENCHMARK,SYNTHETIC_PROTOTYPE_DATA_NOT_REAL_PERSONNEL_DATA,DEMO / SYNTHETIC DATA — NOT REAL PERSONNEL OR SENSOR DATA
18.1,55.8,5.1,8.2,4.0,7.8,5.9,16.9,2,2,8.5,3.5,0.3,1,SYNTHETIC_PROTOTYPE_BENCHMARK,SYNTHETIC_PROTOTYPE_DATA_NOT_REAL_PERSONNEL_DATA,DEMO / SYNTHETIC DATA — NOT REAL PERSONNEL OR SENSOR DATA
16.2,43.0,5.3,4.0,2.0,5.8,8.7,15.2,0,1,9.3,4.0,-1.6,0,SYNTHETIC_PROTOTYPE_BENCHMARK,SYNTHETIC_PROTOTYPE_DATA_NOT_REAL_PERSONNEL_DATA,DEMO / SYNTHETIC DATA — NOT REAL PERSONNEL OR SENSOR DATA
19.7,43.3,5.1,10.5,5.0,8.6,5.7,13.4,2,0,4.7,4.7,0.2,1,SYNTHETIC_PROTOTYPE_BENCHMARK,SYNTHETIC_PROTOTYPE_DATA_NOT_REAL_PERSONNEL_DATA,DEMO / SYNTHETIC DATA — NOT REAL PERSONNEL OR SENSOR DATA
20.7,63.3,7.4,4.8,2.0,7.8,6.9,14.7,0,3,5.7,3.1,-4.3,1,SYNTHETIC_PROTOTYPE_BENCHMARK,SYNTHETIC_PROTOTYPE_DATA_NOT_REAL_PERSONNEL_DATA,DEMO / SYNTHETIC DATA — NOT REAL PERSONNEL OR SENSOR DATA
11.3,40.1,6.3,4.0,1.0,7.1,5.8,14.0,1,0,6.1,4.9,-0.1,0,SYNTHETIC_PROTOTYPE_BENCHMARK,SYNTHETIC_PROTOTYPE_DATA_NOT_REAL_PERSONNEL_DATA,DEMO / SYNTHETIC DATA — NOT REAL PERSONNEL OR SENSOR DATA
31.0,68.4,5.9,4.0,2.0,10.3,5.4,13.7,1,3,5.5,4.0,3.7,2,SYNTHETIC_PROTOTYPE_BENCHMARK,SYNTHETIC_PROTOTYPE_DATA_NOT_REAL_PERSONNEL_DATA,DEMO / SYNTHETIC DATA — NOT REAL PERSONNEL OR SENSOR DATA
19.5,43.0,3.0,4.0,5.0,6.2,8.4,17.3,0,0,8.8,5.6,0.1,0,SYNTHETIC_PROTOTYPE_BENCHMARK,SYNTHETIC_PROTOTYPE_DATA_NOT_REAL_PERSONNEL_DATA,DEMO / SYNTHETIC DATA — NOT REAL PERSONNEL OR SENSOR DATA
18.9,58.4,4.7,4.0,8.0,3.1,7.3,16.0,0,0,6.0,3.8,-1.7,0,SYNTHETIC_PROTOTYPE_BENCHMARK,SYNTHETIC_PROTOTYPE_DATA_NOT_REAL_PERSONNEL_DATA,DEMO / SYNTHETIC DATA — NOT REAL PERSONNEL OR SENSOR DATA
23.1,48.7,7.3,4.0,0.0,3.8,6.6,19.3,0,2,3.0,6.0,-0.0,0,SYNTHETIC_PROTOTYPE_BENCHMARK,SYNTHETIC_PROTOTYPE_DATA_NOT_REAL_PERSONNEL_DATA,DEMO / SYNTHETIC DATA — NOT REAL PERSONNEL OR SENSOR DATA
17.5,58.0,5.6,4.0,3.0,7.6,6.1,17.5,2,0,4.9,4.5,-0.1,0,SYNTHETIC_PROTOTYPE_BENCHMARK,SYNTHETIC_PROTOTYPE_DATA_NOT_REAL_PERSONNEL_DATA,DEMO / SYNTHETIC DATA — NOT REAL PERSONNEL OR SENSOR DATA
20.5,46.6,6.8,4.0,0.0,12.5,6.9,14.1,0,2,3.0,5.7,4.8,0,SYNTHETIC_PROTOTYPE_BENCHMARK,SYNTHETIC_PROTOTYPE_DATA_NOT_REAL_PERSONNEL_DATA,DEMO / SYNTHETIC DATA — NOT REAL PERSONNEL OR SENSOR DATA
19.4,50.4,9.0,11.9,2.0,1.9,7.4,14.1,0,0,5.7,4.1,-0.7,1,SYNTHETIC_PROTOTYPE_BENCHMARK,SYNTHETIC_PROTOTYPE_DATA_NOT_REAL_PERSONNEL_DATA,DEMO / SYNTHETIC DATA — NOT REAL PERSONNEL OR SENSOR DATA
20.9,52.4,7.6,4.1,8.0,2.5,7.9,14.9,0,3,7.5,6.1,-2.6,0,SYNTHETIC_PROTOTYPE_BENCHMARK,SYNTHETIC_PROTOTYPE_DATA_NOT_REAL_PERSONNEL_DATA,DEMO / SYNTHETIC DATA — NOT REAL PERSONNEL OR SENSOR DATA
22.5,42.0,5.7,8.4,2.0,16.0,6.6,16.3,0,1,4.9,4.9,0.0,1,SYNTHETIC_PROTOTYPE_BENCHMARK,SYNTHETIC_PROTOTYPE_DATA_NOT_REAL_PERSONNEL_DATA,DEMO / SYNTHETIC DATA — NOT REAL PERSONNEL OR SENSOR DATA
21.8,59.4,4.5,4.5,9.0,5.2,5.3,14.4,2,1,5.4,7.1,0.4,1,SYNTHETIC_PROTOTYPE_BENCHMARK,SYNTHETIC_PROTOTYPE_DATA_NOT_REAL_PERSONNEL_DATA,DEMO / SYNTHETIC DATA — NOT REAL PERSONNEL OR SENSOR DATA
15.5,46.9,1.0,4.0,3.0,1.2,7.3,13.5,0,1,5.7,5.1,1.2,0,SYNTHETIC_PROTOTYPE_BENCHMARK,SYNTHETIC_PROTOTYPE_DATA_NOT_REAL_PERSONNEL_DATA,DEMO / SYNTHETIC DATA — NOT REAL PERSONNEL OR SENSOR DATA
15.9,49.7,5.2,4.0,10.0,6.5,6.5,14.0,0,0,6.5,5.1,1.7,0,SYNTHETIC_PROTOTYPE_BENCHMARK,SYNTHETIC_PROTOTYPE_DATA_NOT_REAL_PERSONNEL_DATA,DEMO / SYNTHETIC DATA — NOT REAL PERSONNEL OR SENSOR DATA
19.2,42.1,4.8,4.5,5.0,28.1,5.5,13.9,2,2,7.2,6.6,4.3,1,SYNTHETIC_PROTOTYPE_BENCHMARK,SYNTHETIC_PROTOTYPE_DATA_NOT_REAL_PERSONNEL_DATA,DEMO / SYNTHETIC DATA — NOT REAL PERSONNEL OR SENSOR DATA
17.1,30.0,6.3,12.9,0.0,10.4,7.8,10.4,0,0,7.8,7.6,-1.3,0,SYNTHETIC_PROTOTYPE_BENCHMARK,SYNTHETIC_PROTOTYPE_DATA_NOT_REAL_PERSONNEL_DATA,DEMO / SYNTHETIC DATA — NOT REAL PERSONNEL OR SENSOR DATA
18.7,50.1,5.2,4.0,1.0,8.2,6.7,14.5,0,1,10.0,6.6,-1.5,0,SYNTHETIC_PROTOTYPE_BENCHMARK,SYNTHETIC_PROTOTYPE_DATA_NOT_REAL_PERSONNEL_DATA,DEMO / SYNTHETIC DATA — NOT REAL PERSONNEL OR SENSOR DATA
23.8,76.1,4.9,8.3,2.0,1.4,6.3,15.6,2,1,6.4,6.4,-4.1,2,SYNTHETIC_PROTOTYPE_BENCHMARK,SYNTHETIC_PROTOTYPE_DATA_NOT_REAL_PERSONNEL_DATA,DEMO / SYNTHETIC DATA — NOT REAL PERSONNEL OR SENSOR DATA
19.9,59.8,1.9,10.3,1.0,12.5,5.6,16.7,1,1,7.7,5.7,1.5,1,SYNTHETIC_PROTOTYPE_BENCHMARK,SYNTHETIC_PROTOTYPE_DATA_NOT_REAL_PERSONNEL_DATA,DEMO / SYNTHETIC DATA — NOT REAL PERSONNEL OR SENSOR DATA
13.7,51.8,3.6,4.4,2.0,4.5,7.3,12.8,0,0,3.0,5.0,-2.0,0,SYNTHETIC_PROTOTYPE_BENCHMARK,SYNTHETIC_PROTOTYPE_DATA_NOT_REAL_PERSONNEL_DATA,DEMO / SYNTHETIC DATA — NOT REAL PERSONNEL OR SENSOR DATA
12.7,49.4,6.5,10.7,2.0,13.2,5.7,15.4,1,0,5.4,4.5,2.0,0,SYNTHETIC_PROTOTYPE_BENCHMARK,SYNTHETIC_PROTOTYPE_DATA_NOT_REAL_PERSONNEL_DATA,DEMO / SYNTHETIC DATA — NOT REAL PERSONNEL OR SENSOR DATA
25.9,52.2,8.9,4.0,11.0,2.4,6.3,14.6,2,0,5.7,4.9,-1.1,1,SYNTHETIC_PROTOTYPE_BENCHMARK,SYNTHETIC_PROTOTYPE_DATA_NOT_REAL_PERSONNEL_DATA,DEMO / SYNTHETIC DATA — NOT REAL PERSONNEL OR SENSOR DATA
25.5,57.5,5.3,12.2,2.0,0.4,6.6,13.0,0,2,4.2,7.0,3.8,2,SYNTHETIC_PROTOTYPE_BENCHMARK,SYNTHETIC_PROTOTYPE_DATA_NOT_REAL_PERSONNEL_DATA,DEMO / SYNTHETIC DATA — NOT REAL PERSONNEL OR SENSOR DATA
17.8,40.2,6.2,4.9,5.0,3.9,8.8,12.0,0,0,5.1,3.7,-3.2,0,SYNTHETIC_PROTOTYPE_BENCHMARK,SYNTHETIC_PROTOTYPE_DATA_NOT_REAL_PERSONNEL_DATA,DEMO / SYNTHETIC DATA — NOT REAL PERSONNEL OR SENSOR DATA
20.1,63.1,7.4,4.0,10.0,1.9,7.1,16.6,0,3,6.0,3.3,2.3,1,SYNTHETIC_PROTOTYPE_BENCHMARK,SYNTHETIC_PROTOTYPE_DATA_NOT_REAL_PERSONNEL_DATA,DEMO / SYNTHETIC DATA — NOT REAL PERSONNEL OR SENSOR DATA
22.3,59.2,3.9,9.5,7.0,7.5,7.4,9.4,0,0,5.2,4.4,2.0,1,SYNTHETIC_PROTOTYPE_BENCHMARK,SYNTHETIC_PROTOTYPE_DATA_NOT_REAL_PERSONNEL_DATA,DEMO / SYNTHETIC DATA — NOT REAL PERSONNEL OR SENSOR DATA
25.9,59.2,6.2,4.0,1.0,18.9,7.3,16.2,0,0,10.0,3.5,1.2,1,SYNTHETIC_PROTOTYPE_BENCHMARK,SYNTHETIC_PROTOTYPE_DATA_NOT_REAL_PERSONNEL_DATA,DEMO / SYNTHETIC DATA — NOT REAL PERSONNEL OR SENSOR DATA
19.3,56.4,4.0,4.0,2.0,7.0,9.5,16.1,0,1,7.2,4.3,-2.5,0,SYNTHETIC_PROTOTYPE_BENCHMARK,SYNTHETIC_PROTOTYPE_DATA_NOT_REAL_PERSONNEL_DATA,DEMO / SYNTHETIC DATA — NOT REAL PERSONNEL OR SENSOR DATA
24.7,52.2,7.2,4.0,1.0,13.1,6.7,16.0,0,0,10.0,7.8,1.2,0,SYNTHETIC_PROTOTYPE_BENCHMARK,SYNTHETIC_PROTOTYPE_DATA_NOT_REAL_PERSONNEL_DATA,DEMO / SYNTHETIC DATA — NOT REAL PERSONNEL OR SENSOR DATA
21.9,58.7,5.8,4.0,2.0,3.6,7.8,14.1,0,1,9.2,4.3,0.3,0,SYNTHETIC_PROTOTYPE_BENCHMARK,SYNTHETIC_PROTOTYPE_DATA_NOT_REAL_PERSONNEL_DATA,DEMO / SYNTHETIC DATA — NOT REAL PERSONNEL OR SENSOR DATA
17.5,57.9,6.1,4.0,2.0,8.9,7.3,16.7,0,2,4.9,5.4,-4.0,0,SYNTHETIC_PROTOTYPE_BENCHMARK,SYNTHETIC_PROTOTYPE_DATA_NOT_REAL_PERSONNEL_DATA,DEMO / SYNTHETIC DATA — NOT REAL PERSONNEL OR SENSOR DATA
16.4,48.5,3.9,7.1,6.0,11.1,7.6,15.1,0,0,6.3,2.8,3.4,0,SYNTHETIC_PROTOTYPE_BENCHMARK,SYNTHETIC_PROTOTYPE_DATA_NOT_REAL_PERSONNEL_DATA,DEMO / SYNTHETIC DATA — NOT REAL PERSONNEL OR SENSOR DATA
13.9,46.3,6.9,4.0,2.0,7.4,8.4,15.2,0,2,5.3,3.8,-0.8,0,SYNTHETIC_PROTOTYPE_BENCHMARK,SYNTHETIC_PROTOTYPE_DATA_NOT_REAL_PERSONNEL_DATA,DEMO / SYNTHETIC DATA — NOT REAL PERSONNEL OR SENSOR DATA
19.1,53.0,9.7,4.0,3.0,4.3,6.5,16.9,0,1,5.9,6.5,3.3,1,SYNTHETIC_PROTOTYPE_BENCHMARK,SYNTHETIC_PROTOTYPE_DATA_NOT_REAL_PERSONNEL_DATA,DEMO / SYNTHETIC DATA — NOT REAL PERSONNEL OR SENSOR DATA
20.9,67.5,3.5,4.0,14.0,5.9,5.8,15.4,2,0,4.2,6.8,-0.1,1,SYNTHETIC_PROTOTYPE_BENCHMARK,SYNTHETIC_PROTOTYPE_DATA_NOT_REAL_PERSONNEL_DATA,DEMO / SYNTHETIC DATA — NOT REAL PERSONNEL OR SENSOR DATA
14.1,39.6,4.8,4.0,0.0,7.2,7.6,16.7,0,0,5.3,6.1,2.2,0,SYNTHETIC_PROTOTYPE_BENCHMARK,SYNTHETIC_PROTOTYPE_DATA_NOT_REAL_PERSONNEL_DATA,DEMO / SYNTHETIC DATA — NOT REAL PERSONNEL OR SENSOR DATA
20.5,37.3,6.0,5.2,2.0,1.8,7.4,14.9,0,3,6.9,5.5,-1.9,0,SYNTHETIC_PROTOTYPE_BENCHMARK,SYNTHETIC_PROTOTYPE_DATA_NOT_REAL_PERSONNEL_DATA,DEMO / SYNTHETIC DATA — NOT REAL PERSONNEL OR SENSOR DATA
10.8,53.6,7.1,6.4,5.0,10.0,6.9,15.1,0,0,6.9,5.8,0.5,0,SYNTHETIC_PROTOTYPE_BENCHMARK,SYNTHETIC_PROTOTYPE_DATA_NOT_REAL_PERSONNEL_DATA,DEMO / SYNTHETIC DATA — NOT REAL PERSONNEL OR SENSOR DATA
17.8,52.5,4.4,11.6,1.0,18.0,7.7,13.7,0,2,6.7,1.2,0.3,1,SYNTHETIC_PROTOTYPE_BENCHMARK,SYNTHETIC_PROTOTYPE_DATA_NOT_REAL_PERSONNEL_DATA,DEMO / SYNTHETIC DATA — NOT REAL PERSONNEL OR SENSOR DATA
18.7,53.7,1.0,4.0,3.0,3.8,6.5,14.8,2,1,6.1,5.4,-0.7,0,SYNTHETIC_PROTOTYPE_BENCHMARK,SYNTHETIC_PROTOTYPE_DATA_NOT_REAL_PERSONNEL_DATA,DEMO / SYNTHETIC DATA — NOT REAL PERSONNEL OR SENSOR DATA
22.4,54.4,8.2,4.0,1.0,7.2,6.5,13.1,2,0,7.9,3.4,-1.9,1,SYNTHETIC_PROTOTYPE_BENCHMARK,SYNTHETIC_PROTOTYPE_DATA_NOT_REAL_PERSONNEL_DATA,DEMO / SYNTHETIC DATA — NOT REAL PERSONNEL OR SENSOR DATA
22.0,49.8,7.0,10.3,7.0,8.0,7.0,13.6,0,1,5.7,6.4,-5.0,1,SYNTHETIC_PROTOTYPE_BENCHMARK,SYNTHETIC_PROTOTYPE_DATA_NOT_REAL_PERSONNEL_DATA,DEMO / SYNTHETIC DATA — NOT REAL PERSONNEL OR SENSOR DATA
22.6,66.9,2.0,6.0,1.0,6.5,6.0,17.2,2,2,9.0,1.0,-1.9,1,SYNTHETIC_PROTOTYPE_BENCHMARK,SYNTHETIC_PROTOTYPE_DATA_NOT_REAL_PERSONNEL_DATA,DEMO / SYNTHETIC DATA — NOT REAL PERSONNEL OR SENSOR DATA
15.9,36.0,4.3,4.0,1.0,4.8,6.0,16.2,1,2,2.5,5.1,1.5,0,SYNTHETIC_PROTOTYPE_BENCHMARK,SYNTHETIC_PROTOTYPE_DATA_NOT_REAL_PERSONNEL_DATA,DEMO / SYNTHETIC DATA — NOT REAL PERSONNEL OR SENSOR DATA
21.3,43.7,8.6,4.8,3.0,12.8,6.5,15.9,0,1,7.5,5.5,-3.1,1,SYNTHETIC_PROTOTYPE_BENCHMARK,SYNTHETIC_PROTOTYPE_DATA_NOT_REAL_PERSONNEL_DATA,DEMO / SYNTHETIC DATA — NOT REAL PERSONNEL OR SENSOR DATA
19.6,51.0,8.4,10.3,1.0,3.6,7.5,13.0,0,2,7.2,4.0,-2.6,1,SYNTHETIC_PROTOTYPE_BENCHMARK,SYNTHETIC_PROTOTYPE_DATA_NOT_REAL_PERSONNEL_DATA,DEMO / SYNTHETIC DATA — NOT REAL PERSONNEL OR SENSOR DATA
16.3,35.6,7.4,5.0,1.0,0.4,8.8,16.7,0,0,4.9,5.5,-3.2,0,SYNTHETIC_PROTOTYPE_BENCHMARK,SYNTHETIC_PROTOTYPE_DATA_NOT_REAL_PERSONNEL_DATA,DEMO / SYNTHETIC DATA — NOT REAL PERSONNEL OR SENSOR DATA
24.0,50.2,5.1,4.0,2.0,11.2,5.8,15.2,2,3,5.5,6.6,0.5,1,SYNTHETIC_PROTOTYPE_BENCHMARK,SYNTHETIC_PROTOTYPE_DATA_NOT_REAL_PERSONNEL_DATA,DEMO / SYNTHETIC DATA — NOT REAL PERSONNEL OR SENSOR DATA
24.8,68.6,5.7,5.0,2.0,6.7,5.2,14.3,2,2,7.1,4.2,-2.0,1,SYNTHETIC_PROTOTYPE_BENCHMARK,SYNTHETIC_PROTOTYPE_DATA_NOT_REAL_PERSONNEL_DATA,DEMO / SYNTHETIC DATA — NOT REAL PERSONNEL OR SENSOR DATA
17.0,52.2,5.2,4.0,3.0,11.4,6.7,17.8,0,2,8.0,3.7,2.7,1,SYNTHETIC_PROTOTYPE_BENCHMARK,SYNTHETIC_PROTOTYPE_DATA_NOT_REAL_PERSONNEL_DATA,DEMO / SYNTHETIC DATA — NOT REAL PERSONNEL OR SENSOR DATA
28.2,54.3,7.8,4.0,3.0,0.9,5.2,14.5,1,2,2.7,6.4,1.6,1,SYNTHETIC_PROTOTYPE_BENCHMARK,SYNTHETIC_PROTOTYPE_DATA_NOT_REAL_PERSONNEL_DATA,DEMO / SYNTHETIC DATA — NOT REAL PERSONNEL OR SENSOR DATA
17.0,39.4,3.7,4.0,3.0,0.2,7.2,17.4,0,1,7.5,6.2,0.4,0,SYNTHETIC_PROTOTYPE_BENCHMARK,SYNTHETIC_PROTOTYPE_DATA_NOT_REAL_PERSONNEL_DATA,DEMO / SYNTHETIC DATA — NOT REAL PERSONNEL OR SENSOR DATA
26.5,45.8,3.9,4.0,4.0,16.3,5.4,17.8,1,1,5.3,5.9,0.7,1,SYNTHETIC_PROTOTYPE_BENCHMARK,SYNTHETIC_PROTOTYPE_DATA_NOT_REAL_PERSONNEL_DATA,DEMO / SYNTHETIC DATA — NOT REAL PERSONNEL OR SENSOR DATA
19.4,48.2,7.5,4.0,1.0,1.0,8.2,16.7,0,1,8.5,4.0,-1.7,0,SYNTHETIC_PROTOTYPE_BENCHMARK,SYNTHETIC_PROTOTYPE_DATA_NOT_REAL_PERSONNEL_DATA,DEMO / SYNTHETIC DATA — NOT REAL PERSONNEL OR SENSOR DATA
21.0,48.8,5.4,4.0,0.0,10.0,6.2,13.1,1,1,2.5,1.5,-1.7,1,SYNTHETIC_PROTOTYPE_BENCHMARK,SYNTHETIC_PROTOTYPE_DATA_NOT_REAL_PERSONNEL_DATA,DEMO / SYNTHETIC DATA — NOT REAL PERSONNEL OR SENSOR DATA
15.7,64.8,8.3,4.3,5.0,10.4,7.5,15.6,0,1,10.0,3.0,1.6,1,SYNTHETIC_PROTOTYPE_BENCHMARK,SYNTHETIC_PROTOTYPE_DATA_NOT_REAL_PERSONNEL_DATA,DEMO / SYNTHETIC DATA — NOT REAL PERSONNEL OR SENSOR DATA
17.5,57.6,4.2,6.5,7.0,7.4,7.5,14.2,0,0,4.4,3.3,2.0,0,SYNTHETIC_PROTOTYPE_BENCHMARK,SYNTHETIC_PROTOTYPE_DATA_NOT_REAL_PERSONNEL_DATA,DEMO / SYNTHETIC DATA — NOT REAL PERSONNEL OR SENSOR DATA
15.0,40.9,5.4,17.8,1.0,0.8,6.9,9.1,0,1,9.1,4.8,1.5,0,SYNTHETIC_PROTOTYPE_BENCHMARK,SYNTHETIC_PROTOTYPE_DATA_NOT_REAL_PERSONNEL_DATA,DEMO / SYNTHETIC DATA — NOT REAL PERSONNEL OR SENSOR DATA
20.7,54.5,3.7,4.0,2.0,6.6,5.9,15.9,2,0,6.1,3.7,-1.0,1,SYNTHETIC_PROTOTYPE_BENCHMARK,SYNTHETIC_PROTOTYPE_DATA_NOT_REAL_PERSONNEL_DATA,DEMO / SYNTHETIC DATA — NOT REAL PERSONNEL OR SENSOR DATA
19.8,57.0,5.5,4.0,2.0,13.2,6.3,17.1,2,0,4.6,5.0,-0.9,1,SYNTHETIC_PROTOTYPE_BENCHMARK,SYNTHETIC_PROTOTYPE_DATA_NOT_REAL_PERSONNEL_DATA,DEMO / SYNTHETIC DATA — NOT REAL PERSONNEL OR SENSOR DATA
21.6,63.4,2.5,11.1,3.0,3.3,6.4,11.9,2,0,6.7,5.8,-2.0,1,SYNTHETIC_PROTOTYPE_BENCHMARK,SYNTHETIC_PROTOTYPE_DATA_NOT_REAL_PERSONNEL_DATA,DEMO / SYNTHETIC DATA — NOT REAL PERSONNEL OR SENSOR DATA
31.2,67.8,4.5,4.0,4.0,3.2,6.6,15.3,0,2,8.3,5.8,1.7,1,SYNTHETIC_PROTOTYPE_BENCHMARK,SYNTHETIC_PROTOTYPE_DATA_NOT_REAL_PERSONNEL_DATA,DEMO / SYNTHETIC DATA — NOT REAL PERSONNEL OR SENSOR DATA
11.9,41.8,2.6,5.1,0.0,3.5,6.7,14.7,0,1,3.1,6.9,-4.3,0,SYNTHETIC_PROTOTYPE_BENCHMARK,SYNTHETIC_PROTOTYPE_DATA_NOT_REAL_PERSONNEL_DATA,DEMO / SYNTHETIC DATA — NOT REAL PERSONNEL OR SENSOR DATA
21.9,43.9,6.9,5.6,4.0,0.5,7.9,17.3,0,2,7.6,4.2,-4.8,0,SYNTHETIC_PROTOTYPE_BENCHMARK,SYNTHETIC_PROTOTYPE_DATA_NOT_REAL_PERSONNEL_DATA,DEMO / SYNTHETIC DATA — NOT REAL PERSONNEL OR SENSOR DATA
17.6,39.4,6.9,4.0,0.0,13.4,7.3,15.1,0,0,6.2,5.9,-4.4,0,SYNTHETIC_PROTOTYPE_BENCHMARK,SYNTHETIC_PROTOTYPE_DATA_NOT_REAL_PERSONNEL_DATA,DEMO / SYNTHETIC DATA — NOT REAL PERSONNEL OR SENSOR DATA
24.3,49.7,2.0,7.9,2.0,12.2,6.5,11.6,2,1,7.4,7.6,-4.7,0,SYNTHETIC_PROTOTYPE_BENCHMARK,SYNTHETIC_PROTOTYPE_DATA_NOT_REAL_PERSONNEL_DATA,DEMO / SYNTHETIC DATA — NOT REAL PERSONNEL OR SENSOR DATA
24.1,56.7,8.2,6.7,6.0,37.0,5.2,11.4,2,0,6.2,2.5,3.0,1,SYNTHETIC_PROTOTYPE_BENCHMARK,SYNTHETIC_PROTOTYPE_DATA_NOT_REAL_PERSONNEL_DATA,DEMO / SYNTHETIC DATA — NOT REAL PERSONNEL OR SENSOR DATA
24.4,61.9,10.0,4.0,2.0,5.3,6.3,16.3,2,0,5.1,6.6,1.7,1,SYNTHETIC_PROTOTYPE_BENCHMARK,SYNTHETIC_PROTOTYPE_DATA_NOT_REAL_PERSONNEL_DATA,DEMO / SYNTHETIC DATA — NOT REAL PERSONNEL OR SENSOR DATA
22.6,51.2,5.6,4.0,1.0,8.3,6.1,14.1,2,1,4.0,3.7,-2.6,1,SYNTHETIC_PROTOTYPE_BENCHMARK,SYNTHETIC_PROTOTYPE_DATA_NOT_REAL_PERSONNEL_DATA,DEMO / SYNTHETIC DATA — NOT REAL PERSONNEL OR SENSOR DATA
20.4,48.8,4.2,4.0,15.0,1.4,7.2,16.9,0,1,7.5,5.7,-0.2,0,SYNTHETIC_PROTOTYPE_BENCHMARK,SYNTHETIC_PROTOTYPE_DATA_NOT_REAL_PERSONNEL_DATA,DEMO / SYNTHETIC DATA — NOT REAL PERSONNEL OR SENSOR DATA
25.7,53.5,10.0,4.0,8.0,6.6,6.8,12.9,0,0,7.5,5.6,3.2,1,SYNTHETIC_PROTOTYPE_BENCHMARK,SYNTHETIC_PROTOTYPE_DATA_NOT_REAL_PERSONNEL_DATA,DEMO / SYNTHETIC DATA — NOT REAL PERSONNEL OR SENSOR DATA
11.4,43.6,2.9,4.0,5.0,6.3,7.4,14.5,0,1,7.5,5.9,1.1,0,SYNTHETIC_PROTOTYPE_BENCHMARK,SYNTHETIC_PROTOTYPE_DATA_NOT_REAL_PERSONNEL_DATA,DEMO / SYNTHETIC DATA — NOT REAL PERSONNEL OR SENSOR DATA
21.9,72.9,5.5,4.0,2.0,13.9,7.2,12.9,0,2,7.1,7.3,4.7,1,SYNTHETIC_PROTOTYPE_BENCHMARK,SYNTHETIC_PROTOTYPE_DATA_NOT_REAL_PERSONNEL_DATA,DEMO / SYNTHETIC DATA — NOT REAL PERSONNEL OR SENSOR DATA
20.6,35.9,5.9,4.0,1.0,10.7,7.2,16.5,0,0,8.1,5.6,-0.3,0,SYNTHETIC_PROTOTYPE_BENCHMARK,SYNTHETIC_PROTOTYPE_DATA_NOT_REAL_PERSONNEL_DATA,DEMO / SYNTHETIC DATA — NOT REAL PERSONNEL OR SENSOR DATA
10.5,53.8,8.2,9.7,10.0,16.7,7.2,14.6,0,0,9.0,2.5,-1.4,0,SYNTHETIC_PROTOTYPE_BENCHMARK,SYNTHETIC_PROTOTYPE_DATA_NOT_REAL_PERSONNEL_DATA,DEMO / SYNTHETIC DATA — NOT REAL PERSONNEL OR SENSOR DATA
23.2,72.2,6.2,4.0,3.0,12.2,6.0,16.3,2,1,2.4,4.5,-2.4,1,SYNTHETIC_PROTOTYPE_BENCHMARK,SYNTHETIC_PROTOTYPE_DATA_NOT_REAL_PERSONNEL_DATA,DEMO / SYNTHETIC DATA — NOT REAL PERSONNEL OR SENSOR DATA
17.3,52.1,4.5,4.0,7.0,12.2,6.5,13.4,2,0,1.5,4.9,0.1,1,SYNTHETIC_PROTOTYPE_BENCHMARK,SYNTHETIC_PROTOTYPE_DATA_NOT_REAL_PERSONNEL_DATA,DEMO / SYNTHETIC DATA — NOT REAL PERSONNEL OR SENSOR DATA
19.3,50.1,3.6,4.0,1.0,0.4,7.0,14.1,0,3,9.6,6.0,2.1,1,SYNTHETIC_PROTOTYPE_BENCHMARK,SYNTHETIC_PROTOTYPE_DATA_NOT_REAL_PERSONNEL_DATA,DEMO / SYNTHETIC DATA — NOT REAL PERSONNEL OR SENSOR DATA
23.8,48.4,4.8,4.0,1.0,11.2,6.8,16.1,0,1,3.5,6.6,0.2,0,SYNTHETIC_PROTOTYPE_BENCHMARK,SYNTHETIC_PROTOTYPE_DATA_NOT_REAL_PERSONNEL_DATA,DEMO / SYNTHETIC DATA — NOT REAL PERSONNEL OR SENSOR DATA
18.5,50.2,3.5,4.0,15.0,5.6,7.1,12.2,0,1,4.0,5.2,-0.8,0,SYNTHETIC_PROTOTYPE_BENCHMARK,SYNTHETIC_PROTOTYPE_DATA_NOT_REAL_PERSONNEL_DATA,DEMO / SYNTHETIC DATA — NOT REAL PERSONNEL OR SENSOR DATA
20.9,65.7,5.6,4.0,3.0,2.9,5.6,15.1,1,1,5.6,5.0,2.8,0,SYNTHETIC_PROTOTYPE_BENCHMARK,SYNTHETIC_PROTOTYPE_DATA_NOT_REAL_PERSONNEL_DATA,DEMO / SYNTHETIC DATA — NOT REAL PERSONNEL OR SENSOR DATA
11.4,30.0,4.4,4.0,1.0,0.3,6.7,18.6,0,1,2.9,6.5,1.2,0,SYNTHETIC_PROTOTYPE_BENCHMARK,SYNTHETIC_PROTOTYPE_DATA_NOT_REAL_PERSONNEL_DATA,DEMO / SYNTHETIC DATA — NOT REAL PERSONNEL OR SENSOR DATA
19.1,67.3,2.5,6.8,1.0,6.8,6.7,14.1,0,0,5.4,6.9,-0.2,1,SYNTHETIC_PROTOTYPE_BENCHMARK,SYNTHETIC_PROTOTYPE_DATA_NOT_REAL_PERSONNEL_DATA,DEMO / SYNTHETIC DATA — NOT REAL PERSONNEL OR SENSOR DATA
23.6,37.8,8.0,22.2,2.0,2.4,8.2,5.3,0,3,4.3,5.3,-1.7,1,SYNTHETIC_PROTOTYPE_BENCHMARK,SYNTHETIC_PROTOTYPE_DATA_NOT_REAL_PERSONNEL_DATA,DEMO / SYNTHETIC DATA — NOT REAL PERSONNEL OR SENSOR DATA
17.0,49.3,4.5,4.0,0.0,3.8,7.6,14.4,0,1,5.7,4.2,-0.6,0,SYNTHETIC_PROTOTYPE_BENCHMARK,SYNTHETIC_PROTOTYPE_DATA_NOT_REAL_PERSONNEL_DATA,DEMO / SYNTHETIC DATA — NOT REAL PERSONNEL OR SENSOR DATA
13.7,47.7,3.0,4.0,2.0,6.9,7.1,14.3,0,0,6.8,6.7,1.0,0,SYNTHETIC_PROTOTYPE_BENCHMARK,SYNTHETIC_PROTOTYPE_DATA_NOT_REAL_PERSONNEL_DATA,DEMO / SYNTHETIC DATA — NOT REAL PERSONNEL OR SENSOR DATA
16.4,57.9,5.2,4.0,2.0,14.6,7.0,19.9,0,1,5.5,3.4,-1.7,1,SYNTHETIC_PROTOTYPE_BENCHMARK,SYNTHETIC_PROTOTYPE_DATA_NOT_REAL_PERSONNEL_DATA,DEMO / SYNTHETIC DATA — NOT REAL PERSONNEL OR SENSOR DATA
14.3,36.0,5.6,5.1,5.0,10.5,7.9,18.5,0,0,5.4,6.6,-2.7,0,SYNTHETIC_PROTOTYPE_BENCHMARK,SYNTHETIC_PROTOTYPE_DATA_NOT_REAL_PERSONNEL_DATA,DEMO / SYNTHETIC DATA — NOT REAL PERSONNEL OR SENSOR DATA
16.2,56.6,2.0,4.0,2.0,3.6,7.4,17.1,0,0,6.7,4.6,-1.1,0,SYNTHETIC_PROTOTYPE_BENCHMARK,SYNTHETIC_PROTOTYPE_DATA_NOT_REAL_PERSONNEL_DATA,DEMO / SYNTHETIC DATA — NOT REAL PERSONNEL OR SENSOR DATA
21.3,72.2,6.2,9.4,14.0,2.9,5.4,12.7,2,1,8.3,3.8,-0.1,1,SYNTHETIC_PROTOTYPE_BENCHMARK,SYNTHETIC_PROTOTYPE_DATA_NOT_REAL_PERSONNEL_DATA,DEMO / SYNTHETIC DATA — NOT REAL PERSONNEL OR SENSOR DATA
19.1,38.4,3.4,4.0,1.0,1.6,6.6,18.0,0,1,9.4,9.5,3.0,0,SYNTHETIC_PROTOTYPE_BENCHMARK,SYNTHETIC_PROTOTYPE_DATA_NOT_REAL_PERSONNEL_DATA,DEMO / SYNTHETIC DATA — NOT REAL PERSONNEL OR SENSOR DATA
28.0,53.9,8.9,4.0,3.0,2.8,6.5,13.3,0,1,5.8,6.9,-2.6,1,SYNTHETIC_PROTOTYPE_BENCHMARK,SYNTHETIC_PROTOTYPE_DATA_NOT_REAL_PERSONNEL_DATA,DEMO / SYNTHETIC DATA — NOT REAL PERSONNEL OR SENSOR DATA
16.0,45.4,6.5,4.2,0.0,0.7,7.2,17.7,0,0,9.8,7.0,0.5,0,SYNTHETIC_PROTOTYPE_BENCHMARK,SYNTHETIC_PROTOTYPE_DATA_NOT_REAL_PERSONNEL_DATA,DEMO / SYNTHETIC DATA — NOT REAL PERSONNEL OR SENSOR DATA
20.9,56.3,4.7,12.2,5.0,21.3,6.0,14.2,1,1,8.0,5.7,-0.6,1,SYNTHETIC_PROTOTYPE_BENCHMARK,SYNTHETIC_PROTOTYPE_DATA_NOT_REAL_PERSONNEL_DATA,DEMO / SYNTHETIC DATA — NOT REAL PERSONNEL OR SENSOR DATA
13.4,52.2,4.0,6.3,18.0,5.1,5.4,14.4,1,0,3.7,4.1,-0.5,0,SYNTHETIC_PROTOTYPE_BENCHMARK,SYNTHETIC_PROTOTYPE_DATA_NOT_REAL_PERSONNEL_DATA,DEMO / SYNTHETIC DATA — NOT REAL PERSONNEL OR SENSOR DATA
18.0,45.6,5.3,4.0,6.0,0.8,8.6,17.9,0,1,3.7,5.9,3.4,0,SYNTHETIC_PROTOTYPE_BENCHMARK,SYNTHETIC_PROTOTYPE_DATA_NOT_REAL_PERSONNEL_DATA,DEMO / SYNTHETIC DATA — NOT REAL PERSONNEL OR SENSOR DATA
22.3,56.9,6.7,4.0,3.0,2.6,6.5,14.7,0,1,5.0,5.7,0.2,1,SYNTHETIC_PROTOTYPE_BENCHMARK,SYNTHETIC_PROTOTYPE_DATA_NOT_REAL_PERSONNEL_DATA,DEMO / SYNTHETIC DATA — NOT REAL PERSONNEL OR SENSOR DATA
21.0,70.0,5.4,4.0,2.0,4.8,6.3,13.1,2,1,9.1,4.4,-2.0,1,SYNTHETIC_PROTOTYPE_BENCHMARK,SYNTHETIC_PROTOTYPE_DATA_NOT_REAL_PERSONNEL_DATA,DEMO / SYNTHETIC DATA — NOT REAL PERSONNEL OR SENSOR DATA
16.7,50.1,5.1,4.0,6.0,4.6,8.0,17.6,0,3,5.2,5.4,2.0,1,SYNTHETIC_PROTOTYPE_BENCHMARK,SYNTHETIC_PROTOTYPE_DATA_NOT_REAL_PERSONNEL_DATA,DEMO / SYNTHETIC DATA — NOT REAL PERSONNEL OR SENSOR DATA
31.2,59.2,5.6,4.8,10.0,0.2,4.8,15.1,2,2,2.4,4.1,1.8,2,SYNTHETIC_PROTOTYPE_BENCHMARK,SYNTHETIC_PROTOTYPE_DATA_NOT_REAL_PERSONNEL_DATA,DEMO / SYNTHETIC DATA — NOT REAL PERSONNEL OR SENSOR DATA
20.4,39.1,4.3,7.0,16.0,18.1,6.6,15.6,0,3,5.7,6.2,-2.2,1,SYNTHETIC_PROTOTYPE_BENCHMARK,SYNTHETIC_PROTOTYPE_DATA_NOT_REAL_PERSONNEL_DATA,DEMO / SYNTHETIC DATA — NOT REAL PERSONNEL OR SENSOR DATA
15.6,42.4,4.8,5.3,2.0,1.9,7.0,18.7,0,3,2.2,4.9,-2.6,0,SYNTHETIC_PROTOTYPE_BENCHMARK,SYNTHETIC_PROTOTYPE_DATA_NOT_REAL_PERSONNEL_DATA,DEMO / SYNTHETIC DATA — NOT REAL PERSONNEL OR SENSOR DATA
22.2,56.7,1.3,18.2,16.0,0.1,6.6,8.5,0,2,4.1,5.9,0.9,1,SYNTHETIC_PROTOTYPE_BENCHMARK,SYNTHETIC_PROTOTYPE_DATA_NOT_REAL_PERSONNEL_DATA,DEMO / SYNTHETIC DATA — NOT REAL PERSONNEL OR SENSOR DATA
27.1,66.8,7.4,4.0,1.0,0.5,6.3,15.3,2,3,5.0,1.3,-0.1,2,SYNTHETIC_PROTOTYPE_BENCHMARK,SYNTHETIC_PROTOTYPE_DATA_NOT_REAL_PERSONNEL_DATA,DEMO / SYNTHETIC DATA — NOT REAL PERSONNEL OR SENSOR DATA
20.0,55.6,6.1,8.3,1.0,5.2,7.9,17.0,0,2,6.5,7.0,-1.0,1,SYNTHETIC_PROTOTYPE_BENCHMARK,SYNTHETIC_PROTOTYPE_DATA_NOT_REAL_PERSONNEL_DATA,DEMO / SYNTHETIC DATA — NOT REAL PERSONNEL OR SENSOR DATA
21.5,48.9,4.0,5.8,0.0,0.9,7.7,16.2,0,2,8.2,3.3,2.3,0,SYNTHETIC_PROTOTYPE_BENCHMARK,SYNTHETIC_PROTOTYPE_DATA_NOT_REAL_PERSONNEL_DATA,DEMO / SYNTHETIC DATA — NOT REAL PERSONNEL OR SENSOR DATA
7.6,52.0,9.3,4.0,1.0,0.3,7.8,14.2,0,0,7.6,3.5,-1.3,0,SYNTHETIC_PROTOTYPE_BENCHMARK,SYNTHETIC_PROTOTYPE_DATA_NOT_REAL_PERSONNEL_DATA,DEMO / SYNTHETIC DATA — NOT REAL PERSONNEL OR SENSOR DATA
6.7,39.5,5.7,5.3,5.0,2.9,7.5,13.2,0,0,3.8,6.4,0.9,0,SYNTHETIC_PROTOTYPE_BENCHMARK,SYNTHETIC_PROTOTYPE_DATA_NOT_REAL_PERSONNEL_DATA,DEMO / SYNTHETIC DATA — NOT REAL PERSONNEL OR SENSOR DATA
27.0,58.0,3.4,4.0,7.0,5.8,5.5,14.5,2,2,5.5,5.6,2.6,1,SYNTHETIC_PROTOTYPE_BENCHMARK,SYNTHETIC_PROTOTYPE_DATA_NOT_REAL_PERSONNEL_DATA,DEMO / SYNTHETIC DATA — NOT REAL PERSONNEL OR SENSOR DATA
22.8,60.8,7.2,6.2,5.0,0.7,5.0,13.2,3,1,6.4,7.7,-0.7,2,SYNTHETIC_PROTOTYPE_BENCHMARK,SYNTHETIC_PROTOTYPE_DATA_NOT_REAL_PERSONNEL_DATA,DEMO / SYNTHETIC DATA — NOT REAL PERSONNEL OR SENSOR DATA
19.1,47.5,6.3,4.0,3.0,2.3,5.9,16.1,2,2,5.7,5.8,-4.0,1,SYNTHETIC_PROTOTYPE_BENCHMARK,SYNTHETIC_PROTOTYPE_DATA_NOT_REAL_PERSONNEL_DATA,DEMO / SYNTHETIC DATA — NOT REAL PERSONNEL OR SENSOR DATA
10.5,47.3,6.3,4.0,3.0,3.2,7.4,15.8,0,0,5.7,5.3,-0.9,0,SYNTHETIC_PROTOTYPE_BENCHMARK,SYNTHETIC_PROTOTYPE_DATA_NOT_REAL_PERSONNEL_DATA,DEMO / SYNTHETIC DATA — NOT REAL PERSONNEL OR SENSOR DATA
19.1,54.7,4.6,4.3,4.0,1.0,6.9,16.1,0,1,2.8,5.3,0.4,0,SYNTHETIC_PROTOTYPE_BENCHMARK,SYNTHETIC_PROTOTYPE_DATA_NOT_REAL_PERSONNEL_DATA,DEMO / SYNTHETIC DATA — NOT REAL PERSONNEL OR SENSOR DATA
21.0,47.6,6.4,4.1,2.0,4.2,6.9,13.9,0,2,3.9,7.7,2.2,1,SYNTHETIC_PROTOTYPE_BENCHMARK,SYNTHETIC_PROTOTYPE_DATA_NOT_REAL_PERSONNEL_DATA,DEMO / SYNTHETIC DATA — NOT REAL PERSONNEL OR SENSOR DATA
27.1,51.3,5.0,4.0,6.0,0.5,6.7,15.5,0,3,5.4,8.8,-1.1,1,SYNTHETIC_PROTOTYPE_BENCHMARK,SYNTHETIC_PROTOTYPE_DATA_NOT_REAL_PERSONNEL_DATA,DEMO / SYNTHETIC DATA — NOT REAL PERSONNEL OR SENSOR DATA
21.7,73.0,6.6,4.0,4.0,0.3,7.8,11.5,0,0,1.0,3.7,3.8,1,SYNTHETIC_PROTOTYPE_BENCHMARK,SYNTHETIC_PROTOTYPE_DATA_NOT_REAL_PERSONNEL_DATA,DEMO / SYNTHETIC DATA — NOT REAL PERSONNEL OR SENSOR DATA
16.7,49.5,1.7,4.0,4.0,4.4,6.3,15.9,1,2,7.5,6.1,-2.9,0,SYNTHETIC_PROTOTYPE_BENCHMARK,SYNTHETIC_PROTOTYPE_DATA_NOT_REAL_PERSONNEL_DATA,DEMO / SYNTHETIC DATA — NOT REAL PERSONNEL OR SENSOR DATA
19.3,48.4,4.6,4.0,3.0,1.7,7.9,18.0,0,2,3.5,5.2,0.4,0,SYNTHETIC_PROTOTYPE_BENCHMARK,SYNTHETIC_PROTOTYPE_DATA_NOT_REAL_PERSONNEL_DATA,DEMO / SYNTHETIC DATA — NOT REAL PERSONNEL OR SENSOR DATA
21.7,45.5,8.9,8.4,8.0,0.6,7.3,11.0,0,0,7.6,5.3,-0.5,1,SYNTHETIC_PROTOTYPE_BENCHMARK,SYNTHETIC_PROTOTYPE_DATA_NOT_REAL_PERSONNEL_DATA,DEMO / SYNTHETIC DATA — NOT REAL PERSONNEL OR SENSOR DATA
22.8,59.4,4.0,10.5,1.0,3.3,6.6,14.0,0,1,7.4,7.5,3.0,1,SYNTHETIC_PROTOTYPE_BENCHMARK,SYNTHETIC_PROTOTYPE_DATA_NOT_REAL_PERSONNEL_DATA,DEMO / SYNTHETIC DATA — NOT REAL PERSONNEL OR SENSOR DATA
17.4,50.2,4.3,4.0,2.0,14.8,7.6,14.4,0,0,5.1,3.8,-3.2,0,SYNTHETIC_PROTOTYPE_BENCHMARK,SYNTHETIC_PROTOTYPE_DATA_NOT_REAL_PERSONNEL_DATA,DEMO / SYNTHETIC DATA — NOT REAL PERSONNEL OR SENSOR DATA
14.6,45.5,4.6,5.6,5.0,7.7,8.2,16.6,0,0,8.2,2.0,0.9,0,SYNTHETIC_PROTOTYPE_BENCHMARK,SYNTHETIC_PROTOTYPE_DATA_NOT_REAL_PERSONNEL_DATA,DEMO / SYNTHETIC DATA — NOT REAL PERSONNEL OR SENSOR DATA
18.1,65.2,3.1,4.0,2.0,10.1,6.0,15.9,2,1,7.7,4.9,-0.5,1,SYNTHETIC_PROTOTYPE_BENCHMARK,SYNTHETIC_PROTOTYPE_DATA_NOT_REAL_PERSONNEL_DATA,DEMO / SYNTHETIC DATA — NOT REAL PERSONNEL OR SENSOR DATA
12.8,66.2,1.1,5.5,8.0,12.3,6.7,15.8,0,0,5.6,6.1,3.4,0,SYNTHETIC_PROTOTYPE_BENCHMARK,SYNTHETIC_PROTOTYPE_DATA_NOT_REAL_PERSONNEL_DATA,DEMO / SYNTHETIC DATA — NOT REAL PERSONNEL OR SENSOR DATA
10.7,46.0,5.0,4.0,1.0,21.6,6.9,15.7,0,0,5.4,5.8,-1.8,0,SYNTHETIC_PROTOTYPE_BENCHMARK,SYNTHETIC_PROTOTYPE_DATA_NOT_REAL_PERSONNEL_DATA,DEMO / SYNTHETIC DATA — NOT REAL PERSONNEL OR SENSOR DATA
17.6,33.3,5.8,4.0,2.0,8.6,7.5,18.3,0,2,8.4,6.9,0.9,0,SYNTHETIC_PROTOTYPE_BENCHMARK,SYNTHETIC_PROTOTYPE_DATA_NOT_REAL_PERSONNEL_DATA,DEMO / SYNTHETIC DATA — NOT REAL PERSONNEL OR SENSOR DATA
22.5,62.1,5.4,4.0,8.0,5.6,6.6,16.3,0,1,6.7,5.7,-1.8,1,SYNTHETIC_PROTOTYPE_BENCHMARK,SYNTHETIC_PROTOTYPE_DATA_NOT_REAL_PERSONNEL_DATA,DEMO / SYNTHETIC DATA — NOT REAL PERSONNEL OR SENSOR DATA
21.6,45.2,5.2,4.0,2.0,2.7,6.7,14.2,0,1,8.3,5.7,0.4,1,SYNTHETIC_PROTOTYPE_BENCHMARK,SYNTHETIC_PROTOTYPE_DATA_NOT_REAL_PERSONNEL_DATA,DEMO / SYNTHETIC DATA — NOT REAL PERSONNEL OR SENSOR DATA
21.1,59.9,5.6,5.1,3.0,1.2,6.4,15.3,1,0,1.4,5.5,-0.8,1,SYNTHETIC_PROTOTYPE_BENCHMARK,SYNTHETIC_PROTOTYPE_DATA_NOT_REAL_PERSONNEL_DATA,DEMO / SYNTHETIC DATA — NOT REAL PERSONNEL OR SENSOR DATA
21.6,32.3,7.5,7.2,1.0,7.0,7.1,13.6,0,2,6.4,7.0,-0.8,1,SYNTHETIC_PROTOTYPE_BENCHMARK,SYNTHETIC_PROTOTYPE_DATA_NOT_REAL_PERSONNEL_DATA,DEMO / SYNTHETIC DATA — NOT REAL PERSONNEL OR SENSOR DATA
21.4,60.9,5.1,4.0,1.0,31.7,6.4,15.9,1,2,3.0,1.7,-4.4,1,SYNTHETIC_PROTOTYPE_BENCHMARK,SYNTHETIC_PROTOTYPE_DATA_NOT_REAL_PERSONNEL_DATA,DEMO / SYNTHETIC DATA — NOT REAL PERSONNEL OR SENSOR DATA
18.1,39.9,4.4,4.0,4.0,3.8,7.3,14.8,0,1,6.1,6.0,0.9,0,SYNTHETIC_PROTOTYPE_BENCHMARK,SYNTHETIC_PROTOTYPE_DATA_NOT_REAL_PERSONNEL_DATA,DEMO / SYNTHETIC DATA — NOT REAL PERSONNEL OR SENSOR DATA
20.3,59.3,4.9,7.6,0.0,7.7,5.5,12.8,1,3,7.6,2.3,-2.4,1,SYNTHETIC_PROTOTYPE_BENCHMARK,SYNTHETIC_PROTOTYPE_DATA_NOT_REAL_PERSONNEL_DATA,DEMO / SYNTHETIC DATA — NOT REAL PERSONNEL OR SENSOR DATA
21.2,52.1,6.7,6.0,7.0,4.1,6.3,15.2,2,2,9.7,5.0,-2.5,2,SYNTHETIC_PROTOTYPE_BENCHMARK,SYNTHETIC_PROTOTYPE_DATA_NOT_REAL_PERSONNEL_DATA,DEMO / SYNTHETIC DATA — NOT REAL PERSONNEL OR SENSOR DATA
15.2,42.5,8.3,4.0,5.0,3.4,4.7,15.7,3,2,4.3,4.9,-3.4,1,SYNTHETIC_PROTOTYPE_BENCHMARK,SYNTHETIC_PROTOTYPE_DATA_NOT_REAL_PERSONNEL_DATA,DEMO / SYNTHETIC DATA — NOT REAL PERSONNEL OR SENSOR DATA
18.9,47.9,4.2,4.0,1.0,3.2,6.7,17.7,0,2,5.1,6.9,-2.3,1,SYNTHETIC_PROTOTYPE_BENCHMARK,SYNTHETIC_PROTOTYPE_DATA_NOT_REAL_PERSONNEL_DATA,DEMO / SYNTHETIC DATA — NOT REAL PERSONNEL OR SENSOR DATA
23.3,58.9,5.7,4.5,4.0,4.2,6.6,14.6,0,0,6.0,5.1,1.1,1,SYNTHETIC_PROTOTYPE_BENCHMARK,SYNTHETIC_PROTOTYPE_DATA_NOT_REAL_PERSONNEL_DATA,DEMO / SYNTHETIC DATA — NOT REAL PERSONNEL OR SENSOR DATA
17.8,53.1,6.2,4.0,3.0,2.7,6.8,11.6,0,0,4.3,5.8,1.0,0,SYNTHETIC_PROTOTYPE_BENCHMARK,SYNTHETIC_PROTOTYPE_DATA_NOT_REAL_PERSONNEL_DATA,DEMO / SYNTHETIC DATA — NOT REAL PERSONNEL OR SENSOR DATA
18.1,57.8,3.5,4.0,1.0,8.3,8.1,14.9,0,0,8.2,4.5,1.5,0,SYNTHETIC_PROTOTYPE_BENCHMARK,SYNTHETIC_PROTOTYPE_DATA_NOT_REAL_PERSONNEL_DATA,DEMO / SYNTHETIC DATA — NOT REAL PERSONNEL OR SENSOR DATA
22.2,71.8,5.5,4.0,1.0,12.4,6.3,12.3,2,0,6.1,5.6,-2.3,1,SYNTHETIC_PROTOTYPE_BENCHMARK,SYNTHETIC_PROTOTYPE_DATA_NOT_REAL_PERSONNEL_DATA,DEMO / SYNTHETIC DATA — NOT REAL PERSONNEL OR SENSOR DATA
9.0,36.4,2.6,9.2,2.0,12.9,7.7,14.3,0,0,6.4,3.6,0.5,0,SYNTHETIC_PROTOTYPE_BENCHMARK,SYNTHETIC_PROTOTYPE_DATA_NOT_REAL_PERSONNEL_DATA,DEMO / SYNTHETIC DATA — NOT REAL PERSONNEL OR SENSOR DATA
23.9,68.2,2.0,4.7,4.0,1.6,5.0,12.0,1,3,7.4,2.9,-1.4,1,SYNTHETIC_PROTOTYPE_BENCHMARK,SYNTHETIC_PROTOTYPE_DATA_NOT_REAL_PERSONNEL_DATA,DEMO / SYNTHETIC DATA — NOT REAL PERSONNEL OR SENSOR DATA
22.9,53.0,6.2,17.1,4.0,13.6,6.3,8.4,1,0,6.1,7.0,2.1,1,SYNTHETIC_PROTOTYPE_BENCHMARK,SYNTHETIC_PROTOTYPE_DATA_NOT_REAL_PERSONNEL_DATA,DEMO / SYNTHETIC DATA — NOT REAL PERSONNEL OR SENSOR DATA
22.4,43.0,4.7,5.8,3.0,2.5,6.9,14.1,0,3,4.6,5.0,0.9,1,SYNTHETIC_PROTOTYPE_BENCHMARK,SYNTHETIC_PROTOTYPE_DATA_NOT_REAL_PERSONNEL_DATA,DEMO / SYNTHETIC DATA — NOT REAL PERSONNEL OR SENSOR DATA
13.8,38.7,5.9,11.4,5.0,2.2,6.9,15.7,0,1,6.1,2.6,-1.4,0,SYNTHETIC_PROTOTYPE_BENCHMARK,SYNTHETIC_PROTOTYPE_DATA_NOT_REAL_PERSONNEL_DATA,DEMO / SYNTHETIC DATA — NOT REAL PERSONNEL OR SENSOR DATA
11.7,50.1,5.5,4.0,5.0,7.8,6.2,13.5,1,0,4.5,7.4,2.3,0,SYNTHETIC_PROTOTYPE_BENCHMARK,SYNTHETIC_PROTOTYPE_DATA_NOT_REAL_PERSONNEL_DATA,DEMO / SYNTHETIC DATA — NOT REAL PERSONNEL OR SENSOR DATA
21.8,61.2,3.5,5.9,3.0,2.2,5.1,14.9,1,1,6.4,6.2,1.1,1,SYNTHETIC_PROTOTYPE_BENCHMARK,SYNTHETIC_PROTOTYPE_DATA_NOT_REAL_PERSONNEL_DATA,DEMO / SYNTHETIC DATA — NOT REAL PERSONNEL OR SENSOR DATA
15.2,50.7,5.4,4.0,5.0,0.3,6.0,16.8,2,0,8.2,6.2,-3.1,0,SYNTHETIC_PROTOTYPE_BENCHMARK,SYNTHETIC_PROTOTYPE_DATA_NOT_REAL_PERSONNEL_DATA,DEMO / SYNTHETIC DATA — NOT REAL PERSONNEL OR SENSOR DATA
22.0,67.1,3.0,4.4,1.0,2.8,7.0,18.4,0,3,3.9,4.4,-3.7,1,SYNTHETIC_PROTOTYPE_BENCHMARK,SYNTHETIC_PROTOTYPE_DATA_NOT_REAL_PERSONNEL_DATA,DEMO / SYNTHETIC DATA — NOT REAL PERSONNEL OR SENSOR DATA
12.8,37.5,8.3,4.0,7.0,7.7,7.3,17.2,0,2,3.1,8.4,-3.0,0,SYNTHETIC_PROTOTYPE_BENCHMARK,SYNTHETIC_PROTOTYPE_DATA_NOT_REAL_PERSONNEL_DATA,DEMO / SYNTHETIC DATA — NOT REAL PERSONNEL OR SENSOR DATA
19.7,51.9,2.8,4.0,3.0,2.4,6.5,17.8,0,0,6.3,7.0,3.6,0,SYNTHETIC_PROTOTYPE_BENCHMARK,SYNTHETIC_PROTOTYPE_DATA_NOT_REAL_PERSONNEL_DATA,DEMO / SYNTHETIC DATA — NOT REAL PERSONNEL OR SENSOR DATA
18.2,39.5,5.1,7.9,6.0,6.0,7.3,15.8,0,3,4.7,8.1,-2.2,0,SYNTHETIC_PROTOTYPE_BENCHMARK,SYNTHETIC_PROTOTYPE_DATA_NOT_REAL_PERSONNEL_DATA,DEMO / SYNTHETIC DATA — NOT REAL PERSONNEL OR SENSOR DATA
18.7,55.6,3.4,7.7,3.0,6.5,7.6,11.7,0,2,6.3,6.0,4.1,0,SYNTHETIC_PROTOTYPE_BENCHMARK,SYNTHETIC_PROTOTYPE_DATA_NOT_REAL_PERSONNEL_DATA,DEMO / SYNTHETIC DATA — NOT REAL PERSONNEL OR SENSOR DATA
16.3,60.9,6.6,4.0,1.0,7.9,6.4,16.3,1,0,6.8,4.8,-2.3,1,SYNTHETIC_PROTOTYPE_BENCHMARK,SYNTHETIC_PROTOTYPE_DATA_NOT_REAL_PERSONNEL_DATA,DEMO / SYNTHETIC DATA — NOT REAL PERSONNEL OR SENSOR DATA
15.7,47.8,4.8,4.0,3.0,13.6,7.2,17.3,0,1,1.9,4.7,-2.6,0,SYNTHETIC_PROTOTYPE_BENCHMARK,SYNTHETIC_PROTOTYPE_DATA_NOT_REAL_PERSONNEL_DATA,DEMO / SYNTHETIC DATA — NOT REAL PERSONNEL OR SENSOR DATA
14.0,30.0,4.5,4.0,2.0,3.4,7.1,13.7,0,1,7.6,4.4,1.9,0,SYNTHETIC_PROTOTYPE_BENCHMARK,SYNTHETIC_PROTOTYPE_DATA_NOT_REAL_PERSONNEL_DATA,DEMO / SYNTHETIC DATA — NOT REAL PERSONNEL OR SENSOR DATA
16.3,54.0,7.2,4.0,4.0,1.1,6.4,14.4,2,0,3.9,5.8,2.0,1,SYNTHETIC_PROTOTYPE_BENCHMARK,SYNTHETIC_PROTOTYPE_DATA_NOT_REAL_PERSONNEL_DATA,DEMO / SYNTHETIC DATA — NOT REAL PERSONNEL OR SENSOR DATA
19.7,56.4,5.6,7.1,2.0,2.3,7.1,12.7,0,2,6.2,5.7,1.2,1,SYNTHETIC_PROTOTYPE_BENCHMARK,SYNTHETIC_PROTOTYPE_DATA_NOT_REAL_PERSONNEL_DATA,DEMO / SYNTHETIC DATA — NOT REAL PERSONNEL OR SENSOR DATA
22.0,56.0,6.5,4.0,6.0,3.4,8.3,17.1,0,0,4.9,4.4,1.5,0,SYNTHETIC_PROTOTYPE_BENCHMARK,SYNTHETIC_PROTOTYPE_DATA_NOT_REAL_PERSONNEL_DATA,DEMO / SYNTHETIC DATA — NOT REAL PERSONNEL OR SENSOR DATA
11.8,64.4,3.5,11.5,4.0,7.5,7.4,12.5,0,1,5.1,5.3,-1.8,1,SYNTHETIC_PROTOTYPE_BENCHMARK,SYNTHETIC_PROTOTYPE_DATA_NOT_REAL_PERSONNEL_DATA,DEMO / SYNTHETIC DATA — NOT REAL PERSONNEL OR SENSOR DATA
12.7,41.3,2.7,4.0,4.0,0.1,7.9,15.0,0,0,9.6,5.2,1.8,0,SYNTHETIC_PROTOTYPE_BENCHMARK,SYNTHETIC_PROTOTYPE_DATA_NOT_REAL_PERSONNEL_DATA,DEMO / SYNTHETIC DATA — NOT REAL PERSONNEL OR SENSOR DATA
19.9,58.8,5.7,4.3,1.0,2.3,6.8,12.9,0,3,6.8,6.0,0.5,1,SYNTHETIC_PROTOTYPE_BENCHMARK,SYNTHETIC_PROTOTYPE_DATA_NOT_REAL_PERSONNEL_DATA,DEMO / SYNTHETIC DATA — NOT REAL PERSONNEL OR SENSOR DATA
26.5,63.9,4.9,4.5,15.0,9.1,7.4,15.3,0,2,8.0,3.1,-0.8,1,SYNTHETIC_PROTOTYPE_BENCHMARK,SYNTHETIC_PROTOTYPE_DATA_NOT_REAL_PERSONNEL_DATA,DEMO / SYNTHETIC DATA — NOT REAL PERSONNEL OR SENSOR DATA
12.1,34.2,6.8,4.0,6.0,6.7,8.2,14.5,0,0,6.5,4.5,0.2,0,SYNTHETIC_PROTOTYPE_BENCHMARK,SYNTHETIC_PROTOTYPE_DATA_NOT_REAL_PERSONNEL_DATA,DEMO / SYNTHETIC DATA — NOT REAL PERSONNEL OR SENSOR DATA
15.6,55.2,5.3,4.0,5.0,7.9,4.8,16.1,3,0,7.4,4.6,2.3,0,SYNTHETIC_PROTOTYPE_BENCHMARK,SYNTHETIC_PROTOTYPE_DATA_NOT_REAL_PERSONNEL_DATA,DEMO / SYNTHETIC DATA — NOT REAL PERSONNEL OR SENSOR DATA
16.2,47.0,5.9,7.2,1.0,10.0,6.1,12.0,1,0,7.0,6.6,0.9,1,SYNTHETIC_PROTOTYPE_BENCHMARK,SYNTHETIC_PROTOTYPE_DATA_NOT_REAL_PERSONNEL_DATA,DEMO / SYNTHETIC DATA — NOT REAL PERSONNEL OR SENSOR DATA
19.1,51.2,2.3,5.7,3.0,9.2,7.0,15.3,0,2,6.7,3.4,-4.7,0,SYNTHETIC_PROTOTYPE_BENCHMARK,SYNTHETIC_PROTOTYPE_DATA_NOT_REAL_PERSONNEL_DATA,DEMO / SYNTHETIC DATA — NOT REAL PERSONNEL OR SENSOR DATA
32.8,55.5,9.3,4.0,1.0,6.9,5.2,14.7,2,0,8.4,6.5,2.0,2,SYNTHETIC_PROTOTYPE_BENCHMARK,SYNTHETIC_PROTOTYPE_DATA_NOT_REAL_PERSONNEL_DATA,DEMO / SYNTHETIC DATA — NOT REAL PERSONNEL OR SENSOR DATA
11.1,47.1,5.2,4.0,3.0,3.5,6.4,13.1,2,2,6.5,2.9,1.8,0,SYNTHETIC_PROTOTYPE_BENCHMARK,SYNTHETIC_PROTOTYPE_DATA_NOT_REAL_PERSONNEL_DATA,DEMO / SYNTHETIC DATA — NOT REAL PERSONNEL OR SENSOR DATA
17.5,45.2,6.9,4.0,1.0,24.7,6.0,12.9,2,3,10.0,5.1,-0.8,1,SYNTHETIC_PROTOTYPE_BENCHMARK,SYNTHETIC_PROTOTYPE_DATA_NOT_REAL_PERSONNEL_DATA,DEMO / SYNTHETIC DATA — NOT REAL PERSONNEL OR SENSOR DATA
23.0,52.3,3.8,4.0,3.0,5.1,6.6,13.2,0,1,8.1,3.0,0.3,1,SYNTHETIC_PROTOTYPE_BENCHMARK,SYNTHETIC_PROTOTYPE_DATA_NOT_REAL_PERSONNEL_DATA,DEMO / SYNTHETIC DATA — NOT REAL PERSONNEL OR SENSOR DATA
8.8,41.1,6.1,4.0,4.0,1.4,7.2,15.2,0,0,3.9,1.8,0.2,0,SYNTHETIC_PROTOTYPE_BENCHMARK,SYNTHETIC_PROTOTYPE_DATA_NOT_REAL_PERSONNEL_DATA,DEMO / SYNTHETIC DATA — NOT REAL PERSONNEL OR SENSOR DATA
14.6,41.1,2.9,4.0,2.0,2.1,7.2,15.8,0,1,5.8,6.3,-4.4,0,SYNTHETIC_PROTOTYPE_BENCHMARK,SYNTHETIC_PROTOTYPE_DATA_NOT_REAL_PERSONNEL_DATA,DEMO / SYNTHETIC DATA — NOT REAL PERSONNEL OR SENSOR DATA
17.9,58.8,6.4,7.4,2.0,7.1,7.2,14.8,0,1,7.0,4.5,-0.9,1,SYNTHETIC_PROTOTYPE_BENCHMARK,SYNTHETIC_PROTOTYPE_DATA_NOT_REAL_PERSONNEL_DATA,DEMO / SYNTHETIC DATA — NOT REAL PERSONNEL OR SENSOR DATA
13.4,40.5,4.8,5.1,7.0,15.5,6.8,15.8,0,1,6.3,3.7,-0.8,0,SYNTHETIC_PROTOTYPE_BENCHMARK,SYNTHETIC_PROTOTYPE_DATA_NOT_REAL_PERSONNEL_DATA,DEMO / SYNTHETIC DATA — NOT REAL PERSONNEL OR SENSOR DATA
19.5,58.7,5.6,11.5,0.0,1.2,6.4,11.1,1,1,7.6,4.0,-0.3,1,SYNTHETIC_PROTOTYPE_BENCHMARK,SYNTHETIC_PROTOTYPE_DATA_NOT_REAL_PERSONNEL_DATA,DEMO / SYNTHETIC DATA — NOT REAL PERSONNEL OR SENSOR DATA
20.1,56.6,6.9,4.7,5.0,0.5,5.7,17.4,1,1,7.8,5.5,-1.2,0,SYNTHETIC_PROTOTYPE_BENCHMARK,SYNTHETIC_PROTOTYPE_DATA_NOT_REAL_PERSONNEL_DATA,DEMO / SYNTHETIC DATA — NOT REAL PERSONNEL OR SENSOR DATA
16.5,34.7,3.0,11.3,1.0,12.8,8.1,11.8,0,1,3.5,5.5,1.5,0,SYNTHETIC_PROTOTYPE_BENCHMARK,SYNTHETIC_PROTOTYPE_DATA_NOT_REAL_PERSONNEL_DATA,DEMO / SYNTHETIC DATA — NOT REAL PERSONNEL OR SENSOR DATA
25.6,45.2,4.1,4.0,0.0,14.8,6.3,16.5,1,3,8.8,5.2,-1.8,1,SYNTHETIC_PROTOTYPE_BENCHMARK,SYNTHETIC_PROTOTYPE_DATA_NOT_REAL_PERSONNEL_DATA,DEMO / SYNTHETIC DATA — NOT REAL PERSONNEL OR SENSOR DATA
22.7,63.9,6.4,4.0,1.0,1.9,5.6,15.3,2,0,5.2,3.9,2.0,1,SYNTHETIC_PROTOTYPE_BENCHMARK,SYNTHETIC_PROTOTYPE_DATA_NOT_REAL_PERSONNEL_DATA,DEMO / SYNTHETIC DATA — NOT REAL PERSONNEL OR SENSOR DATA
17.5,42.2,9.7,15.1,5.0,2.8,7.5,11.9,0,1,5.0,4.8,1.4,1,SYNTHETIC_PROTOTYPE_BENCHMARK,SYNTHETIC_PROTOTYPE_DATA_NOT_REAL_PERSONNEL_DATA,DEMO / SYNTHETIC DATA — NOT REAL PERSONNEL OR SENSOR DATA
20.6,47.4,5.2,4.1,2.0,6.5,6.4,15.1,2,2,5.0,4.5,3.0,1,SYNTHETIC_PROTOTYPE_BENCHMARK,SYNTHETIC_PROTOTYPE_DATA_NOT_REAL_PERSONNEL_DATA,DEMO / SYNTHETIC DATA — NOT REAL PERSONNEL OR SENSOR DATA
22.2,56.6,6.7,4.0,7.0,2.4,6.3,16.4,1,0,7.8,3.9,3.8,0,SYNTHETIC_PROTOTYPE_BENCHMARK,SYNTHETIC_PROTOTYPE_DATA_NOT_REAL_PERSONNEL_DATA,DEMO / SYNTHETIC DATA — NOT REAL PERSONNEL OR SENSOR DATA
25.7,59.8,5.3,5.1,3.0,12.6,6.5,15.1,0,2,5.7,3.5,3.8,1,SYNTHETIC_PROTOTYPE_BENCHMARK,SYNTHETIC_PROTOTYPE_DATA_NOT_REAL_PERSONNEL_DATA,DEMO / SYNTHETIC DATA — NOT REAL PERSONNEL OR SENSOR DATA
23.4,49.5,9.4,9.4,0.0,0.7,6.8,15.1,0,2,4.9,3.7,-2.6,1,SYNTHETIC_PROTOTYPE_BENCHMARK,SYNTHETIC_PROTOTYPE_DATA_NOT_REAL_PERSONNEL_DATA,DEMO / SYNTHETIC DATA — NOT REAL PERSONNEL OR SENSOR DATA
18.7,46.0,2.0,6.4,4.0,0.2,9.1,13.0,0,1,5.4,4.9,0.8,0,SYNTHETIC_PROTOTYPE_BENCHMARK,SYNTHETIC_PROTOTYPE_DATA_NOT_REAL_PERSONNEL_DATA,DEMO / SYNTHETIC DATA — NOT REAL PERSONNEL OR SENSOR DATA
17.6,66.2,5.7,4.0,0.0,1.4,6.3,12.1,2,0,2.6,3.4,-1.6,1,SYNTHETIC_PROTOTYPE_BENCHMARK,SYNTHETIC_PROTOTYPE_DATA_NOT_REAL_PERSONNEL_DATA,DEMO / SYNTHETIC DATA — NOT REAL PERSONNEL OR SENSOR DATA
22.7,69.4,2.2,4.5,5.0,2.0,6.8,13.5,0,0,4.5,2.5,5.0,1,SYNTHETIC_PROTOTYPE_BENCHMARK,SYNTHETIC_PROTOTYPE_DATA_NOT_REAL_PERSONNEL_DATA,DEMO / SYNTHETIC DATA — NOT REAL PERSONNEL OR SENSOR DATA
20.9,61.8,1.0,18.5,1.0,0.7,5.1,11.9,1,0,3.7,5.7,1.4,1,SYNTHETIC_PROTOTYPE_BENCHMARK,SYNTHETIC_PROTOTYPE_DATA_NOT_REAL_PERSONNEL_DATA,DEMO / SYNTHETIC DATA — NOT REAL PERSONNEL OR SENSOR DATA
15.6,52.9,6.1,4.0,1.0,0.4,6.3,15.3,1,0,5.7,6.9,3.1,0,SYNTHETIC_PROTOTYPE_BENCHMARK,SYNTHETIC_PROTOTYPE_DATA_NOT_REAL_PERSONNEL_DATA,DEMO / SYNTHETIC DATA — NOT REAL PERSONNEL OR SENSOR DATA
22.0,43.9,5.8,4.4,5.0,8.5,6.2,15.6,1,3,7.5,5.6,1.0,1,SYNTHETIC_PROTOTYPE_BENCHMARK,SYNTHETIC_PROTOTYPE_DATA_NOT_REAL_PERSONNEL_DATA,DEMO / SYNTHETIC DATA — NOT REAL PERSONNEL OR SENSOR DATA
18.2,43.7,4.9,4.0,11.0,1.1,6.6,13.5,0,1,7.3,5.7,-5.0,0,SYNTHETIC_PROTOTYPE_BENCHMARK,SYNTHETIC_PROTOTYPE_DATA_NOT_REAL_PERSONNEL_DATA,DEMO / SYNTHETIC DATA — NOT REAL PERSONNEL OR SENSOR DATA
17.3,57.2,5.3,4.1,2.0,14.7,6.7,15.7,0,0,8.7,3.8,-1.7,0,SYNTHETIC_PROTOTYPE_BENCHMARK,SYNTHETIC_PROTOTYPE_DATA_NOT_REAL_PERSONNEL_DATA,DEMO / SYNTHETIC DATA — NOT REAL PERSONNEL OR SENSOR DATA
23.6,56.2,10.0,4.0,6.0,2.8,7.6,13.6,0,3,8.3,6.5,-1.5,1,SYNTHETIC_PROTOTYPE_BENCHMARK,SYNTHETIC_PROTOTYPE_DATA_NOT_REAL_PERSONNEL_DATA,DEMO / SYNTHETIC DATA — NOT REAL PERSONNEL OR SENSOR DATA
16.5,66.0,5.0,4.0,1.0,6.7,6.5,13.8,0,2,5.1,6.9,-0.9,1,SYNTHETIC_PROTOTYPE_BENCHMARK,SYNTHETIC_PROTOTYPE_DATA_NOT_REAL_PERSONNEL_DATA,DEMO / SYNTHETIC DATA — NOT REAL PERSONNEL OR SENSOR DATA
16.2,58.5,6.5,4.0,6.0,1.5,6.5,14.8,0,0,6.2,4.5,0.8,0,SYNTHETIC_PROTOTYPE_BENCHMARK,SYNTHETIC_PROTOTYPE_DATA_NOT_REAL_PERSONNEL_DATA,DEMO / SYNTHETIC DATA — NOT REAL PERSONNEL OR SENSOR DATA
13.7,37.0,4.2,4.0,4.0,1.6,7.1,16.5,0,1,6.1,5.2,1.1,0,SYNTHETIC_PROTOTYPE_BENCHMARK,SYNTHETIC_PROTOTYPE_DATA_NOT_REAL_PERSONNEL_DATA,DEMO / SYNTHETIC DATA — NOT REAL PERSONNEL OR SENSOR DATA
16.2,62.5,6.1,4.0,1.0,5.1,7.3,16.7,0,0,1.9,5.0,-5.0,0,SYNTHETIC_PROTOTYPE_BENCHMARK,SYNTHETIC_PROTOTYPE_DATA_NOT_REAL_PERSONNEL_DATA,DEMO / SYNTHETIC DATA — NOT REAL PERSONNEL OR SENSOR DATA
13.6,42.0,5.0,4.0,1.0,4.9,8.9,16.8,0,3,3.8,5.9,-0.5,0,SYNTHETIC_PROTOTYPE_BENCHMARK,SYNTHETIC_PROTOTYPE_DATA_NOT_REAL_PERSONNEL_DATA,DEMO / SYNTHETIC DATA — NOT REAL PERSONNEL OR SENSOR DATA
21.3,48.2,4.7,7.2,0.0,8.8,7.0,11.1,0,1,5.9,4.6,-1.1,0,SYNTHETIC_PROTOTYPE_BENCHMARK,SYNTHETIC_PROTOTYPE_DATA_NOT_REAL_PERSONNEL_DATA,DEMO / SYNTHETIC DATA — NOT REAL PERSONNEL OR SENSOR DATA
23.2,54.5,9.1,4.0,2.0,8.5,7.4,15.6,0,3,5.9,5.7,3.0,1,SYNTHETIC_PROTOTYPE_BENCHMARK,SYNTHETIC_PROTOTYPE_DATA_NOT_REAL_PERSONNEL_DATA,DEMO / SYNTHETIC DATA — NOT REAL PERSONNEL OR SENSOR DATA
31.2,72.0,7.9,4.0,1.0,6.7,6.3,15.2,1,0,7.2,5.4,1.3,1,SYNTHETIC_PROTOTYPE_BENCHMARK,SYNTHETIC_PROTOTYPE_DATA_NOT_REAL_PERSONNEL_DATA,DEMO / SYNTHETIC DATA — NOT REAL PERSONNEL OR SENSOR DATA
27.4,83.1,5.8,11.3,4.0,3.6,6.3,9.6,1,2,7.1,2.2,-0.4,2,SYNTHETIC_PROTOTYPE_BENCHMARK,SYNTHETIC_PROTOTYPE_DATA_NOT_REAL_PERSONNEL_DATA,DEMO / SYNTHETIC DATA — NOT REAL PERSONNEL OR SENSOR DATA
21.1,58.1,1.0,4.0,18.0,13.3,5.4,15.6,2,0,2.7,8.6,0.5,1,SYNTHETIC_PROTOTYPE_BENCHMARK,SYNTHETIC_PROTOTYPE_DATA_NOT_REAL_PERSONNEL_DATA,DEMO / SYNTHETIC DATA — NOT REAL PERSONNEL OR SENSOR DATA
20.4,50.2,4.8,4.0,0.0,5.8,6.5,15.1,0,3,7.2,2.9,-3.7,1,SYNTHETIC_PROTOTYPE_BENCHMARK,SYNTHETIC_PROTOTYPE_DATA_NOT_REAL_PERSONNEL_DATA,DEMO / SYNTHETIC DATA — NOT REAL PERSONNEL OR SENSOR DATA
23.3,57.3,10.0,4.0,3.0,27.8,6.3,16.6,1,3,6.6,3.5,1.5,2,SYNTHETIC_PROTOTYPE_BENCHMARK,SYNTHETIC_PROTOTYPE_DATA_NOT_REAL_PERSONNEL_DATA,DEMO / SYNTHETIC DATA — NOT REAL PERSONNEL OR SENSOR DATA
20.2,60.9,5.0,5.6,3.0,10.3,7.3,15.1,0,1,7.4,5.0,-0.9,0,SYNTHETIC_PROTOTYPE_BENCHMARK,SYNTHETIC_PROTOTYPE_DATA_NOT_REAL_PERSONNEL_DATA,DEMO / SYNTHETIC DATA — NOT REAL PERSONNEL OR SENSOR DATA
26.4,48.8,7.7,9.3,9.0,0.3,6.5,12.4,2,2,8.3,8.7,-1.8,2,SYNTHETIC_PROTOTYPE_BENCHMARK,SYNTHETIC_PROTOTYPE_DATA_NOT_REAL_PERSONNEL_DATA,DEMO / SYNTHETIC DATA — NOT REAL PERSONNEL OR SENSOR DATA
27.3,70.0,8.4,9.9,2.0,2.3,4.6,15.1,3,2,5.9,3.3,2.9,2,SYNTHETIC_PROTOTYPE_BENCHMARK,SYNTHETIC_PROTOTYPE_DATA_NOT_REAL_PERSONNEL_DATA,DEMO / SYNTHETIC DATA — NOT REAL PERSONNEL OR SENSOR DATA
24.7,54.3,5.9,6.0,3.0,5.1,6.4,10.4,2,3,8.7,3.4,0.6,1,SYNTHETIC_PROTOTYPE_BENCHMARK,SYNTHETIC_PROTOTYPE_DATA_NOT_REAL_PERSONNEL_DATA,DEMO / SYNTHETIC DATA — NOT REAL PERSONNEL OR SENSOR DATA
17.1,57.0,3.8,4.0,2.0,7.7,7.4,15.5,0,0,4.4,5.7,-1.5,0,SYNTHETIC_PROTOTYPE_BENCHMARK,SYNTHETIC_PROTOTYPE_DATA_NOT_REAL_PERSONNEL_DATA,DEMO / SYNTHETIC DATA — NOT REAL PERSONNEL OR SENSOR DATA
18.4,58.7,1.0,4.0,1.0,4.8,5.3,12.1,1,1,4.3,4.4,-1.3,1,SYNTHETIC_PROTOTYPE_BENCHMARK,SYNTHETIC_PROTOTYPE_DATA_NOT_REAL_PERSONNEL_DATA,DEMO / SYNTHETIC DATA — NOT REAL PERSONNEL OR SENSOR DATA
22.9,56.2,6.9,4.0,0.0,9.3,5.6,13.8,2,2,7.1,5.9,0.8,1,SYNTHETIC_PROTOTYPE_BENCHMARK,SYNTHETIC_PROTOTYPE_DATA_NOT_REAL_PERSONNEL_DATA,DEMO / SYNTHETIC DATA — NOT REAL PERSONNEL OR SENSOR DATA
16.7,60.4,3.9,4.0,2.0,2.0,6.7,16.6,0,2,5.5,4.5,0.6,0,SYNTHETIC_PROTOTYPE_BENCHMARK,SYNTHETIC_PROTOTYPE_DATA_NOT_REAL_PERSONNEL_DATA,DEMO / SYNTHETIC DATA — NOT REAL PERSONNEL OR SENSOR DATA
17.2,45.8,5.9,5.0,0.0,1.2,7.1,12.7,0,1,6.7,4.2,0.1,0,SYNTHETIC_PROTOTYPE_BENCHMARK,SYNTHETIC_PROTOTYPE_DATA_NOT_REAL_PERSONNEL_DATA,DEMO / SYNTHETIC DATA — NOT REAL PERSONNEL OR SENSOR DATA
19.1,46.4,3.0,4.3,3.0,0.3,7.7,12.6,0,2,10.0,8.9,-2.6,0,SYNTHETIC_PROTOTYPE_BENCHMARK,SYNTHETIC_PROTOTYPE_DATA_NOT_REAL_PERSONNEL_DATA,DEMO / SYNTHETIC DATA — NOT REAL PERSONNEL OR SENSOR DATA
16.4,41.0,5.0,4.0,1.0,5.1,6.3,20.4,2,0,7.0,1.3,-2.3,0,SYNTHETIC_PROTOTYPE_BENCHMARK,SYNTHETIC_PROTOTYPE_DATA_NOT_REAL_PERSONNEL_DATA,DEMO / SYNTHETIC DATA — NOT REAL PERSONNEL OR SENSOR DATA
22.2,56.4,5.6,7.2,3.0,7.0,6.4,11.6,1,2,6.6,7.6,-1.6,1,SYNTHETIC_PROTOTYPE_BENCHMARK,SYNTHETIC_PROTOTYPE_DATA_NOT_REAL_PERSONNEL_DATA,DEMO / SYNTHETIC DATA — NOT REAL PERSONNEL OR SENSOR DATA
20.6,59.8,6.0,4.0,1.0,2.4,7.6,18.9,0,0,4.5,6.1,-0.4,0,SYNTHETIC_PROTOTYPE_BENCHMARK,SYNTHETIC_PROTOTYPE_DATA_NOT_REAL_PERSONNEL_DATA,DEMO / SYNTHETIC DATA — NOT REAL PERSONNEL OR SENSOR DATA
18.5,56.6,3.3,4.0,9.0,5.7,5.7,15.3,1,0,2.8,3.7,-0.1,0,SYNTHETIC_PROTOTYPE_BENCHMARK,SYNTHETIC_PROTOTYPE_DATA_NOT_REAL_PERSONNEL_DATA,DEMO / SYNTHETIC DATA — NOT REAL PERSONNEL OR SENSOR DATA
22.1,68.7,7.9,4.4,8.0,0.3,7.5,14.4,0,1,6.1,7.0,-0.4,1,SYNTHETIC_PROTOTYPE_BENCHMARK,SYNTHETIC_PROTOTYPE_DATA_NOT_REAL_PERSONNEL_DATA,DEMO / SYNTHETIC DATA — NOT REAL PERSONNEL OR SENSOR DATA
21.5,51.9,4.3,4.0,1.0,0.6,6.1,16.7,2,1,8.3,3.1,-0.3,1,SYNTHETIC_PROTOTYPE_BENCHMARK,SYNTHETIC_PROTOTYPE_DATA_NOT_REAL_PERSONNEL_DATA,DEMO / SYNTHETIC DATA — NOT REAL PERSONNEL OR SENSOR DATA
17.7,58.7,2.2,4.0,1.0,7.3,7.2,18.3,0,1,5.6,6.3,4.1,0,SYNTHETIC_PROTOTYPE_BENCHMARK,SYNTHETIC_PROTOTYPE_DATA_NOT_REAL_PERSONNEL_DATA,DEMO / SYNTHETIC DATA — NOT REAL PERSONNEL OR SENSOR DATA
15.1,41.1,5.3,4.0,3.0,2.8,7.1,13.3,0,1,7.0,2.6,1.9,0,SYNTHETIC_PROTOTYPE_BENCHMARK,SYNTHETIC_PROTOTYPE_DATA_NOT_REAL_PERSONNEL_DATA,DEMO / SYNTHETIC DATA — NOT REAL PERSONNEL OR SENSOR DATA
19.0,48.1,5.6,4.0,0.0,6.7,6.1,14.6,2,0,9.1,3.6,2.6,0,SYNTHETIC_PROTOTYPE_BENCHMARK,SYNTHETIC_PROTOTYPE_DATA_NOT_REAL_PERSONNEL_DATA,DEMO / SYNTHETIC DATA — NOT REAL PERSONNEL OR SENSOR DATA
19.1,59.0,5.8,5.8,2.0,10.7,6.0,16.6,2,0,9.0,3.0,1.0,1,SYNTHETIC_PROTOTYPE_BENCHMARK,SYNTHETIC_PROTOTYPE_DATA_NOT_REAL_PERSONNEL_DATA,DEMO / SYNTHETIC DATA — NOT REAL PERSONNEL OR SENSOR DATA
22.2,60.5,8.2,9.9,1.0,11.5,6.8,13.8,0,2,7.1,3.5,0.2,1,SYNTHETIC_PROTOTYPE_BENCHMARK,SYNTHETIC_PROTOTYPE_DATA_NOT_REAL_PERSONNEL_DATA,DEMO / SYNTHETIC DATA — NOT REAL PERSONNEL OR SENSOR DATA
18.0,49.1,5.0,4.0,9.0,1.1,7.1,17.8,0,1,6.5,5.3,0.9,0,SYNTHETIC_PROTOTYPE_BENCHMARK,SYNTHETIC_PROTOTYPE_DATA_NOT_REAL_PERSONNEL_DATA,DEMO / SYNTHETIC DATA — NOT REAL PERSONNEL OR SENSOR DATA
17.7,51.3,5.3,4.0,7.0,4.0,7.8,16.6,0,1,3.2,3.9,0.5,1,SYNTHETIC_PROTOTYPE_BENCHMARK,SYNTHETIC_PROTOTYPE_DATA_NOT_REAL_PERSONNEL_DATA,DEMO / SYNTHETIC DATA — NOT REAL PERSONNEL OR SENSOR DATA
7.9,36.8,3.3,4.9,3.0,7.9,8.5,18.9,0,1,4.9,2.9,1.8,0,SYNTHETIC_PROTOTYPE_BENCHMARK,SYNTHETIC_PROTOTYPE_DATA_NOT_REAL_PERSONNEL_DATA,DEMO / SYNTHETIC DATA — NOT REAL PERSONNEL OR SENSOR DATA
24.4,48.4,7.1,11.4,3.0,8.9,5.9,13.0,1,3,5.6,6.0,-2.1,2,SYNTHETIC_PROTOTYPE_BENCHMARK,SYNTHETIC_PROTOTYPE_DATA_NOT_REAL_PERSONNEL_DATA,DEMO / SYNTHETIC DATA — NOT REAL PERSONNEL OR SENSOR DATA
31.0,60.9,5.9,4.0,9.0,9.2,5.4,16.0,1,2,4.5,4.7,1.6,2,SYNTHETIC_PROTOTYPE_BENCHMARK,SYNTHETIC_PROTOTYPE_DATA_NOT_REAL_PERSONNEL_DATA,DEMO / SYNTHETIC DATA — NOT REAL PERSONNEL OR SENSOR DATA
14.8,57.8,4.7,4.0,9.0,1.6,5.7,16.2,2,0,6.7,5.4,0.4,0,SYNTHETIC_PROTOTYPE_BENCHMARK,SYNTHETIC_PROTOTYPE_DATA_NOT_REAL_PERSONNEL_DATA,DEMO / SYNTHETIC DATA — NOT REAL PERSONNEL OR SENSOR DATA
17.6,57.0,1.7,6.4,12.0,1.3,6.1,14.4,2,2,10.0,5.1,-4.0,0,SYNTHETIC_PROTOTYPE_BENCHMARK,SYNTHETIC_PROTOTYPE_DATA_NOT_REAL_PERSONNEL_DATA,DEMO / SYNTHETIC DATA — NOT REAL PERSONNEL OR SENSOR DATA
33.5,52.5,8.4,4.0,0.0,5.3,7.7,17.3,0,3,9.2,6.5,0.2,1,SYNTHETIC_PROTOTYPE_BENCHMARK,SYNTHETIC_PROTOTYPE_DATA_NOT_REAL_PERSONNEL_DATA,DEMO / SYNTHETIC DATA — NOT REAL PERSONNEL OR SENSOR DATA
13.2,52.1,3.0,4.0,1.0,8.1,7.2,16.1,0,1,6.7,5.0,-2.9,0,SYNTHETIC_PROTOTYPE_BENCHMARK,SYNTHETIC_PROTOTYPE_DATA_NOT_REAL_PERSONNEL_DATA,DEMO / SYNTHETIC DATA — NOT REAL PERSONNEL OR SENSOR DATA
25.0,45.4,4.3,4.0,4.0,2.3,6.8,17.2,0,3,7.8,7.0,-1.2,1,SYNTHETIC_PROTOTYPE_BENCHMARK,SYNTHETIC_PROTOTYPE_DATA_NOT_REAL_PERSONNEL_DATA,DEMO / SYNTHETIC DATA — NOT REAL PERSONNEL OR SENSOR DATA
19.4,59.0,6.2,4.0,3.0,0.7,6.7,17.5,0,1,4.7,3.6,-0.4,1,SYNTHETIC_PROTOTYPE_BENCHMARK,SYNTHETIC_PROTOTYPE_DATA_NOT_REAL_PERSONNEL_DATA,DEMO / SYNTHETIC DATA — NOT REAL PERSONNEL OR SENSOR DATA
16.9,56.2,3.1,4.0,0.0,7.6,7.7,16.5,0,1,9.1,3.8,-3.3,0,SYNTHETIC_PROTOTYPE_BENCHMARK,SYNTHETIC_PROTOTYPE_DATA_NOT_REAL_PERSONNEL_DATA,DEMO / SYNTHETIC DATA — NOT REAL PERSONNEL OR SENSOR DATA
13.7,56.9,2.5,4.0,0.0,2.1,8.3,16.6,0,0,3.1,6.9,-0.1,0,SYNTHETIC_PROTOTYPE_BENCHMARK,SYNTHETIC_PROTOTYPE_DATA_NOT_REAL_PERSONNEL_DATA,DEMO / SYNTHETIC DATA — NOT REAL PERSONNEL OR SENSOR DATA
16.0,46.7,1.3,8.4,8.0,1.1,7.4,11.8,0,1,8.0,7.4,0.2,0,SYNTHETIC_PROTOTYPE_BENCHMARK,SYNTHETIC_PROTOTYPE_DATA_NOT_REAL_PERSONNEL_DATA,DEMO / SYNTHETIC DATA — NOT REAL PERSONNEL OR SENSOR DATA
8.9,30.5,6.9,4.0,7.0,1.0,5.7,14.5,1,0,7.2,7.2,1.7,0,SYNTHETIC_PROTOTYPE_BENCHMARK,SYNTHETIC_PROTOTYPE_DATA_NOT_REAL_PERSONNEL_DATA,DEMO / SYNTHETIC DATA — NOT REAL PERSONNEL OR SENSOR DATA
19.0,63.0,4.4,4.0,2.0,2.3,6.8,17.3,0,0,4.7,3.2,-1.0,1,SYNTHETIC_PROTOTYPE_BENCHMARK,SYNTHETIC_PROTOTYPE_DATA_NOT_REAL_PERSONNEL_DATA,DEMO / SYNTHETIC DATA — NOT REAL PERSONNEL OR SENSOR DATA
15.9,47.2,10.0,4.0,8.0,5.4,7.8,18.4,0,0,5.8,3.9,0.6,0,SYNTHETIC_PROTOTYPE_BENCHMARK,SYNTHETIC_PROTOTYPE_DATA_NOT_REAL_PERSONNEL_DATA,DEMO / SYNTHETIC DATA — NOT REAL PERSONNEL OR SENSOR DATA
5.9,43.4,3.5,8.3,3.0,2.7,7.5,10.0,0,0,3.9,7.6,-0.2,0,SYNTHETIC_PROTOTYPE_BENCHMARK,SYNTHETIC_PROTOTYPE_DATA_NOT_REAL_PERSONNEL_DATA,DEMO / SYNTHETIC DATA — NOT REAL PERSONNEL OR SENSOR DATA
22.5,58.9,3.7,4.0,6.0,0.1,7.3,14.5,0,1,4.0,6.6,-0.9,1,SYNTHETIC_PROTOTYPE_BENCHMARK,SYNTHETIC_PROTOTYPE_DATA_NOT_REAL_PERSONNEL_DATA,DEMO / SYNTHETIC DATA — NOT REAL PERSONNEL OR SENSOR DATA
7.9,48.1,4.4,4.0,2.0,0.6,7.4,15.6,0,1,3.0,5.2,-3.7,0,SYNTHETIC_PROTOTYPE_BENCHMARK,SYNTHETIC_PROTOTYPE_DATA_NOT_REAL_PERSONNEL_DATA,DEMO / SYNTHETIC DATA — NOT REAL PERSONNEL OR SENSOR DATA
29.2,62.6,6.0,4.0,0.0,2.1,5.5,13.8,2,0,7.7,8.0,-0.2,1,SYNTHETIC_PROTOTYPE_BENCHMARK,SYNTHETIC_PROTOTYPE_DATA_NOT_REAL_PERSONNEL_DATA,DEMO / SYNTHETIC DATA — NOT REAL PERSONNEL OR SENSOR DATA
25.8,58.2,4.6,5.9,2.0,6.5,5.9,13.2,2,3,8.6,5.5,1.6,2,SYNTHETIC_PROTOTYPE_BENCHMARK,SYNTHETIC_PROTOTYPE_DATA_NOT_REAL_PERSONNEL_DATA,DEMO / SYNTHETIC DATA — NOT REAL PERSONNEL OR SENSOR DATA
13.8,58.8,6.7,4.0,2.0,0.6,6.5,16.5,2,0,1.9,3.1,-2.1,0,SYNTHETIC_PROTOTYPE_BENCHMARK,SYNTHETIC_PROTOTYPE_DATA_NOT_REAL_PERSONNEL_DATA,DEMO / SYNTHETIC DATA — NOT REAL PERSONNEL OR SENSOR DATA
18.5,38.3,3.5,4.0,3.0,4.9,8.3,18.8,0,1,9.9,5.5,-0.5,0,SYNTHETIC_PROTOTYPE_BENCHMARK,SYNTHETIC_PROTOTYPE_DATA_NOT_REAL_PERSONNEL_DATA,DEMO / SYNTHETIC DATA — NOT REAL PERSONNEL OR SENSOR DATA
15.5,64.1,2.7,4.0,0.0,0.8,5.9,11.5,2,0,6.2,4.4,-0.2,1,SYNTHETIC_PROTOTYPE_BENCHMARK,SYNTHETIC_PROTOTYPE_DATA_NOT_REAL_PERSONNEL_DATA,DEMO / SYNTHETIC DATA — NOT REAL PERSONNEL OR SENSOR DATA
11.9,54.6,1.9,7.6,17.0,1.4,7.2,13.8,0,0,6.8,5.1,2.4,0,SYNTHETIC_PROTOTYPE_BENCHMARK,SYNTHETIC_PROTOTYPE_DATA_NOT_REAL_PERSONNEL_DATA,DEMO / SYNTHETIC DATA — NOT REAL PERSONNEL OR SENSOR DATA
5.7,48.3,1.1,4.0,1.0,1.1,7.4,16.5,0,0,3.3,7.2,0.1,0,SYNTHETIC_PROTOTYPE_BENCHMARK,SYNTHETIC_PROTOTYPE_DATA_NOT_REAL_PERSONNEL_DATA,DEMO / SYNTHETIC DATA — NOT REAL PERSONNEL OR SENSOR DATA
13.0,53.4,4.5,5.1,1.0,0.4,8.2,16.7,0,1,8.8,3.6,0.6,0,SYNTHETIC_PROTOTYPE_BENCHMARK,SYNTHETIC_PROTOTYPE_DATA_NOT_REAL_PERSONNEL_DATA,DEMO / SYNTHETIC DATA — NOT REAL PERSONNEL OR SENSOR DATA
12.7,34.2,4.9,9.1,3.0,6.7,7.5,14.2,0,2,6.6,4.1,-0.0,0,SYNTHETIC_PROTOTYPE_BENCHMARK,SYNTHETIC_PROTOTYPE_DATA_NOT_REAL_PERSONNEL_DATA,DEMO / SYNTHETIC DATA — NOT REAL PERSONNEL OR SENSOR DATA
21.9,56.1,4.2,9.3,3.0,3.7,5.3,17.0,1,0,8.5,5.8,-1.1,1,SYNTHETIC_PROTOTYPE_BENCHMARK,SYNTHETIC_PROTOTYPE_DATA_NOT_REAL_PERSONNEL_DATA,DEMO / SYNTHETIC DATA — NOT REAL PERSONNEL OR SENSOR DATA
21.8,41.7,8.0,4.0,2.0,10.7,7.6,15.7,0,1,8.6,4.9,-2.5,0,SYNTHETIC_PROTOTYPE_BENCHMARK,SYNTHETIC_PROTOTYPE_DATA_NOT_REAL_PERSONNEL_DATA,DEMO / SYNTHETIC DATA — NOT REAL PERSONNEL OR SENSOR DATA
8.0,38.5,8.0,12.2,5.0,0.6,9.3,15.0,0,0,8.9,9.5,-0.6,0,SYNTHETIC_PROTOTYPE_BENCHMARK,SYNTHETIC_PROTOTYPE_DATA_NOT_REAL_PERSONNEL_DATA,DEMO / SYNTHETIC DATA — NOT REAL PERSONNEL OR SENSOR DATA
16.4,36.8,4.8,4.0,3.0,0.9,8.2,14.3,0,2,4.9,7.4,0.9,0,SYNTHETIC_PROTOTYPE_BENCHMARK,SYNTHETIC_PROTOTYPE_DATA_NOT_REAL_PERSONNEL_DATA,DEMO / SYNTHETIC DATA — NOT REAL PERSONNEL OR SENSOR DATA
13.7,63.1,1.9,4.0,3.0,2.2,5.9,15.7,2,2,5.8,3.7,0.3,0,SYNTHETIC_PROTOTYPE_BENCHMARK,SYNTHETIC_PROTOTYPE_DATA_NOT_REAL_PERSONNEL_DATA,DEMO / SYNTHETIC DATA — NOT REAL PERSONNEL OR SENSOR DATA
17.0,45.7,4.4,9.0,5.0,8.7,6.1,11.2,2,0,5.0,7.3,3.3,1,SYNTHETIC_PROTOTYPE_BENCHMARK,SYNTHETIC_PROTOTYPE_DATA_NOT_REAL_PERSONNEL_DATA,DEMO / SYNTHETIC DATA — NOT REAL PERSONNEL OR SENSOR DATA
30.7,67.3,4.3,4.0,0.0,2.2,5.6,17.4,2,1,8.0,5.4,2.1,1,SYNTHETIC_PROTOTYPE_BENCHMARK,SYNTHETIC_PROTOTYPE_DATA_NOT_REAL_PERSONNEL_DATA,DEMO / SYNTHETIC DATA — NOT REAL PERSONNEL OR SENSOR DATA
10.5,46.6,4.2,4.0,3.0,3.1,8.7,15.4,0,3,6.9,6.4,2.7,0,SYNTHETIC_PROTOTYPE_BENCHMARK,SYNTHETIC_PROTOTYPE_DATA_NOT_REAL_PERSONNEL_DATA,DEMO / SYNTHETIC DATA — NOT REAL PERSONNEL OR SENSOR DATA
9.8,34.9,4.1,4.0,8.0,2.2,7.4,16.3,0,1,8.3,5.9,-4.5,0,SYNTHETIC_PROTOTYPE_BENCHMARK,SYNTHETIC_PROTOTYPE_DATA_NOT_REAL_PERSONNEL_DATA,DEMO / SYNTHETIC DATA — NOT REAL PERSONNEL OR SENSOR DATA
18.5,40.8,4.2,4.0,0.0,0.5,6.9,15.0,0,1,8.4,6.4,3.5,0,SYNTHETIC_PROTOTYPE_BENCHMARK,SYNTHETIC_PROTOTYPE_DATA_NOT_REAL_PERSONNEL_DATA,DEMO / SYNTHETIC DATA — NOT REAL PERSONNEL OR SENSOR DATA
24.7,64.4,4.7,4.0,2.0,16.8,5.9,16.8,2,1,2.7,1.3,0.6,1,SYNTHETIC_PROTOTYPE_BENCHMARK,SYNTHETIC_PROTOTYPE_DATA_NOT_REAL_PERSONNEL_DATA,DEMO / SYNTHETIC DATA — NOT REAL PERSONNEL OR SENSOR DATA
13.8,50.4,4.2,5.2,9.0,4.8,6.7,15.9,0,1,8.9,7.2,0.9,0,SYNTHETIC_PROTOTYPE_BENCHMARK,SYNTHETIC_PROTOTYPE_DATA_NOT_REAL_PERSONNEL_DATA,DEMO / SYNTHETIC DATA — NOT REAL PERSONNEL OR SENSOR DATA
25.2,46.5,5.9,9.0,2.0,9.3,8.2,11.6,0,3,8.1,1.0,2.0,1,SYNTHETIC_PROTOTYPE_BENCHMARK,SYNTHETIC_PROTOTYPE_DATA_NOT_REAL_PERSONNEL_DATA,DEMO / SYNTHETIC DATA — NOT REAL PERSONNEL OR SENSOR DATA
20.2,53.6,6.2,4.5,2.0,6.4,6.0,13.5,2,3,5.5,4.4,0.0,1,SYNTHETIC_PROTOTYPE_BENCHMARK,SYNTHETIC_PROTOTYPE_DATA_NOT_REAL_PERSONNEL_DATA,DEMO / SYNTHETIC DATA — NOT REAL PERSONNEL OR SENSOR DATA
25.6,57.0,3.7,4.0,14.0,4.3,7.6,15.5,0,2,6.9,2.4,-2.4,0,SYNTHETIC_PROTOTYPE_BENCHMARK,SYNTHETIC_PROTOTYPE_DATA_NOT_REAL_PERSONNEL_DATA,DEMO / SYNTHETIC DATA — NOT REAL PERSONNEL OR SENSOR DATA
24.1,63.2,8.0,10.8,1.0,0.6,6.7,14.2,0,1,6.0,3.7,3.2,2,SYNTHETIC_PROTOTYPE_BENCHMARK,SYNTHETIC_PROTOTYPE_DATA_NOT_REAL_PERSONNEL_DATA,DEMO / SYNTHETIC DATA — NOT REAL PERSONNEL OR SENSOR DATA
24.5,66.5,3.5,4.0,0.0,6.2,7.2,19.3,0,1,7.4,4.2,-1.7,1,SYNTHETIC_PROTOTYPE_BENCHMARK,SYNTHETIC_PROTOTYPE_DATA_NOT_REAL_PERSONNEL_DATA,DEMO / SYNTHETIC DATA — NOT REAL PERSONNEL OR SENSOR DATA
15.5,48.4,2.3,4.0,7.0,1.0,8.4,16.2,0,1,5.5,3.5,-2.2,0,SYNTHETIC_PROTOTYPE_BENCHMARK,SYNTHETIC_PROTOTYPE_DATA_NOT_REAL_PERSONNEL_DATA,DEMO / SYNTHETIC DATA — NOT REAL PERSONNEL OR SENSOR DATA
21.5,38.7,6.3,4.0,7.0,3.2,7.5,17.6,0,3,7.2,1.7,-0.5,0,SYNTHETIC_PROTOTYPE_BENCHMARK,SYNTHETIC_PROTOTYPE_DATA_NOT_REAL_PERSONNEL_DATA,DEMO / SYNTHETIC DATA — NOT REAL PERSONNEL OR SENSOR DATA
21.3,47.9,3.9,4.0,2.0,6.0,6.8,12.4,0,2,6.3,5.7,-0.8,1,SYNTHETIC_PROTOTYPE_BENCHMARK,SYNTHETIC_PROTOTYPE_DATA_NOT_REAL_PERSONNEL_DATA,DEMO / SYNTHETIC DATA — NOT REAL PERSONNEL OR SENSOR DATA
24.1,54.6,6.1,4.0,3.0,9.1,6.7,19.6,0,1,5.3,8.1,0.0,1,SYNTHETIC_PROTOTYPE_BENCHMARK,SYNTHETIC_PROTOTYPE_DATA_NOT_REAL_PERSONNEL_DATA,DEMO / SYNTHETIC DATA — NOT REAL PERSONNEL OR SENSOR DATA
11.9,42.4,1.0,4.0,6.0,6.9,7.1,16.8,0,0,6.6,5.1,-0.2,0,SYNTHETIC_PROTOTYPE_BENCHMARK,SYNTHETIC_PROTOTYPE_DATA_NOT_REAL_PERSONNEL_DATA,DEMO / SYNTHETIC DATA — NOT REAL PERSONNEL OR SENSOR DATA
16.0,42.4,8.3,4.0,5.0,6.7,5.9,15.5,2,1,10.0,7.1,3.0,0,SYNTHETIC_PROTOTYPE_BENCHMARK,SYNTHETIC_PROTOTYPE_DATA_NOT_REAL_PERSONNEL_DATA,DEMO / SYNTHETIC DATA — NOT REAL PERSONNEL OR SENSOR DATA
21.3,55.4,6.8,4.0,1.0,1.0,8.1,15.3,0,3,4.8,7.2,1.0,1,SYNTHETIC_PROTOTYPE_BENCHMARK,SYNTHETIC_PROTOTYPE_DATA_NOT_REAL_PERSONNEL_DATA,DEMO / SYNTHETIC DATA — NOT REAL PERSONNEL OR SENSOR DATA
13.5,51.5,2.5,4.0,0.0,2.5,7.2,13.4,0,1,5.7,2.3,-1.9,0,SYNTHETIC_PROTOTYPE_BENCHMARK,SYNTHETIC_PROTOTYPE_DATA_NOT_REAL_PERSONNEL_DATA,DEMO / SYNTHETIC DATA — NOT REAL PERSONNEL OR SENSOR DATA
13.7,52.3,2.5,6.8,2.0,0.3,6.1,12.8,1,0,4.9,4.4,-1.6,0,SYNTHETIC_PROTOTYPE_BENCHMARK,SYNTHETIC_PROTOTYPE_DATA_NOT_REAL_PERSONNEL_DATA,DEMO / SYNTHETIC DATA — NOT REAL PERSONNEL OR SENSOR DATA
25.8,44.4,8.8,5.7,7.0,7.6,5.4,18.7,2,0,5.1,3.6,-0.9,1,SYNTHETIC_PROTOTYPE_BENCHMARK,SYNTHETIC_PROTOTYPE_DATA_NOT_REAL_PERSONNEL_DATA,DEMO / SYNTHETIC DATA — NOT REAL PERSONNEL OR SENSOR DATA
22.2,49.7,4.0,4.0,8.0,18.3,4.7,13.6,3,1,7.8,4.0,-0.8,2,SYNTHETIC_PROTOTYPE_BENCHMARK,SYNTHETIC_PROTOTYPE_DATA_NOT_REAL_PERSONNEL_DATA,DEMO / SYNTHETIC DATA — NOT REAL PERSONNEL OR SENSOR DATA
20.0,42.8,3.8,4.0,11.0,1.8,8.0,13.6,0,3,7.6,8.2,-1.1,0,SYNTHETIC_PROTOTYPE_BENCHMARK,SYNTHETIC_PROTOTYPE_DATA_NOT_REAL_PERSONNEL_DATA,DEMO / SYNTHETIC DATA — NOT REAL PERSONNEL OR SENSOR DATA
25.7,60.9,1.0,13.5,7.0,0.6,6.2,10.4,1,3,6.2,5.0,-2.4,1,SYNTHETIC_PROTOTYPE_BENCHMARK,SYNTHETIC_PROTOTYPE_DATA_NOT_REAL_PERSONNEL_DATA,DEMO / SYNTHETIC DATA — NOT REAL PERSONNEL OR SENSOR DATA
26.4,62.4,4.8,4.0,3.0,3.9,6.1,13.2,2,3,8.3,5.7,0.6,2,SYNTHETIC_PROTOTYPE_BENCHMARK,SYNTHETIC_PROTOTYPE_DATA_NOT_REAL_PERSONNEL_DATA,DEMO / SYNTHETIC DATA — NOT REAL PERSONNEL OR SENSOR DATA
22.8,33.5,5.0,8.5,2.0,11.7,7.8,13.8,0,2,7.8,6.1,-1.0,0,SYNTHETIC_PROTOTYPE_BENCHMARK,SYNTHETIC_PROTOTYPE_DATA_NOT_REAL_PERSONNEL_DATA,DEMO / SYNTHETIC DATA — NOT REAL PERSONNEL OR SENSOR DATA
9.3,42.7,6.9,4.0,5.0,4.8,6.8,17.8,0,1,5.9,3.8,-2.1,0,SYNTHETIC_PROTOTYPE_BENCHMARK,SYNTHETIC_PROTOTYPE_DATA_NOT_REAL_PERSONNEL_DATA,DEMO / SYNTHETIC DATA — NOT REAL PERSONNEL OR SENSOR DATA
8.6,37.0,2.7,11.8,5.0,0.3,8.0,11.3,0,1,3.1,7.0,1.1,0,SYNTHETIC_PROTOTYPE_BENCHMARK,SYNTHETIC_PROTOTYPE_DATA_NOT_REAL_PERSONNEL_DATA,DEMO / SYNTHETIC DATA — NOT REAL PERSONNEL OR SENSOR DATA
12.8,45.5,2.5,4.0,3.0,22.0,6.7,12.9,0,1,7.9,7.4,1.9,0,SYNTHETIC_PROTOTYPE_BENCHMARK,SYNTHETIC_PROTOTYPE_DATA_NOT_REAL_PERSONNEL_DATA,DEMO / SYNTHETIC DATA — NOT REAL PERSONNEL OR SENSOR DATA
15.1,51.2,6.4,4.0,0.0,10.6,6.7,16.2,0,2,6.5,5.6,-0.5,0,SYNTHETIC_PROTOTYPE_BENCHMARK,SYNTHETIC_PROTOTYPE_DATA_NOT_REAL_PERSONNEL_DATA,DEMO / SYNTHETIC DATA — NOT REAL PERSONNEL OR SENSOR DATA
18.1,37.5,7.5,4.9,9.0,0.8,6.3,15.1,1,1,6.2,6.7,3.9,1,SYNTHETIC_PROTOTYPE_BENCHMARK,SYNTHETIC_PROTOTYPE_DATA_NOT_REAL_PERSONNEL_DATA,DEMO / SYNTHETIC DATA — NOT REAL PERSONNEL OR SENSOR DATA
16.2,42.8,2.4,4.0,2.0,15.3,6.3,17.6,1,1,5.3,3.8,4.9,0,SYNTHETIC_PROTOTYPE_BENCHMARK,SYNTHETIC_PROTOTYPE_DATA_NOT_REAL_PERSONNEL_DATA,DEMO / SYNTHETIC DATA — NOT REAL PERSONNEL OR SENSOR DATA
23.1,42.0,7.7,4.0,2.0,3.6,7.8,14.7,0,0,7.7,6.7,1.1,0,SYNTHETIC_PROTOTYPE_BENCHMARK,SYNTHETIC_PROTOTYPE_DATA_NOT_REAL_PERSONNEL_DATA,DEMO / SYNTHETIC DATA — NOT REAL PERSONNEL OR SENSOR DATA
21.5,54.1,5.6,4.0,3.0,2.8,6.3,15.1,2,0,6.9,7.0,-1.0,1,SYNTHETIC_PROTOTYPE_BENCHMARK,SYNTHETIC_PROTOTYPE_DATA_NOT_REAL_PERSONNEL_DATA,DEMO / SYNTHETIC DATA — NOT REAL PERSONNEL OR SENSOR DATA
18.3,52.7,7.7,5.2,4.0,3.7,7.8,14.8,0,2,5.7,5.7,0.6,0,SYNTHETIC_PROTOTYPE_BENCHMARK,SYNTHETIC_PROTOTYPE_DATA_NOT_REAL_PERSONNEL_DATA,DEMO / SYNTHETIC DATA — NOT REAL PERSONNEL OR SENSOR DATA
19.8,44.8,5.4,4.0,1.0,10.8,8.9,15.8,0,3,3.7,2.8,-2.7,0,SYNTHETIC_PROTOTYPE_BENCHMARK,SYNTHETIC_PROTOTYPE_DATA_NOT_REAL_PERSONNEL_DATA,DEMO / SYNTHETIC DATA — NOT REAL PERSONNEL OR SENSOR DATA
8.2,53.8,1.0,4.0,6.0,6.5,7.3,14.8,0,1,8.3,7.5,-1.9,0,SYNTHETIC_PROTOTYPE_BENCHMARK,SYNTHETIC_PROTOTYPE_DATA_NOT_REAL_PERSONNEL_DATA,DEMO / SYNTHETIC DATA — NOT REAL PERSONNEL OR SENSOR DATA
14.4,46.5,5.2,4.0,1.0,0.4,8.4,14.5,0,0,7.4,4.0,-3.7,0,SYNTHETIC_PROTOTYPE_BENCHMARK,SYNTHETIC_PROTOTYPE_DATA_NOT_REAL_PERSONNEL_DATA,DEMO / SYNTHETIC DATA — NOT REAL PERSONNEL OR SENSOR DATA
22.4,49.3,7.6,4.0,1.0,19.0,7.1,11.9,0,3,6.7,5.8,-1.4,1,SYNTHETIC_PROTOTYPE_BENCHMARK,SYNTHETIC_PROTOTYPE_DATA_NOT_REAL_PERSONNEL_DATA,DEMO / SYNTHETIC DATA — NOT REAL PERSONNEL OR SENSOR DATA
19.5,68.7,3.7,4.4,2.0,1.0,5.9,14.3,1,2,1.0,5.6,-2.7,1,SYNTHETIC_PROTOTYPE_BENCHMARK,SYNTHETIC_PROTOTYPE_DATA_NOT_REAL_PERSONNEL_DATA,DEMO / SYNTHETIC DATA — NOT REAL PERSONNEL OR SENSOR DATA
20.1,65.4,4.7,4.0,5.0,8.2,6.4,17.0,1,1,6.1,6.0,1.4,1,SYNTHETIC_PROTOTYPE_BENCHMARK,SYNTHETIC_PROTOTYPE_DATA_NOT_REAL_PERSONNEL_DATA,DEMO / SYNTHETIC DATA — NOT REAL PERSONNEL OR SENSOR DATA
10.6,39.0,5.1,4.0,12.0,6.1,9.0,17.3,0,1,5.7,3.1,-1.6,0,SYNTHETIC_PROTOTYPE_BENCHMARK,SYNTHETIC_PROTOTYPE_DATA_NOT_REAL_PERSONNEL_DATA,DEMO / SYNTHETIC DATA — NOT REAL PERSONNEL OR SENSOR DATA
14.2,60.3,1.0,4.0,6.0,1.2,6.2,14.7,2,1,5.0,4.8,0.6,0,SYNTHETIC_PROTOTYPE_BENCHMARK,SYNTHETIC_PROTOTYPE_DATA_NOT_REAL_PERSONNEL_DATA,DEMO / SYNTHETIC DATA — NOT REAL PERSONNEL OR SENSOR DATA
25.8,60.1,8.8,4.0,10.0,1.1,5.8,18.2,2,1,7.7,4.7,1.6,2,SYNTHETIC_PROTOTYPE_BENCHMARK,SYNTHETIC_PROTOTYPE_DATA_NOT_REAL_PERSONNEL_DATA,DEMO / SYNTHETIC DATA — NOT REAL PERSONNEL OR SENSOR DATA
23.4,40.5,3.7,4.0,1.0,12.3,6.2,15.5,2,3,7.6,7.9,2.6,1,SYNTHETIC_PROTOTYPE_BENCHMARK,SYNTHETIC_PROTOTYPE_DATA_NOT_REAL_PERSONNEL_DATA,DEMO / SYNTHETIC DATA — NOT REAL PERSONNEL OR SENSOR DATA
21.5,60.2,6.5,4.0,0.0,3.3,6.4,12.9,1,0,7.1,5.3,-0.8,1,SYNTHETIC_PROTOTYPE_BENCHMARK,SYNTHETIC_PROTOTYPE_DATA_NOT_REAL_PERSONNEL_DATA,DEMO / SYNTHETIC DATA — NOT REAL PERSONNEL OR SENSOR DATA
19.5,67.4,5.3,4.0,3.0,6.4,5.4,12.3,2,0,8.3,6.4,0.7,1,SYNTHETIC_PROTOTYPE_BENCHMARK,SYNTHETIC_PROTOTYPE_DATA_NOT_REAL_PERSONNEL_DATA,DEMO / SYNTHETIC DATA — NOT REAL PERSONNEL OR SENSOR DATA
11.5,40.8,8.0,12.3,1.0,4.2,8.7,14.7,0,0,4.2,6.5,0.8,0,SYNTHETIC_PROTOTYPE_BENCHMARK,SYNTHETIC_PROTOTYPE_DATA_NOT_REAL_PERSONNEL_DATA,DEMO / SYNTHETIC DATA — NOT REAL PERSONNEL OR SENSOR DATA
13.5,42.8,6.3,4.0,6.0,7.8,7.3,14.9,0,0,5.3,5.5,2.8,0,SYNTHETIC_PROTOTYPE_BENCHMARK,SYNTHETIC_PROTOTYPE_DATA_NOT_REAL_PERSONNEL_DATA,DEMO / SYNTHETIC DATA — NOT REAL PERSONNEL OR SENSOR DATA
17.0,62.2,5.0,4.9,4.0,3.9,7.3,12.8,0,0,6.3,4.8,1.7,0,SYNTHETIC_PROTOTYPE_BENCHMARK,SYNTHETIC_PROTOTYPE_DATA_NOT_REAL_PERSONNEL_DATA,DEMO / SYNTHETIC DATA — NOT REAL PERSONNEL OR SENSOR DATA
13.1,54.7,3.7,4.0,12.0,2.0,6.6,11.1,0,0,5.0,7.2,2.9,0,SYNTHETIC_PROTOTYPE_BENCHMARK,SYNTHETIC_PROTOTYPE_DATA_NOT_REAL_PERSONNEL_DATA,DEMO / SYNTHETIC DATA — NOT REAL PERSONNEL OR SENSOR DATA
24.3,57.5,7.1,4.0,1.0,2.7,5.8,14.8,1,0,7.7,2.9,-3.7,1,SYNTHETIC_PROTOTYPE_BENCHMARK,SYNTHETIC_PROTOTYPE_DATA_NOT_REAL_PERSONNEL_DATA,DEMO / SYNTHETIC DATA — NOT REAL PERSONNEL OR SENSOR DATA
16.0,55.4,1.8,4.0,2.0,11.8,5.5,16.4,1,0,5.2,6.3,-1.5,0,SYNTHETIC_PROTOTYPE_BENCHMARK,SYNTHETIC_PROTOTYPE_DATA_NOT_REAL_PERSONNEL_DATA,DEMO / SYNTHETIC DATA — NOT REAL PERSONNEL OR SENSOR DATA
22.4,55.9,6.8,4.0,2.0,3.8,6.0,14.2,1,0,8.8,4.0,2.3,1,SYNTHETIC_PROTOTYPE_BENCHMARK,SYNTHETIC_PROTOTYPE_DATA_NOT_REAL_PERSONNEL_DATA,DEMO / SYNTHETIC DATA — NOT REAL PERSONNEL OR SENSOR DATA
6.4,38.7,3.3,12.1,1.0,1.4,7.8,10.2,0,0,4.3,4.6,1.3,0,SYNTHETIC_PROTOTYPE_BENCHMARK,SYNTHETIC_PROTOTYPE_DATA_NOT_REAL_PERSONNEL_DATA,DEMO / SYNTHETIC DATA — NOT REAL PERSONNEL OR SENSOR DATA
19.5,62.5,8.0,11.6,3.0,16.4,6.5,11.5,0,1,10.0,6.1,-0.3,1,SYNTHETIC_PROTOTYPE_BENCHMARK,SYNTHETIC_PROTOTYPE_DATA_NOT_REAL_PERSONNEL_DATA,DEMO / SYNTHETIC DATA — NOT REAL PERSONNEL OR SENSOR DATA
24.3,63.7,5.8,6.0,2.0,9.6,6.7,17.3,0,1,10.0,3.1,-1.0,1,SYNTHETIC_PROTOTYPE_BENCHMARK,SYNTHETIC_PROTOTYPE_DATA_NOT_REAL_PERSONNEL_DATA,DEMO / SYNTHETIC DATA — NOT REAL PERSONNEL OR SENSOR DATA
21.8,49.7,6.8,4.0,2.0,0.3,5.9,12.8,2,0,6.0,5.8,1.7,1,SYNTHETIC_PROTOTYPE_BENCHMARK,SYNTHETIC_PROTOTYPE_DATA_NOT_REAL_PERSONNEL_DATA,DEMO / SYNTHETIC DATA — NOT REAL PERSONNEL OR SENSOR DATA
14.9,51.6,5.7,4.0,2.0,41.1,5.8,14.3,2,1,8.5,4.4,-4.4,1,SYNTHETIC_PROTOTYPE_BENCHMARK,SYNTHETIC_PROTOTYPE_DATA_NOT_REAL_PERSONNEL_DATA,DEMO / SYNTHETIC DATA — NOT REAL PERSONNEL OR SENSOR DATA
18.3,36.7,2.0,4.0,0.0,7.1,6.6,18.0,0,3,5.4,2.4,1.7,0,SYNTHETIC_PROTOTYPE_BENCHMARK,SYNTHETIC_PROTOTYPE_DATA_NOT_REAL_PERSONNEL_DATA,DEMO / SYNTHETIC DATA — NOT REAL PERSONNEL OR SENSOR DATA
22.5,57.1,3.8,11.8,3.0,1.0,7.1,13.5,0,3,8.2,5.5,0.2,1,SYNTHETIC_PROTOTYPE_BENCHMARK,SYNTHETIC_PROTOTYPE_DATA_NOT_REAL_PERSONNEL_DATA,DEMO / SYNTHETIC DATA — NOT REAL PERSONNEL OR SENSOR DATA
15.5,57.7,6.8,4.0,1.0,1.6,7.1,16.0,0,0,5.8,5.0,-1.1,0,SYNTHETIC_PROTOTYPE_BENCHMARK,SYNTHETIC_PROTOTYPE_DATA_NOT_REAL_PERSONNEL_DATA,DEMO / SYNTHETIC DATA — NOT REAL PERSONNEL OR SENSOR DATA
22.7,51.4,5.8,4.0,0.0,7.1,5.9,14.3,1,2,3.6,2.3,1.1,1,SYNTHETIC_PROTOTYPE_BENCHMARK,SYNTHETIC_PROTOTYPE_DATA_NOT_REAL_PERSONNEL_DATA,DEMO / SYNTHETIC DATA — NOT REAL PERSONNEL OR SENSOR DATA
15.3,63.2,7.9,4.0,1.0,9.1,7.1,15.7,0,1,1.0,3.4,-0.8,1,SYNTHETIC_PROTOTYPE_BENCHMARK,SYNTHETIC_PROTOTYPE_DATA_NOT_REAL_PERSONNEL_DATA,DEMO / SYNTHETIC DATA — NOT REAL PERSONNEL OR SENSOR DATA
10.5,48.7,6.3,4.0,1.0,1.6,9.0,14.5,0,0,5.7,2.6,0.1,0,SYNTHETIC_PROTOTYPE_BENCHMARK,SYNTHETIC_PROTOTYPE_DATA_NOT_REAL_PERSONNEL_DATA,DEMO / SYNTHETIC DATA — NOT REAL PERSONNEL OR SENSOR DATA
18.4,57.6,3.6,11.6,2.0,1.8,7.4,10.8,0,0,6.8,5.9,-0.1,0,SYNTHETIC_PROTOTYPE_BENCHMARK,SYNTHETIC_PROTOTYPE_DATA_NOT_REAL_PERSONNEL_DATA,DEMO / SYNTHETIC DATA — NOT REAL PERSONNEL OR SENSOR DATA
13.7,41.8,3.9,4.0,0.0,2.2,7.2,13.4,0,0,8.9,7.8,1.6,0,SYNTHETIC_PROTOTYPE_BENCHMARK,SYNTHETIC_PROTOTYPE_DATA_NOT_REAL_PERSONNEL_DATA,DEMO / SYNTHETIC DATA — NOT REAL PERSONNEL OR SENSOR DATA
19.1,51.8,5.7,4.0,2.0,5.5,6.6,17.2,0,1,6.3,6.4,0.4,0,SYNTHETIC_PROTOTYPE_BENCHMARK,SYNTHETIC_PROTOTYPE_DATA_NOT_REAL_PERSONNEL_DATA,DEMO / SYNTHETIC DATA — NOT REAL PERSONNEL OR SENSOR DATA
14.7,50.3,1.0,4.0,4.0,1.1,6.9,15.5,0,1,8.2,6.7,-4.2,0,SYNTHETIC_PROTOTYPE_BENCHMARK,SYNTHETIC_PROTOTYPE_DATA_NOT_REAL_PERSONNEL_DATA,DEMO / SYNTHETIC DATA — NOT REAL PERSONNEL OR SENSOR DATA
25.3,54.3,8.8,7.3,3.0,0.7,6.3,14.9,1,2,5.3,4.2,-3.1,2,SYNTHETIC_PROTOTYPE_BENCHMARK,SYNTHETIC_PROTOTYPE_DATA_NOT_REAL_PERSONNEL_DATA,DEMO / SYNTHETIC DATA — NOT REAL PERSONNEL OR SENSOR DATA
18.7,48.3,6.4,4.0,6.0,6.8,7.2,15.9,0,0,5.5,6.1,-2.4,0,SYNTHETIC_PROTOTYPE_BENCHMARK,SYNTHETIC_PROTOTYPE_DATA_NOT_REAL_PERSONNEL_DATA,DEMO / SYNTHETIC DATA — NOT REAL PERSONNEL OR SENSOR DATA
22.4,50.7,8.0,7.2,2.0,9.1,5.9,15.2,2,0,8.3,5.2,1.0,1,SYNTHETIC_PROTOTYPE_BENCHMARK,SYNTHETIC_PROTOTYPE_DATA_NOT_REAL_PERSONNEL_DATA,DEMO / SYNTHETIC DATA — NOT REAL PERSONNEL OR SENSOR DATA
19.1,60.3,2.3,4.0,3.0,4.2,5.1,15.1,2,0,1.3,4.9,1.2,1,SYNTHETIC_PROTOTYPE_BENCHMARK,SYNTHETIC_PROTOTYPE_DATA_NOT_REAL_PERSONNEL_DATA,DEMO / SYNTHETIC DATA — NOT REAL PERSONNEL OR SENSOR DATA
17.1,47.6,8.0,8.7,6.0,2.7,7.3,12.8,0,1,6.2,6.8,3.7,0,SYNTHETIC_PROTOTYPE_BENCHMARK,SYNTHETIC_PROTOTYPE_DATA_NOT_REAL_PERSONNEL_DATA,DEMO / SYNTHETIC DATA — NOT REAL PERSONNEL OR SENSOR DATA
18.3,35.9,10.0,5.2,2.0,3.4,7.6,13.5,0,3,5.4,7.8,-2.2,1,SYNTHETIC_PROTOTYPE_BENCHMARK,SYNTHETIC_PROTOTYPE_DATA_NOT_REAL_PERSONNEL_DATA,DEMO / SYNTHETIC DATA — NOT REAL PERSONNEL OR SENSOR DATA
18.7,69.5,2.9,4.0,4.0,3.0,5.8,12.8,2,2,8.9,3.6,2.9,1,SYNTHETIC_PROTOTYPE_BENCHMARK,SYNTHETIC_PROTOTYPE_DATA_NOT_REAL_PERSONNEL_DATA,DEMO / SYNTHETIC DATA — NOT REAL PERSONNEL OR SENSOR DATA
25.8,65.8,7.0,4.0,2.0,19.3,4.9,13.4,2,3,5.1,2.2,-4.3,2,SYNTHETIC_PROTOTYPE_BENCHMARK,SYNTHETIC_PROTOTYPE_DATA_NOT_REAL_PERSONNEL_DATA,DEMO / SYNTHETIC DATA — NOT REAL PERSONNEL OR SENSOR DATA
12.9,39.1,5.5,4.0,2.0,8.8,7.5,14.9,0,1,7.2,5.5,0.0,0,SYNTHETIC_PROTOTYPE_BENCHMARK,SYNTHETIC_PROTOTYPE_DATA_NOT_REAL_PERSONNEL_DATA,DEMO / SYNTHETIC DATA — NOT REAL PERSONNEL OR SENSOR DATA
25.4,58.9,2.4,4.0,5.0,1.4,5.9,12.4,1,1,8.0,4.4,0.5,1,SYNTHETIC_PROTOTYPE_BENCHMARK,SYNTHETIC_PROTOTYPE_DATA_NOT_REAL_PERSONNEL_DATA,DEMO / SYNTHETIC DATA — NOT REAL PERSONNEL OR SENSOR DATA
13.7,47.0,6.5,7.8,1.0,2.9,7.0,11.3,0,1,3.2,5.8,0.5,0,SYNTHETIC_PROTOTYPE_BENCHMARK,SYNTHETIC_PROTOTYPE_DATA_NOT_REAL_PERSONNEL_DATA,DEMO / SYNTHETIC DATA — NOT REAL PERSONNEL OR SENSOR DATA
22.5,54.6,7.2,4.0,1.0,4.7,8.2,17.7,0,1,5.9,6.2,-0.7,0,SYNTHETIC_PROTOTYPE_BENCHMARK,SYNTHETIC_PROTOTYPE_DATA_NOT_REAL_PERSONNEL_DATA,DEMO / SYNTHETIC DATA — NOT REAL PERSONNEL OR SENSOR DATA
16.7,54.9,4.3,4.0,1.0,5.7,7.3,16.0,0,1,5.3,2.1,0.3,0,SYNTHETIC_PROTOTYPE_BENCHMARK,SYNTHETIC_PROTOTYPE_DATA_NOT_REAL_PERSONNEL_DATA,DEMO / SYNTHETIC DATA — NOT REAL PERSONNEL OR SENSOR DATA
21.3,49.7,7.8,4.0,2.0,3.8,5.9,14.7,1,2,8.1,4.2,-2.7,1,SYNTHETIC_PROTOTYPE_BENCHMARK,SYNTHETIC_PROTOTYPE_DATA_NOT_REAL_PERSONNEL_DATA,DEMO / SYNTHETIC DATA — NOT REAL PERSONNEL OR SENSOR DATA
17.6,44.2,2.2,4.0,1.0,10.0,6.0,20.1,2,1,7.6,4.1,1.9,0,SYNTHETIC_PROTOTYPE_BENCHMARK,SYNTHETIC_PROTOTYPE_DATA_NOT_REAL_PERSONNEL_DATA,DEMO / SYNTHETIC DATA — NOT REAL PERSONNEL OR SENSOR DATA
7.8,45.1,2.5,8.2,3.0,8.8,7.2,10.6,0,0,5.7,7.4,0.5,0,SYNTHETIC_PROTOTYPE_BENCHMARK,SYNTHETIC_PROTOTYPE_DATA_NOT_REAL_PERSONNEL_DATA,DEMO / SYNTHETIC DATA — NOT REAL PERSONNEL OR SENSOR DATA
16.2,42.8,5.8,4.0,6.0,4.2,6.2,17.6,1,2,4.1,5.3,0.8,0,SYNTHETIC_PROTOTYPE_BENCHMARK,SYNTHETIC_PROTOTYPE_DATA_NOT_REAL_PERSONNEL_DATA,DEMO / SYNTHETIC DATA — NOT REAL PERSONNEL OR SENSOR DATA
15.3,43.7,5.6,12.1,5.0,11.6,5.4,12.1,2,2,8.3,4.8,-0.6,0,SYNTHETIC_PROTOTYPE_BENCHMARK,SYNTHETIC_PROTOTYPE_DATA_NOT_REAL_PERSONNEL_DATA,DEMO / SYNTHETIC DATA — NOT REAL PERSONNEL OR SENSOR DATA
15.5,51.3,4.1,11.7,2.0,8.3,7.2,14.1,0,1,6.1,6.0,-0.7,0,SYNTHETIC_PROTOTYPE_BENCHMARK,SYNTHETIC_PROTOTYPE_DATA_NOT_REAL_PERSONNEL_DATA,DEMO / SYNTHETIC DATA — NOT REAL PERSONNEL OR SENSOR DATA
14.0,44.8,7.1,4.0,16.0,9.0,7.3,15.8,0,1,3.0,4.6,1.2,0,SYNTHETIC_PROTOTYPE_BENCHMARK,SYNTHETIC_PROTOTYPE_DATA_NOT_REAL_PERSONNEL_DATA,DEMO / SYNTHETIC DATA — NOT REAL PERSONNEL OR SENSOR DATA
24.3,58.8,6.6,4.0,3.0,18.8,6.5,11.9,0,0,3.1,4.7,3.5,1,SYNTHETIC_PROTOTYPE_BENCHMARK,SYNTHETIC_PROTOTYPE_DATA_NOT_REAL_PERSONNEL_DATA,DEMO / SYNTHETIC DATA — NOT REAL PERSONNEL OR SENSOR DATA
20.1,66.9,7.2,7.9,2.0,1.9,6.6,14.2,0,1,7.1,7.0,-3.1,1,SYNTHETIC_PROTOTYPE_BENCHMARK,SYNTHETIC_PROTOTYPE_DATA_NOT_REAL_PERSONNEL_DATA,DEMO / SYNTHETIC DATA — NOT REAL PERSONNEL OR SENSOR DATA
5.8,46.2,5.3,4.0,6.0,1.9,7.1,16.3,0,0,3.6,8.1,-3.2,0,SYNTHETIC_PROTOTYPE_BENCHMARK,SYNTHETIC_PROTOTYPE_DATA_NOT_REAL_PERSONNEL_DATA,DEMO / SYNTHETIC DATA — NOT REAL PERSONNEL OR SENSOR DATA
17.7,54.4,6.7,4.0,5.0,13.2,6.0,11.2,2,0,9.9,4.4,0.6,1,SYNTHETIC_PROTOTYPE_BENCHMARK,SYNTHETIC_PROTOTYPE_DATA_NOT_REAL_PERSONNEL_DATA,DEMO / SYNTHETIC DATA — NOT REAL PERSONNEL OR SENSOR DATA
21.9,57.0,4.6,4.0,5.0,8.9,7.0,19.5,0,1,4.3,4.6,-0.7,1,SYNTHETIC_PROTOTYPE_BENCHMARK,SYNTHETIC_PROTOTYPE_DATA_NOT_REAL_PERSONNEL_DATA,DEMO / SYNTHETIC DATA — NOT REAL PERSONNEL OR SENSOR DATA
25.8,56.7,9.6,4.0,1.0,15.7,7.6,16.2,0,0,6.2,3.9,0.3,1,SYNTHETIC_PROTOTYPE_BENCHMARK,SYNTHETIC_PROTOTYPE_DATA_NOT_REAL_PERSONNEL_DATA,DEMO / SYNTHETIC DATA — NOT REAL PERSONNEL OR SENSOR DATA
18.6,52.8,3.9,6.4,2.0,0.4,6.6,16.0,0,2,6.5,2.2,-0.1,1,SYNTHETIC_PROTOTYPE_BENCHMARK,SYNTHETIC_PROTOTYPE_DATA_NOT_REAL_PERSONNEL_DATA,DEMO / SYNTHETIC DATA — NOT REAL PERSONNEL OR SENSOR DATA
24.8,59.4,9.7,4.0,7.0,5.9,5.7,13.3,1,3,4.7,6.3,1.4,2,SYNTHETIC_PROTOTYPE_BENCHMARK,SYNTHETIC_PROTOTYPE_DATA_NOT_REAL_PERSONNEL_DATA,DEMO / SYNTHETIC DATA — NOT REAL PERSONNEL OR SENSOR DATA
18.8,56.8,5.6,4.0,2.0,0.9,5.9,17.0,1,0,1.7,8.5,-0.6,1,SYNTHETIC_PROTOTYPE_BENCHMARK,SYNTHETIC_PROTOTYPE_DATA_NOT_REAL_PERSONNEL_DATA,DEMO / SYNTHETIC DATA — NOT REAL PERSONNEL OR SENSOR DATA
18.0,39.6,2.7,10.2,4.0,4.2,6.7,15.3,0,2,6.6,5.1,-2.7,0,SYNTHETIC_PROTOTYPE_BENCHMARK,SYNTHETIC_PROTOTYPE_DATA_NOT_REAL_PERSONNEL_DATA,DEMO / SYNTHETIC DATA — NOT REAL PERSONNEL OR SENSOR DATA
17.2,60.7,8.2,5.6,3.0,1.0,6.8,15.5,0,1,4.7,3.4,-1.7,1,SYNTHETIC_PROTOTYPE_BENCHMARK,SYNTHETIC_PROTOTYPE_DATA_NOT_REAL_PERSONNEL_DATA,DEMO / SYNTHETIC DATA — NOT REAL PERSONNEL OR SENSOR DATA
19.9,60.9,5.8,4.0,6.0,0.8,4.9,15.6,3,0,6.4,4.2,-0.4,1,SYNTHETIC_PROTOTYPE_BENCHMARK,SYNTHETIC_PROTOTYPE_DATA_NOT_REAL_PERSONNEL_DATA,DEMO / SYNTHETIC DATA — NOT REAL PERSONNEL OR SENSOR DATA
16.9,44.4,7.2,5.9,1.0,0.1,7.7,13.1,0,1,6.0,5.7,-2.8,0,SYNTHETIC_PROTOTYPE_BENCHMARK,SYNTHETIC_PROTOTYPE_DATA_NOT_REAL_PERSONNEL_DATA,DEMO / SYNTHETIC DATA — NOT REAL PERSONNEL OR SENSOR DATA
19.6,52.4,7.9,4.0,3.0,6.0,7.3,15.2,0,1,6.7,3.4,-0.1,0,SYNTHETIC_PROTOTYPE_BENCHMARK,SYNTHETIC_PROTOTYPE_DATA_NOT_REAL_PERSONNEL_DATA,DEMO / SYNTHETIC DATA — NOT REAL PERSONNEL OR SENSOR DATA
21.4,58.8,6.2,5.7,0.0,2.7,5.2,13.9,1,1,9.3,4.0,0.1,0,SYNTHETIC_PROTOTYPE_BENCHMARK,SYNTHETIC_PROTOTYPE_DATA_NOT_REAL_PERSONNEL_DATA,DEMO / SYNTHETIC DATA — NOT REAL PERSONNEL OR SENSOR DATA
17.5,49.9,4.3,4.0,4.0,0.7,6.3,16.7,2,3,5.1,6.7,-0.8,1,SYNTHETIC_PROTOTYPE_BENCHMARK,SYNTHETIC_PROTOTYPE_DATA_NOT_REAL_PERSONNEL_DATA,DEMO / SYNTHETIC DATA — NOT REAL PERSONNEL OR SENSOR DATA
23.2,62.7,7.5,4.0,5.0,2.3,6.6,13.9,0,1,5.3,4.7,0.5,1,SYNTHETIC_PROTOTYPE_BENCHMARK,SYNTHETIC_PROTOTYPE_DATA_NOT_REAL_PERSONNEL_DATA,DEMO / SYNTHETIC DATA — NOT REAL PERSONNEL OR SENSOR DATA
26.8,75.6,5.5,5.2,0.0,1.1,5.9,16.2,1,3,2.9,5.7,-3.6,2,SYNTHETIC_PROTOTYPE_BENCHMARK,SYNTHETIC_PROTOTYPE_DATA_NOT_REAL_PERSONNEL_DATA,DEMO / SYNTHETIC DATA — NOT REAL PERSONNEL OR SENSOR DATA
17.2,44.1,6.9,4.0,4.0,17.1,7.2,13.9,0,1,5.8,6.1,-2.1,0,SYNTHETIC_PROTOTYPE_BENCHMARK,SYNTHETIC_PROTOTYPE_DATA_NOT_REAL_PERSONNEL_DATA,DEMO / SYNTHETIC DATA — NOT REAL PERSONNEL OR SENSOR DATA
6.8,38.2,1.2,15.9,2.0,2.3,7.4,10.3,0,0,7.0,4.2,-2.5,0,SYNTHETIC_PROTOTYPE_BENCHMARK,SYNTHETIC_PROTOTYPE_DATA_NOT_REAL_PERSONNEL_DATA,DEMO / SYNTHETIC DATA — NOT REAL PERSONNEL OR SENSOR DATA
20.9,55.0,6.4,4.0,0.0,2.4,7.8,16.8,0,1,5.2,4.1,1.9,0,SYNTHETIC_PROTOTYPE_BENCHMARK,SYNTHETIC_PROTOTYPE_DATA_NOT_REAL_PERSONNEL_DATA,DEMO / SYNTHETIC DATA — NOT REAL PERSONNEL OR SENSOR DATA
14.4,59.2,4.2,10.2,2.0,11.0,6.1,11.7,1,0,7.0,5.1,5.0,1,SYNTHETIC_PROTOTYPE_BENCHMARK,SYNTHETIC_PROTOTYPE_DATA_NOT_REAL_PERSONNEL_DATA,DEMO / SYNTHETIC DATA — NOT REAL PERSONNEL OR SENSOR DATA
27.3,49.7,8.8,10.8,1.0,6.3,6.1,14.2,2,1,5.8,3.6,-1.9,1,SYNTHETIC_PROTOTYPE_BENCHMARK,SYNTHETIC_PROTOTYPE_DATA_NOT_REAL_PERSONNEL_DATA,DEMO / SYNTHETIC DATA — NOT REAL PERSONNEL OR SENSOR DATA
18.9,66.5,6.7,4.0,2.0,7.4,5.4,16.7,2,1,3.6,2.4,-0.5,1,SYNTHETIC_PROTOTYPE_BENCHMARK,SYNTHETIC_PROTOTYPE_DATA_NOT_REAL_PERSONNEL_DATA,DEMO / SYNTHETIC DATA — NOT REAL PERSONNEL OR SENSOR DATA
18.0,38.6,6.0,6.4,2.0,6.1,8.0,14.1,0,1,6.8,4.1,-1.5,0,SYNTHETIC_PROTOTYPE_BENCHMARK,SYNTHETIC_PROTOTYPE_DATA_NOT_REAL_PERSONNEL_DATA,DEMO / SYNTHETIC DATA — NOT REAL PERSONNEL OR SENSOR DATA
11.8,58.9,6.5,4.0,5.0,17.5,6.2,17.9,2,0,5.8,5.5,0.5,0,SYNTHETIC_PROTOTYPE_BENCHMARK,SYNTHETIC_PROTOTYPE_DATA_NOT_REAL_PERSONNEL_DATA,DEMO / SYNTHETIC DATA — NOT REAL PERSONNEL OR SENSOR DATA
6.1,45.9,3.5,10.0,5.0,1.4,7.7,13.4,0,1,6.4,4.9,-1.3,0,SYNTHETIC_PROTOTYPE_BENCHMARK,SYNTHETIC_PROTOTYPE_DATA_NOT_REAL_PERSONNEL_DATA,DEMO / SYNTHETIC DATA — NOT REAL PERSONNEL OR SENSOR DATA
20.7,69.2,8.7,4.0,3.0,27.1,6.0,17.8,1,0,5.1,5.9,0.6,1,SYNTHETIC_PROTOTYPE_BENCHMARK,SYNTHETIC_PROTOTYPE_DATA_NOT_REAL_PERSONNEL_DATA,DEMO / SYNTHETIC DATA — NOT REAL PERSONNEL OR SENSOR DATA
18.5,71.9,9.5,5.5,0.0,10.7,4.3,18.6,2,1,4.9,2.7,1.5,1,SYNTHETIC_PROTOTYPE_BENCHMARK,SYNTHETIC_PROTOTYPE_DATA_NOT_REAL_PERSONNEL_DATA,DEMO / SYNTHETIC DATA — NOT REAL PERSONNEL OR SENSOR DATA
22.8,44.3,6.3,4.0,9.0,5.3,6.3,15.1,2,2,6.5,1.9,-2.7,1,SYNTHETIC_PROTOTYPE_BENCHMARK,SYNTHETIC_PROTOTYPE_DATA_NOT_REAL_PERSONNEL_DATA,DEMO / SYNTHETIC DATA — NOT REAL PERSONNEL OR SENSOR DATA
23.2,46.5,8.7,4.0,4.0,6.5,6.2,16.9,1,3,5.7,5.2,0.6,1,SYNTHETIC_PROTOTYPE_BENCHMARK,SYNTHETIC_PROTOTYPE_DATA_NOT_REAL_PERSONNEL_DATA,DEMO / SYNTHETIC DATA — NOT REAL PERSONNEL OR SENSOR DATA
24.5,60.6,4.4,4.0,0.0,6.3,5.8,14.3,2,0,9.6,7.1,-3.9,1,SYNTHETIC_PROTOTYPE_BENCHMARK,SYNTHETIC_PROTOTYPE_DATA_NOT_REAL_PERSONNEL_DATA,DEMO / SYNTHETIC DATA — NOT REAL PERSONNEL OR SENSOR DATA
16.1,48.1,3.9,4.0,6.0,0.4,6.8,13.5,0,1,7.8,5.4,-0.6,0,SYNTHETIC_PROTOTYPE_BENCHMARK,SYNTHETIC_PROTOTYPE_DATA_NOT_REAL_PERSONNEL_DATA,DEMO / SYNTHETIC DATA — NOT REAL PERSONNEL OR SENSOR DATA
18.2,51.5,5.6,5.6,1.0,1.5,7.8,14.6,0,1,7.3,3.1,-0.7,0,SYNTHETIC_PROTOTYPE_BENCHMARK,SYNTHETIC_PROTOTYPE_DATA_NOT_REAL_PERSONNEL_DATA,DEMO / SYNTHETIC DATA — NOT REAL PERSONNEL OR SENSOR DATA
20.5,52.3,6.4,4.0,3.0,19.5,7.4,12.9,0,3,5.8,2.7,-0.5,1,SYNTHETIC_PROTOTYPE_BENCHMARK,SYNTHETIC_PROTOTYPE_DATA_NOT_REAL_PERSONNEL_DATA,DEMO / SYNTHETIC DATA — NOT REAL PERSONNEL OR SENSOR DATA
10.3,32.8,4.7,4.7,2.0,4.6,7.4,13.5,0,1,2.1,8.0,-0.7,0,SYNTHETIC_PROTOTYPE_BENCHMARK,SYNTHETIC_PROTOTYPE_DATA_NOT_REAL_PERSONNEL_DATA,DEMO / SYNTHETIC DATA — NOT REAL PERSONNEL OR SENSOR DATA
16.0,51.9,6.6,4.0,2.0,2.9,6.7,16.8,0,0,4.6,3.9,-1.1,0,SYNTHETIC_PROTOTYPE_BENCHMARK,SYNTHETIC_PROTOTYPE_DATA_NOT_REAL_PERSONNEL_DATA,DEMO / SYNTHETIC DATA — NOT REAL PERSONNEL OR SENSOR DATA
13.2,45.1,6.1,4.0,8.0,8.6,6.5,14.6,1,1,4.9,7.8,-0.6,0,SYNTHETIC_PROTOTYPE_BENCHMARK,SYNTHETIC_PROTOTYPE_DATA_NOT_REAL_PERSONNEL_DATA,DEMO / SYNTHETIC DATA — NOT REAL PERSONNEL OR SENSOR DATA
17.5,47.1,3.5,4.0,2.0,4.5,7.2,17.0,0,1,5.7,6.4,0.5,0,SYNTHETIC_PROTOTYPE_BENCHMARK,SYNTHETIC_PROTOTYPE_DATA_NOT_REAL_PERSONNEL_DATA,DEMO / SYNTHETIC DATA — NOT REAL PERSONNEL OR SENSOR DATA
22.3,66.4,6.5,6.8,0.0,0.1,6.6,15.1,0,2,6.1,3.2,0.6,1,SYNTHETIC_PROTOTYPE_BENCHMARK,SYNTHETIC_PROTOTYPE_DATA_NOT_REAL_PERSONNEL_DATA,DEMO / SYNTHETIC DATA — NOT REAL PERSONNEL OR SENSOR DATA
17.1,39.4,7.2,18.4,10.0,8.0,7.9,13.6,0,2,7.5,7.6,0.3,1,SYNTHETIC_PROTOTYPE_BENCHMARK,SYNTHETIC_PROTOTYPE_DATA_NOT_REAL_PERSONNEL_DATA,DEMO / SYNTHETIC DATA — NOT REAL PERSONNEL OR SENSOR DATA
29.5,60.1,5.8,4.0,9.0,7.9,7.1,16.6,0,0,6.7,3.3,-1.3,1,SYNTHETIC_PROTOTYPE_BENCHMARK,SYNTHETIC_PROTOTYPE_DATA_NOT_REAL_PERSONNEL_DATA,DEMO / SYNTHETIC DATA — NOT REAL PERSONNEL OR SENSOR DATA
22.8,49.2,7.8,4.0,4.0,1.1,5.3,17.8,1,3,8.5,3.1,2.4,1,SYNTHETIC_PROTOTYPE_BENCHMARK,SYNTHETIC_PROTOTYPE_DATA_NOT_REAL_PERSONNEL_DATA,DEMO / SYNTHETIC DATA — NOT REAL PERSONNEL OR SENSOR DATA
16.6,49.2,3.1,4.0,2.0,18.8,6.4,16.4,2,0,5.6,4.0,3.4,0,SYNTHETIC_PROTOTYPE_BENCHMARK,SYNTHETIC_PROTOTYPE_DATA_NOT_REAL_PERSONNEL_DATA,DEMO / SYNTHETIC DATA — NOT REAL PERSONNEL OR SENSOR DATA
22.3,59.9,6.4,4.2,0.0,1.5,7.8,16.1,0,3,6.7,5.8,-2.8,1,SYNTHETIC_PROTOTYPE_BENCHMARK,SYNTHETIC_PROTOTYPE_DATA_NOT_REAL_PERSONNEL_DATA,DEMO / SYNTHETIC DATA — NOT REAL PERSONNEL OR SENSOR DATA
24.4,55.4,3.2,4.0,5.0,3.7,6.4,17.9,1,2,6.9,6.6,0.4,1,SYNTHETIC_PROTOTYPE_BENCHMARK,SYNTHETIC_PROTOTYPE_DATA_NOT_REAL_PERSONNEL_DATA,DEMO / SYNTHETIC DATA — NOT REAL PERSONNEL OR SENSOR DATA
18.1,57.7,3.3,6.2,0.0,0.7,7.7,16.1,0,1,6.7,4.2,-1.0,1,SYNTHETIC_PROTOTYPE_BENCHMARK,SYNTHETIC_PROTOTYPE_DATA_NOT_REAL_PERSONNEL_DATA,DEMO / SYNTHETIC DATA — NOT REAL PERSONNEL OR SENSOR DATA
20.7,61.7,4.2,4.0,0.0,5.5,6.2,16.0,2,2,8.8,1.8,2.0,1,SYNTHETIC_PROTOTYPE_BENCHMARK,SYNTHETIC_PROTOTYPE_DATA_NOT_REAL_PERSONNEL_DATA,DEMO / SYNTHETIC DATA — NOT REAL PERSONNEL OR SENSOR DATA
23.9,48.7,3.6,5.8,3.0,2.8,7.2,15.3,0,0,7.8,3.0,-0.0,0,SYNTHETIC_PROTOTYPE_BENCHMARK,SYNTHETIC_PROTOTYPE_DATA_NOT_REAL_PERSONNEL_DATA,DEMO / SYNTHETIC DATA — NOT REAL PERSONNEL OR SENSOR DATA
12.3,45.9,4.4,4.7,1.0,2.6,6.3,16.4,1,0,3.6,3.8,0.1,0,SYNTHETIC_PROTOTYPE_BENCHMARK,SYNTHETIC_PROTOTYPE_DATA_NOT_REAL_PERSONNEL_DATA,DEMO / SYNTHETIC DATA — NOT REAL PERSONNEL OR SENSOR DATA
14.6,41.1,5.1,4.0,0.0,10.5,6.3,14.3,1,0,6.0,3.8,1.1,0,SYNTHETIC_PROTOTYPE_BENCHMARK,SYNTHETIC_PROTOTYPE_DATA_NOT_REAL_PERSONNEL_DATA,DEMO / SYNTHETIC DATA — NOT REAL PERSONNEL OR SENSOR DATA
18.7,43.7,7.2,4.0,2.0,0.1,7.9,14.2,0,0,6.2,6.0,-0.7,0,SYNTHETIC_PROTOTYPE_BENCHMARK,SYNTHETIC_PROTOTYPE_DATA_NOT_REAL_PERSONNEL_DATA,DEMO / SYNTHETIC DATA — NOT REAL PERSONNEL OR SENSOR DATA
20.8,81.5,4.9,4.0,1.0,9.6,6.3,18.5,2,1,10.0,6.4,3.7,1,SYNTHETIC_PROTOTYPE_BENCHMARK,SYNTHETIC_PROTOTYPE_DATA_NOT_REAL_PERSONNEL_DATA,DEMO / SYNTHETIC DATA — NOT REAL PERSONNEL OR SENSOR DATA
20.8,64.4,2.3,4.0,1.0,5.1,6.4,19.3,2,0,5.5,5.6,1.1,0,SYNTHETIC_PROTOTYPE_BENCHMARK,SYNTHETIC_PROTOTYPE_DATA_NOT_REAL_PERSONNEL_DATA,DEMO / SYNTHETIC DATA — NOT REAL PERSONNEL OR SENSOR DATA
18.3,38.5,7.8,8.5,0.0,25.7,5.8,11.9,1,2,4.2,4.2,2.0,1,SYNTHETIC_PROTOTYPE_BENCHMARK,SYNTHETIC_PROTOTYPE_DATA_NOT_REAL_PERSONNEL_DATA,DEMO / SYNTHETIC DATA — NOT REAL PERSONNEL OR SENSOR DATA
18.4,38.8,3.8,4.0,1.0,5.3,7.4,14.3,0,1,7.1,4.8,-0.5,0,SYNTHETIC_PROTOTYPE_BENCHMARK,SYNTHETIC_PROTOTYPE_DATA_NOT_REAL_PERSONNEL_DATA,DEMO / SYNTHETIC DATA — NOT REAL PERSONNEL OR SENSOR DATA
22.0,56.8,5.4,7.3,4.0,0.3,7.8,16.6,0,1,7.2,4.1,-0.3,1,SYNTHETIC_PROTOTYPE_BENCHMARK,SYNTHETIC_PROTOTYPE_DATA_NOT_REAL_PERSONNEL_DATA,DEMO / SYNTHETIC DATA — NOT REAL PERSONNEL OR SENSOR DATA
18.0,57.5,6.4,4.0,6.0,0.3,8.2,16.7,0,1,6.1,5.4,1.8,0,SYNTHETIC_PROTOTYPE_BENCHMARK,SYNTHETIC_PROTOTYPE_DATA_NOT_REAL_PERSONNEL_DATA,DEMO / SYNTHETIC DATA — NOT REAL PERSONNEL OR SENSOR DATA
14.9,57.5,5.9,4.0,2.0,12.9,6.2,17.0,1,0,5.8,7.2,1.6,0,SYNTHETIC_PROTOTYPE_BENCHMARK,SYNTHETIC_PROTOTYPE_DATA_NOT_REAL_PERSONNEL_DATA,DEMO / SYNTHETIC DATA — NOT REAL PERSONNEL OR SENSOR DATA
17.8,49.5,7.7,4.0,2.0,11.0,5.5,17.4,1,0,8.1,4.6,-2.7,1,SYNTHETIC_PROTOTYPE_BENCHMARK,SYNTHETIC_PROTOTYPE_DATA_NOT_REAL_PERSONNEL_DATA,DEMO / SYNTHETIC DATA — NOT REAL PERSONNEL OR SENSOR DATA
16.2,50.7,6.5,4.0,0.0,2.5,7.7,15.1,0,0,4.5,7.5,0.3,0,SYNTHETIC_PROTOTYPE_BENCHMARK,SYNTHETIC_PROTOTYPE_DATA_NOT_REAL_PERSONNEL_DATA,DEMO / SYNTHETIC DATA — NOT REAL PERSONNEL OR SENSOR DATA
23.6,55.3,3.8,4.0,0.0,5.8,6.5,16.3,2,2,5.5,8.1,1.0,1,SYNTHETIC_PROTOTYPE_BENCHMARK,SYNTHETIC_PROTOTYPE_DATA_NOT_REAL_PERSONNEL_DATA,DEMO / SYNTHETIC DATA — NOT REAL PERSONNEL OR SENSOR DATA
21.6,52.9,9.9,4.0,1.0,4.0,7.6,16.1,0,1,5.2,4.5,-0.3,1,SYNTHETIC_PROTOTYPE_BENCHMARK,SYNTHETIC_PROTOTYPE_DATA_NOT_REAL_PERSONNEL_DATA,DEMO / SYNTHETIC DATA — NOT REAL PERSONNEL OR SENSOR DATA
14.5,30.0,5.9,4.0,3.0,20.5,7.5,13.9,0,0,8.4,5.8,0.8,0,SYNTHETIC_PROTOTYPE_BENCHMARK,SYNTHETIC_PROTOTYPE_DATA_NOT_REAL_PERSONNEL_DATA,DEMO / SYNTHETIC DATA — NOT REAL PERSONNEL OR SENSOR DATA
22.0,49.7,5.2,4.0,5.0,18.0,5.9,16.2,1,2,6.8,4.7,-0.2,1,SYNTHETIC_PROTOTYPE_BENCHMARK,SYNTHETIC_PROTOTYPE_DATA_NOT_REAL_PERSONNEL_DATA,DEMO / SYNTHETIC DATA — NOT REAL PERSONNEL OR SENSOR DATA
20.1,43.5,7.4,4.0,3.0,24.8,6.7,18.1,0,0,4.1,5.7,-4.9,1,SYNTHETIC_PROTOTYPE_BENCHMARK,SYNTHETIC_PROTOTYPE_DATA_NOT_REAL_PERSONNEL_DATA,DEMO / SYNTHETIC DATA — NOT REAL PERSONNEL OR SENSOR DATA
17.3,53.8,6.0,4.0,2.0,12.1,7.6,14.9,0,1,4.3,4.5,-2.9,1,SYNTHETIC_PROTOTYPE_BENCHMARK,SYNTHETIC_PROTOTYPE_DATA_NOT_REAL_PERSONNEL_DATA,DEMO / SYNTHETIC DATA — NOT REAL PERSONNEL OR SENSOR DATA
26.8,81.9,6.3,4.0,0.0,14.4,5.3,15.9,1,1,9.9,4.8,2.1,2,SYNTHETIC_PROTOTYPE_BENCHMARK,SYNTHETIC_PROTOTYPE_DATA_NOT_REAL_PERSONNEL_DATA,DEMO / SYNTHETIC DATA — NOT REAL PERSONNEL OR SENSOR DATA
24.5,55.7,10.0,10.4,5.0,1.5,6.0,13.5,1,2,8.4,2.6,-0.5,2,SYNTHETIC_PROTOTYPE_BENCHMARK,SYNTHETIC_PROTOTYPE_DATA_NOT_REAL_PERSONNEL_DATA,DEMO / SYNTHETIC DATA — NOT REAL PERSONNEL OR SENSOR DATA
20.5,48.9,4.9,4.0,2.0,10.7,5.6,15.0,2,3,7.9,4.5,0.4,1,SYNTHETIC_PROTOTYPE_BENCHMARK,SYNTHETIC_PROTOTYPE_DATA_NOT_REAL_PERSONNEL_DATA,DEMO / SYNTHETIC DATA — NOT REAL PERSONNEL OR SENSOR DATA
26.6,61.2,4.9,5.7,5.0,7.4,5.8,16.3,2,2,6.2,5.1,-0.0,1,SYNTHETIC_PROTOTYPE_BENCHMARK,SYNTHETIC_PROTOTYPE_DATA_NOT_REAL_PERSONNEL_DATA,DEMO / SYNTHETIC DATA — NOT REAL PERSONNEL OR SENSOR DATA
24.5,56.8,5.7,4.0,3.0,19.7,5.9,14.2,1,1,9.2,6.1,-1.8,1,SYNTHETIC_PROTOTYPE_BENCHMARK,SYNTHETIC_PROTOTYPE_DATA_NOT_REAL_PERSONNEL_DATA,DEMO / SYNTHETIC DATA — NOT REAL PERSONNEL OR SENSOR DATA
23.1,56.2,7.6,4.9,5.0,5.1,7.4,17.9,0,0,4.0,8.2,-1.0,1,SYNTHETIC_PROTOTYPE_BENCHMARK,SYNTHETIC_PROTOTYPE_DATA_NOT_REAL_PERSONNEL_DATA,DEMO / SYNTHETIC DATA — NOT REAL PERSONNEL OR SENSOR DATA
17.5,58.1,2.5,4.0,8.0,0.5,5.9,16.9,1,2,7.7,2.8,0.7,0,SYNTHETIC_PROTOTYPE_BENCHMARK,SYNTHETIC_PROTOTYPE_DATA_NOT_REAL_PERSONNEL_DATA,DEMO / SYNTHETIC DATA — NOT REAL PERSONNEL OR SENSOR DATA
20.7,72.6,1.6,11.4,9.0,5.5,7.3,10.8,0,1,5.3,3.0,0.9,1,SYNTHETIC_PROTOTYPE_BENCHMARK,SYNTHETIC_PROTOTYPE_DATA_NOT_REAL_PERSONNEL_DATA,DEMO / SYNTHETIC DATA — NOT REAL PERSONNEL OR SENSOR DATA
19.3,40.7,4.3,4.0,3.0,7.0,6.2,19.0,1,0,5.7,2.3,4.8,0,SYNTHETIC_PROTOTYPE_BENCHMARK,SYNTHETIC_PROTOTYPE_DATA_NOT_REAL_PERSONNEL_DATA,DEMO / SYNTHETIC DATA — NOT REAL PERSONNEL OR SENSOR DATA
22.8,56.7,2.2,7.1,3.0,1.5,8.7,14.7,0,2,7.7,3.2,-1.1,0,SYNTHETIC_PROTOTYPE_BENCHMARK,SYNTHETIC_PROTOTYPE_DATA_NOT_REAL_PERSONNEL_DATA,DEMO / SYNTHETIC DATA — NOT REAL PERSONNEL OR SENSOR DATA
6.4,42.7,4.7,4.0,1.0,3.0,8.7,14.2,0,0,5.9,3.0,3.7,0,SYNTHETIC_PROTOTYPE_BENCHMARK,SYNTHETIC_PROTOTYPE_DATA_NOT_REAL_PERSONNEL_DATA,DEMO / SYNTHETIC DATA — NOT REAL PERSONNEL OR SENSOR DATA
18.6,57.6,6.5,4.0,10.0,5.5,6.7,17.8,0,0,5.3,4.0,-1.9,0,SYNTHETIC_PROTOTYPE_BENCHMARK,SYNTHETIC_PROTOTYPE_DATA_NOT_REAL_PERSONNEL_DATA,DEMO / SYNTHETIC DATA — NOT REAL PERSONNEL OR SENSOR DATA
19.2,42.8,3.7,4.5,2.0,2.8,6.0,16.4,1,3,5.2,5.3,1.1,1,SYNTHETIC_PROTOTYPE_BENCHMARK,SYNTHETIC_PROTOTYPE_DATA_NOT_REAL_PERSONNEL_DATA,DEMO / SYNTHETIC DATA — NOT REAL PERSONNEL OR SENSOR DATA
22.1,47.8,2.6,4.0,0.0,2.8,7.1,12.1,0,1,2.2,6.0,0.4,0,SYNTHETIC_PROTOTYPE_BENCHMARK,SYNTHETIC_PROTOTYPE_DATA_NOT_REAL_PERSONNEL_DATA,DEMO / SYNTHETIC DATA — NOT REAL PERSONNEL OR SENSOR DATA
7.6,49.0,5.6,4.0,2.0,0.9,6.8,14.5,0,0,7.7,4.8,-0.3,0,SYNTHETIC_PROTOTYPE_BENCHMARK,SYNTHETIC_PROTOTYPE_DATA_NOT_REAL_PERSONNEL_DATA,DEMO / SYNTHETIC DATA — NOT REAL PERSONNEL OR SENSOR DATA
20.7,61.8,7.2,4.0,0.0,17.0,5.1,16.2,2,2,4.2,5.3,-0.0,2,SYNTHETIC_PROTOTYPE_BENCHMARK,SYNTHETIC_PROTOTYPE_DATA_NOT_REAL_PERSONNEL_DATA,DEMO / SYNTHETIC DATA — NOT REAL PERSONNEL OR SENSOR DATA
27.2,61.2,2.1,4.0,2.0,8.3,6.6,11.3,0,3,9.9,4.8,-1.4,1,SYNTHETIC_PROTOTYPE_BENCHMARK,SYNTHETIC_PROTOTYPE_DATA_NOT_REAL_PERSONNEL_DATA,DEMO / SYNTHETIC DATA — NOT REAL PERSONNEL OR SENSOR DATA
13.7,39.5,7.1,15.5,3.0,0.0,6.9,11.2,0,0,5.6,4.3,2.0,0,SYNTHETIC_PROTOTYPE_BENCHMARK,SYNTHETIC_PROTOTYPE_DATA_NOT_REAL_PERSONNEL_DATA,DEMO / SYNTHETIC DATA — NOT REAL PERSONNEL OR SENSOR DATA
15.1,52.5,7.1,4.0,1.0,8.7,6.2,15.9,2,1,8.8,2.6,-1.9,1,SYNTHETIC_PROTOTYPE_BENCHMARK,SYNTHETIC_PROTOTYPE_DATA_NOT_REAL_PERSONNEL_DATA,DEMO / SYNTHETIC DATA — NOT REAL PERSONNEL OR SENSOR DATA
25.9,44.9,7.4,6.8,0.0,8.1,6.9,12.1,0,2,2.6,6.4,0.7,1,SYNTHETIC_PROTOTYPE_BENCHMARK,SYNTHETIC_PROTOTYPE_DATA_NOT_REAL_PERSONNEL_DATA,DEMO / SYNTHETIC DATA — NOT REAL PERSONNEL OR SENSOR DATA
10.1,39.4,7.9,4.0,10.0,0.1,7.1,16.1,0,0,7.7,8.3,1.7,0,SYNTHETIC_PROTOTYPE_BENCHMARK,SYNTHETIC_PROTOTYPE_DATA_NOT_REAL_PERSONNEL_DATA,DEMO / SYNTHETIC DATA — NOT REAL PERSONNEL OR SENSOR DATA
22.6,49.8,9.9,4.0,5.0,2.8,8.7,15.6,0,1,8.2,9.0,3.0,1,SYNTHETIC_PROTOTYPE_BENCHMARK,SYNTHETIC_PROTOTYPE_DATA_NOT_REAL_PERSONNEL_DATA,DEMO / SYNTHETIC DATA — NOT REAL PERSONNEL OR SENSOR DATA
10.0,48.9,4.8,10.7,6.0,5.6,6.5,10.6,0,0,8.8,6.7,2.1,0,SYNTHETIC_PROTOTYPE_BENCHMARK,SYNTHETIC_PROTOTYPE_DATA_NOT_REAL_PERSONNEL_DATA,DEMO / SYNTHETIC DATA — NOT REAL PERSONNEL OR SENSOR DATA
19.4,76.3,5.7,8.8,2.0,3.6,6.3,15.5,1,2,3.1,5.9,1.3,1,SYNTHETIC_PROTOTYPE_BENCHMARK,SYNTHETIC_PROTOTYPE_DATA_NOT_REAL_PERSONNEL_DATA,DEMO / SYNTHETIC DATA — NOT REAL PERSONNEL OR SENSOR DATA
21.3,56.3,4.7,6.2,5.0,9.0,6.7,16.4,0,2,4.8,5.6,-1.4,1,SYNTHETIC_PROTOTYPE_BENCHMARK,SYNTHETIC_PROTOTYPE_DATA_NOT_REAL_PERSONNEL_DATA,DEMO / SYNTHETIC DATA — NOT REAL PERSONNEL OR SENSOR DATA
9.9,38.2,5.5,4.0,2.0,3.3,7.8,15.0,0,0,7.4,6.3,-1.7,0,SYNTHETIC_PROTOTYPE_BENCHMARK,SYNTHETIC_PROTOTYPE_DATA_NOT_REAL_PERSONNEL_DATA,DEMO / SYNTHETIC DATA — NOT REAL PERSONNEL OR SENSOR DATA
21.1,46.4,8.6,4.0,1.0,1.0,7.6,15.2,0,2,6.5,5.6,-2.5,1,SYNTHETIC_PROTOTYPE_BENCHMARK,SYNTHETIC_PROTOTYPE_DATA_NOT_REAL_PERSONNEL_DATA,DEMO / SYNTHETIC DATA — NOT REAL PERSONNEL OR SENSOR DATA
27.7,62.2,2.8,4.0,0.0,22.5,6.6,17.1,0,2,6.8,4.4,-2.7,1,SYNTHETIC_PROTOTYPE_BENCHMARK,SYNTHETIC_PROTOTYPE_DATA_NOT_REAL_PERSONNEL_DATA,DEMO / SYNTHETIC DATA — NOT REAL PERSONNEL OR SENSOR DATA
19.5,72.9,3.8,4.0,1.0,1.7,6.3,15.2,1,0,5.5,4.9,-0.0,0,SYNTHETIC_PROTOTYPE_BENCHMARK,SYNTHETIC_PROTOTYPE_DATA_NOT_REAL_PERSONNEL_DATA,DEMO / SYNTHETIC DATA — NOT REAL PERSONNEL OR SENSOR DATA
22.8,36.1,8.3,4.0,1.0,7.6,7.6,11.7,0,1,9.3,5.2,-1.6,1,SYNTHETIC_PROTOTYPE_BENCHMARK,SYNTHETIC_PROTOTYPE_DATA_NOT_REAL_PERSONNEL_DATA,DEMO / SYNTHETIC DATA — NOT REAL PERSONNEL OR SENSOR DATA
14.8,33.2,7.5,7.1,21.0,0.9,7.8,15.3,0,0,10.0,5.9,2.6,0,SYNTHETIC_PROTOTYPE_BENCHMARK,SYNTHETIC_PROTOTYPE_DATA_NOT_REAL_PERSONNEL_DATA,DEMO / SYNTHETIC DATA — NOT REAL PERSONNEL OR SENSOR DATA
29.3,70.7,4.8,9.1,0.0,2.4,6.1,12.0,2,3,6.4,2.3,-1.3,2,SYNTHETIC_PROTOTYPE_BENCHMARK,SYNTHETIC_PROTOTYPE_DATA_NOT_REAL_PERSONNEL_DATA,DEMO / SYNTHETIC DATA — NOT REAL PERSONNEL OR SENSOR DATA
11.7,55.9,7.2,4.0,2.0,3.5,6.0,14.8,2,1,7.1,5.6,0.2,0,SYNTHETIC_PROTOTYPE_BENCHMARK,SYNTHETIC_PROTOTYPE_DATA_NOT_REAL_PERSONNEL_DATA,DEMO / SYNTHETIC DATA — NOT REAL PERSONNEL OR SENSOR DATA
19.3,43.3,6.2,4.0,2.0,1.3,7.3,18.5,0,1,6.3,4.2,-0.6,0,SYNTHETIC_PROTOTYPE_BENCHMARK,SYNTHETIC_PROTOTYPE_DATA_NOT_REAL_PERSONNEL_DATA,DEMO / SYNTHETIC DATA — NOT REAL PERSONNEL OR SENSOR DATA
23.1,57.3,8.5,7.9,1.0,3.6,6.9,13.8,0,1,8.8,4.9,-3.1,1,SYNTHETIC_PROTOTYPE_BENCHMARK,SYNTHETIC_PROTOTYPE_DATA_NOT_REAL_PERSONNEL_DATA,DEMO / SYNTHETIC DATA — NOT REAL PERSONNEL OR SENSOR DATA
11.5,30.0,5.6,4.0,3.0,1.0,8.2,15.6,0,1,7.9,7.1,2.4,0,SYNTHETIC_PROTOTYPE_BENCHMARK,SYNTHETIC_PROTOTYPE_DATA_NOT_REAL_PERSONNEL_DATA,DEMO / SYNTHETIC DATA — NOT REAL PERSONNEL OR SENSOR DATA
28.7,52.0,7.6,4.0,1.0,4.9,7.0,16.6,0,2,4.1,6.0,1.5,2,SYNTHETIC_PROTOTYPE_BENCHMARK,SYNTHETIC_PROTOTYPE_DATA_NOT_REAL_PERSONNEL_DATA,DEMO / SYNTHETIC DATA — NOT REAL PERSONNEL OR SENSOR DATA
20.2,55.3,10.0,4.0,5.0,6.5,6.5,16.6,0,1,5.0,6.1,1.8,1,SYNTHETIC_PROTOTYPE_BENCHMARK,SYNTHETIC_PROTOTYPE_DATA_NOT_REAL_PERSONNEL_DATA,DEMO / SYNTHETIC DATA — NOT REAL PERSONNEL OR SENSOR DATA
17.9,61.2,6.7,4.0,1.0,0.4,6.6,13.8,0,3,4.2,4.3,1.3,1,SYNTHETIC_PROTOTYPE_BENCHMARK,SYNTHETIC_PROTOTYPE_DATA_NOT_REAL_PERSONNEL_DATA,DEMO / SYNTHETIC DATA — NOT REAL PERSONNEL OR SENSOR DATA
20.1,41.9,5.6,17.1,3.0,12.3,6.6,10.3,0,1,10.0,6.4,-1.7,1,SYNTHETIC_PROTOTYPE_BENCHMARK,SYNTHETIC_PROTOTYPE_DATA_NOT_REAL_PERSONNEL_DATA,DEMO / SYNTHETIC DATA — NOT REAL PERSONNEL OR SENSOR DATA
11.7,52.9,6.9,4.0,4.0,1.2,7.2,15.7,0,0,7.5,4.3,-1.6,0,SYNTHETIC_PROTOTYPE_BENCHMARK,SYNTHETIC_PROTOTYPE_DATA_NOT_REAL_PERSONNEL_DATA,DEMO / SYNTHETIC DATA — NOT REAL PERSONNEL OR SENSOR DATA
19.5,42.7,4.8,4.0,8.0,1.5,7.2,16.1,0,3,5.0,2.7,1.0,1,SYNTHETIC_PROTOTYPE_BENCHMARK,SYNTHETIC_PROTOTYPE_DATA_NOT_REAL_PERSONNEL_DATA,DEMO / SYNTHETIC DATA — NOT REAL PERSONNEL OR SENSOR DATA
26.9,54.6,10.0,4.0,6.0,6.5,6.9,16.2,0,1,4.8,5.8,3.4,2,SYNTHETIC_PROTOTYPE_BENCHMARK,SYNTHETIC_PROTOTYPE_DATA_NOT_REAL_PERSONNEL_DATA,DEMO / SYNTHETIC DATA — NOT REAL PERSONNEL OR SENSOR DATA
17.6,43.0,5.9,9.4,3.0,3.8,8.1,18.6,0,1,7.8,6.1,0.8,0,SYNTHETIC_PROTOTYPE_BENCHMARK,SYNTHETIC_PROTOTYPE_DATA_NOT_REAL_PERSONNEL_DATA,DEMO / SYNTHETIC DATA — NOT REAL PERSONNEL OR SENSOR DATA
20.0,47.9,5.0,8.1,2.0,4.2,6.5,11.6,2,3,8.0,6.9,2.2,1,SYNTHETIC_PROTOTYPE_BENCHMARK,SYNTHETIC_PROTOTYPE_DATA_NOT_REAL_PERSONNEL_DATA,DEMO / SYNTHETIC DATA — NOT REAL PERSONNEL OR SENSOR DATA
11.4,42.0,3.8,4.0,2.0,0.8,7.9,17.6,0,0,7.8,5.6,-1.2,0,SYNTHETIC_PROTOTYPE_BENCHMARK,SYNTHETIC_PROTOTYPE_DATA_NOT_REAL_PERSONNEL_DATA,DEMO / SYNTHETIC DATA — NOT REAL PERSONNEL OR SENSOR DATA
26.4,58.5,7.7,4.0,5.0,9.8,6.5,18.0,2,1,5.3,2.3,2.4,1,SYNTHETIC_PROTOTYPE_BENCHMARK,SYNTHETIC_PROTOTYPE_DATA_NOT_REAL_PERSONNEL_DATA,DEMO / SYNTHETIC DATA — NOT REAL PERSONNEL OR SENSOR DATA
13.0,60.6,7.2,4.0,7.0,5.8,8.1,16.6,0,0,6.8,4.5,-0.9,0,SYNTHETIC_PROTOTYPE_BENCHMARK,SYNTHETIC_PROTOTYPE_DATA_NOT_REAL_PERSONNEL_DATA,DEMO / SYNTHETIC DATA — NOT REAL PERSONNEL OR SENSOR DATA
20.4,49.7,4.5,4.0,0.0,0.9,6.9,14.3,0,1,6.4,6.6,0.5,0,SYNTHETIC_PROTOTYPE_BENCHMARK,SYNTHETIC_PROTOTYPE_DATA_NOT_REAL_PERSONNEL_DATA,DEMO / SYNTHETIC DATA — NOT REAL PERSONNEL OR SENSOR DATA
28.8,52.4,6.7,4.5,2.0,2.8,7.5,18.7,0,2,4.3,5.8,-0.8,1,SYNTHETIC_PROTOTYPE_BENCHMARK,SYNTHETIC_PROTOTYPE_DATA_NOT_REAL_PERSONNEL_DATA,DEMO / SYNTHETIC DATA — NOT REAL PERSONNEL OR SENSOR DATA
18.8,37.5,2.5,4.0,5.0,10.0,7.3,11.2,0,3,4.3,5.7,2.0,1,SYNTHETIC_PROTOTYPE_BENCHMARK,SYNTHETIC_PROTOTYPE_DATA_NOT_REAL_PERSONNEL_DATA,DEMO / SYNTHETIC DATA — NOT REAL PERSONNEL OR SENSOR DATA
18.3,49.0,5.9,4.0,2.0,5.0,5.9,14.2,2,1,7.0,2.8,2.0,1,SYNTHETIC_PROTOTYPE_BENCHMARK,SYNTHETIC_PROTOTYPE_DATA_NOT_REAL_PERSONNEL_DATA,DEMO / SYNTHETIC DATA — NOT REAL PERSONNEL OR SENSOR DATA
20.1,51.5,6.4,4.6,1.0,0.7,6.6,17.7,0,2,6.6,3.6,-3.2,1,SYNTHETIC_PROTOTYPE_BENCHMARK,SYNTHETIC_PROTOTYPE_DATA_NOT_REAL_PERSONNEL_DATA,DEMO / SYNTHETIC DATA — NOT REAL PERSONNEL OR SENSOR DATA
26.8,78.2,8.9,4.0,2.0,2.8,6.6,14.9,0,3,7.3,4.4,2.9,2,SYNTHETIC_PROTOTYPE_BENCHMARK,SYNTHETIC_PROTOTYPE_DATA_NOT_REAL_PERSONNEL_DATA,DEMO / SYNTHETIC DATA — NOT REAL PERSONNEL OR SENSOR DATA
12.6,40.9,4.0,7.8,3.0,1.7,7.1,17.3,0,1,7.8,3.2,5.0,0,SYNTHETIC_PROTOTYPE_BENCHMARK,SYNTHETIC_PROTOTYPE_DATA_NOT_REAL_PERSONNEL_DATA,DEMO / SYNTHETIC DATA — NOT REAL PERSONNEL OR SENSOR DATA
21.2,66.6,2.9,4.0,21.0,4.4,4.5,12.6,3,0,9.2,3.8,-0.8,1,SYNTHETIC_PROTOTYPE_BENCHMARK,SYNTHETIC_PROTOTYPE_DATA_NOT_REAL_PERSONNEL_DATA,DEMO / SYNTHETIC DATA — NOT REAL PERSONNEL OR SENSOR DATA
22.6,62.0,3.7,4.0,2.0,11.1,6.3,13.4,2,1,4.6,4.6,-0.3,2,SYNTHETIC_PROTOTYPE_BENCHMARK,SYNTHETIC_PROTOTYPE_DATA_NOT_REAL_PERSONNEL_DATA,DEMO / SYNTHETIC DATA — NOT REAL PERSONNEL OR SENSOR DATA
28.1,54.8,2.8,24.0,1.0,3.4,5.9,6.5,2,3,7.5,6.7,2.7,2,SYNTHETIC_PROTOTYPE_BENCHMARK,SYNTHETIC_PROTOTYPE_DATA_NOT_REAL_PERSONNEL_DATA,DEMO / SYNTHETIC DATA — NOT REAL PERSONNEL OR SENSOR DATA
19.2,69.6,8.2,4.0,1.0,3.4,6.3,16.4,1,3,7.7,5.1,0.1,2,SYNTHETIC_PROTOTYPE_BENCHMARK,SYNTHETIC_PROTOTYPE_DATA_NOT_REAL_PERSONNEL_DATA,DEMO / SYNTHETIC DATA — NOT REAL PERSONNEL OR SENSOR DATA
10.2,55.7,8.6,4.9,0.0,14.1,7.7,14.8,0,1,5.6,6.3,-0.0,0,SYNTHETIC_PROTOTYPE_BENCHMARK,SYNTHETIC_PROTOTYPE_DATA_NOT_REAL_PERSONNEL_DATA,DEMO / SYNTHETIC DATA — NOT REAL PERSONNEL OR SENSOR DATA
28.7,55.9,6.1,4.0,3.0,5.2,7.3,14.6,0,3,6.4,5.3,4.2,1,SYNTHETIC_PROTOTYPE_BENCHMARK,SYNTHETIC_PROTOTYPE_DATA_NOT_REAL_PERSONNEL_DATA,DEMO / SYNTHETIC DATA — NOT REAL PERSONNEL OR SENSOR DATA
16.9,51.5,7.9,4.0,3.0,5.0,8.1,18.4,0,0,5.6,3.9,-3.0,0,SYNTHETIC_PROTOTYPE_BENCHMARK,SYNTHETIC_PROTOTYPE_DATA_NOT_REAL_PERSONNEL_DATA,DEMO / SYNTHETIC DATA — NOT REAL PERSONNEL OR SENSOR DATA
20.6,64.2,5.8,5.2,1.0,1.8,6.0,18.2,1,0,10.0,3.5,-1.7,1,SYNTHETIC_PROTOTYPE_BENCHMARK,SYNTHETIC_PROTOTYPE_DATA_NOT_REAL_PERSONNEL_DATA,DEMO / SYNTHETIC DATA — NOT REAL PERSONNEL OR SENSOR DATA
26.2,63.0,5.3,4.0,4.0,5.6,6.3,14.8,1,3,6.4,3.1,0.9,2,SYNTHETIC_PROTOTYPE_BENCHMARK,SYNTHETIC_PROTOTYPE_DATA_NOT_REAL_PERSONNEL_DATA,DEMO / SYNTHETIC DATA — NOT REAL PERSONNEL OR SENSOR DATA
15.3,45.7,4.8,7.1,5.0,5.1,6.3,11.0,2,0,7.1,6.3,-3.6,0,SYNTHETIC_PROTOTYPE_BENCHMARK,SYNTHETIC_PROTOTYPE_DATA_NOT_REAL_PERSONNEL_DATA,DEMO / SYNTHETIC DATA — NOT REAL PERSONNEL OR SENSOR DATA
21.9,38.8,4.9,4.0,1.0,3.0,6.9,11.3,0,0,5.7,4.8,-0.8,0,SYNTHETIC_PROTOTYPE_BENCHMARK,SYNTHETIC_PROTOTYPE_DATA_NOT_REAL_PERSONNEL_DATA,DEMO / SYNTHETIC DATA — NOT REAL PERSONNEL OR SENSOR DATA
19.8,50.0,2.4,4.0,1.0,28.1,5.5,16.1,2,1,5.2,4.6,-0.8,1,SYNTHETIC_PROTOTYPE_BENCHMARK,SYNTHETIC_PROTOTYPE_DATA_NOT_REAL_PERSONNEL_DATA,DEMO / SYNTHETIC DATA — NOT REAL PERSONNEL OR SENSOR DATA
16.7,44.0,6.0,4.0,16.0,12.8,5.9,16.9,1,1,3.6,5.6,2.1,0,SYNTHETIC_PROTOTYPE_BENCHMARK,SYNTHETIC_PROTOTYPE_DATA_NOT_REAL_PERSONNEL_DATA,DEMO / SYNTHETIC DATA — NOT REAL PERSONNEL OR SENSOR DATA
15.6,51.4,5.4,4.0,2.0,8.3,7.9,15.7,0,1,8.4,7.6,1.5,0,SYNTHETIC_PROTOTYPE_BENCHMARK,SYNTHETIC_PROTOTYPE_DATA_NOT_REAL_PERSONNEL_DATA,DEMO / SYNTHETIC DATA — NOT REAL PERSONNEL OR SENSOR DATA
22.0,64.4,7.0,4.0,5.0,4.6,4.7,15.5,3,0,7.7,5.4,-3.7,2,SYNTHETIC_PROTOTYPE_BENCHMARK,SYNTHETIC_PROTOTYPE_DATA_NOT_REAL_PERSONNEL_DATA,DEMO / SYNTHETIC DATA — NOT REAL PERSONNEL OR SENSOR DATA
16.2,47.4,5.7,4.0,2.0,3.7,8.2,14.0,0,3,5.6,4.2,-1.5,0,SYNTHETIC_PROTOTYPE_BENCHMARK,SYNTHETIC_PROTOTYPE_DATA_NOT_REAL_PERSONNEL_DATA,DEMO / SYNTHETIC DATA — NOT REAL PERSONNEL OR SENSOR DATA
26.7,51.6,5.2,4.0,6.0,1.2,8.0,16.9,0,3,4.4,5.4,-1.5,1,SYNTHETIC_PROTOTYPE_BENCHMARK,SYNTHETIC_PROTOTYPE_DATA_NOT_REAL_PERSONNEL_DATA,DEMO / SYNTHETIC DATA — NOT REAL PERSONNEL OR SENSOR DATA
17.4,52.6,3.8,4.0,5.0,2.2,7.3,19.0,0,1,6.6,7.6,-0.5,0,SYNTHETIC_PROTOTYPE_BENCHMARK,SYNTHETIC_PROTOTYPE_DATA_NOT_REAL_PERSONNEL_DATA,DEMO / SYNTHETIC DATA — NOT REAL PERSONNEL OR SENSOR DATA
17.0,60.5,5.6,5.7,4.0,8.9,5.5,10.5,2,1,5.2,5.6,-2.4,1,SYNTHETIC_PROTOTYPE_BENCHMARK,SYNTHETIC_PROTOTYPE_DATA_NOT_REAL_PERSONNEL_DATA,DEMO / SYNTHETIC DATA — NOT REAL PERSONNEL OR SENSOR DATA
19.0,30.0,7.0,4.0,7.0,3.6,6.5,15.4,0,2,5.8,3.9,1.0,0,SYNTHETIC_PROTOTYPE_BENCHMARK,SYNTHETIC_PROTOTYPE_DATA_NOT_REAL_PERSONNEL_DATA,DEMO / SYNTHETIC DATA — NOT REAL PERSONNEL OR SENSOR DATA
22.2,45.9,3.2,11.3,10.0,12.8,6.4,10.7,1,1,3.7,4.1,-1.5,1,SYNTHETIC_PROTOTYPE_BENCHMARK,SYNTHETIC_PROTOTYPE_DATA_NOT_REAL_PERSONNEL_DATA,DEMO / SYNTHETIC DATA — NOT REAL PERSONNEL OR SENSOR DATA
22.5,54.1,5.7,4.0,3.0,1.0,7.4,12.6,0,1,6.6,3.5,1.3,1,SYNTHETIC_PROTOTYPE_BENCHMARK,SYNTHETIC_PROTOTYPE_DATA_NOT_REAL_PERSONNEL_DATA,DEMO / SYNTHETIC DATA — NOT REAL PERSONNEL OR SENSOR DATA
18.4,64.0,6.0,4.0,1.0,4.3,6.4,13.3,1,1,6.7,6.6,-0.0,1,SYNTHETIC_PROTOTYPE_BENCHMARK,SYNTHETIC_PROTOTYPE_DATA_NOT_REAL_PERSONNEL_DATA,DEMO / SYNTHETIC DATA — NOT REAL PERSONNEL OR SENSOR DATA
11.4,47.1,4.1,6.2,2.0,6.2,6.2,15.5,1,0,8.4,7.3,-2.1,0,SYNTHETIC_PROTOTYPE_BENCHMARK,SYNTHETIC_PROTOTYPE_DATA_NOT_REAL_PERSONNEL_DATA,DEMO / SYNTHETIC DATA — NOT REAL PERSONNEL OR SENSOR DATA
16.4,33.2,4.3,4.0,5.0,4.4,8.6,16.4,0,0,5.9,5.2,3.1,0,SYNTHETIC_PROTOTYPE_BENCHMARK,SYNTHETIC_PROTOTYPE_DATA_NOT_REAL_PERSONNEL_DATA,DEMO / SYNTHETIC DATA — NOT REAL PERSONNEL OR SENSOR DATA
12.3,58.2,6.0,4.0,4.0,13.2,7.7,18.5,0,1,5.5,3.8,3.1,0,SYNTHETIC_PROTOTYPE_BENCHMARK,SYNTHETIC_PROTOTYPE_DATA_NOT_REAL_PERSONNEL_DATA,DEMO / SYNTHETIC DATA — NOT REAL PERSONNEL OR SENSOR DATA
18.1,45.6,3.2,4.0,1.0,27.4,6.3,15.6,2,1,3.1,5.5,0.6,1,SYNTHETIC_PROTOTYPE_BENCHMARK,SYNTHETIC_PROTOTYPE_DATA_NOT_REAL_PERSONNEL_DATA,DEMO / SYNTHETIC DATA — NOT REAL PERSONNEL OR SENSOR DATA
15.2,40.1,6.2,4.0,0.0,0.7,7.6,12.1,0,2,8.4,5.9,-0.5,1,SYNTHETIC_PROTOTYPE_BENCHMARK,SYNTHETIC_PROTOTYPE_DATA_NOT_REAL_PERSONNEL_DATA,DEMO / SYNTHETIC DATA — NOT REAL PERSONNEL OR SENSOR DATA
24.1,45.8,3.7,4.0,4.0,0.8,6.0,15.1,1,2,8.0,4.0,-2.3,1,SYNTHETIC_PROTOTYPE_BENCHMARK,SYNTHETIC_PROTOTYPE_DATA_NOT_REAL_PERSONNEL_DATA,DEMO / SYNTHETIC DATA — NOT REAL PERSONNEL OR SENSOR DATA
15.3,50.2,7.6,24.0,1.0,0.8,6.7,4.8,0,1,6.3,4.8,2.4,1,SYNTHETIC_PROTOTYPE_BENCHMARK,SYNTHETIC_PROTOTYPE_DATA_NOT_REAL_PERSONNEL_DATA,DEMO / SYNTHETIC DATA — NOT REAL PERSONNEL OR SENSOR DATA
17.7,46.0,10.0,4.0,2.0,6.9,7.5,13.2,0,2,3.5,3.3,1.8,0,SYNTHETIC_PROTOTYPE_BENCHMARK,SYNTHETIC_PROTOTYPE_DATA_NOT_REAL_PERSONNEL_DATA,DEMO / SYNTHETIC DATA — NOT REAL PERSONNEL OR SENSOR DATA
12.8,30.0,3.8,8.6,5.0,2.8,8.1,14.9,0,0,3.8,8.2,-1.8,0,SYNTHETIC_PROTOTYPE_BENCHMARK,SYNTHETIC_PROTOTYPE_DATA_NOT_REAL_PERSONNEL_DATA,DEMO / SYNTHETIC DATA — NOT REAL PERSONNEL OR SENSOR DATA
24.9,61.0,6.6,4.5,3.0,7.9,6.0,15.8,2,1,5.1,2.0,-1.5,2,SYNTHETIC_PROTOTYPE_BENCHMARK,SYNTHETIC_PROTOTYPE_DATA_NOT_REAL_PERSONNEL_DATA,DEMO / SYNTHETIC DATA — NOT REAL PERSONNEL OR SENSOR DATA
27.7,64.7,4.0,4.0,0.0,3.1,6.2,16.8,2,2,8.1,1.7,1.0,1,SYNTHETIC_PROTOTYPE_BENCHMARK,SYNTHETIC_PROTOTYPE_DATA_NOT_REAL_PERSONNEL_DATA,DEMO / SYNTHETIC DATA — NOT REAL PERSONNEL OR SENSOR DATA
23.5,58.5,7.6,4.0,1.0,5.9,6.2,14.9,1,1,6.8,5.4,-2.6,1,SYNTHETIC_PROTOTYPE_BENCHMARK,SYNTHETIC_PROTOTYPE_DATA_NOT_REAL_PERSONNEL_DATA,DEMO / SYNTHETIC DATA — NOT REAL PERSONNEL OR SENSOR DATA
16.1,40.6,3.0,7.3,1.0,8.8,7.0,15.8,0,1,3.2,3.9,-1.4,0,SYNTHETIC_PROTOTYPE_BENCHMARK,SYNTHETIC_PROTOTYPE_DATA_NOT_REAL_PERSONNEL_DATA,DEMO / SYNTHETIC DATA — NOT REAL PERSONNEL OR SENSOR DATA
22.3,50.0,6.5,8.6,1.0,4.8,7.3,12.9,0,1,7.0,4.5,-2.3,1,SYNTHETIC_PROTOTYPE_BENCHMARK,SYNTHETIC_PROTOTYPE_DATA_NOT_REAL_PERSONNEL_DATA,DEMO / SYNTHETIC DATA — NOT REAL PERSONNEL OR SENSOR DATA
16.9,51.9,3.8,4.0,3.0,4.7,5.3,17.8,2,3,4.5,5.2,-2.2,1,SYNTHETIC_PROTOTYPE_BENCHMARK,SYNTHETIC_PROTOTYPE_DATA_NOT_REAL_PERSONNEL_DATA,DEMO / SYNTHETIC DATA — NOT REAL PERSONNEL OR SENSOR DATA
15.9,58.0,5.1,4.0,2.0,0.6,6.7,16.3,0,1,5.2,5.8,-1.6,0,SYNTHETIC_PROTOTYPE_BENCHMARK,SYNTHETIC_PROTOTYPE_DATA_NOT_REAL_PERSONNEL_DATA,DEMO / SYNTHETIC DATA — NOT REAL PERSONNEL OR SENSOR DATA
14.8,58.7,3.4,4.0,1.0,3.2,6.9,15.2,0,2,8.1,4.4,2.0,0,SYNTHETIC_PROTOTYPE_BENCHMARK,SYNTHETIC_PROTOTYPE_DATA_NOT_REAL_PERSONNEL_DATA,DEMO / SYNTHETIC DATA — NOT REAL PERSONNEL OR SENSOR DATA
10.7,44.7,7.1,4.0,0.0,4.7,6.7,16.0,0,3,7.7,8.2,-3.9,0,SYNTHETIC_PROTOTYPE_BENCHMARK,SYNTHETIC_PROTOTYPE_DATA_NOT_REAL_PERSONNEL_DATA,DEMO / SYNTHETIC DATA — NOT REAL PERSONNEL OR SENSOR DATA
23.0,52.8,3.8,4.0,1.0,3.7,6.5,15.6,1,2,8.4,5.1,1.0,1,SYNTHETIC_PROTOTYPE_BENCHMARK,SYNTHETIC_PROTOTYPE_DATA_NOT_REAL_PERSONNEL_DATA,DEMO / SYNTHETIC DATA — NOT REAL PERSONNEL OR SENSOR DATA
26.6,56.6,6.6,7.7,15.0,13.9,6.1,17.3,1,1,6.2,6.6,0.6,2,SYNTHETIC_PROTOTYPE_BENCHMARK,SYNTHETIC_PROTOTYPE_DATA_NOT_REAL_PERSONNEL_DATA,DEMO / SYNTHETIC DATA — NOT REAL PERSONNEL OR SENSOR DATA
22.7,66.6,4.8,4.0,2.0,14.2,5.6,16.1,1,0,8.0,4.7,2.1,1,SYNTHETIC_PROTOTYPE_BENCHMARK,SYNTHETIC_PROTOTYPE_DATA_NOT_REAL_PERSONNEL_DATA,DEMO / SYNTHETIC DATA — NOT REAL PERSONNEL OR SENSOR DATA
21.6,59.0,5.3,5.4,7.0,10.4,6.4,15.0,2,1,5.0,7.9,0.6,1,SYNTHETIC_PROTOTYPE_BENCHMARK,SYNTHETIC_PROTOTYPE_DATA_NOT_REAL_PERSONNEL_DATA,DEMO / SYNTHETIC DATA — NOT REAL PERSONNEL OR SENSOR DATA
20.5,59.9,5.8,4.0,7.0,2.8,6.7,15.1,0,1,5.7,6.3,-0.8,0,SYNTHETIC_PROTOTYPE_BENCHMARK,SYNTHETIC_PROTOTYPE_DATA_NOT_REAL_PERSONNEL_DATA,DEMO / SYNTHETIC DATA — NOT REAL PERSONNEL OR SENSOR DATA
21.6,52.8,4.0,4.0,3.0,7.6,5.1,17.3,2,2,5.5,5.1,-1.8,1,SYNTHETIC_PROTOTYPE_BENCHMARK,SYNTHETIC_PROTOTYPE_DATA_NOT_REAL_PERSONNEL_DATA,DEMO / SYNTHETIC DATA — NOT REAL PERSONNEL OR SENSOR DATA
28.0,66.1,5.9,4.0,4.0,3.0,6.9,17.0,0,1,6.2,5.3,2.2,1,SYNTHETIC_PROTOTYPE_BENCHMARK,SYNTHETIC_PROTOTYPE_DATA_NOT_REAL_PERSONNEL_DATA,DEMO / SYNTHETIC DATA — NOT REAL PERSONNEL OR SENSOR DATA
30.7,56.1,8.6,4.9,1.0,1.6,6.6,14.7,0,3,3.6,4.5,1.1,2,SYNTHETIC_PROTOTYPE_BENCHMARK,SYNTHETIC_PROTOTYPE_DATA_NOT_REAL_PERSONNEL_DATA,DEMO / SYNTHETIC DATA — NOT REAL PERSONNEL OR SENSOR DATA
9.6,43.4,3.9,7.7,4.0,2.5,8.8,11.8,0,0,5.7,5.2,-1.1,0,SYNTHETIC_PROTOTYPE_BENCHMARK,SYNTHETIC_PROTOTYPE_DATA_NOT_REAL_PERSONNEL_DATA,DEMO / SYNTHETIC DATA — NOT REAL PERSONNEL OR SENSOR DATA
30.0,66.0,7.8,4.6,1.0,0.4,5.5,13.5,1,2,9.1,2.4,2.0,2,SYNTHETIC_PROTOTYPE_BENCHMARK,SYNTHETIC_PROTOTYPE_DATA_NOT_REAL_PERSONNEL_DATA,DEMO / SYNTHETIC DATA — NOT REAL PERSONNEL OR SENSOR DATA
27.5,59.0,8.5,4.0,6.0,2.4,6.0,15.2,1,1,4.0,3.5,-1.0,2,SYNTHETIC_PROTOTYPE_BENCHMARK,SYNTHETIC_PROTOTYPE_DATA_NOT_REAL_PERSONNEL_DATA,DEMO / SYNTHETIC DATA — NOT REAL PERSONNEL OR SENSOR DATA
19.2,47.6,3.9,4.0,0.0,3.7,6.9,18.3,0,1,3.5,8.4,-0.0,0,SYNTHETIC_PROTOTYPE_BENCHMARK,SYNTHETIC_PROTOTYPE_DATA_NOT_REAL_PERSONNEL_DATA,DEMO / SYNTHETIC DATA — NOT REAL PERSONNEL OR SENSOR DATA
18.8,47.2,2.6,4.0,5.0,18.7,7.0,15.1,0,2,3.7,3.6,-1.3,1,SYNTHETIC_PROTOTYPE_BENCHMARK,SYNTHETIC_PROTOTYPE_DATA_NOT_REAL_PERSONNEL_DATA,DEMO / SYNTHETIC DATA — NOT REAL PERSONNEL OR SENSOR DATA
21.0,55.0,6.1,4.0,0.0,2.3,5.3,14.4,2,0,10.0,4.0,1.2,1,SYNTHETIC_PROTOTYPE_BENCHMARK,SYNTHETIC_PROTOTYPE_DATA_NOT_REAL_PERSONNEL_DATA,DEMO / SYNTHETIC DATA — NOT REAL PERSONNEL OR SENSOR DATA
12.4,56.6,4.4,5.7,7.0,14.0,5.8,11.4,1,0,7.1,4.7,-2.2,0,SYNTHETIC_PROTOTYPE_BENCHMARK,SYNTHETIC_PROTOTYPE_DATA_NOT_REAL_PERSONNEL_DATA,DEMO / SYNTHETIC DATA — NOT REAL PERSONNEL OR SENSOR DATA
14.1,54.0,9.2,4.0,1.0,1.6,7.4,18.6,0,1,5.7,4.9,-0.7,0,SYNTHETIC_PROTOTYPE_BENCHMARK,SYNTHETIC_PROTOTYPE_DATA_NOT_REAL_PERSONNEL_DATA,DEMO / SYNTHETIC DATA — NOT REAL PERSONNEL OR SENSOR DATA
23.1,55.1,5.6,7.3,4.0,1.3,6.1,15.4,1,1,6.3,5.5,-1.4,1,SYNTHETIC_PROTOTYPE_BENCHMARK,SYNTHETIC_PROTOTYPE_DATA_NOT_REAL_PERSONNEL_DATA,DEMO / SYNTHETIC DATA — NOT REAL PERSONNEL OR SENSOR DATA
17.2,69.0,3.9,4.0,2.0,4.4,7.3,17.2,0,2,6.7,3.5,0.6,0,SYNTHETIC_PROTOTYPE_BENCHMARK,SYNTHETIC_PROTOTYPE_DATA_NOT_REAL_PERSONNEL_DATA,DEMO / SYNTHETIC DATA — NOT REAL PERSONNEL OR SENSOR DATA
17.6,62.7,3.2,4.7,2.0,6.7,6.0,17.2,2,3,4.9,5.2,0.9,1,SYNTHETIC_PROTOTYPE_BENCHMARK,SYNTHETIC_PROTOTYPE_DATA_NOT_REAL_PERSONNEL_DATA,DEMO / SYNTHETIC DATA — NOT REAL PERSONNEL OR SENSOR DATA
10.9,53.9,7.7,14.2,4.0,0.3,6.2,11.2,2,0,5.2,6.7,-2.4,1,SYNTHETIC_PROTOTYPE_BENCHMARK,SYNTHETIC_PROTOTYPE_DATA_NOT_REAL_PERSONNEL_DATA,DEMO / SYNTHETIC DATA — NOT REAL PERSONNEL OR SENSOR DATA
17.3,61.4,4.4,4.0,10.0,1.5,7.1,15.8,0,1,5.9,6.5,0.9,0,SYNTHETIC_PROTOTYPE_BENCHMARK,SYNTHETIC_PROTOTYPE_DATA_NOT_REAL_PERSONNEL_DATA,DEMO / SYNTHETIC DATA — NOT REAL PERSONNEL OR SENSOR DATA
16.0,41.7,5.6,9.3,0.0,3.6,8.6,16.5,0,1,4.8,5.3,-3.2,0,SYNTHETIC_PROTOTYPE_BENCHMARK,SYNTHETIC_PROTOTYPE_DATA_NOT_REAL_PERSONNEL_DATA,DEMO / SYNTHETIC DATA — NOT REAL PERSONNEL OR SENSOR DATA
25.0,56.0,7.4,4.0,9.0,2.4,7.1,16.0,0,3,5.4,5.8,4.8,1,SYNTHETIC_PROTOTYPE_BENCHMARK,SYNTHETIC_PROTOTYPE_DATA_NOT_REAL_PERSONNEL_DATA,DEMO / SYNTHETIC DATA — NOT REAL PERSONNEL OR SENSOR DATA
27.4,70.1,4.5,4.0,3.0,7.5,7.1,16.8,0,3,6.9,2.4,-1.1,1,SYNTHETIC_PROTOTYPE_BENCHMARK,SYNTHETIC_PROTOTYPE_DATA_NOT_REAL_PERSONNEL_DATA,DEMO / SYNTHETIC DATA — NOT REAL PERSONNEL OR SENSOR DATA
16.3,49.8,5.4,7.6,6.0,4.3,8.3,15.9,0,2,4.2,4.1,2.3,0,SYNTHETIC_PROTOTYPE_BENCHMARK,SYNTHETIC_PROTOTYPE_DATA_NOT_REAL_PERSONNEL_DATA,DEMO / SYNTHETIC DATA — NOT REAL PERSONNEL OR SENSOR DATA
17.6,43.5,5.5,9.5,2.0,1.0,6.6,14.7,0,1,10.0,3.8,0.4,0,SYNTHETIC_PROTOTYPE_BENCHMARK,SYNTHETIC_PROTOTYPE_DATA_NOT_REAL_PERSONNEL_DATA,DEMO / SYNTHETIC DATA — NOT REAL PERSONNEL OR SENSOR DATA
18.9,45.5,6.9,4.0,2.0,13.5,7.6,15.3,0,0,7.7,5.4,0.5,0,SYNTHETIC_PROTOTYPE_BENCHMARK,SYNTHETIC_PROTOTYPE_DATA_NOT_REAL_PERSONNEL_DATA,DEMO / SYNTHETIC DATA — NOT REAL PERSONNEL OR SENSOR DATA
19.9,41.1,6.7,4.0,7.0,2.1,6.2,15.5,1,1,3.7,4.4,-2.6,1,SYNTHETIC_PROTOTYPE_BENCHMARK,SYNTHETIC_PROTOTYPE_DATA_NOT_REAL_PERSONNEL_DATA,DEMO / SYNTHETIC DATA — NOT REAL PERSONNEL OR SENSOR DATA
13.7,44.2,5.1,4.9,2.0,7.9,7.4,16.8,0,1,1.2,3.3,1.9,0,SYNTHETIC_PROTOTYPE_BENCHMARK,SYNTHETIC_PROTOTYPE_DATA_NOT_REAL_PERSONNEL_DATA,DEMO / SYNTHETIC DATA — NOT REAL PERSONNEL OR SENSOR DATA
20.7,48.3,5.6,7.2,3.0,9.1,6.8,15.9,0,2,4.8,4.7,0.1,0,SYNTHETIC_PROTOTYPE_BENCHMARK,SYNTHETIC_PROTOTYPE_DATA_NOT_REAL_PERSONNEL_DATA,DEMO / SYNTHETIC DATA — NOT REAL PERSONNEL OR SENSOR DATA
6.2,37.9,4.8,4.0,0.0,19.8,8.0,17.9,0,1,7.6,3.3,1.0,0,SYNTHETIC_PROTOTYPE_BENCHMARK,SYNTHETIC_PROTOTYPE_DATA_NOT_REAL_PERSONNEL_DATA,DEMO / SYNTHETIC DATA — NOT REAL PERSONNEL OR SENSOR DATA
17.1,52.2,2.5,6.6,1.0,4.1,7.8,15.6,0,2,7.2,7.1,-0.2,0,SYNTHETIC_PROTOTYPE_BENCHMARK,SYNTHETIC_PROTOTYPE_DATA_NOT_REAL_PERSONNEL_DATA,DEMO / SYNTHETIC DATA — NOT REAL PERSONNEL OR SENSOR DATA
17.8,61.0,6.0,4.0,4.0,5.7,6.9,16.8,0,1,6.0,3.8,0.3,0,SYNTHETIC_PROTOTYPE_BENCHMARK,SYNTHETIC_PROTOTYPE_DATA_NOT_REAL_PERSONNEL_DATA,DEMO / SYNTHETIC DATA — NOT REAL PERSONNEL OR SENSOR DATA
25.9,42.9,9.3,4.0,4.0,2.4,7.5,14.7,0,2,5.0,7.1,-2.0,1,SYNTHETIC_PROTOTYPE_BENCHMARK,SYNTHETIC_PROTOTYPE_DATA_NOT_REAL_PERSONNEL_DATA,DEMO / SYNTHETIC DATA — NOT REAL PERSONNEL OR SENSOR DATA
14.9,67.2,3.7,4.0,3.0,6.8,6.6,14.4,0,0,4.4,3.5,-0.3,0,SYNTHETIC_PROTOTYPE_BENCHMARK,SYNTHETIC_PROTOTYPE_DATA_NOT_REAL_PERSONNEL_DATA,DEMO / SYNTHETIC DATA — NOT REAL PERSONNEL OR SENSOR DATA
17.4,57.1,4.0,4.0,1.0,3.7,6.8,17.2,0,0,5.4,3.0,-0.9,0,SYNTHETIC_PROTOTYPE_BENCHMARK,SYNTHETIC_PROTOTYPE_DATA_NOT_REAL_PERSONNEL_DATA,DEMO / SYNTHETIC DATA — NOT REAL PERSONNEL OR SENSOR DATA
16.4,62.3,3.8,11.6,2.0,3.5,6.5,11.4,2,0,4.2,6.3,-1.6,1,SYNTHETIC_PROTOTYPE_BENCHMARK,SYNTHETIC_PROTOTYPE_DATA_NOT_REAL_PERSONNEL_DATA,DEMO / SYNTHETIC DATA — NOT REAL PERSONNEL OR SENSOR DATA
17.6,45.4,6.9,4.0,2.0,11.6,8.1,15.6,0,3,5.4,5.6,0.3,0,SYNTHETIC_PROTOTYPE_BENCHMARK,SYNTHETIC_PROTOTYPE_DATA_NOT_REAL_PERSONNEL_DATA,DEMO / SYNTHETIC DATA — NOT REAL PERSONNEL OR SENSOR DATA
19.1,60.5,6.4,12.2,2.0,0.3,7.9,15.1,0,0,8.9,7.5,0.8,1,SYNTHETIC_PROTOTYPE_BENCHMARK,SYNTHETIC_PROTOTYPE_DATA_NOT_REAL_PERSONNEL_DATA,DEMO / SYNTHETIC DATA — NOT REAL PERSONNEL OR SENSOR DATA
16.1,41.1,5.2,4.0,7.0,12.8,7.0,18.0,0,2,4.7,5.0,0.6,1,SYNTHETIC_PROTOTYPE_BENCHMARK,SYNTHETIC_PROTOTYPE_DATA_NOT_REAL_PERSONNEL_DATA,DEMO / SYNTHETIC DATA — NOT REAL PERSONNEL OR SENSOR DATA
25.2,60.9,3.7,5.2,5.0,11.5,6.5,15.7,0,0,7.4,3.9,-0.2,0,SYNTHETIC_PROTOTYPE_BENCHMARK,SYNTHETIC_PROTOTYPE_DATA_NOT_REAL_PERSONNEL_DATA,DEMO / SYNTHETIC DATA — NOT REAL PERSONNEL OR SENSOR DATA
10.9,53.7,5.7,6.7,0.0,4.2,6.9,13.9,0,1,7.7,6.5,0.9,0,SYNTHETIC_PROTOTYPE_BENCHMARK,SYNTHETIC_PROTOTYPE_DATA_NOT_REAL_PERSONNEL_DATA,DEMO / SYNTHETIC DATA — NOT REAL PERSONNEL OR SENSOR DATA
25.0,57.5,2.4,4.5,8.0,4.0,5.4,15.1,2,3,4.0,6.3,0.5,2,SYNTHETIC_PROTOTYPE_BENCHMARK,SYNTHETIC_PROTOTYPE_DATA_NOT_REAL_PERSONNEL_DATA,DEMO / SYNTHETIC DATA — NOT REAL PERSONNEL OR SENSOR DATA
15.8,40.2,5.8,4.0,2.0,2.7,7.1,17.3,0,1,4.5,6.0,0.2,0,SYNTHETIC_PROTOTYPE_BENCHMARK,SYNTHETIC_PROTOTYPE_DATA_NOT_REAL_PERSONNEL_DATA,DEMO / SYNTHETIC DATA — NOT REAL PERSONNEL OR SENSOR DATA
15.0,43.0,7.2,4.0,5.0,30.9,7.7,15.5,0,0,8.3,10.0,0.4,0,SYNTHETIC_PROTOTYPE_BENCHMARK,SYNTHETIC_PROTOTYPE_DATA_NOT_REAL_PERSONNEL_DATA,DEMO / SYNTHETIC DATA — NOT REAL PERSONNEL OR SENSOR DATA
18.4,58.0,3.0,7.9,1.0,0.7,6.2,12.9,1,0,4.3,4.4,2.6,1,SYNTHETIC_PROTOTYPE_BENCHMARK,SYNTHETIC_PROTOTYPE_DATA_NOT_REAL_PERSONNEL_DATA,DEMO / SYNTHETIC DATA — NOT REAL PERSONNEL OR SENSOR DATA
19.6,42.5,2.4,6.9,4.0,5.4,8.9,16.9,0,3,6.1,3.7,-2.7,0,SYNTHETIC_PROTOTYPE_BENCHMARK,SYNTHETIC_PROTOTYPE_DATA_NOT_REAL_PERSONNEL_DATA,DEMO / SYNTHETIC DATA — NOT REAL PERSONNEL OR SENSOR DATA
21.4,56.6,8.7,4.0,1.0,6.9,7.6,16.0,0,1,10.0,3.3,-0.7,1,SYNTHETIC_PROTOTYPE_BENCHMARK,SYNTHETIC_PROTOTYPE_DATA_NOT_REAL_PERSONNEL_DATA,DEMO / SYNTHETIC DATA — NOT REAL PERSONNEL OR SENSOR DATA
18.6,38.3,4.3,7.6,2.0,16.3,7.4,13.0,0,1,8.2,5.5,0.7,0,SYNTHETIC_PROTOTYPE_BENCHMARK,SYNTHETIC_PROTOTYPE_DATA_NOT_REAL_PERSONNEL_DATA,DEMO / SYNTHETIC DATA — NOT REAL PERSONNEL OR SENSOR DATA
21.5,60.5,7.8,4.0,0.0,9.1,6.9,16.6,0,1,6.4,6.9,-3.5,0,SYNTHETIC_PROTOTYPE_BENCHMARK,SYNTHETIC_PROTOTYPE_DATA_NOT_REAL_PERSONNEL_DATA,DEMO / SYNTHETIC DATA — NOT REAL PERSONNEL OR SENSOR DATA
12.2,39.7,5.2,4.0,1.0,6.2,6.6,17.5,0,1,7.9,5.5,3.0,0,SYNTHETIC_PROTOTYPE_BENCHMARK,SYNTHETIC_PROTOTYPE_DATA_NOT_REAL_PERSONNEL_DATA,DEMO / SYNTHETIC DATA — NOT REAL PERSONNEL OR SENSOR DATA
17.6,57.5,5.2,8.2,0.0,0.7,6.6,11.9,0,0,6.1,7.2,0.6,0,SYNTHETIC_PROTOTYPE_BENCHMARK,SYNTHETIC_PROTOTYPE_DATA_NOT_REAL_PERSONNEL_DATA,DEMO / SYNTHETIC DATA — NOT REAL PERSONNEL OR SENSOR DATA
23.5,58.3,6.4,4.0,1.0,2.8,7.8,15.2,0,1,8.2,5.4,2.1,0,SYNTHETIC_PROTOTYPE_BENCHMARK,SYNTHETIC_PROTOTYPE_DATA_NOT_REAL_PERSONNEL_DATA,DEMO / SYNTHETIC DATA — NOT REAL PERSONNEL OR SENSOR DATA
16.2,45.0,3.7,6.6,0.0,0.9,6.8,14.1,0,2,2.1,7.1,2.5,0,SYNTHETIC_PROTOTYPE_BENCHMARK,SYNTHETIC_PROTOTYPE_DATA_NOT_REAL_PERSONNEL_DATA,DEMO / SYNTHETIC DATA — NOT REAL PERSONNEL OR SENSOR DATA
13.2,57.8,5.8,4.0,4.0,12.8,7.3,16.5,0,0,5.9,5.4,0.9,0,SYNTHETIC_PROTOTYPE_BENCHMARK,SYNTHETIC_PROTOTYPE_DATA_NOT_REAL_PERSONNEL_DATA,DEMO / SYNTHETIC DATA — NOT REAL PERSONNEL OR SENSOR DATA
24.1,54.6,4.7,4.0,0.0,8.3,5.6,16.9,2,2,2.0,5.5,-4.9,1,SYNTHETIC_PROTOTYPE_BENCHMARK,SYNTHETIC_PROTOTYPE_DATA_NOT_REAL_PERSONNEL_DATA,DEMO / SYNTHETIC DATA — NOT REAL PERSONNEL OR SENSOR DATA
19.8,46.6,2.9,4.0,3.0,8.5,6.0,14.5,2,2,6.5,6.5,0.3,1,SYNTHETIC_PROTOTYPE_BENCHMARK,SYNTHETIC_PROTOTYPE_DATA_NOT_REAL_PERSONNEL_DATA,DEMO / SYNTHETIC DATA — NOT REAL PERSONNEL OR SENSOR DATA
14.9,41.9,6.2,4.0,1.0,6.3,8.8,12.6,0,3,5.7,4.8,0.5,0,SYNTHETIC_PROTOTYPE_BENCHMARK,SYNTHETIC_PROTOTYPE_DATA_NOT_REAL_PERSONNEL_DATA,DEMO / SYNTHETIC DATA — NOT REAL PERSONNEL OR SENSOR DATA
11.1,32.4,5.0,5.6,10.0,4.2,7.7,17.0,0,0,8.9,5.4,-2.4,0,SYNTHETIC_PROTOTYPE_BENCHMARK,SYNTHETIC_PROTOTYPE_DATA_NOT_REAL_PERSONNEL_DATA,DEMO / SYNTHETIC DATA — NOT REAL PERSONNEL OR SENSOR DATA
17.1,55.5,5.2,4.0,9.0,1.0,6.4,13.4,2,0,7.6,5.4,-3.9,1,SYNTHETIC_PROTOTYPE_BENCHMARK,SYNTHETIC_PROTOTYPE_DATA_NOT_REAL_PERSONNEL_DATA,DEMO / SYNTHETIC DATA — NOT REAL PERSONNEL OR SENSOR DATA
13.6,36.4,3.1,4.0,1.0,2.4,8.7,16.1,0,2,5.1,8.9,1.0,0,SYNTHETIC_PROTOTYPE_BENCHMARK,SYNTHETIC_PROTOTYPE_DATA_NOT_REAL_PERSONNEL_DATA,DEMO / SYNTHETIC DATA — NOT REAL PERSONNEL OR SENSOR DATA
20.2,53.0,8.7,4.0,3.0,0.9,8.0,15.3,0,0,5.4,2.7,-2.7,1,SYNTHETIC_PROTOTYPE_BENCHMARK,SYNTHETIC_PROTOTYPE_DATA_NOT_REAL_PERSONNEL_DATA,DEMO / SYNTHETIC DATA — NOT REAL PERSONNEL OR SENSOR DATA
14.9,49.4,7.3,4.0,0.0,7.7,7.6,15.9,0,0,7.0,2.2,4.5,0,SYNTHETIC_PROTOTYPE_BENCHMARK,SYNTHETIC_PROTOTYPE_DATA_NOT_REAL_PERSONNEL_DATA,DEMO / SYNTHETIC DATA — NOT REAL PERSONNEL OR SENSOR DATA
25.9,58.8,7.4,6.1,9.0,1.0,6.3,18.1,2,2,5.1,4.3,0.6,2,SYNTHETIC_PROTOTYPE_BENCHMARK,SYNTHETIC_PROTOTYPE_DATA_NOT_REAL_PERSONNEL_DATA,DEMO / SYNTHETIC DATA — NOT REAL PERSONNEL OR SENSOR DATA
14.0,49.0,4.9,4.0,3.0,7.3,6.7,21.7,0,0,6.1,6.8,3.0,0,SYNTHETIC_PROTOTYPE_BENCHMARK,SYNTHETIC_PROTOTYPE_DATA_NOT_REAL_PERSONNEL_DATA,DEMO / SYNTHETIC DATA — NOT REAL PERSONNEL OR SENSOR DATA
22.0,48.7,2.0,4.2,0.0,7.1,7.2,12.3,0,1,8.8,5.4,0.1,0,SYNTHETIC_PROTOTYPE_BENCHMARK,SYNTHETIC_PROTOTYPE_DATA_NOT_REAL_PERSONNEL_DATA,DEMO / SYNTHETIC DATA — NOT REAL PERSONNEL OR SENSOR DATA
28.5,59.3,9.4,10.0,1.0,3.7,7.2,15.2,0,1,4.5,3.0,1.7,1,SYNTHETIC_PROTOTYPE_BENCHMARK,SYNTHETIC_PROTOTYPE_DATA_NOT_REAL_PERSONNEL_DATA,DEMO / SYNTHETIC DATA — NOT REAL PERSONNEL OR SENSOR DATA
17.6,55.4,5.4,4.6,0.0,0.9,6.5,15.1,2,2,5.3,5.0,0.1,1,SYNTHETIC_PROTOTYPE_BENCHMARK,SYNTHETIC_PROTOTYPE_DATA_NOT_REAL_PERSONNEL_DATA,DEMO / SYNTHETIC DATA — NOT REAL PERSONNEL OR SENSOR DATA
11.5,55.2,4.0,6.7,2.0,2.3,7.0,16.6,0,0,5.6,2.3,2.2,0,SYNTHETIC_PROTOTYPE_BENCHMARK,SYNTHETIC_PROTOTYPE_DATA_NOT_REAL_PERSONNEL_DATA,DEMO / SYNTHETIC DATA — NOT REAL PERSONNEL OR SENSOR DATA
26.7,56.7,6.3,4.0,4.0,2.3,7.0,17.5,0,3,10.0,5.8,-4.5,1,SYNTHETIC_PROTOTYPE_BENCHMARK,SYNTHETIC_PROTOTYPE_DATA_NOT_REAL_PERSONNEL_DATA,DEMO / SYNTHETIC DATA — NOT REAL PERSONNEL OR SENSOR DATA
16.2,36.6,7.8,4.0,2.0,7.2,8.4,18.4,0,1,7.4,5.5,2.0,0,SYNTHETIC_PROTOTYPE_BENCHMARK,SYNTHETIC_PROTOTYPE_DATA_NOT_REAL_PERSONNEL_DATA,DEMO / SYNTHETIC DATA — NOT REAL PERSONNEL OR SENSOR DATA
21.4,59.6,5.5,9.0,2.0,0.7,7.3,14.2,0,1,8.5,4.6,1.5,0,SYNTHETIC_PROTOTYPE_BENCHMARK,SYNTHETIC_PROTOTYPE_DATA_NOT_REAL_PERSONNEL_DATA,DEMO / SYNTHETIC DATA — NOT REAL PERSONNEL OR SENSOR DATA
18.8,58.1,8.1,5.0,0.0,10.6,5.3,13.4,2,0,7.7,5.4,-0.3,1,SYNTHETIC_PROTOTYPE_BENCHMARK,SYNTHETIC_PROTOTYPE_DATA_NOT_REAL_PERSONNEL_DATA,DEMO / SYNTHETIC DATA — NOT REAL PERSONNEL OR SENSOR DATA
15.6,41.8,7.7,4.1,1.0,8.6,7.0,17.4,0,0,7.9,6.0,-0.9,0,SYNTHETIC_PROTOTYPE_BENCHMARK,SYNTHETIC_PROTOTYPE_DATA_NOT_REAL_PERSONNEL_DATA,DEMO / SYNTHETIC DATA — NOT REAL PERSONNEL OR SENSOR DATA
15.9,49.6,3.3,4.4,0.0,1.2,6.3,15.7,1,1,7.1,4.4,-0.7,0,SYNTHETIC_PROTOTYPE_BENCHMARK,SYNTHETIC_PROTOTYPE_DATA_NOT_REAL_PERSONNEL_DATA,DEMO / SYNTHETIC DATA — NOT REAL PERSONNEL OR SENSOR DATA
18.3,51.6,4.2,4.0,6.0,7.6,7.3,15.1,0,1,6.9,6.7,0.6,0,SYNTHETIC_PROTOTYPE_BENCHMARK,SYNTHETIC_PROTOTYPE_DATA_NOT_REAL_PERSONNEL_DATA,DEMO / SYNTHETIC DATA — NOT REAL PERSONNEL OR SENSOR DATA
16.6,50.7,7.4,4.0,1.0,6.6,7.6,14.6,0,3,3.3,6.4,2.7,1,SYNTHETIC_PROTOTYPE_BENCHMARK,SYNTHETIC_PROTOTYPE_DATA_NOT_REAL_PERSONNEL_DATA,DEMO / SYNTHETIC DATA — NOT REAL PERSONNEL OR SENSOR DATA
16.1,55.3,1.0,6.1,3.0,8.3,6.7,16.8,0,1,6.9,2.3,-1.2,0,SYNTHETIC_PROTOTYPE_BENCHMARK,SYNTHETIC_PROTOTYPE_DATA_NOT_REAL_PERSONNEL_DATA,DEMO / SYNTHETIC DATA — NOT REAL PERSONNEL OR SENSOR DATA
16.6,66.3,5.2,4.5,1.0,1.3,6.2,18.6,2,1,6.0,4.0,-3.7,1,SYNTHETIC_PROTOTYPE_BENCHMARK,SYNTHETIC_PROTOTYPE_DATA_NOT_REAL_PERSONNEL_DATA,DEMO / SYNTHETIC DATA — NOT REAL PERSONNEL OR SENSOR DATA
16.9,62.8,2.6,4.0,1.0,1.0,6.6,13.2,0,1,7.3,2.9,5.0,0,SYNTHETIC_PROTOTYPE_BENCHMARK,SYNTHETIC_PROTOTYPE_DATA_NOT_REAL_PERSONNEL_DATA,DEMO / SYNTHETIC DATA — NOT REAL PERSONNEL OR SENSOR DATA
15.7,38.9,4.5,9.2,4.0,1.6,7.7,14.8,0,2,6.1,3.9,1.5,0,SYNTHETIC_PROTOTYPE_BENCHMARK,SYNTHETIC_PROTOTYPE_DATA_NOT_REAL_PERSONNEL_DATA,DEMO / SYNTHETIC DATA — NOT REAL PERSONNEL OR SENSOR DATA
22.0,58.2,4.9,4.0,2.0,2.7,6.2,14.9,2,1,7.7,5.6,-0.9,0,SYNTHETIC_PROTOTYPE_BENCHMARK,SYNTHETIC_PROTOTYPE_DATA_NOT_REAL_PERSONNEL_DATA,DEMO / SYNTHETIC DATA — NOT REAL PERSONNEL OR SENSOR DATA
23.1,65.3,4.8,4.0,2.0,9.5,5.2,12.7,1,0,8.1,3.7,2.6,0,SYNTHETIC_PROTOTYPE_BENCHMARK,SYNTHETIC_PROTOTYPE_DATA_NOT_REAL_PERSONNEL_DATA,DEMO / SYNTHETIC DATA — NOT REAL PERSONNEL OR SENSOR DATA
25.4,55.9,4.4,8.2,3.0,8.0,5.0,14.2,3,2,1.0,4.7,2.1,2,SYNTHETIC_PROTOTYPE_BENCHMARK,SYNTHETIC_PROTOTYPE_DATA_NOT_REAL_PERSONNEL_DATA,DEMO / SYNTHETIC DATA — NOT REAL PERSONNEL OR SENSOR DATA
12.8,62.9,3.3,6.4,2.0,15.6,7.1,13.0,0,1,5.3,3.5,1.1,0,SYNTHETIC_PROTOTYPE_BENCHMARK,SYNTHETIC_PROTOTYPE_DATA_NOT_REAL_PERSONNEL_DATA,DEMO / SYNTHETIC DATA — NOT REAL PERSONNEL OR SENSOR DATA
30.1,72.1,10.0,4.0,1.0,0.4,6.6,12.4,0,1,2.5,4.5,-1.0,2,SYNTHETIC_PROTOTYPE_BENCHMARK,SYNTHETIC_PROTOTYPE_DATA_NOT_REAL_PERSONNEL_DATA,DEMO / SYNTHETIC DATA — NOT REAL PERSONNEL OR SENSOR DATA
19.9,62.2,9.2,4.0,3.0,0.1,6.9,14.0,0,1,6.7,5.6,1.5,1,SYNTHETIC_PROTOTYPE_BENCHMARK,SYNTHETIC_PROTOTYPE_DATA_NOT_REAL_PERSONNEL_DATA,DEMO / SYNTHETIC DATA — NOT REAL PERSONNEL OR SENSOR DATA
15.8,54.5,3.2,4.0,4.0,7.2,7.7,13.5,0,2,5.6,8.2,2.4,1,SYNTHETIC_PROTOTYPE_BENCHMARK,SYNTHETIC_PROTOTYPE_DATA_NOT_REAL_PERSONNEL_DATA,DEMO / SYNTHETIC DATA — NOT REAL PERSONNEL OR SENSOR DATA
23.3,62.5,8.7,4.3,0.0,2.0,5.5,14.2,2,0,8.9,4.3,-3.8,1,SYNTHETIC_PROTOTYPE_BENCHMARK,SYNTHETIC_PROTOTYPE_DATA_NOT_REAL_PERSONNEL_DATA,DEMO / SYNTHETIC DATA — NOT REAL PERSONNEL OR SENSOR DATA
16.9,53.4,4.7,4.0,2.0,2.4,5.5,12.9,2,0,6.6,2.9,0.5,1,SYNTHETIC_PROTOTYPE_BENCHMARK,SYNTHETIC_PROTOTYPE_DATA_NOT_REAL_PERSONNEL_DATA,DEMO / SYNTHETIC DATA — NOT REAL PERSONNEL OR SENSOR DATA
21.3,52.2,5.8,7.2,0.0,4.7,7.2,13.5,0,2,5.2,4.3,0.7,1,SYNTHETIC_PROTOTYPE_BENCHMARK,SYNTHETIC_PROTOTYPE_DATA_NOT_REAL_PERSONNEL_DATA,DEMO / SYNTHETIC DATA — NOT REAL PERSONNEL OR SENSOR DATA
17.7,48.5,5.4,12.0,1.0,0.6,7.4,11.0,0,0,8.1,6.6,0.6,0,SYNTHETIC_PROTOTYPE_BENCHMARK,SYNTHETIC_PROTOTYPE_DATA_NOT_REAL_PERSONNEL_DATA,DEMO / SYNTHETIC DATA — NOT REAL PERSONNEL OR SENSOR DATA
21.4,67.6,4.2,6.6,3.0,6.2,4.8,15.3,3,2,5.6,3.1,0.1,1,SYNTHETIC_PROTOTYPE_BENCHMARK,SYNTHETIC_PROTOTYPE_DATA_NOT_REAL_PERSONNEL_DATA,DEMO / SYNTHETIC DATA — NOT REAL PERSONNEL OR SENSOR DATA
15.0,43.8,7.5,4.0,7.0,2.4,7.6,16.8,0,0,5.2,3.3,2.6,0,SYNTHETIC_PROTOTYPE_BENCHMARK,SYNTHETIC_PROTOTYPE_DATA_NOT_REAL_PERSONNEL_DATA,DEMO / SYNTHETIC DATA — NOT REAL PERSONNEL OR SENSOR DATA
21.9,67.3,5.8,6.2,8.0,6.0,5.9,15.2,2,1,7.0,3.1,-0.5,2,SYNTHETIC_PROTOTYPE_BENCHMARK,SYNTHETIC_PROTOTYPE_DATA_NOT_REAL_PERSONNEL_DATA,DEMO / SYNTHETIC DATA — NOT REAL PERSONNEL OR SENSOR DATA
22.2,57.0,4.5,4.0,0.0,10.8,5.9,15.1,2,0,9.4,4.0,-0.0,0,SYNTHETIC_PROTOTYPE_BENCHMARK,SYNTHETIC_PROTOTYPE_DATA_NOT_REAL_PERSONNEL_DATA,DEMO / SYNTHETIC DATA — NOT REAL PERSONNEL OR SENSOR DATA
12.0,38.0,2.9,4.0,2.0,1.1,7.3,15.1,0,1,7.9,4.3,0.7,0,SYNTHETIC_PROTOTYPE_BENCHMARK,SYNTHETIC_PROTOTYPE_DATA_NOT_REAL_PERSONNEL_DATA,DEMO / SYNTHETIC DATA — NOT REAL PERSONNEL OR SENSOR DATA
18.9,55.7,3.7,4.0,3.0,16.0,4.4,13.9,3,1,7.3,5.2,-0.4,1,SYNTHETIC_PROTOTYPE_BENCHMARK,SYNTHETIC_PROTOTYPE_DATA_NOT_REAL_PERSONNEL_DATA,DEMO / SYNTHETIC DATA — NOT REAL PERSONNEL OR SENSOR DATA
6.5,31.0,2.2,4.0,1.0,4.5,7.3,14.0,0,0,10.0,6.2,-3.0,0,SYNTHETIC_PROTOTYPE_BENCHMARK,SYNTHETIC_PROTOTYPE_DATA_NOT_REAL_PERSONNEL_DATA,DEMO / SYNTHETIC DATA — NOT REAL PERSONNEL OR SENSOR DATA
17.3,58.3,5.5,9.4,5.0,15.4,5.7,14.9,1,1,4.7,5.9,0.5,1,SYNTHETIC_PROTOTYPE_BENCHMARK,SYNTHETIC_PROTOTYPE_DATA_NOT_REAL_PERSONNEL_DATA,DEMO / SYNTHETIC DATA — NOT REAL PERSONNEL OR SENSOR DATA
16.1,60.9,3.1,4.0,5.0,1.4,7.1,12.1,0,3,4.7,4.0,0.5,0,SYNTHETIC_PROTOTYPE_BENCHMARK,SYNTHETIC_PROTOTYPE_DATA_NOT_REAL_PERSONNEL_DATA,DEMO / SYNTHETIC DATA — NOT REAL PERSONNEL OR SENSOR DATA
14.1,46.1,5.0,4.0,8.0,5.6,7.0,15.4,0,1,6.5,6.3,-0.8,0,SYNTHETIC_PROTOTYPE_BENCHMARK,SYNTHETIC_PROTOTYPE_DATA_NOT_REAL_PERSONNEL_DATA,DEMO / SYNTHETIC DATA — NOT REAL PERSONNEL OR SENSOR DATA
27.6,53.2,8.2,14.0,0.0,3.1,7.4,11.0,0,2,9.2,4.3,-0.3,2,SYNTHETIC_PROTOTYPE_BENCHMARK,SYNTHETIC_PROTOTYPE_DATA_NOT_REAL_PERSONNEL_DATA,DEMO / SYNTHETIC DATA — NOT REAL PERSONNEL OR SENSOR DATA
32.9,71.5,7.9,4.0,1.0,8.9,3.9,16.8,3,3,4.3,2.3,-5.0,2,SYNTHETIC_PROTOTYPE_BENCHMARK,SYNTHETIC_PROTOTYPE_DATA_NOT_REAL_PERSONNEL_DATA,DEMO / SYNTHETIC DATA — NOT REAL PERSONNEL OR SENSOR DATA
26.4,46.9,5.4,6.2,6.0,5.6,6.4,11.9,1,3,9.7,4.6,2.7,1,SYNTHETIC_PROTOTYPE_BENCHMARK,SYNTHETIC_PROTOTYPE_DATA_NOT_REAL_PERSONNEL_DATA,DEMO / SYNTHETIC DATA — NOT REAL PERSONNEL OR SENSOR DATA
14.7,41.4,5.3,4.0,4.0,4.1,7.8,15.6,0,3,3.3,3.3,2.0,0,SYNTHETIC_PROTOTYPE_BENCHMARK,SYNTHETIC_PROTOTYPE_DATA_NOT_REAL_PERSONNEL_DATA,DEMO / SYNTHETIC DATA — NOT REAL PERSONNEL OR SENSOR DATA
15.3,66.8,9.3,4.0,8.0,14.7,5.7,16.3,1,0,6.0,7.0,-2.9,0,SYNTHETIC_PROTOTYPE_BENCHMARK,SYNTHETIC_PROTOTYPE_DATA_NOT_REAL_PERSONNEL_DATA,DEMO / SYNTHETIC DATA — NOT REAL PERSONNEL OR SENSOR DATA
27.1,71.6,6.5,10.0,0.0,2.8,6.8,9.4,0,3,6.5,4.2,-1.5,2,SYNTHETIC_PROTOTYPE_BENCHMARK,SYNTHETIC_PROTOTYPE_DATA_NOT_REAL_PERSONNEL_DATA,DEMO / SYNTHETIC DATA — NOT REAL PERSONNEL OR SENSOR DATA
28.7,52.0,4.8,4.0,3.0,1.5,5.5,13.5,1,2,4.4,3.9,3.2,1,SYNTHETIC_PROTOTYPE_BENCHMARK,SYNTHETIC_PROTOTYPE_DATA_NOT_REAL_PERSONNEL_DATA,DEMO / SYNTHETIC DATA — NOT REAL PERSONNEL OR SENSOR DATA
18.0,62.1,2.6,4.0,3.0,5.6,7.0,15.4,0,2,5.0,4.0,-2.5,0,SYNTHETIC_PROTOTYPE_BENCHMARK,SYNTHETIC_PROTOTYPE_DATA_NOT_REAL_PERSONNEL_DATA,DEMO / SYNTHETIC DATA — NOT REAL PERSONNEL OR SENSOR DATA
21.4,65.4,6.3,4.0,0.0,5.9,5.8,16.6,2,0,7.8,1.0,1.1,1,SYNTHETIC_PROTOTYPE_BENCHMARK,SYNTHETIC_PROTOTYPE_DATA_NOT_REAL_PERSONNEL_DATA,DEMO / SYNTHETIC DATA — NOT REAL PERSONNEL OR SENSOR DATA
15.3,44.6,7.2,4.0,3.0,3.5,6.6,16.0,0,3,9.1,7.7,-1.1,0,SYNTHETIC_PROTOTYPE_BENCHMARK,SYNTHETIC_PROTOTYPE_DATA_NOT_REAL_PERSONNEL_DATA,DEMO / SYNTHETIC DATA — NOT REAL PERSONNEL OR SENSOR DATA
17.3,47.1,4.2,4.0,3.0,4.0,7.9,16.7,0,2,2.0,7.4,0.9,0,SYNTHETIC_PROTOTYPE_BENCHMARK,SYNTHETIC_PROTOTYPE_DATA_NOT_REAL_PERSONNEL_DATA,DEMO / SYNTHETIC DATA — NOT REAL PERSONNEL OR SENSOR DATA
22.1,64.3,6.1,4.0,1.0,19.2,6.9,13.4,0,2,6.6,4.6,0.1,1,SYNTHETIC_PROTOTYPE_BENCHMARK,SYNTHETIC_PROTOTYPE_DATA_NOT_REAL_PERSONNEL_DATA,DEMO / SYNTHETIC DATA — NOT REAL PERSONNEL OR SENSOR DATA
11.0,68.9,4.8,4.0,1.0,7.9,6.9,12.4,0,0,6.0,4.7,-0.6,0,SYNTHETIC_PROTOTYPE_BENCHMARK,SYNTHETIC_PROTOTYPE_DATA_NOT_REAL_PERSONNEL_DATA,DEMO / SYNTHETIC DATA — NOT REAL PERSONNEL OR SENSOR DATA
11.6,57.6,5.1,5.7,4.0,0.7,8.4,15.1,0,0,6.4,2.9,0.9,0,SYNTHETIC_PROTOTYPE_BENCHMARK,SYNTHETIC_PROTOTYPE_DATA_NOT_REAL_PERSONNEL_DATA,DEMO / SYNTHETIC DATA — NOT REAL PERSONNEL OR SENSOR DATA
11.1,43.2,1.0,4.0,2.0,1.4,8.3,13.1,0,3,5.6,3.8,-1.1,0,SYNTHETIC_PROTOTYPE_BENCHMARK,SYNTHETIC_PROTOTYPE_DATA_NOT_REAL_PERSONNEL_DATA,DEMO / SYNTHETIC DATA — NOT REAL PERSONNEL OR SENSOR DATA
17.7,71.9,5.1,4.0,7.0,22.3,4.9,13.9,2,1,3.6,1.5,-3.9,1,SYNTHETIC_PROTOTYPE_BENCHMARK,SYNTHETIC_PROTOTYPE_DATA_NOT_REAL_PERSONNEL_DATA,DEMO / SYNTHETIC DATA — NOT REAL PERSONNEL OR SENSOR DATA
15.4,46.7,7.4,4.0,1.0,7.8,7.1,17.5,0,1,9.3,5.2,-2.0,0,SYNTHETIC_PROTOTYPE_BENCHMARK,SYNTHETIC_PROTOTYPE_DATA_NOT_REAL_PERSONNEL_DATA,DEMO / SYNTHETIC DATA — NOT REAL PERSONNEL OR SENSOR DATA
21.2,48.6,4.2,10.6,1.0,14.8,6.4,13.3,1,2,8.5,6.9,-2.3,1,SYNTHETIC_PROTOTYPE_BENCHMARK,SYNTHETIC_PROTOTYPE_DATA_NOT_REAL_PERSONNEL_DATA,DEMO / SYNTHETIC DATA — NOT REAL PERSONNEL OR SENSOR DATA
13.1,55.4,5.6,9.7,15.0,2.2,8.4,12.2,0,0,6.0,4.3,-3.5,0,SYNTHETIC_PROTOTYPE_BENCHMARK,SYNTHETIC_PROTOTYPE_DATA_NOT_REAL_PERSONNEL_DATA,DEMO / SYNTHETIC DATA — NOT REAL PERSONNEL OR SENSOR DATA
24.7,67.5,4.0,5.0,8.0,8.1,7.0,13.8,0,1,5.2,4.8,0.8,1,SYNTHETIC_PROTOTYPE_BENCHMARK,SYNTHETIC_PROTOTYPE_DATA_NOT_REAL_PERSONNEL_DATA,DEMO / SYNTHETIC DATA — NOT REAL PERSONNEL OR SENSOR DATA
19.6,60.5,6.2,8.6,0.0,7.5,6.3,15.0,2,1,5.0,6.1,-0.4,1,SYNTHETIC_PROTOTYPE_BENCHMARK,SYNTHETIC_PROTOTYPE_DATA_NOT_REAL_PERSONNEL_DATA,DEMO / SYNTHETIC DATA — NOT REAL PERSONNEL OR SENSOR DATA
17.9,56.1,5.1,4.0,5.0,2.1,7.5,16.0,0,0,1.0,2.4,0.8,0,SYNTHETIC_PROTOTYPE_BENCHMARK,SYNTHETIC_PROTOTYPE_DATA_NOT_REAL_PERSONNEL_DATA,DEMO / SYNTHETIC DATA — NOT REAL PERSONNEL OR SENSOR DATA
19.9,56.6,3.6,4.0,0.0,4.8,5.7,13.2,1,0,6.9,7.6,1.1,0,SYNTHETIC_PROTOTYPE_BENCHMARK,SYNTHETIC_PROTOTYPE_DATA_NOT_REAL_PERSONNEL_DATA,DEMO / SYNTHETIC DATA — NOT REAL PERSONNEL OR SENSOR DATA
24.4,52.4,8.2,4.0,0.0,5.9,7.0,11.7,0,0,7.8,6.8,1.7,1,SYNTHETIC_PROTOTYPE_BENCHMARK,SYNTHETIC_PROTOTYPE_DATA_NOT_REAL_PERSONNEL_DATA,DEMO / SYNTHETIC DATA — NOT REAL PERSONNEL OR SENSOR DATA
17.2,57.6,7.4,4.0,1.0,3.9,5.9,19.4,1,0,6.5,5.6,0.9,1,SYNTHETIC_PROTOTYPE_BENCHMARK,SYNTHETIC_PROTOTYPE_DATA_NOT_REAL_PERSONNEL_DATA,DEMO / SYNTHETIC DATA — NOT REAL PERSONNEL OR SENSOR DATA
16.3,30.0,4.3,4.0,1.0,10.5,6.2,13.2,2,1,6.0,7.7,-2.2,0,SYNTHETIC_PROTOTYPE_BENCHMARK,SYNTHETIC_PROTOTYPE_DATA_NOT_REAL_PERSONNEL_DATA,DEMO / SYNTHETIC DATA — NOT REAL PERSONNEL OR SENSOR DATA
17.2,49.0,6.5,4.0,6.0,10.7,7.4,16.7,0,3,6.5,6.7,1.3,0,SYNTHETIC_PROTOTYPE_BENCHMARK,SYNTHETIC_PROTOTYPE_DATA_NOT_REAL_PERSONNEL_DATA,DEMO / SYNTHETIC DATA — NOT REAL PERSONNEL OR SENSOR DATA
25.9,54.4,6.6,17.1,4.0,11.4,7.3,13.4,0,1,4.5,5.4,0.5,2,SYNTHETIC_PROTOTYPE_BENCHMARK,SYNTHETIC_PROTOTYPE_DATA_NOT_REAL_PERSONNEL_DATA,DEMO / SYNTHETIC DATA — NOT REAL PERSONNEL OR SENSOR DATA
10.5,40.5,6.8,6.9,14.0,9.8,7.6,14.7,0,0,5.2,7.9,4.8,0,SYNTHETIC_PROTOTYPE_BENCHMARK,SYNTHETIC_PROTOTYPE_DATA_NOT_REAL_PERSONNEL_DATA,DEMO / SYNTHETIC DATA — NOT REAL PERSONNEL OR SENSOR DATA
17.3,55.9,2.1,4.0,4.0,4.0,6.6,14.4,0,0,5.9,4.2,0.0,0,SYNTHETIC_PROTOTYPE_BENCHMARK,SYNTHETIC_PROTOTYPE_DATA_NOT_REAL_PERSONNEL_DATA,DEMO / SYNTHETIC DATA — NOT REAL PERSONNEL OR SENSOR DATA
28.1,50.0,7.5,5.2,2.0,2.9,6.0,12.3,2,2,7.6,5.9,0.8,2,SYNTHETIC_PROTOTYPE_BENCHMARK,SYNTHETIC_PROTOTYPE_DATA_NOT_REAL_PERSONNEL_DATA,DEMO / SYNTHETIC DATA — NOT REAL PERSONNEL OR SENSOR DATA
21.5,69.6,4.4,4.0,4.0,10.7,5.1,12.7,2,3,9.0,6.1,-0.2,1,SYNTHETIC_PROTOTYPE_BENCHMARK,SYNTHETIC_PROTOTYPE_DATA_NOT_REAL_PERSONNEL_DATA,DEMO / SYNTHETIC DATA — NOT REAL PERSONNEL OR SENSOR DATA
23.2,67.7,4.8,4.0,21.0,4.0,5.5,16.4,1,0,5.7,1.0,0.1,1,SYNTHETIC_PROTOTYPE_BENCHMARK,SYNTHETIC_PROTOTYPE_DATA_NOT_REAL_PERSONNEL_DATA,DEMO / SYNTHETIC DATA — NOT REAL PERSONNEL OR SENSOR DATA
14.6,47.3,10.0,4.0,4.0,1.7,7.0,18.5,0,0,4.1,6.0,-0.0,0,SYNTHETIC_PROTOTYPE_BENCHMARK,SYNTHETIC_PROTOTYPE_DATA_NOT_REAL_PERSONNEL_DATA,DEMO / SYNTHETIC DATA — NOT REAL PERSONNEL OR SENSOR DATA
26.7,50.5,6.1,4.0,5.0,4.2,7.8,14.8,0,1,6.3,6.3,-1.0,1,SYNTHETIC_PROTOTYPE_BENCHMARK,SYNTHETIC_PROTOTYPE_DATA_NOT_REAL_PERSONNEL_DATA,DEMO / SYNTHETIC DATA — NOT REAL PERSONNEL OR SENSOR DATA
10.7,51.3,4.7,4.0,10.0,0.9,7.9,14.5,0,2,10.0,2.6,0.4,0,SYNTHETIC_PROTOTYPE_BENCHMARK,SYNTHETIC_PROTOTYPE_DATA_NOT_REAL_PERSONNEL_DATA,DEMO / SYNTHETIC DATA — NOT REAL PERSONNEL OR SENSOR DATA
10.3,47.5,1.1,6.7,0.0,7.1,5.7,15.9,1,1,4.3,5.8,1.4,0,SYNTHETIC_PROTOTYPE_BENCHMARK,SYNTHETIC_PROTOTYPE_DATA_NOT_REAL_PERSONNEL_DATA,DEMO / SYNTHETIC DATA — NOT REAL PERSONNEL OR SENSOR DATA
16.6,54.0,8.3,4.0,4.0,2.5,6.3,14.2,1,1,8.0,3.8,-0.9,1,SYNTHETIC_PROTOTYPE_BENCHMARK,SYNTHETIC_PROTOTYPE_DATA_NOT_REAL_PERSONNEL_DATA,DEMO / SYNTHETIC DATA — NOT REAL PERSONNEL OR SENSOR DATA
12.9,44.4,2.8,4.0,7.0,1.8,6.7,16.1,0,2,8.9,6.1,1.8,0,SYNTHETIC_PROTOTYPE_BENCHMARK,SYNTHETIC_PROTOTYPE_DATA_NOT_REAL_PERSONNEL_DATA,DEMO / SYNTHETIC DATA — NOT REAL PERSONNEL OR SENSOR DATA
22.8,40.7,3.5,4.0,11.0,18.8,4.9,15.7,2,3,5.5,5.6,1.6,1,SYNTHETIC_PROTOTYPE_BENCHMARK,SYNTHETIC_PROTOTYPE_DATA_NOT_REAL_PERSONNEL_DATA,DEMO / SYNTHETIC DATA — NOT REAL PERSONNEL OR SENSOR DATA
24.6,58.2,4.8,4.0,1.0,9.0,7.0,14.8,0,0,4.8,3.3,-1.9,1,SYNTHETIC_PROTOTYPE_BENCHMARK,SYNTHETIC_PROTOTYPE_DATA_NOT_REAL_PERSONNEL_DATA,DEMO / SYNTHETIC DATA — NOT REAL PERSONNEL OR SENSOR DATA
29.8,58.3,8.3,8.8,2.0,9.3,6.3,13.6,2,3,7.3,6.4,-2.1,2,SYNTHETIC_PROTOTYPE_BENCHMARK,SYNTHETIC_PROTOTYPE_DATA_NOT_REAL_PERSONNEL_DATA,DEMO / SYNTHETIC DATA — NOT REAL PERSONNEL OR SENSOR DATA
18.6,44.0,7.0,4.0,4.0,5.9,7.1,19.1,0,1,6.9,4.9,1.0,0,SYNTHETIC_PROTOTYPE_BENCHMARK,SYNTHETIC_PROTOTYPE_DATA_NOT_REAL_PERSONNEL_DATA,DEMO / SYNTHETIC DATA — NOT REAL PERSONNEL OR SENSOR DATA
20.8,61.0,5.2,12.0,1.0,11.0,7.4,13.6,0,2,7.6,5.0,-1.3,1,SYNTHETIC_PROTOTYPE_BENCHMARK,SYNTHETIC_PROTOTYPE_DATA_NOT_REAL_PERSONNEL_DATA,DEMO / SYNTHETIC DATA — NOT REAL PERSONNEL OR SENSOR DATA
15.0,45.7,6.1,24.0,3.0,8.5,7.1,9.8,0,1,10.0,7.4,-2.3,0,SYNTHETIC_PROTOTYPE_BENCHMARK,SYNTHETIC_PROTOTYPE_DATA_NOT_REAL_PERSONNEL_DATA,DEMO / SYNTHETIC DATA — NOT REAL PERSONNEL OR SENSOR DATA
20.3,54.5,4.3,4.0,1.0,5.5,6.4,13.8,1,1,6.5,3.6,3.8,1,SYNTHETIC_PROTOTYPE_BENCHMARK,SYNTHETIC_PROTOTYPE_DATA_NOT_REAL_PERSONNEL_DATA,DEMO / SYNTHETIC DATA — NOT REAL PERSONNEL OR SENSOR DATA
19.6,60.2,5.8,4.0,1.0,19.5,6.6,17.8,0,1,3.8,4.7,-2.1,0,SYNTHETIC_PROTOTYPE_BENCHMARK,SYNTHETIC_PROTOTYPE_DATA_NOT_REAL_PERSONNEL_DATA,DEMO / SYNTHETIC DATA — NOT REAL PERSONNEL OR SENSOR DATA
18.0,51.7,5.6,7.8,2.0,1.3,7.8,15.4,0,1,6.3,4.4,-3.4,0,SYNTHETIC_PROTOTYPE_BENCHMARK,SYNTHETIC_PROTOTYPE_DATA_NOT_REAL_PERSONNEL_DATA,DEMO / SYNTHETIC DATA — NOT REAL PERSONNEL OR SENSOR DATA
16.2,56.5,7.4,24.0,3.0,17.2,6.6,4.6,0,0,6.7,4.5,-1.7,1,SYNTHETIC_PROTOTYPE_BENCHMARK,SYNTHETIC_PROTOTYPE_DATA_NOT_REAL_PERSONNEL_DATA,DEMO / SYNTHETIC DATA — NOT REAL PERSONNEL OR SENSOR DATA
12.9,46.8,7.4,4.0,2.0,3.1,7.7,16.7,0,1,8.7,8.6,0.5,0,SYNTHETIC_PROTOTYPE_BENCHMARK,SYNTHETIC_PROTOTYPE_DATA_NOT_REAL_PERSONNEL_DATA,DEMO / SYNTHETIC DATA — NOT REAL PERSONNEL OR SENSOR DATA
18.8,50.0,6.5,6.3,2.0,4.5,6.8,13.6,0,1,5.8,5.9,0.2,1,SYNTHETIC_PROTOTYPE_BENCHMARK,SYNTHETIC_PROTOTYPE_DATA_NOT_REAL_PERSONNEL_DATA,DEMO / SYNTHETIC DATA — NOT REAL PERSONNEL OR SENSOR DATA
15.9,49.9,4.8,6.1,1.0,0.8,7.0,11.7,0,0,5.4,5.7,4.2,0,SYNTHETIC_PROTOTYPE_BENCHMARK,SYNTHETIC_PROTOTYPE_DATA_NOT_REAL_PERSONNEL_DATA,DEMO / SYNTHETIC DATA — NOT REAL PERSONNEL OR SENSOR DATA
18.3,44.5,7.0,4.0,1.0,4.7,7.3,15.9,0,3,3.5,6.3,-1.7,0,SYNTHETIC_PROTOTYPE_BENCHMARK,SYNTHETIC_PROTOTYPE_DATA_NOT_REAL_PERSONNEL_DATA,DEMO / SYNTHETIC DATA — NOT REAL PERSONNEL OR SENSOR DATA
14.0,50.2,5.3,4.0,0.0,5.7,6.3,16.7,2,0,7.3,5.9,0.5,1,SYNTHETIC_PROTOTYPE_BENCHMARK,SYNTHETIC_PROTOTYPE_DATA_NOT_REAL_PERSONNEL_DATA,DEMO / SYNTHETIC DATA — NOT REAL PERSONNEL OR SENSOR DATA
17.5,36.5,3.3,7.2,1.0,36.5,6.1,14.6,2,1,10.0,3.2,2.5,1,SYNTHETIC_PROTOTYPE_BENCHMARK,SYNTHETIC_PROTOTYPE_DATA_NOT_REAL_PERSONNEL_DATA,DEMO / SYNTHETIC DATA — NOT REAL PERSONNEL OR SENSOR DATA
16.3,47.1,4.7,4.7,3.0,22.2,7.7,15.1,0,0,5.8,8.8,-1.4,0,SYNTHETIC_PROTOTYPE_BENCHMARK,SYNTHETIC_PROTOTYPE_DATA_NOT_REAL_PERSONNEL_DATA,DEMO / SYNTHETIC DATA — NOT REAL PERSONNEL OR SENSOR DATA
24.0,49.2,5.7,4.0,5.0,20.4,8.1,14.9,0,1,7.1,3.1,1.5,0,SYNTHETIC_PROTOTYPE_BENCHMARK,SYNTHETIC_PROTOTYPE_DATA_NOT_REAL_PERSONNEL_DATA,DEMO / SYNTHETIC DATA — NOT REAL PERSONNEL OR SENSOR DATA
21.2,49.4,7.3,4.0,1.0,2.6,8.3,20.5,0,0,5.1,7.9,-4.0,0,SYNTHETIC_PROTOTYPE_BENCHMARK,SYNTHETIC_PROTOTYPE_DATA_NOT_REAL_PERSONNEL_DATA,DEMO / SYNTHETIC DATA — NOT REAL PERSONNEL OR SENSOR DATA
15.0,49.6,5.1,4.0,0.0,28.4,5.2,13.2,1,1,3.6,6.2,3.9,1,SYNTHETIC_PROTOTYPE_BENCHMARK,SYNTHETIC_PROTOTYPE_DATA_NOT_REAL_PERSONNEL_DATA,DEMO / SYNTHETIC DATA — NOT REAL PERSONNEL OR SENSOR DATA
15.8,51.4,3.1,4.0,5.0,3.6,5.8,17.3,2,0,7.1,5.4,2.2,0,SYNTHETIC_PROTOTYPE_BENCHMARK,SYNTHETIC_PROTOTYPE_DATA_NOT_REAL_PERSONNEL_DATA,DEMO / SYNTHETIC DATA — NOT REAL PERSONNEL OR SENSOR DATA
13.9,56.8,5.6,9.4,1.0,11.5,5.5,13.5,1,0,6.3,4.4,-1.5,1,SYNTHETIC_PROTOTYPE_BENCHMARK,SYNTHETIC_PROTOTYPE_DATA_NOT_REAL_PERSONNEL_DATA,DEMO / SYNTHETIC DATA — NOT REAL PERSONNEL OR SENSOR DATA
14.5,60.7,5.7,4.0,11.0,1.5,6.7,13.9,0,2,1.4,8.5,1.8,0,SYNTHETIC_PROTOTYPE_BENCHMARK,SYNTHETIC_PROTOTYPE_DATA_NOT_REAL_PERSONNEL_DATA,DEMO / SYNTHETIC DATA — NOT REAL PERSONNEL OR SENSOR DATA
28.6,45.5,5.9,4.0,4.0,4.2,4.9,15.5,2,1,9.4,6.4,2.9,1,SYNTHETIC_PROTOTYPE_BENCHMARK,SYNTHETIC_PROTOTYPE_DATA_NOT_REAL_PERSONNEL_DATA,DEMO / SYNTHETIC DATA — NOT REAL PERSONNEL OR SENSOR DATA
22.2,40.0,7.3,4.0,1.0,20.3,6.4,12.8,2,0,7.0,5.8,-2.8,1,SYNTHETIC_PROTOTYPE_BENCHMARK,SYNTHETIC_PROTOTYPE_DATA_NOT_REAL_PERSONNEL_DATA,DEMO / SYNTHETIC DATA — NOT REAL PERSONNEL OR SENSOR DATA
12.2,41.6,7.5,4.0,1.0,17.6,8.0,14.4,0,0,6.3,4.9,-1.3,0,SYNTHETIC_PROTOTYPE_BENCHMARK,SYNTHETIC_PROTOTYPE_DATA_NOT_REAL_PERSONNEL_DATA,DEMO / SYNTHETIC DATA — NOT REAL PERSONNEL OR SENSOR DATA
22.3,47.1,4.3,4.0,3.0,6.9,7.8,15.5,0,2,5.4,4.4,3.0,0,SYNTHETIC_PROTOTYPE_BENCHMARK,SYNTHETIC_PROTOTYPE_DATA_NOT_REAL_PERSONNEL_DATA,DEMO / SYNTHETIC DATA — NOT REAL PERSONNEL OR SENSOR DATA
21.5,48.5,4.3,4.0,0.0,9.6,6.5,12.5,1,0,7.0,5.4,0.1,1,SYNTHETIC_PROTOTYPE_BENCHMARK,SYNTHETIC_PROTOTYPE_DATA_NOT_REAL_PERSONNEL_DATA,DEMO / SYNTHETIC DATA — NOT REAL PERSONNEL OR SENSOR DATA
11.2,44.3,3.4,4.0,0.0,1.2,6.9,16.6,0,3,7.1,4.1,1.0,0,SYNTHETIC_PROTOTYPE_BENCHMARK,SYNTHETIC_PROTOTYPE_DATA_NOT_REAL_PERSONNEL_DATA,DEMO / SYNTHETIC DATA — NOT REAL PERSONNEL OR SENSOR DATA
19.3,39.0,6.9,4.0,1.0,7.7,7.8,13.7,0,1,7.0,6.9,0.2,0,SYNTHETIC_PROTOTYPE_BENCHMARK,SYNTHETIC_PROTOTYPE_DATA_NOT_REAL_PERSONNEL_DATA,DEMO / SYNTHETIC DATA — NOT REAL PERSONNEL OR SENSOR DATA
14.7,47.4,8.4,4.0,5.0,5.8,7.8,12.7,0,0,8.3,4.4,2.0,0,SYNTHETIC_PROTOTYPE_BENCHMARK,SYNTHETIC_PROTOTYPE_DATA_NOT_REAL_PERSONNEL_DATA,DEMO / SYNTHETIC DATA — NOT REAL PERSONNEL OR SENSOR DATA
21.9,53.8,4.9,4.0,3.0,0.6,6.5,13.4,0,2,8.8,6.5,1.1,1,SYNTHETIC_PROTOTYPE_BENCHMARK,SYNTHETIC_PROTOTYPE_DATA_NOT_REAL_PERSONNEL_DATA,DEMO / SYNTHETIC DATA — NOT REAL PERSONNEL OR SENSOR DATA
33.2,58.0,5.0,11.8,0.0,0.7,6.6,16.8,0,2,10.0,6.3,0.2,2,SYNTHETIC_PROTOTYPE_BENCHMARK,SYNTHETIC_PROTOTYPE_DATA_NOT_REAL_PERSONNEL_DATA,DEMO / SYNTHETIC DATA — NOT REAL PERSONNEL OR SENSOR DATA
25.6,46.4,8.4,4.0,4.0,0.7,6.8,11.6,0,1,4.5,5.3,-4.6,1,SYNTHETIC_PROTOTYPE_BENCHMARK,SYNTHETIC_PROTOTYPE_DATA_NOT_REAL_PERSONNEL_DATA,DEMO / SYNTHETIC DATA — NOT REAL PERSONNEL OR SENSOR DATA
18.9,47.9,6.5,4.0,2.0,7.7,5.9,16.5,2,1,5.1,6.2,1.4,1,SYNTHETIC_PROTOTYPE_BENCHMARK,SYNTHETIC_PROTOTYPE_DATA_NOT_REAL_PERSONNEL_DATA,DEMO / SYNTHETIC DATA — NOT REAL PERSONNEL OR SENSOR DATA
22.6,42.7,6.4,5.2,3.0,0.9,7.2,13.6,0,1,6.9,6.6,1.6,1,SYNTHETIC_PROTOTYPE_BENCHMARK,SYNTHETIC_PROTOTYPE_DATA_NOT_REAL_PERSONNEL_DATA,DEMO / SYNTHETIC DATA — NOT REAL PERSONNEL OR SENSOR DATA
12.7,51.7,3.1,4.0,1.0,3.8,6.7,14.9,0,3,4.6,2.9,-2.7,0,SYNTHETIC_PROTOTYPE_BENCHMARK,SYNTHETIC_PROTOTYPE_DATA_NOT_REAL_PERSONNEL_DATA,DEMO / SYNTHETIC DATA — NOT REAL PERSONNEL OR SENSOR DATA
20.4,43.5,6.9,4.2,3.0,2.6,6.3,16.7,2,1,5.0,8.2,-2.6,0,SYNTHETIC_PROTOTYPE_BENCHMARK,SYNTHETIC_PROTOTYPE_DATA_NOT_REAL_PERSONNEL_DATA,DEMO / SYNTHETIC DATA — NOT REAL PERSONNEL OR SENSOR DATA
18.5,57.7,3.6,4.0,14.0,4.8,7.2,16.7,0,0,7.2,4.4,1.1,0,SYNTHETIC_PROTOTYPE_BENCHMARK,SYNTHETIC_PROTOTYPE_DATA_NOT_REAL_PERSONNEL_DATA,DEMO / SYNTHETIC DATA — NOT REAL PERSONNEL OR SENSOR DATA
13.8,34.1,3.2,4.0,0.0,7.4,7.9,14.2,0,0,8.0,7.1,0.4,0,SYNTHETIC_PROTOTYPE_BENCHMARK,SYNTHETIC_PROTOTYPE_DATA_NOT_REAL_PERSONNEL_DATA,DEMO / SYNTHETIC DATA — NOT REAL PERSONNEL OR SENSOR DATA
12.9,48.4,4.8,5.9,1.0,6.9,7.5,12.1,0,0,8.8,6.4,-4.3,0,SYNTHETIC_PROTOTYPE_BENCHMARK,SYNTHETIC_PROTOTYPE_DATA_NOT_REAL_PERSONNEL_DATA,DEMO / SYNTHETIC DATA — NOT REAL PERSONNEL OR SENSOR DATA
19.0,55.0,4.3,10.5,1.0,4.3,6.2,14.2,1,0,5.8,1.2,-1.8,0,SYNTHETIC_PROTOTYPE_BENCHMARK,SYNTHETIC_PROTOTYPE_DATA_NOT_REAL_PERSONNEL_DATA,DEMO / SYNTHETIC DATA — NOT REAL PERSONNEL OR SENSOR DATA
22.3,53.8,5.1,4.0,1.0,3.7,5.2,16.7,2,0,7.1,4.0,0.7,1,SYNTHETIC_PROTOTYPE_BENCHMARK,SYNTHETIC_PROTOTYPE_DATA_NOT_REAL_PERSONNEL_DATA,DEMO / SYNTHETIC DATA — NOT REAL PERSONNEL OR SENSOR DATA
13.0,78.9,2.6,4.0,2.0,3.0,6.2,15.0,1,1,6.7,4.9,1.5,0,SYNTHETIC_PROTOTYPE_BENCHMARK,SYNTHETIC_PROTOTYPE_DATA_NOT_REAL_PERSONNEL_DATA,DEMO / SYNTHETIC DATA — NOT REAL PERSONNEL OR SENSOR DATA
18.4,55.5,7.4,4.0,6.0,11.9,6.0,16.5,1,0,6.2,5.0,-1.3,1,SYNTHETIC_PROTOTYPE_BENCHMARK,SYNTHETIC_PROTOTYPE_DATA_NOT_REAL_PERSONNEL_DATA,DEMO / SYNTHETIC DATA — NOT REAL PERSONNEL OR SENSOR DATA
14.6,42.0,7.8,10.5,9.0,2.4,6.6,12.1,0,1,4.6,6.7,-0.3,0,SYNTHETIC_PROTOTYPE_BENCHMARK,SYNTHETIC_PROTOTYPE_DATA_NOT_REAL_PERSONNEL_DATA,DEMO / SYNTHETIC DATA — NOT REAL PERSONNEL OR SENSOR DATA
19.6,51.0,1.6,9.3,1.0,1.8,6.0,11.8,2,1,4.3,5.3,-1.9,1,SYNTHETIC_PROTOTYPE_BENCHMARK,SYNTHETIC_PROTOTYPE_DATA_NOT_REAL_PERSONNEL_DATA,DEMO / SYNTHETIC DATA — NOT REAL PERSONNEL OR SENSOR DATA
19.8,34.2,7.5,4.0,3.0,8.2,7.3,15.6,0,0,7.5,7.9,2.9,0,SYNTHETIC_PROTOTYPE_BENCHMARK,SYNTHETIC_PROTOTYPE_DATA_NOT_REAL_PERSONNEL_DATA,DEMO / SYNTHETIC DATA — NOT REAL PERSONNEL OR SENSOR DATA
11.6,51.2,3.9,4.0,4.0,2.7,8.2,16.6,0,0,4.5,5.3,0.4,0,SYNTHETIC_PROTOTYPE_BENCHMARK,SYNTHETIC_PROTOTYPE_DATA_NOT_REAL_PERSONNEL_DATA,DEMO / SYNTHETIC DATA — NOT REAL PERSONNEL OR SENSOR DATA
12.3,43.7,7.2,4.0,3.0,11.3,6.6,16.2,0,0,2.6,7.7,-1.5,0,SYNTHETIC_PROTOTYPE_BENCHMARK,SYNTHETIC_PROTOTYPE_DATA_NOT_REAL_PERSONNEL_DATA,DEMO / SYNTHETIC DATA — NOT REAL PERSONNEL OR SENSOR DATA
20.2,61.2,5.4,4.0,2.0,2.4,5.7,16.6,1,0,6.1,3.1,-2.5,0,SYNTHETIC_PROTOTYPE_BENCHMARK,SYNTHETIC_PROTOTYPE_DATA_NOT_REAL_PERSONNEL_DATA,DEMO / SYNTHETIC DATA — NOT REAL PERSONNEL OR SENSOR DATA
13.6,46.5,5.6,4.0,1.0,7.3,7.5,14.1,0,2,9.1,5.2,-2.8,0,SYNTHETIC_PROTOTYPE_BENCHMARK,SYNTHETIC_PROTOTYPE_DATA_NOT_REAL_PERSONNEL_DATA,DEMO / SYNTHETIC DATA — NOT REAL PERSONNEL OR SENSOR DATA
16.7,50.8,5.1,4.0,2.0,0.3,7.2,18.8,0,1,1.0,4.3,4.0,0,SYNTHETIC_PROTOTYPE_BENCHMARK,SYNTHETIC_PROTOTYPE_DATA_NOT_REAL_PERSONNEL_DATA,DEMO / SYNTHETIC DATA — NOT REAL PERSONNEL OR SENSOR DATA
17.5,45.6,7.9,4.0,2.0,2.9,5.5,14.9,1,0,5.6,6.0,-0.4,0,SYNTHETIC_PROTOTYPE_BENCHMARK,SYNTHETIC_PROTOTYPE_DATA_NOT_REAL_PERSONNEL_DATA,DEMO / SYNTHETIC DATA — NOT REAL PERSONNEL OR SENSOR DATA
22.5,69.4,3.0,11.9,6.0,2.5,6.8,12.2,0,1,7.6,3.7,-0.9,1,SYNTHETIC_PROTOTYPE_BENCHMARK,SYNTHETIC_PROTOTYPE_DATA_NOT_REAL_PERSONNEL_DATA,DEMO / SYNTHETIC DATA — NOT REAL PERSONNEL OR SENSOR DATA
16.2,48.8,6.7,22.9,5.0,10.2,8.5,5.4,0,0,2.6,4.9,-0.5,1,SYNTHETIC_PROTOTYPE_BENCHMARK,SYNTHETIC_PROTOTYPE_DATA_NOT_REAL_PERSONNEL_DATA,DEMO / SYNTHETIC DATA — NOT REAL PERSONNEL OR SENSOR DATA
27.6,70.3,7.7,4.0,1.0,20.5,3.6,15.2,2,1,5.8,3.0,-1.4,2,SYNTHETIC_PROTOTYPE_BENCHMARK,SYNTHETIC_PROTOTYPE_DATA_NOT_REAL_PERSONNEL_DATA,DEMO / SYNTHETIC DATA — NOT REAL PERSONNEL OR SENSOR DATA
28.8,60.1,6.9,4.0,0.0,3.7,5.6,16.7,2,1,3.9,4.0,-0.2,2,SYNTHETIC_PROTOTYPE_BENCHMARK,SYNTHETIC_PROTOTYPE_DATA_NOT_REAL_PERSONNEL_DATA,DEMO / SYNTHETIC DATA — NOT REAL PERSONNEL OR SENSOR DATA
26.2,56.8,10.0,7.8,8.0,10.5,4.2,15.6,2,1,4.2,4.8,0.1,2,SYNTHETIC_PROTOTYPE_BENCHMARK,SYNTHETIC_PROTOTYPE_DATA_NOT_REAL_PERSONNEL_DATA,DEMO / SYNTHETIC DATA — NOT REAL PERSONNEL OR SENSOR DATA
15.5,55.7,4.4,4.0,3.0,7.2,6.6,18.7,0,0,5.4,1.9,0.0,0,SYNTHETIC_PROTOTYPE_BENCHMARK,SYNTHETIC_PROTOTYPE_DATA_NOT_REAL_PERSONNEL_DATA,DEMO / SYNTHETIC DATA — NOT REAL PERSONNEL OR SENSOR DATA
17.3,55.9,7.4,4.7,7.0,20.5,7.0,16.4,0,0,4.0,1.4,-2.8,0,SYNTHETIC_PROTOTYPE_BENCHMARK,SYNTHETIC_PROTOTYPE_DATA_NOT_REAL_PERSONNEL_DATA,DEMO / SYNTHETIC DATA — NOT REAL PERSONNEL OR SENSOR DATA
12.5,32.7,5.3,4.0,0.0,10.0,7.6,16.2,0,2,3.8,6.3,2.0,0,SYNTHETIC_PROTOTYPE_BENCHMARK,SYNTHETIC_PROTOTYPE_DATA_NOT_REAL_PERSONNEL_DATA,DEMO / SYNTHETIC DATA — NOT REAL PERSONNEL OR SENSOR DATA
15.3,49.2,8.0,4.0,3.0,0.5,8.2,14.7,0,2,6.1,1.1,-1.2,0,SYNTHETIC_PROTOTYPE_BENCHMARK,SYNTHETIC_PROTOTYPE_DATA_NOT_REAL_PERSONNEL_DATA,DEMO / SYNTHETIC DATA — NOT REAL PERSONNEL OR SENSOR DATA
17.3,60.5,5.5,4.0,3.0,7.5,7.1,14.3,0,3,10.0,4.4,-1.4,1,SYNTHETIC_PROTOTYPE_BENCHMARK,SYNTHETIC_PROTOTYPE_DATA_NOT_REAL_PERSONNEL_DATA,DEMO / SYNTHETIC DATA — NOT REAL PERSONNEL OR SENSOR DATA
19.1,51.5,4.7,4.0,7.0,4.6,8.3,17.5,0,0,7.7,4.6,-1.5,0,SYNTHETIC_PROTOTYPE_BENCHMARK,SYNTHETIC_PROTOTYPE_DATA_NOT_REAL_PERSONNEL_DATA,DEMO / SYNTHETIC DATA — NOT REAL PERSONNEL OR SENSOR DATA
14.2,37.9,8.1,4.8,0.0,0.1,8.5,17.2,0,2,8.2,6.7,-2.3,0,SYNTHETIC_PROTOTYPE_BENCHMARK,SYNTHETIC_PROTOTYPE_DATA_NOT_REAL_PERSONNEL_DATA,DEMO / SYNTHETIC DATA — NOT REAL PERSONNEL OR SENSOR DATA
20.8,51.5,4.5,4.0,1.0,1.7,6.7,13.4,0,2,7.8,4.1,0.6,1,SYNTHETIC_PROTOTYPE_BENCHMARK,SYNTHETIC_PROTOTYPE_DATA_NOT_REAL_PERSONNEL_DATA,DEMO / SYNTHETIC DATA — NOT REAL PERSONNEL OR SENSOR DATA
22.9,69.0,2.7,4.0,2.0,15.3,5.9,17.0,1,3,4.8,6.5,2.0,1,SYNTHETIC_PROTOTYPE_BENCHMARK,SYNTHETIC_PROTOTYPE_DATA_NOT_REAL_PERSONNEL_DATA,DEMO / SYNTHETIC DATA — NOT REAL PERSONNEL OR SENSOR DATA
20.1,64.5,4.5,4.0,7.0,15.6,5.4,16.9,1,0,6.8,5.7,-1.6,1,SYNTHETIC_PROTOTYPE_BENCHMARK,SYNTHETIC_PROTOTYPE_DATA_NOT_REAL_PERSONNEL_DATA,DEMO / SYNTHETIC DATA — NOT REAL PERSONNEL OR SENSOR DATA
25.6,51.4,6.7,8.0,10.0,9.6,6.6,11.8,0,2,8.4,2.9,-4.1,1,SYNTHETIC_PROTOTYPE_BENCHMARK,SYNTHETIC_PROTOTYPE_DATA_NOT_REAL_PERSONNEL_DATA,DEMO / SYNTHETIC DATA — NOT REAL PERSONNEL OR SENSOR DATA
22.0,61.5,8.3,4.0,17.0,24.0,6.0,16.7,2,0,7.9,4.2,-2.3,1,SYNTHETIC_PROTOTYPE_BENCHMARK,SYNTHETIC_PROTOTYPE_DATA_NOT_REAL_PERSONNEL_DATA,DEMO / SYNTHETIC DATA — NOT REAL PERSONNEL OR SENSOR DATA
14.3,48.3,5.7,4.0,11.0,9.9,6.8,13.5,0,1,6.6,7.6,-1.0,0,SYNTHETIC_PROTOTYPE_BENCHMARK,SYNTHETIC_PROTOTYPE_DATA_NOT_REAL_PERSONNEL_DATA,DEMO / SYNTHETIC DATA — NOT REAL PERSONNEL OR SENSOR DATA
12.4,35.0,8.1,4.0,0.0,0.1,8.8,10.7,0,1,7.2,5.0,-2.7,0,SYNTHETIC_PROTOTYPE_BENCHMARK,SYNTHETIC_PROTOTYPE_DATA_NOT_REAL_PERSONNEL_DATA,DEMO / SYNTHETIC DATA — NOT REAL PERSONNEL OR SENSOR DATA
19.9,42.8,2.8,4.0,0.0,2.0,7.1,15.3,0,2,10.0,5.5,-1.3,0,SYNTHETIC_PROTOTYPE_BENCHMARK,SYNTHETIC_PROTOTYPE_DATA_NOT_REAL_PERSONNEL_DATA,DEMO / SYNTHETIC DATA — NOT REAL PERSONNEL OR SENSOR DATA
25.7,67.6,4.6,4.0,1.0,0.2,5.6,16.1,2,2,7.9,6.3,-1.2,2,SYNTHETIC_PROTOTYPE_BENCHMARK,SYNTHETIC_PROTOTYPE_DATA_NOT_REAL_PERSONNEL_DATA,DEMO / SYNTHETIC DATA — NOT REAL PERSONNEL OR SENSOR DATA
21.8,49.3,4.9,5.5,2.0,0.6,6.4,14.8,2,1,5.6,4.5,-0.0,1,SYNTHETIC_PROTOTYPE_BENCHMARK,SYNTHETIC_PROTOTYPE_DATA_NOT_REAL_PERSONNEL_DATA,DEMO / SYNTHETIC DATA — NOT REAL PERSONNEL OR SENSOR DATA
16.0,49.6,5.3,4.0,6.0,1.5,7.6,21.3,0,1,6.1,6.9,-3.2,0,SYNTHETIC_PROTOTYPE_BENCHMARK,SYNTHETIC_PROTOTYPE_DATA_NOT_REAL_PERSONNEL_DATA,DEMO / SYNTHETIC DATA — NOT REAL PERSONNEL OR SENSOR DATA
12.0,49.0,5.7,4.0,8.0,4.2,5.9,16.4,2,0,4.1,3.9,1.3,0,SYNTHETIC_PROTOTYPE_BENCHMARK,SYNTHETIC_PROTOTYPE_DATA_NOT_REAL_PERSONNEL_DATA,DEMO / SYNTHETIC DATA — NOT REAL PERSONNEL OR SENSOR DATA
26.0,71.0,6.9,5.0,1.0,11.3,5.8,15.5,1,1,10.0,1.0,3.7,1,SYNTHETIC_PROTOTYPE_BENCHMARK,SYNTHETIC_PROTOTYPE_DATA_NOT_REAL_PERSONNEL_DATA,DEMO / SYNTHETIC DATA — NOT REAL PERSONNEL OR SENSOR DATA
21.6,68.3,4.6,4.0,3.0,11.9,7.1,16.5,0,1,9.4,6.1,3.1,0,SYNTHETIC_PROTOTYPE_BENCHMARK,SYNTHETIC_PROTOTYPE_DATA_NOT_REAL_PERSONNEL_DATA,DEMO / SYNTHETIC DATA — NOT REAL PERSONNEL OR SENSOR DATA
22.9,74.2,5.8,4.0,9.0,5.7,6.2,14.7,2,0,6.4,4.5,-1.3,1,SYNTHETIC_PROTOTYPE_BENCHMARK,SYNTHETIC_PROTOTYPE_DATA_NOT_REAL_PERSONNEL_DATA,DEMO / SYNTHETIC DATA — NOT REAL PERSONNEL OR SENSOR DATA
16.1,50.4,5.4,4.0,2.0,15.8,6.5,17.5,0,3,10.0,6.0,1.5,1,SYNTHETIC_PROTOTYPE_BENCHMARK,SYNTHETIC_PROTOTYPE_DATA_NOT_REAL_PERSONNEL_DATA,DEMO / SYNTHETIC DATA — NOT REAL PERSONNEL OR SENSOR DATA
13.8,55.0,3.6,4.0,0.0,4.2,6.7,16.3,0,0,7.5,3.3,1.2,0,SYNTHETIC_PROTOTYPE_BENCHMARK,SYNTHETIC_PROTOTYPE_DATA_NOT_REAL_PERSONNEL_DATA,DEMO / SYNTHETIC DATA — NOT REAL PERSONNEL OR SENSOR DATA
12.4,36.8,5.3,4.9,2.0,13.2,6.4,15.9,1,1,5.3,4.4,-0.1,0,SYNTHETIC_PROTOTYPE_BENCHMARK,SYNTHETIC_PROTOTYPE_DATA_NOT_REAL_PERSONNEL_DATA,DEMO / SYNTHETIC DATA — NOT REAL PERSONNEL OR SENSOR DATA
27.2,66.8,5.2,4.0,2.0,3.6,5.6,14.4,1,3,8.0,6.0,0.4,1,SYNTHETIC_PROTOTYPE_BENCHMARK,SYNTHETIC_PROTOTYPE_DATA_NOT_REAL_PERSONNEL_DATA,DEMO / SYNTHETIC DATA — NOT REAL PERSONNEL OR SENSOR DATA
20.6,40.3,5.2,4.1,3.0,1.9,7.3,12.4,0,3,7.0,6.1,1.5,0,SYNTHETIC_PROTOTYPE_BENCHMARK,SYNTHETIC_PROTOTYPE_DATA_NOT_REAL_PERSONNEL_DATA,DEMO / SYNTHETIC DATA — NOT REAL PERSONNEL OR SENSOR DATA
20.5,54.2,5.6,5.0,2.0,14.9,6.7,14.2,0,2,7.9,4.8,1.9,1,SYNTHETIC_PROTOTYPE_BENCHMARK,SYNTHETIC_PROTOTYPE_DATA_NOT_REAL_PERSONNEL_DATA,DEMO / SYNTHETIC DATA — NOT REAL PERSONNEL OR SENSOR DATA
17.3,41.0,5.7,4.0,0.0,2.9,8.1,16.2,0,0,3.5,6.1,-1.8,0,SYNTHETIC_PROTOTYPE_BENCHMARK,SYNTHETIC_PROTOTYPE_DATA_NOT_REAL_PERSONNEL_DATA,DEMO / SYNTHETIC DATA — NOT REAL PERSONNEL OR SENSOR DATA
24.0,46.1,4.6,4.0,18.0,4.2,7.2,14.7,0,2,4.6,7.7,1.6,1,SYNTHETIC_PROTOTYPE_BENCHMARK,SYNTHETIC_PROTOTYPE_DATA_NOT_REAL_PERSONNEL_DATA,DEMO / SYNTHETIC DATA — NOT REAL PERSONNEL OR SENSOR DATA
16.5,43.6,8.0,4.0,3.0,2.4,8.4,16.2,0,0,9.2,6.7,3.7,0,SYNTHETIC_PROTOTYPE_BENCHMARK,SYNTHETIC_PROTOTYPE_DATA_NOT_REAL_PERSONNEL_DATA,DEMO / SYNTHETIC DATA — NOT REAL PERSONNEL OR SENSOR DATA
20.0,45.9,3.2,4.0,2.0,6.5,8.4,15.1,0,3,9.6,4.7,1.9,0,SYNTHETIC_PROTOTYPE_BENCHMARK,SYNTHETIC_PROTOTYPE_DATA_NOT_REAL_PERSONNEL_DATA,DEMO / SYNTHETIC DATA — NOT REAL PERSONNEL OR SENSOR DATA
16.0,46.6,4.1,16.8,11.0,31.8,6.9,11.3,0,2,9.0,3.3,3.4,1,SYNTHETIC_PROTOTYPE_BENCHMARK,SYNTHETIC_PROTOTYPE_DATA_NOT_REAL_PERSONNEL_DATA,DEMO / SYNTHETIC DATA — NOT REAL PERSONNEL OR SENSOR DATA
17.2,46.5,10.0,6.7,1.0,0.2,8.2,12.6,0,2,10.0,6.3,-5.0,0,SYNTHETIC_PROTOTYPE_BENCHMARK,SYNTHETIC_PROTOTYPE_DATA_NOT_REAL_PERSONNEL_DATA,DEMO / SYNTHETIC DATA — NOT REAL PERSONNEL OR SENSOR DATA
22.8,60.3,3.4,4.0,1.0,13.8,5.5,16.0,1,0,7.4,3.3,1.3,1,SYNTHETIC_PROTOTYPE_BENCHMARK,SYNTHETIC_PROTOTYPE_DATA_NOT_REAL_PERSONNEL_DATA,DEMO / SYNTHETIC DATA — NOT REAL PERSONNEL OR SENSOR DATA
11.7,41.0,2.8,4.0,6.0,0.0,6.5,14.3,0,1,7.2,4.0,0.6,0,SYNTHETIC_PROTOTYPE_BENCHMARK,SYNTHETIC_PROTOTYPE_DATA_NOT_REAL_PERSONNEL_DATA,DEMO / SYNTHETIC DATA — NOT REAL PERSONNEL OR SENSOR DATA
23.6,54.2,7.0,4.0,1.0,2.7,7.3,12.5,0,2,4.4,7.0,2.3,1,SYNTHETIC_PROTOTYPE_BENCHMARK,SYNTHETIC_PROTOTYPE_DATA_NOT_REAL_PERSONNEL_DATA,DEMO / SYNTHETIC DATA — NOT REAL PERSONNEL OR SENSOR DATA
28.3,64.2,1.3,4.0,6.0,1.1,5.4,15.3,1,2,5.0,5.7,-2.5,1,SYNTHETIC_PROTOTYPE_BENCHMARK,SYNTHETIC_PROTOTYPE_DATA_NOT_REAL_PERSONNEL_DATA,DEMO / SYNTHETIC DATA — NOT REAL PERSONNEL OR SENSOR DATA
18.4,46.9,5.0,4.0,1.0,8.5,6.7,18.7,0,0,2.2,6.0,-1.1,0,SYNTHETIC_PROTOTYPE_BENCHMARK,SYNTHETIC_PROTOTYPE_DATA_NOT_REAL_PERSONNEL_DATA,DEMO / SYNTHETIC DATA — NOT REAL PERSONNEL OR SENSOR DATA
21.3,44.8,9.8,4.0,0.0,0.3,7.9,12.7,0,3,5.6,3.7,2.0,1,SYNTHETIC_PROTOTYPE_BENCHMARK,SYNTHETIC_PROTOTYPE_DATA_NOT_REAL_PERSONNEL_DATA,DEMO / SYNTHETIC DATA — NOT REAL PERSONNEL OR SENSOR DATA
7.7,49.7,2.4,7.8,3.0,4.8,8.1,14.3,0,0,2.1,7.9,-2.3,0,SYNTHETIC_PROTOTYPE_BENCHMARK,SYNTHETIC_PROTOTYPE_DATA_NOT_REAL_PERSONNEL_DATA,DEMO / SYNTHETIC DATA — NOT REAL PERSONNEL OR SENSOR DATA
19.5,63.8,1.5,5.3,1.0,2.1,6.3,16.7,2,1,8.4,6.0,0.5,0,SYNTHETIC_PROTOTYPE_BENCHMARK,SYNTHETIC_PROTOTYPE_DATA_NOT_REAL_PERSONNEL_DATA,DEMO / SYNTHETIC DATA — NOT REAL PERSONNEL OR SENSOR DATA
21.6,53.9,2.5,4.0,5.0,0.9,6.4,20.2,1,1,7.0,4.5,-0.0,0,SYNTHETIC_PROTOTYPE_BENCHMARK,SYNTHETIC_PROTOTYPE_DATA_NOT_REAL_PERSONNEL_DATA,DEMO / SYNTHETIC DATA — NOT REAL PERSONNEL OR SENSOR DATA
15.8,46.7,7.3,4.0,4.0,8.9,7.2,14.6,0,0,2.1,4.6,-0.4,0,SYNTHETIC_PROTOTYPE_BENCHMARK,SYNTHETIC_PROTOTYPE_DATA_NOT_REAL_PERSONNEL_DATA,DEMO / SYNTHETIC DATA — NOT REAL PERSONNEL OR SENSOR DATA
24.3,56.8,7.7,4.0,9.0,1.5,5.9,14.3,2,0,5.8,5.0,1.3,1,SYNTHETIC_PROTOTYPE_BENCHMARK,SYNTHETIC_PROTOTYPE_DATA_NOT_REAL_PERSONNEL_DATA,DEMO / SYNTHETIC DATA — NOT REAL PERSONNEL OR SENSOR DATA
18.4,41.0,4.5,6.6,5.0,1.5,7.3,12.2,0,2,10.0,5.0,-2.5,0,SYNTHETIC_PROTOTYPE_BENCHMARK,SYNTHETIC_PROTOTYPE_DATA_NOT_REAL_PERSONNEL_DATA,DEMO / SYNTHETIC DATA — NOT REAL PERSONNEL OR SENSOR DATA
21.9,58.8,6.9,7.3,1.0,1.9,6.7,16.6,0,1,5.9,8.1,-1.7,1,SYNTHETIC_PROTOTYPE_BENCHMARK,SYNTHETIC_PROTOTYPE_DATA_NOT_REAL_PERSONNEL_DATA,DEMO / SYNTHETIC DATA — NOT REAL PERSONNEL OR SENSOR DATA
18.2,56.1,8.3,9.6,6.0,5.3,6.7,11.6,0,0,4.2,4.3,-0.3,0,SYNTHETIC_PROTOTYPE_BENCHMARK,SYNTHETIC_PROTOTYPE_DATA_NOT_REAL_PERSONNEL_DATA,DEMO / SYNTHETIC DATA — NOT REAL PERSONNEL OR SENSOR DATA
15.6,48.9,9.1,4.0,4.0,6.5,7.0,14.9,0,2,2.6,3.7,-2.6,0,SYNTHETIC_PROTOTYPE_BENCHMARK,SYNTHETIC_PROTOTYPE_DATA_NOT_REAL_PERSONNEL_DATA,DEMO / SYNTHETIC DATA — NOT REAL PERSONNEL OR SENSOR DATA
16.7,43.6,5.0,4.7,4.0,0.1,6.7,11.6,0,2,2.7,8.0,2.7,1,SYNTHETIC_PROTOTYPE_BENCHMARK,SYNTHETIC_PROTOTYPE_DATA_NOT_REAL_PERSONNEL_DATA,DEMO / SYNTHETIC DATA — NOT REAL PERSONNEL OR SENSOR DATA
12.5,43.1,1.0,4.0,6.0,1.7,6.7,17.4,0,1,7.3,4.8,-1.8,0,SYNTHETIC_PROTOTYPE_BENCHMARK,SYNTHETIC_PROTOTYPE_DATA_NOT_REAL_PERSONNEL_DATA,DEMO / SYNTHETIC DATA — NOT REAL PERSONNEL OR SENSOR DATA
20.0,57.3,3.9,4.0,3.0,3.4,6.1,17.9,2,0,5.3,6.0,1.7,1,SYNTHETIC_PROTOTYPE_BENCHMARK,SYNTHETIC_PROTOTYPE_DATA_NOT_REAL_PERSONNEL_DATA,DEMO / SYNTHETIC DATA — NOT REAL PERSONNEL OR SENSOR DATA
20.5,64.3,4.6,4.0,2.0,2.4,5.2,17.3,2,0,5.5,5.4,-1.9,1,SYNTHETIC_PROTOTYPE_BENCHMARK,SYNTHETIC_PROTOTYPE_DATA_NOT_REAL_PERSONNEL_DATA,DEMO / SYNTHETIC DATA — NOT REAL PERSONNEL OR SENSOR DATA
22.5,45.6,5.0,4.0,4.0,12.9,7.2,12.4,0,2,5.3,5.4,1.5,1,SYNTHETIC_PROTOTYPE_BENCHMARK,SYNTHETIC_PROTOTYPE_DATA_NOT_REAL_PERSONNEL_DATA,DEMO / SYNTHETIC DATA — NOT REAL PERSONNEL OR SENSOR DATA
19.7,56.6,5.1,4.0,1.0,9.3,7.3,16.8,0,1,5.9,3.4,-3.5,0,SYNTHETIC_PROTOTYPE_BENCHMARK,SYNTHETIC_PROTOTYPE_DATA_NOT_REAL_PERSONNEL_DATA,DEMO / SYNTHETIC DATA — NOT REAL PERSONNEL OR SENSOR DATA
12.3,31.1,7.7,4.0,1.0,5.9,8.3,12.3,0,1,3.7,6.2,3.1,0,SYNTHETIC_PROTOTYPE_BENCHMARK,SYNTHETIC_PROTOTYPE_DATA_NOT_REAL_PERSONNEL_DATA,DEMO / SYNTHETIC DATA — NOT REAL PERSONNEL OR SENSOR DATA
17.1,46.2,8.0,4.0,3.0,2.5,7.0,15.7,0,2,6.8,3.7,2.5,1,SYNTHETIC_PROTOTYPE_BENCHMARK,SYNTHETIC_PROTOTYPE_DATA_NOT_REAL_PERSONNEL_DATA,DEMO / SYNTHETIC DATA — NOT REAL PERSONNEL OR SENSOR DATA
16.6,51.7,5.2,4.0,1.0,7.2,6.2,16.0,1,1,3.4,5.1,-1.2,0,SYNTHETIC_PROTOTYPE_BENCHMARK,SYNTHETIC_PROTOTYPE_DATA_NOT_REAL_PERSONNEL_DATA,DEMO / SYNTHETIC DATA — NOT REAL PERSONNEL OR SENSOR DATA
16.2,42.9,7.7,4.0,0.0,11.1,7.6,16.2,0,0,4.7,6.8,-1.8,0,SYNTHETIC_PROTOTYPE_BENCHMARK,SYNTHETIC_PROTOTYPE_DATA_NOT_REAL_PERSONNEL_DATA,DEMO / SYNTHETIC DATA — NOT REAL PERSONNEL OR SENSOR DATA
17.8,42.6,6.2,4.0,0.0,5.4,7.7,16.7,0,3,8.2,8.2,1.0,0,SYNTHETIC_PROTOTYPE_BENCHMARK,SYNTHETIC_PROTOTYPE_DATA_NOT_REAL_PERSONNEL_DATA,DEMO / SYNTHETIC DATA — NOT REAL PERSONNEL OR SENSOR DATA
12.6,45.3,5.6,4.0,3.0,9.2,7.2,15.6,0,1,7.0,3.9,-3.4,0,SYNTHETIC_PROTOTYPE_BENCHMARK,SYNTHETIC_PROTOTYPE_DATA_NOT_REAL_PERSONNEL_DATA,DEMO / SYNTHETIC DATA — NOT REAL PERSONNEL OR SENSOR DATA
22.6,54.9,7.3,4.0,2.0,8.3,8.0,11.7,0,1,7.6,4.6,0.1,1,SYNTHETIC_PROTOTYPE_BENCHMARK,SYNTHETIC_PROTOTYPE_DATA_NOT_REAL_PERSONNEL_DATA,DEMO / SYNTHETIC DATA — NOT REAL PERSONNEL OR SENSOR DATA
21.9,50.1,5.6,4.0,5.0,5.1,6.9,16.7,0,3,10.0,4.4,-1.8,0,SYNTHETIC_PROTOTYPE_BENCHMARK,SYNTHETIC_PROTOTYPE_DATA_NOT_REAL_PERSONNEL_DATA,DEMO / SYNTHETIC DATA — NOT REAL PERSONNEL OR SENSOR DATA
20.3,30.0,9.6,17.3,2.0,2.2,7.6,10.5,0,3,6.1,6.7,-0.6,1,SYNTHETIC_PROTOTYPE_BENCHMARK,SYNTHETIC_PROTOTYPE_DATA_NOT_REAL_PERSONNEL_DATA,DEMO / SYNTHETIC DATA — NOT REAL PERSONNEL OR SENSOR DATA
9.1,30.8,2.6,4.0,2.0,8.2,7.3,13.8,0,1,6.2,4.0,-1.4,0,SYNTHETIC_PROTOTYPE_BENCHMARK,SYNTHETIC_PROTOTYPE_DATA_NOT_REAL_PERSONNEL_DATA,DEMO / SYNTHETIC DATA — NOT REAL PERSONNEL OR SENSOR DATA
12.0,45.9,4.5,4.0,2.0,1.4,6.0,12.5,1,0,5.7,4.1,-1.8,0,SYNTHETIC_PROTOTYPE_BENCHMARK,SYNTHETIC_PROTOTYPE_DATA_NOT_REAL_PERSONNEL_DATA,DEMO / SYNTHETIC DATA — NOT REAL PERSONNEL OR SENSOR DATA
21.4,56.6,5.2,4.0,4.0,9.1,7.1,18.7,0,3,5.3,2.3,3.8,1,SYNTHETIC_PROTOTYPE_BENCHMARK,SYNTHETIC_PROTOTYPE_DATA_NOT_REAL_PERSONNEL_DATA,DEMO / SYNTHETIC DATA — NOT REAL PERSONNEL OR SENSOR DATA
6.1,30.0,6.4,7.8,2.0,9.8,7.5,16.5,0,1,4.2,4.2,1.7,0,SYNTHETIC_PROTOTYPE_BENCHMARK,SYNTHETIC_PROTOTYPE_DATA_NOT_REAL_PERSONNEL_DATA,DEMO / SYNTHETIC DATA — NOT REAL PERSONNEL OR SENSOR DATA
21.6,47.0,8.0,4.5,12.0,10.4,7.3,16.8,0,1,6.4,4.4,-3.3,1,SYNTHETIC_PROTOTYPE_BENCHMARK,SYNTHETIC_PROTOTYPE_DATA_NOT_REAL_PERSONNEL_DATA,DEMO / SYNTHETIC DATA — NOT REAL PERSONNEL OR SENSOR DATA
12.6,46.7,5.5,4.0,10.0,3.8,8.6,14.2,0,1,6.9,7.9,-1.9,0,SYNTHETIC_PROTOTYPE_BENCHMARK,SYNTHETIC_PROTOTYPE_DATA_NOT_REAL_PERSONNEL_DATA,DEMO / SYNTHETIC DATA — NOT REAL PERSONNEL OR SENSOR DATA
19.0,65.9,2.7,4.0,7.0,1.3,6.1,10.6,1,1,7.0,4.9,1.9,0,SYNTHETIC_PROTOTYPE_BENCHMARK,SYNTHETIC_PROTOTYPE_DATA_NOT_REAL_PERSONNEL_DATA,DEMO / SYNTHETIC DATA — NOT REAL PERSONNEL OR SENSOR DATA
25.5,48.1,7.2,5.0,9.0,0.6,5.3,16.7,1,3,6.3,5.4,2.1,2,SYNTHETIC_PROTOTYPE_BENCHMARK,SYNTHETIC_PROTOTYPE_DATA_NOT_REAL_PERSONNEL_DATA,DEMO / SYNTHETIC DATA — NOT REAL PERSONNEL OR SENSOR DATA
18.9,55.8,7.0,5.2,2.0,8.2,7.0,15.8,0,1,8.1,6.9,-3.0,1,SYNTHETIC_PROTOTYPE_BENCHMARK,SYNTHETIC_PROTOTYPE_DATA_NOT_REAL_PERSONNEL_DATA,DEMO / SYNTHETIC DATA — NOT REAL PERSONNEL OR SENSOR DATA
13.5,53.4,1.6,4.4,3.0,13.0,6.7,14.7,0,2,6.3,5.6,1.5,0,SYNTHETIC_PROTOTYPE_BENCHMARK,SYNTHETIC_PROTOTYPE_DATA_NOT_REAL_PERSONNEL_DATA,DEMO / SYNTHETIC DATA — NOT REAL PERSONNEL OR SENSOR DATA
21.9,30.7,5.5,8.2,5.0,6.3,7.1,16.2,0,2,5.4,7.0,0.6,1,SYNTHETIC_PROTOTYPE_BENCHMARK,SYNTHETIC_PROTOTYPE_DATA_NOT_REAL_PERSONNEL_DATA,DEMO / SYNTHETIC DATA — NOT REAL PERSONNEL OR SENSOR DATA
13.2,59.7,2.3,8.2,4.0,0.9,7.0,15.6,0,2,4.3,4.0,-4.3,0,SYNTHETIC_PROTOTYPE_BENCHMARK,SYNTHETIC_PROTOTYPE_DATA_NOT_REAL_PERSONNEL_DATA,DEMO / SYNTHETIC DATA — NOT REAL PERSONNEL OR SENSOR DATA
10.4,54.2,4.2,4.0,8.0,16.4,7.1,16.0,0,2,3.1,4.0,-0.9,0,SYNTHETIC_PROTOTYPE_BENCHMARK,SYNTHETIC_PROTOTYPE_DATA_NOT_REAL_PERSONNEL_DATA,DEMO / SYNTHETIC DATA — NOT REAL PERSONNEL OR SENSOR DATA
25.3,57.1,3.7,4.0,4.0,27.1,5.2,15.7,1,2,9.1,2.9,-0.3,1,SYNTHETIC_PROTOTYPE_BENCHMARK,SYNTHETIC_PROTOTYPE_DATA_NOT_REAL_PERSONNEL_DATA,DEMO / SYNTHETIC DATA — NOT REAL PERSONNEL OR SENSOR DATA
22.4,90.0,7.1,4.1,21.0,3.4,5.2,15.7,1,1,4.8,2.1,0.1,2,SYNTHETIC_PROTOTYPE_BENCHMARK,SYNTHETIC_PROTOTYPE_DATA_NOT_REAL_PERSONNEL_DATA,DEMO / SYNTHETIC DATA — NOT REAL PERSONNEL OR SENSOR DATA
15.8,31.2,5.7,6.8,1.0,5.4,8.9,15.8,0,0,4.3,5.8,-2.9,0,SYNTHETIC_PROTOTYPE_BENCHMARK,SYNTHETIC_PROTOTYPE_DATA_NOT_REAL_PERSONNEL_DATA,DEMO / SYNTHETIC DATA — NOT REAL PERSONNEL OR SENSOR DATA
24.8,69.2,2.9,4.0,6.0,9.0,5.5,13.9,2,2,5.4,4.7,-1.7,1,SYNTHETIC_PROTOTYPE_BENCHMARK,SYNTHETIC_PROTOTYPE_DATA_NOT_REAL_PERSONNEL_DATA,DEMO / SYNTHETIC DATA — NOT REAL PERSONNEL OR SENSOR DATA
20.0,49.1,7.3,19.3,4.0,8.0,6.9,10.3,0,1,5.6,5.2,-1.4,1,SYNTHETIC_PROTOTYPE_BENCHMARK,SYNTHETIC_PROTOTYPE_DATA_NOT_REAL_PERSONNEL_DATA,DEMO / SYNTHETIC DATA — NOT REAL PERSONNEL OR SENSOR DATA
16.6,54.9,2.6,4.0,4.0,20.6,4.2,13.8,2,0,9.5,4.4,-1.2,1,SYNTHETIC_PROTOTYPE_BENCHMARK,SYNTHETIC_PROTOTYPE_DATA_NOT_REAL_PERSONNEL_DATA,DEMO / SYNTHETIC DATA — NOT REAL PERSONNEL OR SENSOR DATA
15.1,51.5,6.2,4.0,1.0,0.7,5.8,18.3,1,0,5.5,3.8,-1.1,0,SYNTHETIC_PROTOTYPE_BENCHMARK,SYNTHETIC_PROTOTYPE_DATA_NOT_REAL_PERSONNEL_DATA,DEMO / SYNTHETIC DATA — NOT REAL PERSONNEL OR SENSOR DATA
13.2,47.8,3.9,8.2,5.0,5.2,7.2,15.0,0,0,10.0,5.9,-0.3,0,SYNTHETIC_PROTOTYPE_BENCHMARK,SYNTHETIC_PROTOTYPE_DATA_NOT_REAL_PERSONNEL_DATA,DEMO / SYNTHETIC DATA — NOT REAL PERSONNEL OR SENSOR DATA
13.7,46.3,4.8,4.0,8.0,7.1,8.0,14.2,0,2,6.3,4.7,0.7,0,SYNTHETIC_PROTOTYPE_BENCHMARK,SYNTHETIC_PROTOTYPE_DATA_NOT_REAL_PERSONNEL_DATA,DEMO / SYNTHETIC DATA — NOT REAL PERSONNEL OR SENSOR DATA
27.8,55.3,6.5,4.0,1.0,13.2,5.4,15.8,1,2,10.0,5.5,3.9,1,SYNTHETIC_PROTOTYPE_BENCHMARK,SYNTHETIC_PROTOTYPE_DATA_NOT_REAL_PERSONNEL_DATA,DEMO / SYNTHETIC DATA — NOT REAL PERSONNEL OR SENSOR DATA
11.2,36.8,6.5,4.0,3.0,12.4,7.3,13.9,0,0,8.0,3.1,1.9,0,SYNTHETIC_PROTOTYPE_BENCHMARK,SYNTHETIC_PROTOTYPE_DATA_NOT_REAL_PERSONNEL_DATA,DEMO / SYNTHETIC DATA — NOT REAL PERSONNEL OR SENSOR DATA
26.4,59.5,8.2,4.0,2.0,22.9,5.7,18.6,1,2,6.9,5.2,2.9,2,SYNTHETIC_PROTOTYPE_BENCHMARK,SYNTHETIC_PROTOTYPE_DATA_NOT_REAL_PERSONNEL_DATA,DEMO / SYNTHETIC DATA — NOT REAL PERSONNEL OR SENSOR DATA
18.8,47.8,5.3,4.0,16.0,4.3,7.8,18.8,0,0,9.4,6.5,-1.1,0,SYNTHETIC_PROTOTYPE_BENCHMARK,SYNTHETIC_PROTOTYPE_DATA_NOT_REAL_PERSONNEL_DATA,DEMO / SYNTHETIC DATA — NOT REAL PERSONNEL OR SENSOR DATA
15.7,40.7,6.1,4.0,2.0,10.7,6.2,17.0,1,2,8.4,6.7,-2.2,0,SYNTHETIC_PROTOTYPE_BENCHMARK,SYNTHETIC_PROTOTYPE_DATA_NOT_REAL_PERSONNEL_DATA,DEMO / SYNTHETIC DATA — NOT REAL PERSONNEL OR SENSOR DATA
17.9,47.5,4.6,4.0,1.0,3.3,7.4,18.7,0,1,7.5,5.1,1.8,0,SYNTHETIC_PROTOTYPE_BENCHMARK,SYNTHETIC_PROTOTYPE_DATA_NOT_REAL_PERSONNEL_DATA,DEMO / SYNTHETIC DATA — NOT REAL PERSONNEL OR SENSOR DATA
20.1,64.6,5.9,19.9,2.0,3.3,5.9,9.5,2,2,10.0,5.8,-0.0,2,SYNTHETIC_PROTOTYPE_BENCHMARK,SYNTHETIC_PROTOTYPE_DATA_NOT_REAL_PERSONNEL_DATA,DEMO / SYNTHETIC DATA — NOT REAL PERSONNEL OR SENSOR DATA
16.7,46.6,6.4,21.0,4.0,1.8,7.4,10.3,0,1,5.2,3.5,1.6,1,SYNTHETIC_PROTOTYPE_BENCHMARK,SYNTHETIC_PROTOTYPE_DATA_NOT_REAL_PERSONNEL_DATA,DEMO / SYNTHETIC DATA — NOT REAL PERSONNEL OR SENSOR DATA
15.8,55.6,5.3,4.0,0.0,10.2,6.6,18.0,0,0,4.2,4.8,-1.9,0,SYNTHETIC_PROTOTYPE_BENCHMARK,SYNTHETIC_PROTOTYPE_DATA_NOT_REAL_PERSONNEL_DATA,DEMO / SYNTHETIC DATA — NOT REAL PERSONNEL OR SENSOR DATA
14.4,44.7,1.9,5.2,3.0,25.5,6.3,15.1,1,2,4.8,5.2,1.4,1,SYNTHETIC_PROTOTYPE_BENCHMARK,SYNTHETIC_PROTOTYPE_DATA_NOT_REAL_PERSONNEL_DATA,DEMO / SYNTHETIC DATA — NOT REAL PERSONNEL OR SENSOR DATA
19.0,59.6,6.2,4.0,9.0,1.8,7.0,15.7,0,0,9.7,6.2,-0.4,0,SYNTHETIC_PROTOTYPE_BENCHMARK,SYNTHETIC_PROTOTYPE_DATA_NOT_REAL_PERSONNEL_DATA,DEMO / SYNTHETIC DATA — NOT REAL PERSONNEL OR SENSOR DATA
18.6,58.9,6.2,4.0,7.0,0.3,6.8,17.5,0,3,9.1,1.7,-1.0,0,SYNTHETIC_PROTOTYPE_BENCHMARK,SYNTHETIC_PROTOTYPE_DATA_NOT_REAL_PERSONNEL_DATA,DEMO / SYNTHETIC DATA — NOT REAL PERSONNEL OR SENSOR DATA
25.8,70.5,4.1,4.0,0.0,10.1,5.9,16.9,1,1,5.1,2.5,-0.8,1,SYNTHETIC_PROTOTYPE_BENCHMARK,SYNTHETIC_PROTOTYPE_DATA_NOT_REAL_PERSONNEL_DATA,DEMO / SYNTHETIC DATA — NOT REAL PERSONNEL OR SENSOR DATA
12.5,50.2,2.9,13.5,18.0,5.8,6.6,10.3,0,1,1.5,7.8,1.1,1,SYNTHETIC_PROTOTYPE_BENCHMARK,SYNTHETIC_PROTOTYPE_DATA_NOT_REAL_PERSONNEL_DATA,DEMO / SYNTHETIC DATA — NOT REAL PERSONNEL OR SENSOR DATA
17.1,58.7,8.5,11.3,4.0,19.3,6.2,8.3,2,1,5.8,1.1,1.7,1,SYNTHETIC_PROTOTYPE_BENCHMARK,SYNTHETIC_PROTOTYPE_DATA_NOT_REAL_PERSONNEL_DATA,DEMO / SYNTHETIC DATA — NOT REAL PERSONNEL OR SENSOR DATA
16.3,53.0,6.5,4.0,1.0,1.7,7.1,15.2,0,0,4.2,6.3,-0.8,0,SYNTHETIC_PROTOTYPE_BENCHMARK,SYNTHETIC_PROTOTYPE_DATA_NOT_REAL_PERSONNEL_DATA,DEMO / SYNTHETIC DATA — NOT REAL PERSONNEL OR SENSOR DATA
20.4,65.0,5.0,4.0,0.0,0.4,5.7,11.4,2,1,5.2,3.3,0.8,1,SYNTHETIC_PROTOTYPE_BENCHMARK,SYNTHETIC_PROTOTYPE_DATA_NOT_REAL_PERSONNEL_DATA,DEMO / SYNTHETIC DATA — NOT REAL PERSONNEL OR SENSOR DATA
20.3,44.8,3.2,4.0,1.0,4.1,6.9,13.6,0,3,4.1,5.9,0.7,1,SYNTHETIC_PROTOTYPE_BENCHMARK,SYNTHETIC_PROTOTYPE_DATA_NOT_REAL_PERSONNEL_DATA,DEMO / SYNTHETIC DATA — NOT REAL PERSONNEL OR SENSOR DATA
18.7,59.5,3.9,4.0,6.0,0.5,5.9,13.9,1,0,3.0,6.8,1.6,1,SYNTHETIC_PROTOTYPE_BENCHMARK,SYNTHETIC_PROTOTYPE_DATA_NOT_REAL_PERSONNEL_DATA,DEMO / SYNTHETIC DATA — NOT REAL PERSONNEL OR SENSOR DATA
14.5,50.1,8.1,4.0,0.0,1.8,7.0,14.5,0,2,10.0,5.7,2.2,0,SYNTHETIC_PROTOTYPE_BENCHMARK,SYNTHETIC_PROTOTYPE_DATA_NOT_REAL_PERSONNEL_DATA,DEMO / SYNTHETIC DATA — NOT REAL PERSONNEL OR SENSOR DATA
22.8,51.4,5.8,4.0,1.0,0.8,6.5,17.2,0,1,4.8,7.3,4.0,0,SYNTHETIC_PROTOTYPE_BENCHMARK,SYNTHETIC_PROTOTYPE_DATA_NOT_REAL_PERSONNEL_DATA,DEMO / SYNTHETIC DATA — NOT REAL PERSONNEL OR SENSOR DATA
16.0,52.9,4.4,5.7,5.0,1.5,7.6,17.0,0,1,9.0,4.3,-1.0,0,SYNTHETIC_PROTOTYPE_BENCHMARK,SYNTHETIC_PROTOTYPE_DATA_NOT_REAL_PERSONNEL_DATA,DEMO / SYNTHETIC DATA — NOT REAL PERSONNEL OR SENSOR DATA
18.2,54.5,6.5,4.0,3.0,0.7,7.4,16.6,0,0,5.8,4.4,3.2,0,SYNTHETIC_PROTOTYPE_BENCHMARK,SYNTHETIC_PROTOTYPE_DATA_NOT_REAL_PERSONNEL_DATA,DEMO / SYNTHETIC DATA — NOT REAL PERSONNEL OR SENSOR DATA
27.4,50.8,3.9,10.2,5.0,18.5,5.8,14.4,2,1,3.9,6.4,0.3,1,SYNTHETIC_PROTOTYPE_BENCHMARK,SYNTHETIC_PROTOTYPE_DATA_NOT_REAL_PERSONNEL_DATA,DEMO / SYNTHETIC DATA — NOT REAL PERSONNEL OR SENSOR DATA
28.9,54.1,8.5,4.3,5.0,2.0,6.9,16.8,0,3,7.2,4.3,-2.4,1,SYNTHETIC_PROTOTYPE_BENCHMARK,SYNTHETIC_PROTOTYPE_DATA_NOT_REAL_PERSONNEL_DATA,DEMO / SYNTHETIC DATA — NOT REAL PERSONNEL OR SENSOR DATA
22.2,67.8,8.2,4.0,0.0,3.5,6.8,10.6,0,0,5.4,5.1,-1.4,1,SYNTHETIC_PROTOTYPE_BENCHMARK,SYNTHETIC_PROTOTYPE_DATA_NOT_REAL_PERSONNEL_DATA,DEMO / SYNTHETIC DATA — NOT REAL PERSONNEL OR SENSOR DATA
15.1,61.9,4.6,6.2,8.0,13.7,6.1,14.7,2,1,5.8,6.3,1.0,1,SYNTHETIC_PROTOTYPE_BENCHMARK,SYNTHETIC_PROTOTYPE_DATA_NOT_REAL_PERSONNEL_DATA,DEMO / SYNTHETIC DATA — NOT REAL PERSONNEL OR SENSOR DATA
15.0,60.7,4.2,6.8,1.0,6.8,5.9,10.9,2,1,6.5,5.9,1.6,1,SYNTHETIC_PROTOTYPE_BENCHMARK,SYNTHETIC_PROTOTYPE_DATA_NOT_REAL_PERSONNEL_DATA,DEMO / SYNTHETIC DATA — NOT REAL PERSONNEL OR SENSOR DATA
20.4,47.4,1.0,4.0,3.0,5.8,6.2,16.6,1,1,4.6,3.0,-2.2,0,SYNTHETIC_PROTOTYPE_BENCHMARK,SYNTHETIC_PROTOTYPE_DATA_NOT_REAL_PERSONNEL_DATA,DEMO / SYNTHETIC DATA — NOT REAL PERSONNEL OR SENSOR DATA
12.3,43.1,2.5,4.0,4.0,7.3,7.8,11.4,0,1,3.0,5.1,-1.7,0,SYNTHETIC_PROTOTYPE_BENCHMARK,SYNTHETIC_PROTOTYPE_DATA_NOT_REAL_PERSONNEL_DATA,DEMO / SYNTHETIC DATA — NOT REAL PERSONNEL OR SENSOR DATA
17.6,61.6,2.8,11.0,1.0,10.6,7.0,12.4,0,1,6.1,5.0,-1.2,1,SYNTHETIC_PROTOTYPE_BENCHMARK,SYNTHETIC_PROTOTYPE_DATA_NOT_REAL_PERSONNEL_DATA,DEMO / SYNTHETIC DATA — NOT REAL PERSONNEL OR SENSOR DATA
14.9,60.8,5.8,4.0,13.0,12.6,6.1,16.7,1,0,8.1,4.3,-1.9,0,SYNTHETIC_PROTOTYPE_BENCHMARK,SYNTHETIC_PROTOTYPE_DATA_NOT_REAL_PERSONNEL_DATA,DEMO / SYNTHETIC DATA — NOT REAL PERSONNEL OR SENSOR DATA
25.7,66.7,4.8,4.0,2.0,6.2,6.9,13.4,0,3,4.4,4.4,-4.1,1,SYNTHETIC_PROTOTYPE_BENCHMARK,SYNTHETIC_PROTOTYPE_DATA_NOT_REAL_PERSONNEL_DATA,DEMO / SYNTHETIC DATA — NOT REAL PERSONNEL OR SENSOR DATA
24.7,46.0,2.8,4.0,0.0,13.2,4.5,17.5,2,2,6.5,5.9,-4.9,1,SYNTHETIC_PROTOTYPE_BENCHMARK,SYNTHETIC_PROTOTYPE_DATA_NOT_REAL_PERSONNEL_DATA,DEMO / SYNTHETIC DATA — NOT REAL PERSONNEL OR SENSOR DATA
20.8,49.7,4.9,6.5,10.0,4.6,8.0,15.6,0,0,9.2,4.4,-0.8,0,SYNTHETIC_PROTOTYPE_BENCHMARK,SYNTHETIC_PROTOTYPE_DATA_NOT_REAL_PERSONNEL_DATA,DEMO / SYNTHETIC DATA — NOT REAL PERSONNEL OR SENSOR DATA
13.5,35.6,6.5,5.9,3.0,1.9,7.5,15.6,0,1,6.0,5.7,0.6,0,SYNTHETIC_PROTOTYPE_BENCHMARK,SYNTHETIC_PROTOTYPE_DATA_NOT_REAL_PERSONNEL_DATA,DEMO / SYNTHETIC DATA — NOT REAL PERSONNEL OR SENSOR DATA
22.5,48.1,6.6,10.1,4.0,12.7,6.9,14.6,0,2,6.4,3.6,1.4,1,SYNTHETIC_PROTOTYPE_BENCHMARK,SYNTHETIC_PROTOTYPE_DATA_NOT_REAL_PERSONNEL_DATA,DEMO / SYNTHETIC DATA — NOT REAL PERSONNEL OR SENSOR DATA
21.5,62.0,1.7,4.0,3.0,4.7,6.2,14.9,2,3,6.3,3.8,-3.0,1,SYNTHETIC_PROTOTYPE_BENCHMARK,SYNTHETIC_PROTOTYPE_DATA_NOT_REAL_PERSONNEL_DATA,DEMO / SYNTHETIC DATA — NOT REAL PERSONNEL OR SENSOR DATA
22.9,47.3,5.2,4.0,6.0,14.2,7.9,15.9,0,3,4.8,3.1,-3.0,1,SYNTHETIC_PROTOTYPE_BENCHMARK,SYNTHETIC_PROTOTYPE_DATA_NOT_REAL_PERSONNEL_DATA,DEMO / SYNTHETIC DATA — NOT REAL PERSONNEL OR SENSOR DATA
22.2,58.4,2.7,4.0,0.0,0.2,5.9,15.6,1,3,4.2,4.9,-1.2,1,SYNTHETIC_PROTOTYPE_BENCHMARK,SYNTHETIC_PROTOTYPE_DATA_NOT_REAL_PERSONNEL_DATA,DEMO / SYNTHETIC DATA — NOT REAL PERSONNEL OR SENSOR DATA
12.7,50.1,7.3,6.0,1.0,3.0,8.2,14.8,0,0,4.2,4.9,0.0,0,SYNTHETIC_PROTOTYPE_BENCHMARK,SYNTHETIC_PROTOTYPE_DATA_NOT_REAL_PERSONNEL_DATA,DEMO / SYNTHETIC DATA — NOT REAL PERSONNEL OR SENSOR DATA
28.7,55.2,7.1,4.0,2.0,17.7,6.7,14.3,0,3,6.9,3.6,2.2,1,SYNTHETIC_PROTOTYPE_BENCHMARK,SYNTHETIC_PROTOTYPE_DATA_NOT_REAL_PERSONNEL_DATA,DEMO / SYNTHETIC DATA — NOT REAL PERSONNEL OR SENSOR DATA
16.0,40.5,3.7,4.0,0.0,1.7,7.9,13.1,0,2,7.7,8.4,1.6,0,SYNTHETIC_PROTOTYPE_BENCHMARK,SYNTHETIC_PROTOTYPE_DATA_NOT_REAL_PERSONNEL_DATA,DEMO / SYNTHETIC DATA — NOT REAL PERSONNEL OR SENSOR DATA
17.0,52.9,4.0,4.0,4.0,17.0,6.2,14.9,2,1,7.8,4.7,-0.8,1,SYNTHETIC_PROTOTYPE_BENCHMARK,SYNTHETIC_PROTOTYPE_DATA_NOT_REAL_PERSONNEL_DATA,DEMO / SYNTHETIC DATA — NOT REAL PERSONNEL OR SENSOR DATA
15.3,30.0,4.6,4.0,2.0,18.5,6.3,14.8,1,1,5.4,6.8,0.8,0,SYNTHETIC_PROTOTYPE_BENCHMARK,SYNTHETIC_PROTOTYPE_DATA_NOT_REAL_PERSONNEL_DATA,DEMO / SYNTHETIC DATA — NOT REAL PERSONNEL OR SENSOR DATA
11.7,50.1,1.0,8.7,1.0,12.8,7.5,12.2,0,1,8.4,4.3,-1.9,0,SYNTHETIC_PROTOTYPE_BENCHMARK,SYNTHETIC_PROTOTYPE_DATA_NOT_REAL_PERSONNEL_DATA,DEMO / SYNTHETIC DATA — NOT REAL PERSONNEL OR SENSOR DATA
16.5,35.7,6.2,4.4,0.0,5.0,7.8,17.1,0,1,6.8,5.4,0.2,0,SYNTHETIC_PROTOTYPE_BENCHMARK,SYNTHETIC_PROTOTYPE_DATA_NOT_REAL_PERSONNEL_DATA,DEMO / SYNTHETIC DATA — NOT REAL PERSONNEL OR SENSOR DATA
17.2,64.1,5.0,16.1,4.0,6.2,7.4,8.4,0,0,6.3,4.9,-0.1,1,SYNTHETIC_PROTOTYPE_BENCHMARK,SYNTHETIC_PROTOTYPE_DATA_NOT_REAL_PERSONNEL_DATA,DEMO / SYNTHETIC DATA — NOT REAL PERSONNEL OR SENSOR DATA
17.0,59.8,7.4,4.0,6.0,12.2,6.2,15.3,2,0,1.0,4.2,3.1,1,SYNTHETIC_PROTOTYPE_BENCHMARK,SYNTHETIC_PROTOTYPE_DATA_NOT_REAL_PERSONNEL_DATA,DEMO / SYNTHETIC DATA — NOT REAL PERSONNEL OR SENSOR DATA
26.6,56.7,3.3,9.3,2.0,9.0,6.2,15.8,1,0,4.6,4.9,1.1,1,SYNTHETIC_PROTOTYPE_BENCHMARK,SYNTHETIC_PROTOTYPE_DATA_NOT_REAL_PERSONNEL_DATA,DEMO / SYNTHETIC DATA — NOT REAL PERSONNEL OR SENSOR DATA
15.8,67.2,4.3,6.7,3.0,6.0,7.3,16.3,0,1,3.2,5.5,-1.7,0,SYNTHETIC_PROTOTYPE_BENCHMARK,SYNTHETIC_PROTOTYPE_DATA_NOT_REAL_PERSONNEL_DATA,DEMO / SYNTHETIC DATA — NOT REAL PERSONNEL OR SENSOR DATA
13.1,42.5,2.5,4.0,1.0,24.2,8.2,18.0,0,0,7.5,4.9,-1.7,0,SYNTHETIC_PROTOTYPE_BENCHMARK,SYNTHETIC_PROTOTYPE_DATA_NOT_REAL_PERSONNEL_DATA,DEMO / SYNTHETIC DATA — NOT REAL PERSONNEL OR SENSOR DATA
23.1,69.5,3.5,14.5,3.0,6.9,6.1,10.2,2,2,6.4,2.1,-0.7,2,SYNTHETIC_PROTOTYPE_BENCHMARK,SYNTHETIC_PROTOTYPE_DATA_NOT_REAL_PERSONNEL_DATA,DEMO / SYNTHETIC DATA — NOT REAL PERSONNEL OR SENSOR DATA
14.8,61.3,3.1,4.0,0.0,22.3,5.4,17.2,1,0,4.1,2.3,-3.4,0,SYNTHETIC_PROTOTYPE_BENCHMARK,SYNTHETIC_PROTOTYPE_DATA_NOT_REAL_PERSONNEL_DATA,DEMO / SYNTHETIC DATA — NOT REAL PERSONNEL OR SENSOR DATA
20.0,49.6,7.5,8.8,2.0,0.4,7.8,11.6,0,3,6.8,7.4,-0.5,1,SYNTHETIC_PROTOTYPE_BENCHMARK,SYNTHETIC_PROTOTYPE_DATA_NOT_REAL_PERSONNEL_DATA,DEMO / SYNTHETIC DATA — NOT REAL PERSONNEL OR SENSOR DATA
18.1,63.4,4.1,8.5,4.0,0.9,6.3,13.2,2,3,3.4,5.9,-0.3,1,SYNTHETIC_PROTOTYPE_BENCHMARK,SYNTHETIC_PROTOTYPE_DATA_NOT_REAL_PERSONNEL_DATA,DEMO / SYNTHETIC DATA — NOT REAL PERSONNEL OR SENSOR DATA
26.9,40.9,5.7,5.7,9.0,3.6,7.8,14.6,0,3,4.1,6.7,1.0,1,SYNTHETIC_PROTOTYPE_BENCHMARK,SYNTHETIC_PROTOTYPE_DATA_NOT_REAL_PERSONNEL_DATA,DEMO / SYNTHETIC DATA — NOT REAL PERSONNEL OR SENSOR DATA
16.8,43.8,4.7,4.0,2.0,2.9,7.1,14.4,0,2,4.8,4.9,1.3,0,SYNTHETIC_PROTOTYPE_BENCHMARK,SYNTHETIC_PROTOTYPE_DATA_NOT_REAL_PERSONNEL_DATA,DEMO / SYNTHETIC DATA — NOT REAL PERSONNEL OR SENSOR DATA
11.8,45.9,3.0,4.0,5.0,9.2,8.2,14.9,0,0,7.3,3.4,0.2,0,SYNTHETIC_PROTOTYPE_BENCHMARK,SYNTHETIC_PROTOTYPE_DATA_NOT_REAL_PERSONNEL_DATA,DEMO / SYNTHETIC DATA — NOT REAL PERSONNEL OR SENSOR DATA
25.3,46.7,5.2,4.0,3.0,1.1,6.6,14.6,0,1,9.0,5.0,-3.6,1,SYNTHETIC_PROTOTYPE_BENCHMARK,SYNTHETIC_PROTOTYPE_DATA_NOT_REAL_PERSONNEL_DATA,DEMO / SYNTHETIC DATA — NOT REAL PERSONNEL OR SENSOR DATA
12.0,41.4,6.7,4.0,9.0,22.4,7.2,13.6,0,0,5.0,5.6,-2.7,0,SYNTHETIC_PROTOTYPE_BENCHMARK,SYNTHETIC_PROTOTYPE_DATA_NOT_REAL_PERSONNEL_DATA,DEMO / SYNTHETIC DATA — NOT REAL PERSONNEL OR SENSOR DATA
28.5,64.2,3.1,6.3,2.0,2.3,6.1,16.4,1,3,8.8,2.7,-1.3,1,SYNTHETIC_PROTOTYPE_BENCHMARK,SYNTHETIC_PROTOTYPE_DATA_NOT_REAL_PERSONNEL_DATA,DEMO / SYNTHETIC DATA — NOT REAL PERSONNEL OR SENSOR DATA
19.8,49.4,7.1,5.7,1.0,3.4,6.8,14.6,0,0,6.3,3.1,1.4,1,SYNTHETIC_PROTOTYPE_BENCHMARK,SYNTHETIC_PROTOTYPE_DATA_NOT_REAL_PERSONNEL_DATA,DEMO / SYNTHETIC DATA — NOT REAL PERSONNEL OR SENSOR DATA
10.6,55.5,3.8,9.7,8.0,1.9,6.5,13.7,1,1,6.7,2.3,1.4,0,SYNTHETIC_PROTOTYPE_BENCHMARK,SYNTHETIC_PROTOTYPE_DATA_NOT_REAL_PERSONNEL_DATA,DEMO / SYNTHETIC DATA — NOT REAL PERSONNEL OR SENSOR DATA
15.9,46.3,4.5,4.0,0.0,5.2,7.7,15.9,0,2,6.1,6.4,-0.5,0,SYNTHETIC_PROTOTYPE_BENCHMARK,SYNTHETIC_PROTOTYPE_DATA_NOT_REAL_PERSONNEL_DATA,DEMO / SYNTHETIC DATA — NOT REAL PERSONNEL OR SENSOR DATA
18.8,33.8,6.6,6.6,1.0,0.4,8.5,14.7,0,3,5.8,4.3,5.0,0,SYNTHETIC_PROTOTYPE_BENCHMARK,SYNTHETIC_PROTOTYPE_DATA_NOT_REAL_PERSONNEL_DATA,DEMO / SYNTHETIC DATA — NOT REAL PERSONNEL OR SENSOR DATA
19.3,54.7,4.2,11.2,0.0,1.0,7.3,12.9,0,2,7.1,5.4,3.4,1,SYNTHETIC_PROTOTYPE_BENCHMARK,SYNTHETIC_PROTOTYPE_DATA_NOT_REAL_PERSONNEL_DATA,DEMO / SYNTHETIC DATA — NOT REAL PERSONNEL OR SENSOR DATA
14.5,32.9,5.6,6.2,6.0,8.2,7.5,14.1,0,1,7.7,5.6,2.7,0,SYNTHETIC_PROTOTYPE_BENCHMARK,SYNTHETIC_PROTOTYPE_DATA_NOT_REAL_PERSONNEL_DATA,DEMO / SYNTHETIC DATA — NOT REAL PERSONNEL OR SENSOR DATA
15.2,51.3,4.9,4.0,0.0,1.2,7.1,18.4,0,1,4.4,6.0,1.5,0,SYNTHETIC_PROTOTYPE_BENCHMARK,SYNTHETIC_PROTOTYPE_DATA_NOT_REAL_PERSONNEL_DATA,DEMO / SYNTHETIC DATA — NOT REAL PERSONNEL OR SENSOR DATA
11.6,38.3,5.8,4.0,7.0,1.6,8.2,17.1,0,1,5.8,6.4,1.0,0,SYNTHETIC_PROTOTYPE_BENCHMARK,SYNTHETIC_PROTOTYPE_DATA_NOT_REAL_PERSONNEL_DATA,DEMO / SYNTHETIC DATA — NOT REAL PERSONNEL OR SENSOR DATA
16.7,71.9,1.0,4.0,2.0,9.4,6.7,15.6,0,0,9.5,3.7,0.8,0,SYNTHETIC_PROTOTYPE_BENCHMARK,SYNTHETIC_PROTOTYPE_DATA_NOT_REAL_PERSONNEL_DATA,DEMO / SYNTHETIC DATA — NOT REAL PERSONNEL OR SENSOR DATA
31.8,61.1,1.8,4.0,0.0,0.6,4.5,14.7,3,3,6.6,4.8,-4.0,2,SYNTHETIC_PROTOTYPE_BENCHMARK,SYNTHETIC_PROTOTYPE_DATA_NOT_REAL_PERSONNEL_DATA,DEMO / SYNTHETIC DATA — NOT REAL PERSONNEL OR SENSOR DATA
16.0,53.1,6.7,4.0,2.0,3.5,6.7,15.4,0,1,6.8,4.9,-2.3,0,SYNTHETIC_PROTOTYPE_BENCHMARK,SYNTHETIC_PROTOTYPE_DATA_NOT_REAL_PERSONNEL_DATA,DEMO / SYNTHETIC DATA — NOT REAL PERSONNEL OR SENSOR DATA
19.1,64.6,7.6,17.3,1.0,0.1,6.3,11.1,1,0,8.5,3.5,-0.5,1,SYNTHETIC_PROTOTYPE_BENCHMARK,SYNTHETIC_PROTOTYPE_DATA_NOT_REAL_PERSONNEL_DATA,DEMO / SYNTHETIC DATA — NOT REAL PERSONNEL OR SENSOR DATA
18.0,43.5,3.7,4.0,3.0,2.6,7.8,18.6,0,3,5.2,7.1,0.3,0,SYNTHETIC_PROTOTYPE_BENCHMARK,SYNTHETIC_PROTOTYPE_DATA_NOT_REAL_PERSONNEL_DATA,DEMO / SYNTHETIC DATA — NOT REAL PERSONNEL OR SENSOR DATA
13.7,57.4,5.0,4.0,4.0,7.2,6.5,12.9,0,1,6.1,4.2,-0.3,1,SYNTHETIC_PROTOTYPE_BENCHMARK,SYNTHETIC_PROTOTYPE_DATA_NOT_REAL_PERSONNEL_DATA,DEMO / SYNTHETIC DATA — NOT REAL PERSONNEL OR SENSOR DATA
21.7,54.0,6.1,4.0,2.0,0.6,7.5,16.9,0,2,7.8,4.9,0.6,1,SYNTHETIC_PROTOTYPE_BENCHMARK,SYNTHETIC_PROTOTYPE_DATA_NOT_REAL_PERSONNEL_DATA,DEMO / SYNTHETIC DATA — NOT REAL PERSONNEL OR SENSOR DATA
17.6,54.6,6.9,7.0,0.0,13.2,5.7,16.7,1,2,8.7,2.8,-4.6,1,SYNTHETIC_PROTOTYPE_BENCHMARK,SYNTHETIC_PROTOTYPE_DATA_NOT_REAL_PERSONNEL_DATA,DEMO / SYNTHETIC DATA — NOT REAL PERSONNEL OR SENSOR DATA
16.2,64.7,1.4,11.0,4.0,14.4,6.3,9.8,2,2,1.5,4.8,1.1,1,SYNTHETIC_PROTOTYPE_BENCHMARK,SYNTHETIC_PROTOTYPE_DATA_NOT_REAL_PERSONNEL_DATA,DEMO / SYNTHETIC DATA — NOT REAL PERSONNEL OR SENSOR DATA
11.9,59.3,3.7,6.5,6.0,0.7,7.4,14.2,0,0,4.7,3.8,0.1,0,SYNTHETIC_PROTOTYPE_BENCHMARK,SYNTHETIC_PROTOTYPE_DATA_NOT_REAL_PERSONNEL_DATA,DEMO / SYNTHETIC DATA — NOT REAL PERSONNEL OR SENSOR DATA
12.8,54.9,4.8,4.0,4.0,28.1,4.9,13.5,3,0,4.2,4.2,-0.4,0,SYNTHETIC_PROTOTYPE_BENCHMARK,SYNTHETIC_PROTOTYPE_DATA_NOT_REAL_PERSONNEL_DATA,DEMO / SYNTHETIC DATA — NOT REAL PERSONNEL OR SENSOR DATA
19.6,35.5,6.9,4.0,6.0,2.1,9.6,16.4,0,2,6.0,4.8,2.0,0,SYNTHETIC_PROTOTYPE_BENCHMARK,SYNTHETIC_PROTOTYPE_DATA_NOT_REAL_PERSONNEL_DATA,DEMO / SYNTHETIC DATA — NOT REAL PERSONNEL OR SENSOR DATA
22.9,42.4,10.0,7.8,1.0,0.5,8.3,13.4,0,3,4.4,5.5,-2.3,1,SYNTHETIC_PROTOTYPE_BENCHMARK,SYNTHETIC_PROTOTYPE_DATA_NOT_REAL_PERSONNEL_DATA,DEMO / SYNTHETIC DATA — NOT REAL PERSONNEL OR SENSOR DATA
21.4,50.8,5.0,4.0,8.0,0.0,7.1,15.3,0,1,7.5,2.2,-0.5,0,SYNTHETIC_PROTOTYPE_BENCHMARK,SYNTHETIC_PROTOTYPE_DATA_NOT_REAL_PERSONNEL_DATA,DEMO / SYNTHETIC DATA — NOT REAL PERSONNEL OR SENSOR DATA
21.0,52.9,2.7,4.0,1.0,3.2,6.2,14.8,2,1,6.5,6.1,0.6,0,SYNTHETIC_PROTOTYPE_BENCHMARK,SYNTHETIC_PROTOTYPE_DATA_NOT_REAL_PERSONNEL_DATA,DEMO / SYNTHETIC DATA — NOT REAL PERSONNEL OR SENSOR DATA
14.3,40.7,6.3,4.0,0.0,6.0,7.2,17.0,0,0,8.0,5.7,-1.9,0,SYNTHETIC_PROTOTYPE_BENCHMARK,SYNTHETIC_PROTOTYPE_DATA_NOT_REAL_PERSONNEL_DATA,DEMO / SYNTHETIC DATA — NOT REAL PERSONNEL OR SENSOR DATA
28.4,76.1,8.1,4.0,6.0,2.4,6.0,16.1,2,3,8.1,3.1,-4.4,2,SYNTHETIC_PROTOTYPE_BENCHMARK,SYNTHETIC_PROTOTYPE_DATA_NOT_REAL_PERSONNEL_DATA,DEMO / SYNTHETIC DATA — NOT REAL PERSONNEL OR SENSOR DATA
24.2,67.2,5.7,5.1,10.0,10.9,6.4,15.6,1,0,7.6,1.9,-2.5,1,SYNTHETIC_PROTOTYPE_BENCHMARK,SYNTHETIC_PROTOTYPE_DATA_NOT_REAL_PERSONNEL_DATA,DEMO / SYNTHETIC DATA — NOT REAL PERSONNEL OR SENSOR DATA
22.3,58.0,3.7,4.0,4.0,7.6,7.8,15.9,0,0,5.5,5.4,-0.1,0,SYNTHETIC_PROTOTYPE_BENCHMARK,SYNTHETIC_PROTOTYPE_DATA_NOT_REAL_PERSONNEL_DATA,DEMO / SYNTHETIC DATA — NOT REAL PERSONNEL OR SENSOR DATA
15.1,52.7,7.4,4.0,1.0,2.6,6.5,16.7,0,1,6.4,4.1,-0.5,0,SYNTHETIC_PROTOTYPE_BENCHMARK,SYNTHETIC_PROTOTYPE_DATA_NOT_REAL_PERSONNEL_DATA,DEMO / SYNTHETIC DATA — NOT REAL PERSONNEL OR SENSOR DATA
26.8,49.9,6.8,4.0,1.0,8.0,7.3,15.1,0,0,5.3,7.2,-0.0,1,SYNTHETIC_PROTOTYPE_BENCHMARK,SYNTHETIC_PROTOTYPE_DATA_NOT_REAL_PERSONNEL_DATA,DEMO / SYNTHETIC DATA — NOT REAL PERSONNEL OR SENSOR DATA
14.6,42.5,3.4,4.0,2.0,16.9,5.9,19.0,2,3,3.5,6.4,-1.5,0,SYNTHETIC_PROTOTYPE_BENCHMARK,SYNTHETIC_PROTOTYPE_DATA_NOT_REAL_PERSONNEL_DATA,DEMO / SYNTHETIC DATA — NOT REAL PERSONNEL OR SENSOR DATA
15.8,52.8,6.3,4.0,8.0,0.6,6.6,13.1,0,0,8.1,7.4,-2.9,0,SYNTHETIC_PROTOTYPE_BENCHMARK,SYNTHETIC_PROTOTYPE_DATA_NOT_REAL_PERSONNEL_DATA,DEMO / SYNTHETIC DATA — NOT REAL PERSONNEL OR SENSOR DATA
18.4,54.6,7.5,4.5,1.0,2.2,7.2,12.0,0,0,6.0,5.2,0.3,1,SYNTHETIC_PROTOTYPE_BENCHMARK,SYNTHETIC_PROTOTYPE_DATA_NOT_REAL_PERSONNEL_DATA,DEMO / SYNTHETIC DATA — NOT REAL PERSONNEL OR SENSOR DATA
17.0,39.6,7.9,4.0,6.0,3.7,8.0,12.0,0,1,3.2,7.4,-0.4,0,SYNTHETIC_PROTOTYPE_BENCHMARK,SYNTHETIC_PROTOTYPE_DATA_NOT_REAL_PERSONNEL_DATA,DEMO / SYNTHETIC DATA — NOT REAL PERSONNEL OR SENSOR DATA
27.6,55.3,5.4,4.0,1.0,4.1,6.2,11.4,1,1,7.3,5.6,1.4,1,SYNTHETIC_PROTOTYPE_BENCHMARK,SYNTHETIC_PROTOTYPE_DATA_NOT_REAL_PERSONNEL_DATA,DEMO / SYNTHETIC DATA — NOT REAL PERSONNEL OR SENSOR DATA
20.5,50.4,4.8,4.0,6.0,4.7,6.6,16.9,0,0,5.8,4.5,-1.6,0,SYNTHETIC_PROTOTYPE_BENCHMARK,SYNTHETIC_PROTOTYPE_DATA_NOT_REAL_PERSONNEL_DATA,DEMO / SYNTHETIC DATA — NOT REAL PERSONNEL OR SENSOR DATA
15.7,32.9,8.0,4.0,9.0,2.1,8.9,16.7,0,1,2.1,6.5,-4.4,0,SYNTHETIC_PROTOTYPE_BENCHMARK,SYNTHETIC_PROTOTYPE_DATA_NOT_REAL_PERSONNEL_DATA,DEMO / SYNTHETIC DATA — NOT REAL PERSONNEL OR SENSOR DATA
18.1,43.4,3.1,4.0,2.0,6.6,8.1,18.0,0,1,3.5,4.3,-5.0,0,SYNTHETIC_PROTOTYPE_BENCHMARK,SYNTHETIC_PROTOTYPE_DATA_NOT_REAL_PERSONNEL_DATA,DEMO / SYNTHETIC DATA — NOT REAL PERSONNEL OR SENSOR DATA
22.4,47.9,6.4,4.0,2.0,6.2,7.2,13.5,0,3,4.8,8.4,-0.9,1,SYNTHETIC_PROTOTYPE_BENCHMARK,SYNTHETIC_PROTOTYPE_DATA_NOT_REAL_PERSONNEL_DATA,DEMO / SYNTHETIC DATA — NOT REAL PERSONNEL OR SENSOR DATA
18.9,70.9,2.8,9.0,6.0,5.2,4.3,15.1,3,0,6.6,3.9,0.3,1,SYNTHETIC_PROTOTYPE_BENCHMARK,SYNTHETIC_PROTOTYPE_DATA_NOT_REAL_PERSONNEL_DATA,DEMO / SYNTHETIC DATA — NOT REAL PERSONNEL OR SENSOR DATA
23.5,57.6,7.6,4.7,3.0,0.7,8.8,15.4,0,3,7.8,4.8,-0.5,1,SYNTHETIC_PROTOTYPE_BENCHMARK,SYNTHETIC_PROTOTYPE_DATA_NOT_REAL_PERSONNEL_DATA,DEMO / SYNTHETIC DATA — NOT REAL PERSONNEL OR SENSOR DATA
15.3,38.6,5.0,4.0,4.0,3.9,7.4,15.9,0,1,7.7,6.4,-1.2,0,SYNTHETIC_PROTOTYPE_BENCHMARK,SYNTHETIC_PROTOTYPE_DATA_NOT_REAL_PERSONNEL_DATA,DEMO / SYNTHETIC DATA — NOT REAL PERSONNEL OR SENSOR DATA
16.3,56.9,8.0,4.0,3.0,2.6,6.5,16.9,1,0,7.4,3.2,-3.5,0,SYNTHETIC_PROTOTYPE_BENCHMARK,SYNTHETIC_PROTOTYPE_DATA_NOT_REAL_PERSONNEL_DATA,DEMO / SYNTHETIC DATA — NOT REAL PERSONNEL OR SENSOR DATA
19.4,36.5,6.5,14.7,1.0,4.1,7.1,9.8,0,0,6.1,8.0,-4.2,1,SYNTHETIC_PROTOTYPE_BENCHMARK,SYNTHETIC_PROTOTYPE_DATA_NOT_REAL_PERSONNEL_DATA,DEMO / SYNTHETIC DATA — NOT REAL PERSONNEL OR SENSOR DATA
19.2,62.8,3.1,4.6,7.0,15.3,6.4,20.5,1,1,9.6,3.0,0.8,1,SYNTHETIC_PROTOTYPE_BENCHMARK,SYNTHETIC_PROTOTYPE_DATA_NOT_REAL_PERSONNEL_DATA,DEMO / SYNTHETIC DATA — NOT REAL PERSONNEL OR SENSOR DATA
12.6,47.3,8.3,4.0,1.0,3.9,7.4,18.3,0,0,7.6,3.5,-0.5,0,SYNTHETIC_PROTOTYPE_BENCHMARK,SYNTHETIC_PROTOTYPE_DATA_NOT_REAL_PERSONNEL_DATA,DEMO / SYNTHETIC DATA — NOT REAL PERSONNEL OR SENSOR DATA
13.5,51.1,8.6,4.8,9.0,0.1,7.8,14.2,0,0,6.6,4.9,-0.8,0,SYNTHETIC_PROTOTYPE_BENCHMARK,SYNTHETIC_PROTOTYPE_DATA_NOT_REAL_PERSONNEL_DATA,DEMO / SYNTHETIC DATA — NOT REAL PERSONNEL OR SENSOR DATA
23.9,65.3,7.3,5.6,1.0,3.5,5.6,12.8,2,0,7.3,2.5,-3.4,1,SYNTHETIC_PROTOTYPE_BENCHMARK,SYNTHETIC_PROTOTYPE_DATA_NOT_REAL_PERSONNEL_DATA,DEMO / SYNTHETIC DATA — NOT REAL PERSONNEL OR SENSOR DATA
19.3,39.1,4.0,6.1,5.0,10.3,7.0,14.6,0,1,5.4,8.2,-2.1,1,SYNTHETIC_PROTOTYPE_BENCHMARK,SYNTHETIC_PROTOTYPE_DATA_NOT_REAL_PERSONNEL_DATA,DEMO / SYNTHETIC DATA — NOT REAL PERSONNEL OR SENSOR DATA
15.0,38.0,4.9,4.0,1.0,9.1,8.9,16.0,0,1,6.1,5.5,0.1,0,SYNTHETIC_PROTOTYPE_BENCHMARK,SYNTHETIC_PROTOTYPE_DATA_NOT_REAL_PERSONNEL_DATA,DEMO / SYNTHETIC DATA — NOT REAL PERSONNEL OR SENSOR DATA
17.4,46.2,5.8,4.0,1.0,4.3,7.3,17.7,0,0,2.0,1.0,0.6,0,SYNTHETIC_PROTOTYPE_BENCHMARK,SYNTHETIC_PROTOTYPE_DATA_NOT_REAL_PERSONNEL_DATA,DEMO / SYNTHETIC DATA — NOT REAL PERSONNEL OR SENSOR DATA
16.7,62.4,4.1,4.0,1.0,1.7,6.4,13.3,1,1,5.4,4.8,-0.4,1,SYNTHETIC_PROTOTYPE_BENCHMARK,SYNTHETIC_PROTOTYPE_DATA_NOT_REAL_PERSONNEL_DATA,DEMO / SYNTHETIC DATA — NOT REAL PERSONNEL OR SENSOR DATA
19.8,36.8,8.9,10.4,5.0,3.8,6.8,13.6,0,2,9.7,6.8,3.0,0,SYNTHETIC_PROTOTYPE_BENCHMARK,SYNTHETIC_PROTOTYPE_DATA_NOT_REAL_PERSONNEL_DATA,DEMO / SYNTHETIC DATA — NOT REAL PERSONNEL OR SENSOR DATA
10.2,30.0,5.8,4.0,3.0,5.0,8.2,12.5,0,0,6.5,5.7,-1.3,0,SYNTHETIC_PROTOTYPE_BENCHMARK,SYNTHETIC_PROTOTYPE_DATA_NOT_REAL_PERSONNEL_DATA,DEMO / SYNTHETIC DATA — NOT REAL PERSONNEL OR SENSOR DATA
17.7,47.5,1.0,4.0,8.0,48.0,6.6,16.5,0,3,6.4,3.3,2.8,1,SYNTHETIC_PROTOTYPE_BENCHMARK,SYNTHETIC_PROTOTYPE_DATA_NOT_REAL_PERSONNEL_DATA,DEMO / SYNTHETIC DATA — NOT REAL PERSONNEL OR SENSOR DATA
18.8,57.5,6.2,10.1,1.0,6.2,7.3,13.0,0,1,8.2,4.6,0.5,1,SYNTHETIC_PROTOTYPE_BENCHMARK,SYNTHETIC_PROTOTYPE_DATA_NOT_REAL_PERSONNEL_DATA,DEMO / SYNTHETIC DATA — NOT REAL PERSONNEL OR SENSOR DATA
21.6,64.0,4.8,9.9,4.0,7.1,6.1,17.1,2,3,6.9,3.7,0.2,1,SYNTHETIC_PROTOTYPE_BENCHMARK,SYNTHETIC_PROTOTYPE_DATA_NOT_REAL_PERSONNEL_DATA,DEMO / SYNTHETIC DATA — NOT REAL PERSONNEL OR SENSOR DATA
18.3,47.4,5.4,18.1,5.0,4.1,7.4,6.9,0,0,4.6,3.9,2.1,1,SYNTHETIC_PROTOTYPE_BENCHMARK,SYNTHETIC_PROTOTYPE_DATA_NOT_REAL_PERSONNEL_DATA,DEMO / SYNTHETIC DATA — NOT REAL PERSONNEL OR SENSOR DATA
14.5,47.9,4.8,8.3,1.0,2.6,8.4,16.6,0,3,6.2,3.7,-1.4,0,SYNTHETIC_PROTOTYPE_BENCHMARK,SYNTHETIC_PROTOTYPE_DATA_NOT_REAL_PERSONNEL_DATA,DEMO / SYNTHETIC DATA — NOT REAL PERSONNEL OR SENSOR DATA
16.0,63.5,7.1,24.0,2.0,10.1,7.1,4.2,0,1,3.9,4.7,-0.7,1,SYNTHETIC_PROTOTYPE_BENCHMARK,SYNTHETIC_PROTOTYPE_DATA_NOT_REAL_PERSONNEL_DATA,DEMO / SYNTHETIC DATA — NOT REAL PERSONNEL OR SENSOR DATA
13.1,33.3,7.7,4.0,2.0,4.1,7.0,12.9,0,1,6.6,7.5,-2.7,0,SYNTHETIC_PROTOTYPE_BENCHMARK,SYNTHETIC_PROTOTYPE_DATA_NOT_REAL_PERSONNEL_DATA,DEMO / SYNTHETIC DATA — NOT REAL PERSONNEL OR SENSOR DATA
24.8,48.1,6.1,7.4,2.0,31.4,4.2,10.9,3,1,4.5,6.0,2.1,2,SYNTHETIC_PROTOTYPE_BENCHMARK,SYNTHETIC_PROTOTYPE_DATA_NOT_REAL_PERSONNEL_DATA,DEMO / SYNTHETIC DATA — NOT REAL PERSONNEL OR SENSOR DATA
17.9,53.9,4.8,6.9,1.0,3.7,7.1,14.9,0,0,8.1,2.4,0.7,0,SYNTHETIC_PROTOTYPE_BENCHMARK,SYNTHETIC_PROTOTYPE_DATA_NOT_REAL_PERSONNEL_DATA,DEMO / SYNTHETIC DATA — NOT REAL PERSONNEL OR SENSOR DATA
14.5,56.5,5.4,4.0,4.0,0.4,7.5,13.3,0,3,5.2,5.8,2.4,0,SYNTHETIC_PROTOTYPE_BENCHMARK,SYNTHETIC_PROTOTYPE_DATA_NOT_REAL_PERSONNEL_DATA,DEMO / SYNTHETIC DATA — NOT REAL PERSONNEL OR SENSOR DATA
20.8,46.9,5.5,4.0,1.0,6.9,6.1,12.9,2,1,4.6,6.6,0.5,1,SYNTHETIC_PROTOTYPE_BENCHMARK,SYNTHETIC_PROTOTYPE_DATA_NOT_REAL_PERSONNEL_DATA,DEMO / SYNTHETIC DATA — NOT REAL PERSONNEL OR SENSOR DATA
15.6,52.3,3.9,15.5,4.0,0.3,7.0,11.4,0,0,6.0,7.2,2.4,0,SYNTHETIC_PROTOTYPE_BENCHMARK,SYNTHETIC_PROTOTYPE_DATA_NOT_REAL_PERSONNEL_DATA,DEMO / SYNTHETIC DATA — NOT REAL PERSONNEL OR SENSOR DATA
11.0,30.0,6.7,4.0,10.0,1.7,7.6,16.5,0,0,6.9,4.9,-1.6,0,SYNTHETIC_PROTOTYPE_BENCHMARK,SYNTHETIC_PROTOTYPE_DATA_NOT_REAL_PERSONNEL_DATA,DEMO / SYNTHETIC DATA — NOT REAL PERSONNEL OR SENSOR DATA
14.7,45.4,6.4,8.2,3.0,2.6,7.3,14.0,0,0,3.8,5.4,2.2,0,SYNTHETIC_PROTOTYPE_BENCHMARK,SYNTHETIC_PROTOTYPE_DATA_NOT_REAL_PERSONNEL_DATA,DEMO / SYNTHETIC DATA — NOT REAL PERSONNEL OR SENSOR DATA
16.6,56.5,8.6,4.0,3.0,8.1,6.2,15.3,2,1,5.2,5.7,-0.9,1,SYNTHETIC_PROTOTYPE_BENCHMARK,SYNTHETIC_PROTOTYPE_DATA_NOT_REAL_PERSONNEL_DATA,DEMO / SYNTHETIC DATA — NOT REAL PERSONNEL OR SENSOR DATA
17.1,42.2,8.0,4.0,0.0,4.1,8.3,19.3,0,1,6.4,4.9,0.0,0,SYNTHETIC_PROTOTYPE_BENCHMARK,SYNTHETIC_PROTOTYPE_DATA_NOT_REAL_PERSONNEL_DATA,DEMO / SYNTHETIC DATA — NOT REAL PERSONNEL OR SENSOR DATA
12.3,52.6,4.1,4.0,7.0,0.2,7.1,15.9,0,1,8.9,5.9,1.6,0,SYNTHETIC_PROTOTYPE_BENCHMARK,SYNTHETIC_PROTOTYPE_DATA_NOT_REAL_PERSONNEL_DATA,DEMO / SYNTHETIC DATA — NOT REAL PERSONNEL OR SENSOR DATA
18.3,56.5,7.1,4.0,1.0,5.8,6.0,17.2,1,0,1.1,4.8,5.0,1,SYNTHETIC_PROTOTYPE_BENCHMARK,SYNTHETIC_PROTOTYPE_DATA_NOT_REAL_PERSONNEL_DATA,DEMO / SYNTHETIC DATA — NOT REAL PERSONNEL OR SENSOR DATA
14.2,48.6,3.6,4.7,3.0,3.2,7.8,15.6,0,1,7.4,4.0,1.8,0,SYNTHETIC_PROTOTYPE_BENCHMARK,SYNTHETIC_PROTOTYPE_DATA_NOT_REAL_PERSONNEL_DATA,DEMO / SYNTHETIC DATA — NOT REAL PERSONNEL OR SENSOR DATA
24.3,53.7,6.9,4.0,14.0,15.3,5.5,13.4,2,1,5.4,3.9,2.0,1,SYNTHETIC_PROTOTYPE_BENCHMARK,SYNTHETIC_PROTOTYPE_DATA_NOT_REAL_PERSONNEL_DATA,DEMO / SYNTHETIC DATA — NOT REAL PERSONNEL OR SENSOR DATA
12.9,42.4,4.5,4.0,3.0,4.2,8.3,16.7,0,0,5.2,7.5,-1.2,0,SYNTHETIC_PROTOTYPE_BENCHMARK,SYNTHETIC_PROTOTYPE_DATA_NOT_REAL_PERSONNEL_DATA,DEMO / SYNTHETIC DATA — NOT REAL PERSONNEL OR SENSOR DATA
17.1,49.9,3.5,4.0,5.0,7.4,7.7,14.3,0,0,4.8,3.7,0.3,0,SYNTHETIC_PROTOTYPE_BENCHMARK,SYNTHETIC_PROTOTYPE_DATA_NOT_REAL_PERSONNEL_DATA,DEMO / SYNTHETIC DATA — NOT REAL PERSONNEL OR SENSOR DATA
12.3,58.1,6.1,4.0,2.0,1.5,7.8,15.4,0,0,5.5,3.0,-0.2,0,SYNTHETIC_PROTOTYPE_BENCHMARK,SYNTHETIC_PROTOTYPE_DATA_NOT_REAL_PERSONNEL_DATA,DEMO / SYNTHETIC DATA — NOT REAL PERSONNEL OR SENSOR DATA
19.1,53.6,1.0,4.0,0.0,8.6,6.6,16.2,0,3,7.4,5.5,3.1,0,SYNTHETIC_PROTOTYPE_BENCHMARK,SYNTHETIC_PROTOTYPE_DATA_NOT_REAL_PERSONNEL_DATA,DEMO / SYNTHETIC DATA — NOT REAL PERSONNEL OR SENSOR DATA
19.3,46.1,2.0,6.3,6.0,7.7,6.6,10.8,0,2,5.1,5.4,-0.3,1,SYNTHETIC_PROTOTYPE_BENCHMARK,SYNTHETIC_PROTOTYPE_DATA_NOT_REAL_PERSONNEL_DATA,DEMO / SYNTHETIC DATA — NOT REAL PERSONNEL OR SENSOR DATA
27.1,54.2,5.1,4.0,0.0,14.1,6.6,12.4,0,3,9.5,3.0,2.9,1,SYNTHETIC_PROTOTYPE_BENCHMARK,SYNTHETIC_PROTOTYPE_DATA_NOT_REAL_PERSONNEL_DATA,DEMO / SYNTHETIC DATA — NOT REAL PERSONNEL OR SENSOR DATA
13.9,59.1,5.7,4.0,4.0,0.2,6.7,17.4,0,0,7.4,3.9,-2.9,0,SYNTHETIC_PROTOTYPE_BENCHMARK,SYNTHETIC_PROTOTYPE_DATA_NOT_REAL_PERSONNEL_DATA,DEMO / SYNTHETIC DATA — NOT REAL PERSONNEL OR SENSOR DATA
12.1,31.5,4.8,4.0,0.0,3.6,7.2,14.3,0,2,6.6,5.0,3.1,0,SYNTHETIC_PROTOTYPE_BENCHMARK,SYNTHETIC_PROTOTYPE_DATA_NOT_REAL_PERSONNEL_DATA,DEMO / SYNTHETIC DATA — NOT REAL PERSONNEL OR SENSOR DATA
21.8,63.6,2.3,4.0,7.0,6.8,5.9,14.4,1,1,5.9,3.5,-1.9,1,SYNTHETIC_PROTOTYPE_BENCHMARK,SYNTHETIC_PROTOTYPE_DATA_NOT_REAL_PERSONNEL_DATA,DEMO / SYNTHETIC DATA — NOT REAL PERSONNEL OR SENSOR DATA
23.3,48.6,3.9,4.0,1.0,0.6,6.8,15.9,0,1,8.6,9.1,1.9,0,SYNTHETIC_PROTOTYPE_BENCHMARK,SYNTHETIC_PROTOTYPE_DATA_NOT_REAL_PERSONNEL_DATA,DEMO / SYNTHETIC DATA — NOT REAL PERSONNEL OR SENSOR DATA
20.5,56.3,6.3,4.0,3.0,3.2,5.8,14.8,1,0,8.9,4.4,-1.9,1,SYNTHETIC_PROTOTYPE_BENCHMARK,SYNTHETIC_PROTOTYPE_DATA_NOT_REAL_PERSONNEL_DATA,DEMO / SYNTHETIC DATA — NOT REAL PERSONNEL OR SENSOR DATA
18.8,64.0,6.7,7.9,3.0,17.1,6.6,14.9,0,2,3.9,3.1,1.4,1,SYNTHETIC_PROTOTYPE_BENCHMARK,SYNTHETIC_PROTOTYPE_DATA_NOT_REAL_PERSONNEL_DATA,DEMO / SYNTHETIC DATA — NOT REAL PERSONNEL OR SENSOR DATA
14.1,38.3,5.5,10.3,2.0,3.4,7.4,13.0,0,3,4.8,8.9,-2.1,0,SYNTHETIC_PROTOTYPE_BENCHMARK,SYNTHETIC_PROTOTYPE_DATA_NOT_REAL_PERSONNEL_DATA,DEMO / SYNTHETIC DATA — NOT REAL PERSONNEL OR SENSOR DATA
18.2,44.9,7.8,7.0,1.0,25.4,6.3,14.8,1,0,7.5,6.8,2.3,1,SYNTHETIC_PROTOTYPE_BENCHMARK,SYNTHETIC_PROTOTYPE_DATA_NOT_REAL_PERSONNEL_DATA,DEMO / SYNTHETIC DATA — NOT REAL PERSONNEL OR SENSOR DATA
19.0,49.1,6.3,4.0,2.0,0.4,6.2,14.2,2,0,8.1,6.4,1.9,0,SYNTHETIC_PROTOTYPE_BENCHMARK,SYNTHETIC_PROTOTYPE_DATA_NOT_REAL_PERSONNEL_DATA,DEMO / SYNTHETIC DATA — NOT REAL PERSONNEL OR SENSOR DATA
16.1,44.2,4.0,4.0,1.0,7.6,6.2,16.0,1,1,5.6,4.3,-1.3,0,SYNTHETIC_PROTOTYPE_BENCHMARK,SYNTHETIC_PROTOTYPE_DATA_NOT_REAL_PERSONNEL_DATA,DEMO / SYNTHETIC DATA — NOT REAL PERSONNEL OR SENSOR DATA
19.1,69.3,4.9,4.0,2.0,5.2,7.7,17.8,0,3,4.7,5.9,1.3,1,SYNTHETIC_PROTOTYPE_BENCHMARK,SYNTHETIC_PROTOTYPE_DATA_NOT_REAL_PERSONNEL_DATA,DEMO / SYNTHETIC DATA — NOT REAL PERSONNEL OR SENSOR DATA
21.4,43.4,2.7,5.1,2.0,4.2,6.7,14.0,0,2,6.4,6.8,2.1,0,SYNTHETIC_PROTOTYPE_BENCHMARK,SYNTHETIC_PROTOTYPE_DATA_NOT_REAL_PERSONNEL_DATA,DEMO / SYNTHETIC DATA — NOT REAL PERSONNEL OR SENSOR DATA
14.0,46.4,5.3,20.1,3.0,21.2,7.1,11.0,0,0,9.2,5.6,-2.0,0,SYNTHETIC_PROTOTYPE_BENCHMARK,SYNTHETIC_PROTOTYPE_DATA_NOT_REAL_PERSONNEL_DATA,DEMO / SYNTHETIC DATA — NOT REAL PERSONNEL OR SENSOR DATA
22.0,54.0,7.7,4.0,1.0,0.8,7.0,15.5,0,1,6.3,2.4,-2.3,0,SYNTHETIC_PROTOTYPE_BENCHMARK,SYNTHETIC_PROTOTYPE_DATA_NOT_REAL_PERSONNEL_DATA,DEMO / SYNTHETIC DATA — NOT REAL PERSONNEL OR SENSOR DATA
12.4,40.0,6.9,4.0,16.0,13.6,4.9,17.1,3,1,3.7,5.7,-2.4,1,SYNTHETIC_PROTOTYPE_BENCHMARK,SYNTHETIC_PROTOTYPE_DATA_NOT_REAL_PERSONNEL_DATA,DEMO / SYNTHETIC DATA — NOT REAL PERSONNEL OR SENSOR DATA
24.0,48.0,8.3,4.7,2.0,7.1,8.4,15.6,0,2,6.4,7.9,-2.7,1,SYNTHETIC_PROTOTYPE_BENCHMARK,SYNTHETIC_PROTOTYPE_DATA_NOT_REAL_PERSONNEL_DATA,DEMO / SYNTHETIC DATA — NOT REAL PERSONNEL OR SENSOR DATA
16.9,55.2,4.9,7.1,1.0,1.8,7.4,14.3,0,2,7.8,5.3,-2.4,0,SYNTHETIC_PROTOTYPE_BENCHMARK,SYNTHETIC_PROTOTYPE_DATA_NOT_REAL_PERSONNEL_DATA,DEMO / SYNTHETIC DATA — NOT REAL PERSONNEL OR SENSOR DATA
25.7,48.7,8.2,7.5,2.0,13.9,6.1,14.9,1,1,6.0,4.7,2.0,1,SYNTHETIC_PROTOTYPE_BENCHMARK,SYNTHETIC_PROTOTYPE_DATA_NOT_REAL_PERSONNEL_DATA,DEMO / SYNTHETIC DATA — NOT REAL PERSONNEL OR SENSOR DATA
18.8,51.1,5.1,4.5,7.0,3.4,6.9,17.8,0,0,8.7,4.8,1.2,0,SYNTHETIC_PROTOTYPE_BENCHMARK,SYNTHETIC_PROTOTYPE_DATA_NOT_REAL_PERSONNEL_DATA,DEMO / SYNTHETIC DATA — NOT REAL PERSONNEL OR SENSOR DATA
17.7,46.7,8.4,12.3,0.0,10.1,6.0,12.7,1,3,7.9,5.2,-3.7,1,SYNTHETIC_PROTOTYPE_BENCHMARK,SYNTHETIC_PROTOTYPE_DATA_NOT_REAL_PERSONNEL_DATA,DEMO / SYNTHETIC DATA — NOT REAL PERSONNEL OR SENSOR DATA
14.1,36.9,5.5,4.0,4.0,3.0,9.0,16.6,0,1,6.1,4.8,-1.1,0,SYNTHETIC_PROTOTYPE_BENCHMARK,SYNTHETIC_PROTOTYPE_DATA_NOT_REAL_PERSONNEL_DATA,DEMO / SYNTHETIC DATA — NOT REAL PERSONNEL OR SENSOR DATA
30.9,55.2,6.9,9.8,3.0,11.4,5.8,12.5,1,3,6.3,4.9,-2.5,2,SYNTHETIC_PROTOTYPE_BENCHMARK,SYNTHETIC_PROTOTYPE_DATA_NOT_REAL_PERSONNEL_DATA,DEMO / SYNTHETIC DATA — NOT REAL PERSONNEL OR SENSOR DATA
22.3,69.5,8.5,13.7,1.0,6.1,5.7,14.8,1,1,2.5,6.3,1.9,2,SYNTHETIC_PROTOTYPE_BENCHMARK,SYNTHETIC_PROTOTYPE_DATA_NOT_REAL_PERSONNEL_DATA,DEMO / SYNTHETIC DATA — NOT REAL PERSONNEL OR SENSOR DATA
27.0,52.2,5.1,7.5,6.0,0.9,6.4,15.5,2,2,8.6,7.1,-1.0,1,SYNTHETIC_PROTOTYPE_BENCHMARK,SYNTHETIC_PROTOTYPE_DATA_NOT_REAL_PERSONNEL_DATA,DEMO / SYNTHETIC DATA — NOT REAL PERSONNEL OR SENSOR DATA
22.3,54.3,5.9,4.0,2.0,6.3,6.8,15.8,0,2,5.5,3.9,-3.4,1,SYNTHETIC_PROTOTYPE_BENCHMARK,SYNTHETIC_PROTOTYPE_DATA_NOT_REAL_PERSONNEL_DATA,DEMO / SYNTHETIC DATA — NOT REAL PERSONNEL OR SENSOR DATA
23.9,58.9,8.1,4.0,1.0,1.3,7.8,15.4,0,0,5.4,6.6,0.4,1,SYNTHETIC_PROTOTYPE_BENCHMARK,SYNTHETIC_PROTOTYPE_DATA_NOT_REAL_PERSONNEL_DATA,DEMO / SYNTHETIC DATA — NOT REAL PERSONNEL OR SENSOR DATA
17.4,39.3,5.2,4.0,6.0,3.2,8.9,17.6,0,3,5.1,7.0,1.3,0,SYNTHETIC_PROTOTYPE_BENCHMARK,SYNTHETIC_PROTOTYPE_DATA_NOT_REAL_PERSONNEL_DATA,DEMO / SYNTHETIC DATA — NOT REAL PERSONNEL OR SENSOR DATA
18.9,69.0,2.9,4.0,4.0,1.1,6.0,14.4,2,0,7.1,5.1,-2.1,0,SYNTHETIC_PROTOTYPE_BENCHMARK,SYNTHETIC_PROTOTYPE_DATA_NOT_REAL_PERSONNEL_DATA,DEMO / SYNTHETIC DATA — NOT REAL PERSONNEL OR SENSOR DATA
29.9,54.0,9.8,8.4,8.0,0.1,7.2,10.3,0,2,3.9,5.6,-0.6,2,SYNTHETIC_PROTOTYPE_BENCHMARK,SYNTHETIC_PROTOTYPE_DATA_NOT_REAL_PERSONNEL_DATA,DEMO / SYNTHETIC DATA — NOT REAL PERSONNEL OR SENSOR DATA
27.5,68.3,4.6,4.0,3.0,1.4,6.4,15.7,2,3,4.2,2.8,-2.0,1,SYNTHETIC_PROTOTYPE_BENCHMARK,SYNTHETIC_PROTOTYPE_DATA_NOT_REAL_PERSONNEL_DATA,DEMO / SYNTHETIC DATA — NOT REAL PERSONNEL OR SENSOR DATA
15.3,44.7,5.8,4.0,5.0,4.6,6.4,18.0,2,0,6.1,4.9,2.7,0,SYNTHETIC_PROTOTYPE_BENCHMARK,SYNTHETIC_PROTOTYPE_DATA_NOT_REAL_PERSONNEL_DATA,DEMO / SYNTHETIC DATA — NOT REAL PERSONNEL OR SENSOR DATA
23.3,70.2,7.8,5.6,6.0,3.9,8.1,18.2,0,1,4.9,5.4,-0.9,1,SYNTHETIC_PROTOTYPE_BENCHMARK,SYNTHETIC_PROTOTYPE_DATA_NOT_REAL_PERSONNEL_DATA,DEMO / SYNTHETIC DATA — NOT REAL PERSONNEL OR SENSOR DATA
15.9,59.8,4.3,4.0,0.0,4.2,7.7,15.4,0,1,6.9,2.9,-1.6,0,SYNTHETIC_PROTOTYPE_BENCHMARK,SYNTHETIC_PROTOTYPE_DATA_NOT_REAL_PERSONNEL_DATA,DEMO / SYNTHETIC DATA — NOT REAL PERSONNEL OR SENSOR DATA
20.2,57.5,3.5,4.0,5.0,1.7,6.9,15.7,0,2,5.0,3.2,-0.1,1,SYNTHETIC_PROTOTYPE_BENCHMARK,SYNTHETIC_PROTOTYPE_DATA_NOT_REAL_PERSONNEL_DATA,DEMO / SYNTHETIC DATA — NOT REAL PERSONNEL OR SENSOR DATA
24.2,54.3,6.0,4.0,3.0,6.9,8.0,16.6,0,2,9.4,5.4,-0.5,1,SYNTHETIC_PROTOTYPE_BENCHMARK,SYNTHETIC_PROTOTYPE_DATA_NOT_REAL_PERSONNEL_DATA,DEMO / SYNTHETIC DATA — NOT REAL PERSONNEL OR SENSOR DATA
14.0,49.5,1.9,4.0,0.0,7.3,7.9,15.1,0,1,7.6,4.1,1.5,0,SYNTHETIC_PROTOTYPE_BENCHMARK,SYNTHETIC_PROTOTYPE_DATA_NOT_REAL_PERSONNEL_DATA,DEMO / SYNTHETIC DATA — NOT REAL PERSONNEL OR SENSOR DATA
18.7,64.0,4.9,4.0,2.0,2.7,6.5,16.6,0,2,7.6,5.7,2.7,1,SYNTHETIC_PROTOTYPE_BENCHMARK,SYNTHETIC_PROTOTYPE_DATA_NOT_REAL_PERSONNEL_DATA,DEMO / SYNTHETIC DATA — NOT REAL PERSONNEL OR SENSOR DATA
13.5,53.4,6.0,7.9,0.0,12.8,6.8,13.9,0,0,5.0,3.9,2.7,1,SYNTHETIC_PROTOTYPE_BENCHMARK,SYNTHETIC_PROTOTYPE_DATA_NOT_REAL_PERSONNEL_DATA,DEMO / SYNTHETIC DATA — NOT REAL PERSONNEL OR SENSOR DATA
10.9,32.3,5.0,4.0,5.0,6.2,8.8,17.6,0,0,10.0,6.6,-0.8,0,SYNTHETIC_PROTOTYPE_BENCHMARK,SYNTHETIC_PROTOTYPE_DATA_NOT_REAL_PERSONNEL_DATA,DEMO / SYNTHETIC DATA — NOT REAL PERSONNEL OR SENSOR DATA
11.8,40.8,2.4,10.0,3.0,7.5,6.5,14.7,2,1,5.3,6.2,0.7,0,SYNTHETIC_PROTOTYPE_BENCHMARK,SYNTHETIC_PROTOTYPE_DATA_NOT_REAL_PERSONNEL_DATA,DEMO / SYNTHETIC DATA — NOT REAL PERSONNEL OR SENSOR DATA
12.5,50.1,8.7,4.0,11.0,1.9,8.4,17.2,0,1,4.8,4.5,3.3,0,SYNTHETIC_PROTOTYPE_BENCHMARK,SYNTHETIC_PROTOTYPE_DATA_NOT_REAL_PERSONNEL_DATA,DEMO / SYNTHETIC DATA — NOT REAL PERSONNEL OR SENSOR DATA
12.9,55.1,5.7,4.0,1.0,0.0,6.7,15.2,0,0,7.6,4.6,3.4,0,SYNTHETIC_PROTOTYPE_BENCHMARK,SYNTHETIC_PROTOTYPE_DATA_NOT_REAL_PERSONNEL_DATA,DEMO / SYNTHETIC DATA — NOT REAL PERSONNEL OR SENSOR DATA
23.5,51.4,8.4,4.0,3.0,12.0,7.9,19.5,0,1,6.6,4.1,-1.9,1,SYNTHETIC_PROTOTYPE_BENCHMARK,SYNTHETIC_PROTOTYPE_DATA_NOT_REAL_PERSONNEL_DATA,DEMO / SYNTHETIC DATA — NOT REAL PERSONNEL OR SENSOR DATA
20.5,64.2,5.0,4.0,1.0,10.4,6.2,16.6,2,1,4.6,4.4,1.3,1,SYNTHETIC_PROTOTYPE_BENCHMARK,SYNTHETIC_PROTOTYPE_DATA_NOT_REAL_PERSONNEL_DATA,DEMO / SYNTHETIC DATA — NOT REAL PERSONNEL OR SENSOR DATA
14.3,32.5,3.7,4.0,3.0,0.8,8.0,16.1,0,2,10.0,4.8,0.9,0,SYNTHETIC_PROTOTYPE_BENCHMARK,SYNTHETIC_PROTOTYPE_DATA_NOT_REAL_PERSONNEL_DATA,DEMO / SYNTHETIC DATA — NOT REAL PERSONNEL OR SENSOR DATA
13.6,53.4,6.0,4.0,4.0,2.8,6.9,14.1,0,0,8.2,4.7,2.0,0,SYNTHETIC_PROTOTYPE_BENCHMARK,SYNTHETIC_PROTOTYPE_DATA_NOT_REAL_PERSONNEL_DATA,DEMO / SYNTHETIC DATA — NOT REAL PERSONNEL OR SENSOR DATA
12.3,33.8,5.1,4.0,4.0,6.5,7.1,15.4,0,1,6.2,7.2,2.7,0,SYNTHETIC_PROTOTYPE_BENCHMARK,SYNTHETIC_PROTOTYPE_DATA_NOT_REAL_PERSONNEL_DATA,DEMO / SYNTHETIC DATA — NOT REAL PERSONNEL OR SENSOR DATA
16.6,59.6,3.1,4.0,6.0,6.3,6.3,15.8,1,1,10.0,3.0,-2.3,0,SYNTHETIC_PROTOTYPE_BENCHMARK,SYNTHETIC_PROTOTYPE_DATA_NOT_REAL_PERSONNEL_DATA,DEMO / SYNTHETIC DATA — NOT REAL PERSONNEL OR SENSOR DATA
21.0,51.1,8.4,4.0,7.0,11.8,7.8,14.0,0,3,7.8,4.4,-1.5,1,SYNTHETIC_PROTOTYPE_BENCHMARK,SYNTHETIC_PROTOTYPE_DATA_NOT_REAL_PERSONNEL_DATA,DEMO / SYNTHETIC DATA — NOT REAL PERSONNEL OR SENSOR DATA
15.7,56.2,4.3,4.0,0.0,0.9,5.0,15.0,3,2,6.2,5.7,2.0,1,SYNTHETIC_PROTOTYPE_BENCHMARK,SYNTHETIC_PROTOTYPE_DATA_NOT_REAL_PERSONNEL_DATA,DEMO / SYNTHETIC DATA — NOT REAL PERSONNEL OR SENSOR DATA
21.3,43.4,1.8,6.0,1.0,3.4,6.3,14.5,2,2,10.0,2.5,0.3,1,SYNTHETIC_PROTOTYPE_BENCHMARK,SYNTHETIC_PROTOTYPE_DATA_NOT_REAL_PERSONNEL_DATA,DEMO / SYNTHETIC DATA — NOT REAL PERSONNEL OR SENSOR DATA
26.6,64.8,8.2,11.7,4.0,0.6,5.9,12.6,2,3,7.5,7.2,-4.9,2,SYNTHETIC_PROTOTYPE_BENCHMARK,SYNTHETIC_PROTOTYPE_DATA_NOT_REAL_PERSONNEL_DATA,DEMO / SYNTHETIC DATA — NOT REAL PERSONNEL OR SENSOR DATA
22.0,62.4,4.5,4.0,2.0,3.0,5.7,12.1,1,1,7.4,6.1,-3.7,1,SYNTHETIC_PROTOTYPE_BENCHMARK,SYNTHETIC_PROTOTYPE_DATA_NOT_REAL_PERSONNEL_DATA,DEMO / SYNTHETIC DATA — NOT REAL PERSONNEL OR SENSOR DATA
19.4,57.8,4.3,4.0,1.0,0.1,8.0,15.3,0,0,5.4,2.5,1.5,0,SYNTHETIC_PROTOTYPE_BENCHMARK,SYNTHETIC_PROTOTYPE_DATA_NOT_REAL_PERSONNEL_DATA,DEMO / SYNTHETIC DATA — NOT REAL PERSONNEL OR SENSOR DATA
20.1,50.7,2.0,12.9,3.0,13.7,7.7,11.3,0,2,6.3,2.0,1.8,1,SYNTHETIC_PROTOTYPE_BENCHMARK,SYNTHETIC_PROTOTYPE_DATA_NOT_REAL_PERSONNEL_DATA,DEMO / SYNTHETIC DATA — NOT REAL PERSONNEL OR SENSOR DATA
20.5,57.8,9.0,4.0,2.0,4.5,7.1,15.6,0,2,5.4,4.8,-3.0,1,SYNTHETIC_PROTOTYPE_BENCHMARK,SYNTHETIC_PROTOTYPE_DATA_NOT_REAL_PERSONNEL_DATA,DEMO / SYNTHETIC DATA — NOT REAL PERSONNEL OR SENSOR DATA
18.5,44.9,2.9,15.2,2.0,11.4,6.5,13.2,2,1,9.1,3.8,2.4,0,SYNTHETIC_PROTOTYPE_BENCHMARK,SYNTHETIC_PROTOTYPE_DATA_NOT_REAL_PERSONNEL_DATA,DEMO / SYNTHETIC DATA — NOT REAL PERSONNEL OR SENSOR DATA
23.0,60.6,5.6,4.0,6.0,0.4,7.7,19.7,0,2,3.0,6.1,-0.4,1,SYNTHETIC_PROTOTYPE_BENCHMARK,SYNTHETIC_PROTOTYPE_DATA_NOT_REAL_PERSONNEL_DATA,DEMO / SYNTHETIC DATA — NOT REAL PERSONNEL OR SENSOR DATA
27.5,68.5,7.3,8.3,2.0,1.5,5.0,15.2,1,2,8.9,4.8,-2.2,2,SYNTHETIC_PROTOTYPE_BENCHMARK,SYNTHETIC_PROTOTYPE_DATA_NOT_REAL_PERSONNEL_DATA,DEMO / SYNTHETIC DATA — NOT REAL PERSONNEL OR SENSOR DATA
26.6,62.7,6.3,4.0,0.0,1.8,8.3,13.1,0,3,4.4,4.7,-1.2,1,SYNTHETIC_PROTOTYPE_BENCHMARK,SYNTHETIC_PROTOTYPE_DATA_NOT_REAL_PERSONNEL_DATA,DEMO / SYNTHETIC DATA — NOT REAL PERSONNEL OR SENSOR DATA
23.7,44.7,5.4,11.2,0.0,2.9,6.7,12.0,0,3,6.1,4.7,-2.7,1,SYNTHETIC_PROTOTYPE_BENCHMARK,SYNTHETIC_PROTOTYPE_DATA_NOT_REAL_PERSONNEL_DATA,DEMO / SYNTHETIC DATA — NOT REAL PERSONNEL OR SENSOR DATA
18.9,55.6,2.1,4.0,7.0,9.7,6.4,16.8,2,0,5.6,7.3,-1.4,0,SYNTHETIC_PROTOTYPE_BENCHMARK,SYNTHETIC_PROTOTYPE_DATA_NOT_REAL_PERSONNEL_DATA,DEMO / SYNTHETIC DATA — NOT REAL PERSONNEL OR SENSOR DATA
20.3,39.1,3.9,4.2,11.0,2.9,7.1,16.5,0,1,5.2,7.0,-4.1,0,SYNTHETIC_PROTOTYPE_BENCHMARK,SYNTHETIC_PROTOTYPE_DATA_NOT_REAL_PERSONNEL_DATA,DEMO / SYNTHETIC DATA — NOT REAL PERSONNEL OR SENSOR DATA
19.4,57.7,5.9,4.0,4.0,1.4,5.9,17.6,2,0,7.6,5.7,-0.2,1,SYNTHETIC_PROTOTYPE_BENCHMARK,SYNTHETIC_PROTOTYPE_DATA_NOT_REAL_PERSONNEL_DATA,DEMO / SYNTHETIC DATA — NOT REAL PERSONNEL OR SENSOR DATA
15.1,56.5,3.9,4.0,2.0,0.4,8.4,15.4,0,0,6.2,6.7,1.3,0,SYNTHETIC_PROTOTYPE_BENCHMARK,SYNTHETIC_PROTOTYPE_DATA_NOT_REAL_PERSONNEL_DATA,DEMO / SYNTHETIC DATA — NOT REAL PERSONNEL OR SENSOR DATA
20.0,33.3,5.9,5.9,10.0,0.5,8.4,14.1,0,3,4.9,4.6,-3.0,0,SYNTHETIC_PROTOTYPE_BENCHMARK,SYNTHETIC_PROTOTYPE_DATA_NOT_REAL_PERSONNEL_DATA,DEMO / SYNTHETIC DATA — NOT REAL PERSONNEL OR SENSOR DATA
14.8,40.4,6.9,4.0,4.0,8.6,8.2,19.1,0,1,6.5,7.7,0.0,0,SYNTHETIC_PROTOTYPE_BENCHMARK,SYNTHETIC_PROTOTYPE_DATA_NOT_REAL_PERSONNEL_DATA,DEMO / SYNTHETIC DATA — NOT REAL PERSONNEL OR SENSOR DATA
22.0,49.2,7.4,10.5,7.0,3.5,6.0,13.1,1,1,4.8,4.9,-1.8,1,SYNTHETIC_PROTOTYPE_BENCHMARK,SYNTHETIC_PROTOTYPE_DATA_NOT_REAL_PERSONNEL_DATA,DEMO / SYNTHETIC DATA — NOT REAL PERSONNEL OR SENSOR DATA
13.9,49.0,3.0,4.0,5.0,7.8,7.1,13.6,0,1,5.1,5.8,1.5,0,SYNTHETIC_PROTOTYPE_BENCHMARK,SYNTHETIC_PROTOTYPE_DATA_NOT_REAL_PERSONNEL_DATA,DEMO / SYNTHETIC DATA — NOT REAL PERSONNEL OR SENSOR DATA
10.3,39.9,9.9,8.2,2.0,6.9,7.7,16.9,0,2,3.2,5.5,-5.0,0,SYNTHETIC_PROTOTYPE_BENCHMARK,SYNTHETIC_PROTOTYPE_DATA_NOT_REAL_PERSONNEL_DATA,DEMO / SYNTHETIC DATA — NOT REAL PERSONNEL OR SENSOR DATA
20.6,55.9,7.0,4.0,2.0,0.9,7.1,12.6,0,0,5.3,2.1,1.6,1,SYNTHETIC_PROTOTYPE_BENCHMARK,SYNTHETIC_PROTOTYPE_DATA_NOT_REAL_PERSONNEL_DATA,DEMO / SYNTHETIC DATA — NOT REAL PERSONNEL OR SENSOR DATA
12.2,54.5,5.5,15.5,1.0,0.9,6.0,4.0,1,0,7.2,6.4,-4.0,1,SYNTHETIC_PROTOTYPE_BENCHMARK,SYNTHETIC_PROTOTYPE_DATA_NOT_REAL_PERSONNEL_DATA,DEMO / SYNTHETIC DATA — NOT REAL PERSONNEL OR SENSOR DATA
15.6,50.1,7.7,12.9,1.0,8.4,7.7,13.6,0,1,6.3,2.5,-0.5,0,SYNTHETIC_PROTOTYPE_BENCHMARK,SYNTHETIC_PROTOTYPE_DATA_NOT_REAL_PERSONNEL_DATA,DEMO / SYNTHETIC DATA — NOT REAL PERSONNEL OR SENSOR DATA
22.7,44.4,10.0,4.0,5.0,7.7,7.2,17.4,0,1,9.8,4.1,-1.6,0,SYNTHETIC_PROTOTYPE_BENCHMARK,SYNTHETIC_PROTOTYPE_DATA_NOT_REAL_PERSONNEL_DATA,DEMO / SYNTHETIC DATA — NOT REAL PERSONNEL OR SENSOR DATA
26.4,62.5,2.6,8.7,8.0,2.8,5.8,14.6,2,3,10.0,3.8,-0.8,2,SYNTHETIC_PROTOTYPE_BENCHMARK,SYNTHETIC_PROTOTYPE_DATA_NOT_REAL_PERSONNEL_DATA,DEMO / SYNTHETIC DATA — NOT REAL PERSONNEL OR SENSOR DATA
29.8,68.6,5.0,7.5,5.0,0.5,4.9,11.6,3,2,5.3,1.3,-3.4,2,SYNTHETIC_PROTOTYPE_BENCHMARK,SYNTHETIC_PROTOTYPE_DATA_NOT_REAL_PERSONNEL_DATA,DEMO / SYNTHETIC DATA — NOT REAL PERSONNEL OR SENSOR DATA
5.8,47.2,1.0,4.0,2.0,0.1,7.7,15.5,0,1,4.5,3.7,3.7,0,SYNTHETIC_PROTOTYPE_BENCHMARK,SYNTHETIC_PROTOTYPE_DATA_NOT_REAL_PERSONNEL_DATA,DEMO / SYNTHETIC DATA — NOT REAL PERSONNEL OR SENSOR DATA
17.6,45.9,5.9,4.0,0.0,2.0,9.2,15.0,0,2,8.5,5.8,-2.8,0,SYNTHETIC_PROTOTYPE_BENCHMARK,SYNTHETIC_PROTOTYPE_DATA_NOT_REAL_PERSONNEL_DATA,DEMO / SYNTHETIC DATA — NOT REAL PERSONNEL OR SENSOR DATA
18.1,56.9,6.2,4.0,0.0,0.1,6.0,14.5,1,0,6.9,4.3,-2.7,1,SYNTHETIC_PROTOTYPE_BENCHMARK,SYNTHETIC_PROTOTYPE_DATA_NOT_REAL_PERSONNEL_DATA,DEMO / SYNTHETIC DATA — NOT REAL PERSONNEL OR SENSOR DATA
22.8,48.4,5.4,7.2,2.0,1.6,7.3,17.1,0,2,8.5,4.9,3.9,1,SYNTHETIC_PROTOTYPE_BENCHMARK,SYNTHETIC_PROTOTYPE_DATA_NOT_REAL_PERSONNEL_DATA,DEMO / SYNTHETIC DATA — NOT REAL PERSONNEL OR SENSOR DATA
20.5,50.6,4.2,4.0,2.0,3.3,7.9,13.5,0,0,7.0,3.8,0.7,0,SYNTHETIC_PROTOTYPE_BENCHMARK,SYNTHETIC_PROTOTYPE_DATA_NOT_REAL_PERSONNEL_DATA,DEMO / SYNTHETIC DATA — NOT REAL PERSONNEL OR SENSOR DATA
15.1,59.4,1.4,4.0,3.0,0.8,5.7,16.2,2,2,5.8,4.8,-2.8,0,SYNTHETIC_PROTOTYPE_BENCHMARK,SYNTHETIC_PROTOTYPE_DATA_NOT_REAL_PERSONNEL_DATA,DEMO / SYNTHETIC DATA — NOT REAL PERSONNEL OR SENSOR DATA
14.9,32.9,6.2,4.0,0.0,0.7,7.4,18.0,0,1,5.8,5.7,-0.3,0,SYNTHETIC_PROTOTYPE_BENCHMARK,SYNTHETIC_PROTOTYPE_DATA_NOT_REAL_PERSONNEL_DATA,DEMO / SYNTHETIC DATA — NOT REAL PERSONNEL OR SENSOR DATA
26.0,65.2,8.4,4.0,16.0,13.6,5.4,16.4,2,0,7.1,1.9,-0.5,2,SYNTHETIC_PROTOTYPE_BENCHMARK,SYNTHETIC_PROTOTYPE_DATA_NOT_REAL_PERSONNEL_DATA,DEMO / SYNTHETIC DATA — NOT REAL PERSONNEL OR SENSOR DATA
14.0,52.7,4.3,7.7,2.0,5.3,7.6,16.6,0,0,5.8,4.8,-3.7,0,SYNTHETIC_PROTOTYPE_BENCHMARK,SYNTHETIC_PROTOTYPE_DATA_NOT_REAL_PERSONNEL_DATA,DEMO / SYNTHETIC DATA — NOT REAL PERSONNEL OR SENSOR DATA
24.1,47.9,6.4,14.6,7.0,16.4,7.8,12.5,0,1,8.6,3.5,-1.7,1,SYNTHETIC_PROTOTYPE_BENCHMARK,SYNTHETIC_PROTOTYPE_DATA_NOT_REAL_PERSONNEL_DATA,DEMO / SYNTHETIC DATA — NOT REAL PERSONNEL OR SENSOR DATA
16.1,51.1,2.4,4.0,3.0,2.5,7.1,16.5,0,2,3.6,6.5,-0.1,0,SYNTHETIC_PROTOTYPE_BENCHMARK,SYNTHETIC_PROTOTYPE_DATA_NOT_REAL_PERSONNEL_DATA,DEMO / SYNTHETIC DATA — NOT REAL PERSONNEL OR SENSOR DATA
17.0,51.6,6.4,4.0,0.0,6.8,6.2,16.3,2,0,8.6,4.5,2.8,0,SYNTHETIC_PROTOTYPE_BENCHMARK,SYNTHETIC_PROTOTYPE_DATA_NOT_REAL_PERSONNEL_DATA,DEMO / SYNTHETIC DATA — NOT REAL PERSONNEL OR SENSOR DATA
10.0,34.7,4.7,5.5,6.0,1.4,7.3,16.2,0,1,2.5,9.9,-0.4,0,SYNTHETIC_PROTOTYPE_BENCHMARK,SYNTHETIC_PROTOTYPE_DATA_NOT_REAL_PERSONNEL_DATA,DEMO / SYNTHETIC DATA — NOT REAL PERSONNEL OR SENSOR DATA
23.8,66.9,4.0,4.0,4.0,5.8,5.7,14.8,2,2,6.5,5.7,-0.3,1,SYNTHETIC_PROTOTYPE_BENCHMARK,SYNTHETIC_PROTOTYPE_DATA_NOT_REAL_PERSONNEL_DATA,DEMO / SYNTHETIC DATA — NOT REAL PERSONNEL OR SENSOR DATA
6.3,52.4,4.0,4.0,3.0,0.8,6.2,13.0,1,1,5.5,4.9,-1.8,0,SYNTHETIC_PROTOTYPE_BENCHMARK,SYNTHETIC_PROTOTYPE_DATA_NOT_REAL_PERSONNEL_DATA,DEMO / SYNTHETIC DATA — NOT REAL PERSONNEL OR SENSOR DATA
19.5,56.4,4.7,4.0,3.0,0.0,6.8,17.5,0,2,3.2,5.7,2.4,1,SYNTHETIC_PROTOTYPE_BENCHMARK,SYNTHETIC_PROTOTYPE_DATA_NOT_REAL_PERSONNEL_DATA,DEMO / SYNTHETIC DATA — NOT REAL PERSONNEL OR SENSOR DATA
24.4,61.5,6.3,4.0,0.0,16.1,6.6,17.9,0,0,2.1,1.4,2.0,1,SYNTHETIC_PROTOTYPE_BENCHMARK,SYNTHETIC_PROTOTYPE_DATA_NOT_REAL_PERSONNEL_DATA,DEMO / SYNTHETIC DATA — NOT REAL PERSONNEL OR SENSOR DATA
8.5,41.8,2.9,4.0,4.0,4.9,7.7,16.1,0,1,4.0,7.1,1.7,0,SYNTHETIC_PROTOTYPE_BENCHMARK,SYNTHETIC_PROTOTYPE_DATA_NOT_REAL_PERSONNEL_DATA,DEMO / SYNTHETIC DATA — NOT REAL PERSONNEL OR SENSOR DATA
16.1,56.7,4.7,5.7,8.0,15.7,6.4,13.8,2,3,6.3,3.6,0.2,1,SYNTHETIC_PROTOTYPE_BENCHMARK,SYNTHETIC_PROTOTYPE_DATA_NOT_REAL_PERSONNEL_DATA,DEMO / SYNTHETIC DATA — NOT REAL PERSONNEL OR SENSOR DATA
22.1,49.3,5.4,4.0,0.0,2.4,7.1,12.5,0,1,5.0,5.4,-3.5,1,SYNTHETIC_PROTOTYPE_BENCHMARK,SYNTHETIC_PROTOTYPE_DATA_NOT_REAL_PERSONNEL_DATA,DEMO / SYNTHETIC DATA — NOT REAL PERSONNEL OR SENSOR DATA
24.0,60.5,3.3,8.4,1.0,2.4,6.5,14.0,0,1,4.1,3.5,2.4,1,SYNTHETIC_PROTOTYPE_BENCHMARK,SYNTHETIC_PROTOTYPE_DATA_NOT_REAL_PERSONNEL_DATA,DEMO / SYNTHETIC DATA — NOT REAL PERSONNEL OR SENSOR DATA
13.1,30.7,9.1,4.0,8.0,3.1,6.7,12.9,0,2,8.9,5.4,0.1,0,SYNTHETIC_PROTOTYPE_BENCHMARK,SYNTHETIC_PROTOTYPE_DATA_NOT_REAL_PERSONNEL_DATA,DEMO / SYNTHETIC DATA — NOT REAL PERSONNEL OR SENSOR DATA
22.4,51.0,3.8,4.0,1.0,7.3,7.0,12.6,0,0,3.7,4.9,-0.7,1,SYNTHETIC_PROTOTYPE_BENCHMARK,SYNTHETIC_PROTOTYPE_DATA_NOT_REAL_PERSONNEL_DATA,DEMO / SYNTHETIC DATA — NOT REAL PERSONNEL OR SENSOR DATA
20.1,46.0,4.2,7.6,4.0,5.0,6.6,14.1,0,2,7.6,5.6,1.0,1,SYNTHETIC_PROTOTYPE_BENCHMARK,SYNTHETIC_PROTOTYPE_DATA_NOT_REAL_PERSONNEL_DATA,DEMO / SYNTHETIC DATA — NOT REAL PERSONNEL OR SENSOR DATA
27.3,56.3,3.5,4.0,3.0,15.6,5.3,14.1,1,3,4.4,4.8,0.5,2,SYNTHETIC_PROTOTYPE_BENCHMARK,SYNTHETIC_PROTOTYPE_DATA_NOT_REAL_PERSONNEL_DATA,DEMO / SYNTHETIC DATA — NOT REAL PERSONNEL OR SENSOR DATA
16.3,56.7,9.1,4.0,3.0,0.2,7.1,16.3,0,0,4.0,4.8,-2.4,1,SYNTHETIC_PROTOTYPE_BENCHMARK,SYNTHETIC_PROTOTYPE_DATA_NOT_REAL_PERSONNEL_DATA,DEMO / SYNTHETIC DATA — NOT REAL PERSONNEL OR SENSOR DATA
25.7,44.9,6.6,4.0,2.0,7.4,6.6,15.3,0,2,5.0,3.1,-0.7,1,SYNTHETIC_PROTOTYPE_BENCHMARK,SYNTHETIC_PROTOTYPE_DATA_NOT_REAL_PERSONNEL_DATA,DEMO / SYNTHETIC DATA — NOT REAL PERSONNEL OR SENSOR DATA
12.7,44.9,3.6,4.0,1.0,2.4,7.4,14.4,0,0,7.4,9.0,-4.2,0,SYNTHETIC_PROTOTYPE_BENCHMARK,SYNTHETIC_PROTOTYPE_DATA_NOT_REAL_PERSONNEL_DATA,DEMO / SYNTHETIC DATA — NOT REAL PERSONNEL OR SENSOR DATA
17.3,50.9,7.7,7.4,0.0,1.2,7.7,10.8,0,1,3.5,5.5,0.2,1,SYNTHETIC_PROTOTYPE_BENCHMARK,SYNTHETIC_PROTOTYPE_DATA_NOT_REAL_PERSONNEL_DATA,DEMO / SYNTHETIC DATA — NOT REAL PERSONNEL OR SENSOR DATA
21.0,43.0,5.9,4.0,5.0,4.3,6.5,13.9,2,2,6.8,6.3,2.9,1,SYNTHETIC_PROTOTYPE_BENCHMARK,SYNTHETIC_PROTOTYPE_DATA_NOT_REAL_PERSONNEL_DATA,DEMO / SYNTHETIC DATA — NOT REAL PERSONNEL OR SENSOR DATA
20.6,60.4,6.0,5.2,5.0,4.2,6.6,13.5,0,2,4.3,4.1,-4.0,1,SYNTHETIC_PROTOTYPE_BENCHMARK,SYNTHETIC_PROTOTYPE_DATA_NOT_REAL_PERSONNEL_DATA,DEMO / SYNTHETIC DATA — NOT REAL PERSONNEL OR SENSOR DATA
15.9,48.3,4.8,4.0,4.0,0.9,5.7,13.1,1,3,4.6,4.0,0.3,1,SYNTHETIC_PROTOTYPE_BENCHMARK,SYNTHETIC_PROTOTYPE_DATA_NOT_REAL_PERSONNEL_DATA,DEMO / SYNTHETIC DATA — NOT REAL PERSONNEL OR SENSOR DATA
14.6,30.0,4.0,4.0,4.0,1.4,9.1,14.9,0,3,7.0,6.6,1.5,0,SYNTHETIC_PROTOTYPE_BENCHMARK,SYNTHETIC_PROTOTYPE_DATA_NOT_REAL_PERSONNEL_DATA,DEMO / SYNTHETIC DATA — NOT REAL PERSONNEL OR SENSOR DATA
17.9,48.3,6.2,16.4,1.0,3.1,6.0,8.4,1,1,10.0,5.8,1.8,1,SYNTHETIC_PROTOTYPE_BENCHMARK,SYNTHETIC_PROTOTYPE_DATA_NOT_REAL_PERSONNEL_DATA,DEMO / SYNTHETIC DATA — NOT REAL PERSONNEL OR SENSOR DATA
12.8,41.6,4.4,6.6,0.0,3.2,6.9,14.2,0,1,4.4,7.6,-1.6,0,SYNTHETIC_PROTOTYPE_BENCHMARK,SYNTHETIC_PROTOTYPE_DATA_NOT_REAL_PERSONNEL_DATA,DEMO / SYNTHETIC DATA — NOT REAL PERSONNEL OR SENSOR DATA
20.5,35.7,9.1,4.0,6.0,2.3,8.7,16.1,0,1,7.6,9.1,-2.4,0,SYNTHETIC_PROTOTYPE_BENCHMARK,SYNTHETIC_PROTOTYPE_DATA_NOT_REAL_PERSONNEL_DATA,DEMO / SYNTHETIC DATA — NOT REAL PERSONNEL OR SENSOR DATA
23.7,39.6,3.0,4.0,2.0,1.0,7.3,13.9,0,1,5.6,8.0,-1.3,0,SYNTHETIC_PROTOTYPE_BENCHMARK,SYNTHETIC_PROTOTYPE_DATA_NOT_REAL_PERSONNEL_DATA,DEMO / SYNTHETIC DATA — NOT REAL PERSONNEL OR SENSOR DATA
17.8,53.1,8.6,4.0,1.0,0.0,6.0,16.5,2,1,5.3,2.4,2.6,1,SYNTHETIC_PROTOTYPE_BENCHMARK,SYNTHETIC_PROTOTYPE_DATA_NOT_REAL_PERSONNEL_DATA,DEMO / SYNTHETIC DATA — NOT REAL PERSONNEL OR SENSOR DATA
23.6,65.3,5.3,4.2,0.0,21.1,6.4,12.8,2,2,8.3,3.7,-3.8,1,SYNTHETIC_PROTOTYPE_BENCHMARK,SYNTHETIC_PROTOTYPE_DATA_NOT_REAL_PERSONNEL_DATA,DEMO / SYNTHETIC DATA — NOT REAL PERSONNEL OR SENSOR DATA
17.7,55.1,6.1,5.7,0.0,17.2,6.9,12.7,0,1,4.5,5.4,-2.7,0,SYNTHETIC_PROTOTYPE_BENCHMARK,SYNTHETIC_PROTOTYPE_DATA_NOT_REAL_PERSONNEL_DATA,DEMO / SYNTHETIC DATA — NOT REAL PERSONNEL OR SENSOR DATA
29.4,45.9,7.2,5.5,2.0,4.0,6.6,14.8,0,2,3.9,4.8,-1.0,1,SYNTHETIC_PROTOTYPE_BENCHMARK,SYNTHETIC_PROTOTYPE_DATA_NOT_REAL_PERSONNEL_DATA,DEMO / SYNTHETIC DATA — NOT REAL PERSONNEL OR SENSOR DATA
23.7,56.6,4.2,4.0,6.0,31.9,5.5,17.0,2,2,7.1,4.8,-2.1,2,SYNTHETIC_PROTOTYPE_BENCHMARK,SYNTHETIC_PROTOTYPE_DATA_NOT_REAL_PERSONNEL_DATA,DEMO / SYNTHETIC DATA — NOT REAL PERSONNEL OR SENSOR DATA
21.0,47.4,7.2,6.7,9.0,6.7,6.7,16.3,0,0,9.4,2.1,-0.1,0,SYNTHETIC_PROTOTYPE_BENCHMARK,SYNTHETIC_PROTOTYPE_DATA_NOT_REAL_PERSONNEL_DATA,DEMO / SYNTHETIC DATA — NOT REAL PERSONNEL OR SENSOR DATA
18.9,45.1,1.0,4.0,8.0,0.4,7.1,18.8,0,1,7.7,6.9,3.1,0,SYNTHETIC_PROTOTYPE_BENCHMARK,SYNTHETIC_PROTOTYPE_DATA_NOT_REAL_PERSONNEL_DATA,DEMO / SYNTHETIC DATA — NOT REAL PERSONNEL OR SENSOR DATA
17.1,40.5,4.1,4.0,9.0,0.8,5.9,14.8,1,1,3.4,2.9,-2.6,0,SYNTHETIC_PROTOTYPE_BENCHMARK,SYNTHETIC_PROTOTYPE_DATA_NOT_REAL_PERSONNEL_DATA,DEMO / SYNTHETIC DATA — NOT REAL PERSONNEL OR SENSOR DATA
13.1,34.5,3.7,4.0,8.0,14.9,7.1,15.3,0,1,5.0,3.7,-0.3,0,SYNTHETIC_PROTOTYPE_BENCHMARK,SYNTHETIC_PROTOTYPE_DATA_NOT_REAL_PERSONNEL_DATA,DEMO / SYNTHETIC DATA — NOT REAL PERSONNEL OR SENSOR DATA
22.0,48.1,3.0,12.2,3.0,6.0,8.4,10.3,0,2,8.2,3.8,-0.0,1,SYNTHETIC_PROTOTYPE_BENCHMARK,SYNTHETIC_PROTOTYPE_DATA_NOT_REAL_PERSONNEL_DATA,DEMO / SYNTHETIC DATA — NOT REAL PERSONNEL OR SENSOR DATA
22.7,53.6,5.1,6.3,1.0,11.1,5.9,12.2,1,1,9.4,4.9,-0.7,0,SYNTHETIC_PROTOTYPE_BENCHMARK,SYNTHETIC_PROTOTYPE_DATA_NOT_REAL_PERSONNEL_DATA,DEMO / SYNTHETIC DATA — NOT REAL PERSONNEL OR SENSOR DATA
19.3,51.0,6.3,4.0,6.0,13.7,6.2,16.1,2,3,6.7,2.7,-3.5,1,SYNTHETIC_PROTOTYPE_BENCHMARK,SYNTHETIC_PROTOTYPE_DATA_NOT_REAL_PERSONNEL_DATA,DEMO / SYNTHETIC DATA — NOT REAL PERSONNEL OR SENSOR DATA
18.1,47.8,6.9,4.2,1.0,3.6,6.1,14.0,2,2,5.0,3.8,-1.4,1,SYNTHETIC_PROTOTYPE_BENCHMARK,SYNTHETIC_PROTOTYPE_DATA_NOT_REAL_PERSONNEL_DATA,DEMO / SYNTHETIC DATA — NOT REAL PERSONNEL OR SENSOR DATA
14.2,42.5,6.0,10.7,1.0,0.3,7.9,15.4,0,1,9.5,7.4,-1.4,0,SYNTHETIC_PROTOTYPE_BENCHMARK,SYNTHETIC_PROTOTYPE_DATA_NOT_REAL_PERSONNEL_DATA,DEMO / SYNTHETIC DATA — NOT REAL PERSONNEL OR SENSOR DATA
24.0,58.1,4.2,4.0,1.0,1.3,7.7,12.7,0,2,6.1,4.6,1.4,1,SYNTHETIC_PROTOTYPE_BENCHMARK,SYNTHETIC_PROTOTYPE_DATA_NOT_REAL_PERSONNEL_DATA,DEMO / SYNTHETIC DATA — NOT REAL PERSONNEL OR SENSOR DATA
18.9,38.8,6.2,4.0,3.0,0.4,8.5,16.6,0,0,5.0,6.5,0.9,0,SYNTHETIC_PROTOTYPE_BENCHMARK,SYNTHETIC_PROTOTYPE_DATA_NOT_REAL_PERSONNEL_DATA,DEMO / SYNTHETIC DATA — NOT REAL PERSONNEL OR SENSOR DATA
28.4,59.8,5.7,15.1,1.0,1.3,5.7,9.1,2,0,4.7,2.8,-3.4,2,SYNTHETIC_PROTOTYPE_BENCHMARK,SYNTHETIC_PROTOTYPE_DATA_NOT_REAL_PERSONNEL_DATA,DEMO / SYNTHETIC DATA — NOT REAL PERSONNEL OR SENSOR DATA
12.3,42.0,7.4,8.0,1.0,3.2,7.7,12.4,0,0,3.8,5.6,-0.9,1,SYNTHETIC_PROTOTYPE_BENCHMARK,SYNTHETIC_PROTOTYPE_DATA_NOT_REAL_PERSONNEL_DATA,DEMO / SYNTHETIC DATA — NOT REAL PERSONNEL OR SENSOR DATA
16.7,44.5,7.1,4.0,2.0,0.8,8.4,16.7,0,1,10.0,5.3,-1.1,0,SYNTHETIC_PROTOTYPE_BENCHMARK,SYNTHETIC_PROTOTYPE_DATA_NOT_REAL_PERSONNEL_DATA,DEMO / SYNTHETIC DATA — NOT REAL PERSONNEL OR SENSOR DATA
11.3,37.3,5.6,4.0,7.0,1.1,8.0,14.2,0,0,9.0,4.7,4.3,0,SYNTHETIC_PROTOTYPE_BENCHMARK,SYNTHETIC_PROTOTYPE_DATA_NOT_REAL_PERSONNEL_DATA,DEMO / SYNTHETIC DATA — NOT REAL PERSONNEL OR SENSOR DATA
18.2,47.0,3.7,4.0,3.0,3.5,7.5,14.6,0,3,4.9,5.3,0.6,1,SYNTHETIC_PROTOTYPE_BENCHMARK,SYNTHETIC_PROTOTYPE_DATA_NOT_REAL_PERSONNEL_DATA,DEMO / SYNTHETIC DATA — NOT REAL PERSONNEL OR SENSOR DATA
23.9,61.8,4.2,4.0,7.0,2.5,6.2,14.0,1,1,9.7,1.7,-2.4,1,SYNTHETIC_PROTOTYPE_BENCHMARK,SYNTHETIC_PROTOTYPE_DATA_NOT_REAL_PERSONNEL_DATA,DEMO / SYNTHETIC DATA — NOT REAL PERSONNEL OR SENSOR DATA
18.5,57.2,4.4,12.7,1.0,3.8,6.9,15.7,0,1,7.3,5.5,-1.7,0,SYNTHETIC_PROTOTYPE_BENCHMARK,SYNTHETIC_PROTOTYPE_DATA_NOT_REAL_PERSONNEL_DATA,DEMO / SYNTHETIC DATA — NOT REAL PERSONNEL OR SENSOR DATA
22.7,61.8,4.9,4.0,1.0,3.4,7.5,14.4,0,0,7.1,4.0,-0.8,0,SYNTHETIC_PROTOTYPE_BENCHMARK,SYNTHETIC_PROTOTYPE_DATA_NOT_REAL_PERSONNEL_DATA,DEMO / SYNTHETIC DATA — NOT REAL PERSONNEL OR SENSOR DATA
16.0,57.2,6.0,8.3,3.0,6.2,6.9,14.0,0,0,4.8,4.4,0.8,0,SYNTHETIC_PROTOTYPE_BENCHMARK,SYNTHETIC_PROTOTYPE_DATA_NOT_REAL_PERSONNEL_DATA,DEMO / SYNTHETIC DATA — NOT REAL PERSONNEL OR SENSOR DATA
19.7,41.0,6.9,4.0,2.0,16.6,6.0,15.2,2,0,5.2,7.0,1.1,0,SYNTHETIC_PROTOTYPE_BENCHMARK,SYNTHETIC_PROTOTYPE_DATA_NOT_REAL_PERSONNEL_DATA,DEMO / SYNTHETIC DATA — NOT REAL PERSONNEL OR SENSOR DATA
16.1,48.7,5.4,4.0,4.0,0.7,6.8,16.0,0,1,6.1,5.9,0.4,0,SYNTHETIC_PROTOTYPE_BENCHMARK,SYNTHETIC_PROTOTYPE_DATA_NOT_REAL_PERSONNEL_DATA,DEMO / SYNTHETIC DATA — NOT REAL PERSONNEL OR SENSOR DATA
8.0,44.2,5.5,4.0,6.0,0.6,8.3,14.4,0,1,2.3,5.1,-0.5,0,SYNTHETIC_PROTOTYPE_BENCHMARK,SYNTHETIC_PROTOTYPE_DATA_NOT_REAL_PERSONNEL_DATA,DEMO / SYNTHETIC DATA — NOT REAL PERSONNEL OR SENSOR DATA
17.5,65.3,5.8,5.8,5.0,11.5,6.4,14.5,2,1,5.2,2.7,-0.3,1,SYNTHETIC_PROTOTYPE_BENCHMARK,SYNTHETIC_PROTOTYPE_DATA_NOT_REAL_PERSONNEL_DATA,DEMO / SYNTHETIC DATA — NOT REAL PERSONNEL OR SENSOR DATA
15.4,40.0,4.5,4.0,10.0,4.2,7.5,16.4,0,1,6.2,7.8,-0.3,0,SYNTHETIC_PROTOTYPE_BENCHMARK,SYNTHETIC_PROTOTYPE_DATA_NOT_REAL_PERSONNEL_DATA,DEMO / SYNTHETIC DATA — NOT REAL PERSONNEL OR SENSOR DATA
29.3,60.9,3.6,4.0,2.0,8.7,6.0,13.9,1,2,8.8,2.6,-3.9,1,SYNTHETIC_PROTOTYPE_BENCHMARK,SYNTHETIC_PROTOTYPE_DATA_NOT_REAL_PERSONNEL_DATA,DEMO / SYNTHETIC DATA — NOT REAL PERSONNEL OR SENSOR DATA
13.6,60.9,2.0,4.0,1.0,1.5,7.6,17.8,0,0,5.0,5.6,-0.1,0,SYNTHETIC_PROTOTYPE_BENCHMARK,SYNTHETIC_PROTOTYPE_DATA_NOT_REAL_PERSONNEL_DATA,DEMO / SYNTHETIC DATA — NOT REAL PERSONNEL OR SENSOR DATA
21.3,70.3,4.1,4.0,3.0,10.6,7.3,18.0,0,2,7.8,1.7,-1.3,1,SYNTHETIC_PROTOTYPE_BENCHMARK,SYNTHETIC_PROTOTYPE_DATA_NOT_REAL_PERSONNEL_DATA,DEMO / SYNTHETIC DATA — NOT REAL PERSONNEL OR SENSOR DATA
19.2,47.9,6.4,4.0,0.0,15.5,7.7,16.8,0,1,2.1,6.7,-3.6,0,SYNTHETIC_PROTOTYPE_BENCHMARK,SYNTHETIC_PROTOTYPE_DATA_NOT_REAL_PERSONNEL_DATA,DEMO / SYNTHETIC DATA — NOT REAL PERSONNEL OR SENSOR DATA
15.5,59.1,4.1,4.0,1.0,6.1,7.7,15.7,0,1,8.5,6.2,5.0,0,SYNTHETIC_PROTOTYPE_BENCHMARK,SYNTHETIC_PROTOTYPE_DATA_NOT_REAL_PERSONNEL_DATA,DEMO / SYNTHETIC DATA — NOT REAL PERSONNEL OR SENSOR DATA
20.0,74.8,5.0,4.0,1.0,0.7,5.8,9.6,1,0,4.4,1.0,0.7,1,SYNTHETIC_PROTOTYPE_BENCHMARK,SYNTHETIC_PROTOTYPE_DATA_NOT_REAL_PERSONNEL_DATA,DEMO / SYNTHETIC DATA — NOT REAL PERSONNEL OR SENSOR DATA
18.6,45.8,6.4,4.0,2.0,13.5,6.5,16.4,1,1,6.5,6.1,0.0,1,SYNTHETIC_PROTOTYPE_BENCHMARK,SYNTHETIC_PROTOTYPE_DATA_NOT_REAL_PERSONNEL_DATA,DEMO / SYNTHETIC DATA — NOT REAL PERSONNEL OR SENSOR DATA
12.5,36.6,6.5,4.0,0.0,9.4,7.2,14.8,0,0,7.0,6.5,-0.8,0,SYNTHETIC_PROTOTYPE_BENCHMARK,SYNTHETIC_PROTOTYPE_DATA_NOT_REAL_PERSONNEL_DATA,DEMO / SYNTHETIC DATA — NOT REAL PERSONNEL OR SENSOR DATA
9.0,33.2,3.3,4.0,0.0,8.3,7.6,15.1,0,3,6.6,7.2,1.6,0,SYNTHETIC_PROTOTYPE_BENCHMARK,SYNTHETIC_PROTOTYPE_DATA_NOT_REAL_PERSONNEL_DATA,DEMO / SYNTHETIC DATA — NOT REAL PERSONNEL OR SENSOR DATA
17.1,59.1,7.5,4.0,4.0,0.2,7.9,11.8,0,1,6.0,5.3,-2.6,0,SYNTHETIC_PROTOTYPE_BENCHMARK,SYNTHETIC_PROTOTYPE_DATA_NOT_REAL_PERSONNEL_DATA,DEMO / SYNTHETIC DATA — NOT REAL PERSONNEL OR SENSOR DATA
20.2,33.2,7.8,4.0,3.0,9.6,8.4,16.6,0,3,3.7,4.7,-0.7,1,SYNTHETIC_PROTOTYPE_BENCHMARK,SYNTHETIC_PROTOTYPE_DATA_NOT_REAL_PERSONNEL_DATA,DEMO / SYNTHETIC DATA — NOT REAL PERSONNEL OR SENSOR DATA
18.1,48.3,3.2,4.0,4.0,0.9,7.6,12.7,0,1,4.4,5.0,-2.1,0,SYNTHETIC_PROTOTYPE_BENCHMARK,SYNTHETIC_PROTOTYPE_DATA_NOT_REAL_PERSONNEL_DATA,DEMO / SYNTHETIC DATA — NOT REAL PERSONNEL OR SENSOR DATA
23.4,56.4,3.9,7.6,4.0,1.5,5.7,14.4,2,0,8.2,7.4,1.6,1,SYNTHETIC_PROTOTYPE_BENCHMARK,SYNTHETIC_PROTOTYPE_DATA_NOT_REAL_PERSONNEL_DATA,DEMO / SYNTHETIC DATA — NOT REAL PERSONNEL OR SENSOR DATA
26.9,53.9,7.9,4.0,0.0,5.2,5.4,17.4,2,1,5.0,3.3,-1.8,1,SYNTHETIC_PROTOTYPE_BENCHMARK,SYNTHETIC_PROTOTYPE_DATA_NOT_REAL_PERSONNEL_DATA,DEMO / SYNTHETIC DATA — NOT REAL PERSONNEL OR SENSOR DATA
13.7,56.3,5.2,4.0,1.0,1.8,7.0,14.7,0,0,6.0,5.4,2.4,0,SYNTHETIC_PROTOTYPE_BENCHMARK,SYNTHETIC_PROTOTYPE_DATA_NOT_REAL_PERSONNEL_DATA,DEMO / SYNTHETIC DATA — NOT REAL PERSONNEL OR SENSOR DATA
15.7,54.2,1.1,4.0,0.0,6.5,7.4,18.0,0,3,3.2,6.7,-0.2,0,SYNTHETIC_PROTOTYPE_BENCHMARK,SYNTHETIC_PROTOTYPE_DATA_NOT_REAL_PERSONNEL_DATA,DEMO / SYNTHETIC DATA — NOT REAL PERSONNEL OR SENSOR DATA
18.5,64.8,2.7,8.3,6.0,5.6,6.3,12.4,2,2,7.9,2.9,1.7,1,SYNTHETIC_PROTOTYPE_BENCHMARK,SYNTHETIC_PROTOTYPE_DATA_NOT_REAL_PERSONNEL_DATA,DEMO / SYNTHETIC DATA — NOT REAL PERSONNEL OR SENSOR DATA
14.9,42.5,5.0,5.4,5.0,0.7,8.9,16.2,0,2,3.6,3.5,0.9,0,SYNTHETIC_PROTOTYPE_BENCHMARK,SYNTHETIC_PROTOTYPE_DATA_NOT_REAL_PERSONNEL_DATA,DEMO / SYNTHETIC DATA — NOT REAL PERSONNEL OR SENSOR DATA
14.1,45.2,3.2,4.3,1.0,6.4,6.2,12.9,2,1,8.0,3.6,2.3,0,SYNTHETIC_PROTOTYPE_BENCHMARK,SYNTHETIC_PROTOTYPE_DATA_NOT_REAL_PERSONNEL_DATA,DEMO / SYNTHETIC DATA — NOT REAL PERSONNEL OR SENSOR DATA
17.0,44.3,4.7,4.0,1.0,15.5,5.9,17.7,2,1,4.1,6.1,-2.1,1,SYNTHETIC_PROTOTYPE_BENCHMARK,SYNTHETIC_PROTOTYPE_DATA_NOT_REAL_PERSONNEL_DATA,DEMO / SYNTHETIC DATA — NOT REAL PERSONNEL OR SENSOR DATA
20.6,60.3,5.6,4.0,12.0,1.1,6.1,17.4,1,3,8.2,2.7,2.0,1,SYNTHETIC_PROTOTYPE_BENCHMARK,SYNTHETIC_PROTOTYPE_DATA_NOT_REAL_PERSONNEL_DATA,DEMO / SYNTHETIC DATA — NOT REAL PERSONNEL OR SENSOR DATA
24.5,61.0,8.4,15.5,3.0,5.5,5.9,11.9,2,0,6.2,4.4,-4.1,2,SYNTHETIC_PROTOTYPE_BENCHMARK,SYNTHETIC_PROTOTYPE_DATA_NOT_REAL_PERSONNEL_DATA,DEMO / SYNTHETIC DATA — NOT REAL PERSONNEL OR SENSOR DATA
16.3,56.5,4.9,6.4,6.0,2.5,7.2,13.9,0,2,5.1,6.9,0.1,0,SYNTHETIC_PROTOTYPE_BENCHMARK,SYNTHETIC_PROTOTYPE_DATA_NOT_REAL_PERSONNEL_DATA,DEMO / SYNTHETIC DATA — NOT REAL PERSONNEL OR SENSOR DATA
18.8,63.8,7.6,4.0,1.0,3.7,6.1,12.8,2,1,9.4,4.4,-1.2,0,SYNTHETIC_PROTOTYPE_BENCHMARK,SYNTHETIC_PROTOTYPE_DATA_NOT_REAL_PERSONNEL_DATA,DEMO / SYNTHETIC DATA — NOT REAL PERSONNEL OR SENSOR DATA
24.1,40.2,8.4,7.5,1.0,2.0,6.2,13.4,1,3,6.1,4.6,-3.1,1,SYNTHETIC_PROTOTYPE_BENCHMARK,SYNTHETIC_PROTOTYPE_DATA_NOT_REAL_PERSONNEL_DATA,DEMO / SYNTHETIC DATA — NOT REAL PERSONNEL OR SENSOR DATA
27.5,68.7,8.4,5.7,5.0,2.6,7.0,17.1,0,2,5.5,4.4,-2.0,2,SYNTHETIC_PROTOTYPE_BENCHMARK,SYNTHETIC_PROTOTYPE_DATA_NOT_REAL_PERSONNEL_DATA,DEMO / SYNTHETIC DATA — NOT REAL PERSONNEL OR SENSOR DATA
26.0,67.2,6.1,4.0,4.0,0.2,5.0,15.9,3,3,8.0,4.2,-1.4,2,SYNTHETIC_PROTOTYPE_BENCHMARK,SYNTHETIC_PROTOTYPE_DATA_NOT_REAL_PERSONNEL_DATA,DEMO / SYNTHETIC DATA — NOT REAL PERSONNEL OR SENSOR DATA
22.9,59.4,1.6,4.0,4.0,24.0,5.2,12.5,2,1,3.2,5.4,-0.4,1,SYNTHETIC_PROTOTYPE_BENCHMARK,SYNTHETIC_PROTOTYPE_DATA_NOT_REAL_PERSONNEL_DATA,DEMO / SYNTHETIC DATA — NOT REAL PERSONNEL OR SENSOR DATA
26.2,69.8,6.4,4.0,3.0,5.9,4.8,13.4,2,0,1.1,6.5,-1.2,1,SYNTHETIC_PROTOTYPE_BENCHMARK,SYNTHETIC_PROTOTYPE_DATA_NOT_REAL_PERSONNEL_DATA,DEMO / SYNTHETIC DATA — NOT REAL PERSONNEL OR SENSOR DATA
23.3,35.4,7.6,4.0,3.0,4.2,7.7,18.1,0,1,8.5,6.6,0.2,0,SYNTHETIC_PROTOTYPE_BENCHMARK,SYNTHETIC_PROTOTYPE_DATA_NOT_REAL_PERSONNEL_DATA,DEMO / SYNTHETIC DATA — NOT REAL PERSONNEL OR SENSOR DATA
21.4,46.8,5.3,5.1,5.0,2.9,7.3,16.1,0,2,4.5,8.5,-1.8,1,SYNTHETIC_PROTOTYPE_BENCHMARK,SYNTHETIC_PROTOTYPE_DATA_NOT_REAL_PERSONNEL_DATA,DEMO / SYNTHETIC DATA — NOT REAL PERSONNEL OR SENSOR DATA
25.4,44.6,9.0,4.0,1.0,4.7,8.7,13.1,0,2,7.9,6.2,-1.0,1,SYNTHETIC_PROTOTYPE_BENCHMARK,SYNTHETIC_PROTOTYPE_DATA_NOT_REAL_PERSONNEL_DATA,DEMO / SYNTHETIC DATA — NOT REAL PERSONNEL OR SENSOR DATA
18.8,59.2,7.2,6.9,2.0,2.9,7.4,10.9,0,0,6.3,3.6,-0.6,0,SYNTHETIC_PROTOTYPE_BENCHMARK,SYNTHETIC_PROTOTYPE_DATA_NOT_REAL_PERSONNEL_DATA,DEMO / SYNTHETIC DATA — NOT REAL PERSONNEL OR SENSOR DATA
20.8,41.5,6.6,21.7,7.0,2.7,8.5,7.3,0,1,3.9,9.1,0.4,1,SYNTHETIC_PROTOTYPE_BENCHMARK,SYNTHETIC_PROTOTYPE_DATA_NOT_REAL_PERSONNEL_DATA,DEMO / SYNTHETIC DATA — NOT REAL PERSONNEL OR SENSOR DATA
25.2,59.6,7.7,4.0,1.0,3.7,6.8,11.9,0,0,7.4,4.5,1.9,1,SYNTHETIC_PROTOTYPE_BENCHMARK,SYNTHETIC_PROTOTYPE_DATA_NOT_REAL_PERSONNEL_DATA,DEMO / SYNTHETIC DATA — NOT REAL PERSONNEL OR SENSOR DATA
23.8,65.7,6.2,4.0,3.0,1.9,5.6,15.3,2,2,5.4,2.8,1.9,1,SYNTHETIC_PROTOTYPE_BENCHMARK,SYNTHETIC_PROTOTYPE_DATA_NOT_REAL_PERSONNEL_DATA,DEMO / SYNTHETIC DATA — NOT REAL PERSONNEL OR SENSOR DATA
12.7,59.0,1.0,6.5,4.0,1.2,6.8,19.5,0,0,4.0,8.2,0.5,0,SYNTHETIC_PROTOTYPE_BENCHMARK,SYNTHETIC_PROTOTYPE_DATA_NOT_REAL_PERSONNEL_DATA,DEMO / SYNTHETIC DATA — NOT REAL PERSONNEL OR SENSOR DATA
15.8,54.8,4.5,6.2,21.0,4.9,7.2,11.5,0,1,4.1,3.9,0.9,0,SYNTHETIC_PROTOTYPE_BENCHMARK,SYNTHETIC_PROTOTYPE_DATA_NOT_REAL_PERSONNEL_DATA,DEMO / SYNTHETIC DATA — NOT REAL PERSONNEL OR SENSOR DATA
17.2,42.1,7.9,5.7,2.0,11.1,7.6,14.5,0,0,2.7,4.5,0.7,0,SYNTHETIC_PROTOTYPE_BENCHMARK,SYNTHETIC_PROTOTYPE_DATA_NOT_REAL_PERSONNEL_DATA,DEMO / SYNTHETIC DATA — NOT REAL PERSONNEL OR SENSOR DATA
11.2,43.5,3.9,4.0,2.0,1.0,7.0,18.2,0,1,7.0,4.8,-0.7,0,SYNTHETIC_PROTOTYPE_BENCHMARK,SYNTHETIC_PROTOTYPE_DATA_NOT_REAL_PERSONNEL_DATA,DEMO / SYNTHETIC DATA — NOT REAL PERSONNEL OR SENSOR DATA
21.7,64.5,5.1,4.0,6.0,0.2,6.9,17.1,0,3,4.3,4.7,2.0,1,SYNTHETIC_PROTOTYPE_BENCHMARK,SYNTHETIC_PROTOTYPE_DATA_NOT_REAL_PERSONNEL_DATA,DEMO / SYNTHETIC DATA — NOT REAL PERSONNEL OR SENSOR DATA
22.9,59.8,3.4,4.0,6.0,1.7,5.9,15.3,1,0,6.1,6.1,-2.0,1,SYNTHETIC_PROTOTYPE_BENCHMARK,SYNTHETIC_PROTOTYPE_DATA_NOT_REAL_PERSONNEL_DATA,DEMO / SYNTHETIC DATA — NOT REAL PERSONNEL OR SENSOR DATA
23.2,51.6,9.1,14.6,5.0,23.4,5.5,11.1,2,0,5.8,1.2,-4.5,2,SYNTHETIC_PROTOTYPE_BENCHMARK,SYNTHETIC_PROTOTYPE_DATA_NOT_REAL_PERSONNEL_DATA,DEMO / SYNTHETIC DATA — NOT REAL PERSONNEL OR SENSOR DATA
9.7,47.8,8.9,4.0,2.0,10.6,6.0,13.3,1,0,4.3,6.7,-2.3,0,SYNTHETIC_PROTOTYPE_BENCHMARK,SYNTHETIC_PROTOTYPE_DATA_NOT_REAL_PERSONNEL_DATA,DEMO / SYNTHETIC DATA — NOT REAL PERSONNEL OR SENSOR DATA
7.4,31.7,3.7,10.3,1.0,5.4,7.7,12.6,0,1,3.2,5.4,3.1,0,SYNTHETIC_PROTOTYPE_BENCHMARK,SYNTHETIC_PROTOTYPE_DATA_NOT_REAL_PERSONNEL_DATA,DEMO / SYNTHETIC DATA — NOT REAL PERSONNEL OR SENSOR DATA
26.3,41.3,5.8,4.0,3.0,15.9,6.0,16.1,2,1,10.0,5.1,-0.6,1,SYNTHETIC_PROTOTYPE_BENCHMARK,SYNTHETIC_PROTOTYPE_DATA_NOT_REAL_PERSONNEL_DATA,DEMO / SYNTHETIC DATA — NOT REAL PERSONNEL OR SENSOR DATA
25.4,71.1,4.1,18.1,7.0,3.5,5.8,12.2,1,0,6.1,6.6,0.6,2,SYNTHETIC_PROTOTYPE_BENCHMARK,SYNTHETIC_PROTOTYPE_DATA_NOT_REAL_PERSONNEL_DATA,DEMO / SYNTHETIC DATA — NOT REAL PERSONNEL OR SENSOR DATA
13.7,39.2,6.7,4.4,8.0,24.5,7.5,14.2,0,1,9.8,6.1,-0.6,0,SYNTHETIC_PROTOTYPE_BENCHMARK,SYNTHETIC_PROTOTYPE_DATA_NOT_REAL_PERSONNEL_DATA,DEMO / SYNTHETIC DATA — NOT REAL PERSONNEL OR SENSOR DATA
12.8,53.9,6.5,4.0,0.0,2.1,6.1,15.2,1,0,8.5,5.7,1.2,0,SYNTHETIC_PROTOTYPE_BENCHMARK,SYNTHETIC_PROTOTYPE_DATA_NOT_REAL_PERSONNEL_DATA,DEMO / SYNTHETIC DATA — NOT REAL PERSONNEL OR SENSOR DATA
18.7,62.1,7.1,4.0,2.0,1.6,6.2,13.7,2,2,5.6,4.5,0.2,1,SYNTHETIC_PROTOTYPE_BENCHMARK,SYNTHETIC_PROTOTYPE_DATA_NOT_REAL_PERSONNEL_DATA,DEMO / SYNTHETIC DATA — NOT REAL PERSONNEL OR SENSOR DATA
19.6,39.5,6.2,4.0,2.0,6.1,7.4,16.1,0,2,6.6,7.0,-0.2,0,SYNTHETIC_PROTOTYPE_BENCHMARK,SYNTHETIC_PROTOTYPE_DATA_NOT_REAL_PERSONNEL_DATA,DEMO / SYNTHETIC DATA — NOT REAL PERSONNEL OR SENSOR DATA
32.3,53.8,10.0,4.0,13.0,2.9,7.1,17.2,0,3,6.5,7.4,1.4,2,SYNTHETIC_PROTOTYPE_BENCHMARK,SYNTHETIC_PROTOTYPE_DATA_NOT_REAL_PERSONNEL_DATA,DEMO / SYNTHETIC DATA — NOT REAL PERSONNEL OR SENSOR DATA
30.7,61.4,3.4,4.0,4.0,5.9,6.1,16.9,2,3,9.9,1.0,-1.0,2,SYNTHETIC_PROTOTYPE_BENCHMARK,SYNTHETIC_PROTOTYPE_DATA_NOT_REAL_PERSONNEL_DATA,DEMO / SYNTHETIC DATA — NOT REAL PERSONNEL OR SENSOR DATA
9.2,52.1,2.1,4.0,2.0,2.2,7.6,13.3,0,1,7.9,6.7,0.8,0,SYNTHETIC_PROTOTYPE_BENCHMARK,SYNTHETIC_PROTOTYPE_DATA_NOT_REAL_PERSONNEL_DATA,DEMO / SYNTHETIC DATA — NOT REAL PERSONNEL OR SENSOR DATA
22.8,80.7,4.7,4.0,0.0,5.8,6.2,15.9,2,1,4.6,5.8,-0.4,1,SYNTHETIC_PROTOTYPE_BENCHMARK,SYNTHETIC_PROTOTYPE_DATA_NOT_REAL_PERSONNEL_DATA,DEMO / SYNTHETIC DATA — NOT REAL PERSONNEL OR SENSOR DATA
9.7,35.3,2.4,5.8,3.0,1.9,8.5,13.5,0,2,6.9,6.8,-0.2,0,SYNTHETIC_PROTOTYPE_BENCHMARK,SYNTHETIC_PROTOTYPE_DATA_NOT_REAL_PERSONNEL_DATA,DEMO / SYNTHETIC DATA — NOT REAL PERSONNEL OR SENSOR DATA
17.9,62.6,2.5,4.0,0.0,0.3,6.5,17.6,0,0,7.8,3.5,-1.8,0,SYNTHETIC_PROTOTYPE_BENCHMARK,SYNTHETIC_PROTOTYPE_DATA_NOT_REAL_PERSONNEL_DATA,DEMO / SYNTHETIC DATA — NOT REAL PERSONNEL OR SENSOR DATA
10.7,50.3,3.5,4.0,6.0,14.6,6.2,15.3,1,0,3.8,3.5,-0.5,0,SYNTHETIC_PROTOTYPE_BENCHMARK,SYNTHETIC_PROTOTYPE_DATA_NOT_REAL_PERSONNEL_DATA,DEMO / SYNTHETIC DATA — NOT REAL PERSONNEL OR SENSOR DATA
16.2,59.7,3.7,7.6,5.0,12.9,5.8,11.1,2,0,7.2,8.2,-1.2,0,SYNTHETIC_PROTOTYPE_BENCHMARK,SYNTHETIC_PROTOTYPE_DATA_NOT_REAL_PERSONNEL_DATA,DEMO / SYNTHETIC DATA — NOT REAL PERSONNEL OR SENSOR DATA
15.1,56.4,3.6,4.0,2.0,21.2,6.5,15.2,2,1,8.9,3.5,2.5,1,SYNTHETIC_PROTOTYPE_BENCHMARK,SYNTHETIC_PROTOTYPE_DATA_NOT_REAL_PERSONNEL_DATA,DEMO / SYNTHETIC DATA — NOT REAL PERSONNEL OR SENSOR DATA
19.9,44.7,6.5,13.0,2.0,7.6,6.8,12.9,0,1,4.5,7.8,-3.7,1,SYNTHETIC_PROTOTYPE_BENCHMARK,SYNTHETIC_PROTOTYPE_DATA_NOT_REAL_PERSONNEL_DATA,DEMO / SYNTHETIC DATA — NOT REAL PERSONNEL OR SENSOR DATA
15.3,54.3,4.5,4.4,8.0,6.9,6.3,15.9,2,0,4.8,5.6,2.0,0,SYNTHETIC_PROTOTYPE_BENCHMARK,SYNTHETIC_PROTOTYPE_DATA_NOT_REAL_PERSONNEL_DATA,DEMO / SYNTHETIC DATA — NOT REAL PERSONNEL OR SENSOR DATA
11.3,33.4,5.1,4.0,1.0,4.9,7.3,14.6,0,0,8.5,9.2,-3.8,0,SYNTHETIC_PROTOTYPE_BENCHMARK,SYNTHETIC_PROTOTYPE_DATA_NOT_REAL_PERSONNEL_DATA,DEMO / SYNTHETIC DATA — NOT REAL PERSONNEL OR SENSOR DATA
25.0,58.0,7.3,4.0,1.0,0.8,6.2,14.4,2,2,5.5,4.3,1.2,1,SYNTHETIC_PROTOTYPE_BENCHMARK,SYNTHETIC_PROTOTYPE_DATA_NOT_REAL_PERSONNEL_DATA,DEMO / SYNTHETIC DATA — NOT REAL PERSONNEL OR SENSOR DATA
22.8,55.0,4.0,4.2,10.0,1.3,7.0,13.6,0,0,4.2,2.5,-1.8,0,SYNTHETIC_PROTOTYPE_BENCHMARK,SYNTHETIC_PROTOTYPE_DATA_NOT_REAL_PERSONNEL_DATA,DEMO / SYNTHETIC DATA — NOT REAL PERSONNEL OR SENSOR DATA
32.5,58.4,5.0,4.0,6.0,2.1,5.6,14.8,1,3,8.0,4.8,1.2,2,SYNTHETIC_PROTOTYPE_BENCHMARK,SYNTHETIC_PROTOTYPE_DATA_NOT_REAL_PERSONNEL_DATA,DEMO / SYNTHETIC DATA — NOT REAL PERSONNEL OR SENSOR DATA
21.5,62.6,6.2,4.0,6.0,13.3,6.4,13.9,1,0,7.4,2.3,-0.3,1,SYNTHETIC_PROTOTYPE_BENCHMARK,SYNTHETIC_PROTOTYPE_DATA_NOT_REAL_PERSONNEL_DATA,DEMO / SYNTHETIC DATA — NOT REAL PERSONNEL OR SENSOR DATA
15.8,55.7,1.6,4.0,1.0,1.1,7.4,17.5,0,1,6.4,8.9,-3.2,0,SYNTHETIC_PROTOTYPE_BENCHMARK,SYNTHETIC_PROTOTYPE_DATA_NOT_REAL_PERSONNEL_DATA,DEMO / SYNTHETIC DATA — NOT REAL PERSONNEL OR SENSOR DATA
22.2,53.5,1.0,4.0,1.0,15.4,6.0,13.8,2,1,8.4,6.0,3.0,1,SYNTHETIC_PROTOTYPE_BENCHMARK,SYNTHETIC_PROTOTYPE_DATA_NOT_REAL_PERSONNEL_DATA,DEMO / SYNTHETIC DATA — NOT REAL PERSONNEL OR SENSOR DATA
18.0,43.2,6.2,4.0,0.0,4.4,8.8,15.8,0,0,8.6,6.8,1.7,0,SYNTHETIC_PROTOTYPE_BENCHMARK,SYNTHETIC_PROTOTYPE_DATA_NOT_REAL_PERSONNEL_DATA,DEMO / SYNTHETIC DATA — NOT REAL PERSONNEL OR SENSOR DATA
21.0,44.9,6.5,4.0,1.0,7.5,7.1,15.7,0,1,6.0,6.7,1.1,0,SYNTHETIC_PROTOTYPE_BENCHMARK,SYNTHETIC_PROTOTYPE_DATA_NOT_REAL_PERSONNEL_DATA,DEMO / SYNTHETIC DATA — NOT REAL PERSONNEL OR SENSOR DATA
18.6,63.9,9.6,4.0,5.0,0.7,5.3,17.5,2,1,10.0,3.4,-1.4,1,SYNTHETIC_PROTOTYPE_BENCHMARK,SYNTHETIC_PROTOTYPE_DATA_NOT_REAL_PERSONNEL_DATA,DEMO / SYNTHETIC DATA — NOT REAL PERSONNEL OR SENSOR DATA
28.5,66.4,5.8,4.5,1.0,1.9,6.2,17.6,2,2,9.4,4.1,1.8,2,SYNTHETIC_PROTOTYPE_BENCHMARK,SYNTHETIC_PROTOTYPE_DATA_NOT_REAL_PERSONNEL_DATA,DEMO / SYNTHETIC DATA — NOT REAL PERSONNEL OR SENSOR DATA
22.3,49.6,7.1,4.0,5.0,19.1,6.6,17.0,0,2,2.2,5.4,-2.8,1,SYNTHETIC_PROTOTYPE_BENCHMARK,SYNTHETIC_PROTOTYPE_DATA_NOT_REAL_PERSONNEL_DATA,DEMO / SYNTHETIC DATA — NOT REAL PERSONNEL OR SENSOR DATA
12.6,52.5,5.1,4.0,1.0,1.9,7.3,16.3,0,0,4.1,8.0,-4.9,0,SYNTHETIC_PROTOTYPE_BENCHMARK,SYNTHETIC_PROTOTYPE_DATA_NOT_REAL_PERSONNEL_DATA,DEMO / SYNTHETIC DATA — NOT REAL PERSONNEL OR SENSOR DATA
12.6,43.0,6.1,4.0,2.0,2.1,7.1,13.5,0,0,1.7,3.9,-3.4,0,SYNTHETIC_PROTOTYPE_BENCHMARK,SYNTHETIC_PROTOTYPE_DATA_NOT_REAL_PERSONNEL_DATA,DEMO / SYNTHETIC DATA — NOT REAL PERSONNEL OR SENSOR DATA
24.7,63.7,8.8,4.0,14.0,1.3,5.7,13.5,1,0,5.6,3.4,-2.0,1,SYNTHETIC_PROTOTYPE_BENCHMARK,SYNTHETIC_PROTOTYPE_DATA_NOT_REAL_PERSONNEL_DATA,DEMO / SYNTHETIC DATA — NOT REAL PERSONNEL OR SENSOR DATA
6.6,58.7,1.3,4.0,1.0,0.8,5.9,13.9,2,0,3.8,4.2,-1.7,0,SYNTHETIC_PROTOTYPE_BENCHMARK,SYNTHETIC_PROTOTYPE_DATA_NOT_REAL_PERSONNEL_DATA,DEMO / SYNTHETIC DATA — NOT REAL PERSONNEL OR SENSOR DATA
23.3,71.4,6.3,4.0,2.0,1.6,5.7,17.1,1,1,4.6,3.0,-1.0,2,SYNTHETIC_PROTOTYPE_BENCHMARK,SYNTHETIC_PROTOTYPE_DATA_NOT_REAL_PERSONNEL_DATA,DEMO / SYNTHETIC DATA — NOT REAL PERSONNEL OR SENSOR DATA
20.1,43.2,9.8,4.0,1.0,6.2,6.7,15.7,0,3,8.4,3.4,-0.9,1,SYNTHETIC_PROTOTYPE_BENCHMARK,SYNTHETIC_PROTOTYPE_DATA_NOT_REAL_PERSONNEL_DATA,DEMO / SYNTHETIC DATA — NOT REAL PERSONNEL OR SENSOR DATA
15.9,48.2,6.1,4.0,0.0,3.6,6.2,17.3,2,1,2.7,1.3,-1.4,1,SYNTHETIC_PROTOTYPE_BENCHMARK,SYNTHETIC_PROTOTYPE_DATA_NOT_REAL_PERSONNEL_DATA,DEMO / SYNTHETIC DATA — NOT REAL PERSONNEL OR SENSOR DATA
21.4,54.3,8.8,4.0,2.0,4.8,6.2,17.6,1,2,6.5,2.2,-4.7,1,SYNTHETIC_PROTOTYPE_BENCHMARK,SYNTHETIC_PROTOTYPE_DATA_NOT_REAL_PERSONNEL_DATA,DEMO / SYNTHETIC DATA — NOT REAL PERSONNEL OR SENSOR DATA
12.4,58.5,4.2,4.0,2.0,0.8,7.3,14.1,0,1,6.4,6.4,0.4,0,SYNTHETIC_PROTOTYPE_BENCHMARK,SYNTHETIC_PROTOTYPE_DATA_NOT_REAL_PERSONNEL_DATA,DEMO / SYNTHETIC DATA — NOT REAL PERSONNEL OR SENSOR DATA
22.3,49.8,5.4,4.0,4.0,9.7,8.1,15.7,0,2,6.0,5.2,-0.6,1,SYNTHETIC_PROTOTYPE_BENCHMARK,SYNTHETIC_PROTOTYPE_DATA_NOT_REAL_PERSONNEL_DATA,DEMO / SYNTHETIC DATA — NOT REAL PERSONNEL OR SENSOR DATA
5.8,43.3,5.6,4.0,6.0,9.2,7.7,15.6,0,0,6.5,6.8,-1.5,0,SYNTHETIC_PROTOTYPE_BENCHMARK,SYNTHETIC_PROTOTYPE_DATA_NOT_REAL_PERSONNEL_DATA,DEMO / SYNTHETIC DATA — NOT REAL PERSONNEL OR SENSOR DATA
18.6,60.8,1.1,7.9,3.0,0.1,7.7,13.4,0,2,1.7,3.7,3.1,0,SYNTHETIC_PROTOTYPE_BENCHMARK,SYNTHETIC_PROTOTYPE_DATA_NOT_REAL_PERSONNEL_DATA,DEMO / SYNTHETIC DATA — NOT REAL PERSONNEL OR SENSOR DATA
17.5,59.2,3.2,5.6,0.0,2.9,7.4,13.9,0,3,4.6,4.6,-0.5,1,SYNTHETIC_PROTOTYPE_BENCHMARK,SYNTHETIC_PROTOTYPE_DATA_NOT_REAL_PERSONNEL_DATA,DEMO / SYNTHETIC DATA — NOT REAL PERSONNEL OR SENSOR DATA
20.4,42.8,3.3,4.0,3.0,0.4,8.0,18.0,0,0,9.3,8.0,0.1,0,SYNTHETIC_PROTOTYPE_BENCHMARK,SYNTHETIC_PROTOTYPE_DATA_NOT_REAL_PERSONNEL_DATA,DEMO / SYNTHETIC DATA — NOT REAL PERSONNEL OR SENSOR DATA
21.5,65.6,7.1,4.0,0.0,9.4,5.9,15.7,2,0,3.8,6.7,1.8,1,SYNTHETIC_PROTOTYPE_BENCHMARK,SYNTHETIC_PROTOTYPE_DATA_NOT_REAL_PERSONNEL_DATA,DEMO / SYNTHETIC DATA — NOT REAL PERSONNEL OR SENSOR DATA
16.8,63.7,7.2,4.0,3.0,8.0,6.4,15.6,2,3,9.5,5.9,-3.3,1,SYNTHETIC_PROTOTYPE_BENCHMARK,SYNTHETIC_PROTOTYPE_DATA_NOT_REAL_PERSONNEL_DATA,DEMO / SYNTHETIC DATA — NOT REAL PERSONNEL OR SENSOR DATA
23.6,53.3,6.1,8.5,4.0,13.9,6.2,12.2,2,2,3.4,5.3,-0.0,1,SYNTHETIC_PROTOTYPE_BENCHMARK,SYNTHETIC_PROTOTYPE_DATA_NOT_REAL_PERSONNEL_DATA,DEMO / SYNTHETIC DATA — NOT REAL PERSONNEL OR SENSOR DATA
13.7,52.8,7.1,4.0,1.0,1.6,6.8,17.0,0,0,3.1,5.8,1.7,0,SYNTHETIC_PROTOTYPE_BENCHMARK,SYNTHETIC_PROTOTYPE_DATA_NOT_REAL_PERSONNEL_DATA,DEMO / SYNTHETIC DATA — NOT REAL PERSONNEL OR SENSOR DATA
23.3,57.5,5.2,17.7,6.0,3.7,6.7,8.1,0,1,4.3,5.4,-0.2,1,SYNTHETIC_PROTOTYPE_BENCHMARK,SYNTHETIC_PROTOTYPE_DATA_NOT_REAL_PERSONNEL_DATA,DEMO / SYNTHETIC DATA — NOT REAL PERSONNEL OR SENSOR DATA
19.5,43.4,7.9,4.4,8.0,1.2,7.9,16.4,0,1,8.5,5.3,-2.9,0,SYNTHETIC_PROTOTYPE_BENCHMARK,SYNTHETIC_PROTOTYPE_DATA_NOT_REAL_PERSONNEL_DATA,DEMO / SYNTHETIC DATA — NOT REAL PERSONNEL OR SENSOR DATA
23.9,52.3,5.5,4.6,6.0,2.8,7.3,16.3,0,1,5.1,4.5,-1.1,1,SYNTHETIC_PROTOTYPE_BENCHMARK,SYNTHETIC_PROTOTYPE_DATA_NOT_REAL_PERSONNEL_DATA,DEMO / SYNTHETIC DATA — NOT REAL PERSONNEL OR SENSOR DATA
14.5,30.5,5.6,4.0,1.0,4.4,7.6,14.8,0,1,6.9,8.0,0.4,0,SYNTHETIC_PROTOTYPE_BENCHMARK,SYNTHETIC_PROTOTYPE_DATA_NOT_REAL_PERSONNEL_DATA,DEMO / SYNTHETIC DATA — NOT REAL PERSONNEL OR SENSOR DATA
21.6,60.8,5.0,4.0,3.0,0.3,6.7,16.2,0,0,6.3,2.7,-4.6,1,SYNTHETIC_PROTOTYPE_BENCHMARK,SYNTHETIC_PROTOTYPE_DATA_NOT_REAL_PERSONNEL_DATA,DEMO / SYNTHETIC DATA — NOT REAL PERSONNEL OR SENSOR DATA
15.5,36.4,6.9,4.0,9.0,7.5,7.8,16.0,0,1,6.1,8.2,-3.0,0,SYNTHETIC_PROTOTYPE_BENCHMARK,SYNTHETIC_PROTOTYPE_DATA_NOT_REAL_PERSONNEL_DATA,DEMO / SYNTHETIC DATA — NOT REAL PERSONNEL OR SENSOR DATA
19.9,67.0,4.7,4.0,1.0,4.7,6.8,15.5,0,2,8.7,3.9,4.3,1,SYNTHETIC_PROTOTYPE_BENCHMARK,SYNTHETIC_PROTOTYPE_DATA_NOT_REAL_PERSONNEL_DATA,DEMO / SYNTHETIC DATA — NOT REAL PERSONNEL OR SENSOR DATA
26.4,48.7,7.5,4.0,6.0,10.6,5.6,15.6,2,2,7.7,3.3,1.1,2,SYNTHETIC_PROTOTYPE_BENCHMARK,SYNTHETIC_PROTOTYPE_DATA_NOT_REAL_PERSONNEL_DATA,DEMO / SYNTHETIC DATA — NOT REAL PERSONNEL OR SENSOR DATA
11.0,49.9,3.2,8.8,0.0,1.9,6.2,13.8,1,0,3.9,4.4,3.3,1,SYNTHETIC_PROTOTYPE_BENCHMARK,SYNTHETIC_PROTOTYPE_DATA_NOT_REAL_PERSONNEL_DATA,DEMO / SYNTHETIC DATA — NOT REAL PERSONNEL OR SENSOR DATA
16.4,45.7,3.3,4.0,0.0,14.0,7.7,15.9,0,2,5.6,4.1,1.9,0,SYNTHETIC_PROTOTYPE_BENCHMARK,SYNTHETIC_PROTOTYPE_DATA_NOT_REAL_PERSONNEL_DATA,DEMO / SYNTHETIC DATA — NOT REAL PERSONNEL OR SENSOR DATA
16.0,49.1,6.9,4.0,5.0,39.8,5.9,15.7,1,0,9.7,4.4,0.9,1,SYNTHETIC_PROTOTYPE_BENCHMARK,SYNTHETIC_PROTOTYPE_DATA_NOT_REAL_PERSONNEL_DATA,DEMO / SYNTHETIC DATA — NOT REAL PERSONNEL OR SENSOR DATA
25.7,66.2,5.3,4.0,5.0,15.1,5.7,13.4,2,1,6.8,3.4,-0.7,1,SYNTHETIC_PROTOTYPE_BENCHMARK,SYNTHETIC_PROTOTYPE_DATA_NOT_REAL_PERSONNEL_DATA,DEMO / SYNTHETIC DATA — NOT REAL PERSONNEL OR SENSOR DATA
12.7,30.0,4.6,5.0,5.0,9.0,7.4,14.9,0,3,3.2,5.4,0.8,0,SYNTHETIC_PROTOTYPE_BENCHMARK,SYNTHETIC_PROTOTYPE_DATA_NOT_REAL_PERSONNEL_DATA,DEMO / SYNTHETIC DATA — NOT REAL PERSONNEL OR SENSOR DATA
21.2,64.8,7.3,4.9,9.0,10.0,6.0,15.8,2,1,3.3,3.9,3.2,1,SYNTHETIC_PROTOTYPE_BENCHMARK,SYNTHETIC_PROTOTYPE_DATA_NOT_REAL_PERSONNEL_DATA,DEMO / SYNTHETIC DATA — NOT REAL PERSONNEL OR SENSOR DATA
16.5,55.4,4.3,4.0,0.0,5.1,7.2,15.8,0,0,8.0,4.8,1.8,0,SYNTHETIC_PROTOTYPE_BENCHMARK,SYNTHETIC_PROTOTYPE_DATA_NOT_REAL_PERSONNEL_DATA,DEMO / SYNTHETIC DATA — NOT REAL PERSONNEL OR SENSOR DATA
20.7,39.9,5.1,4.0,1.0,1.3,6.6,17.5,0,0,7.6,6.9,0.4,0,SYNTHETIC_PROTOTYPE_BENCHMARK,SYNTHETIC_PROTOTYPE_DATA_NOT_REAL_PERSONNEL_DATA,DEMO / SYNTHETIC DATA — NOT REAL PERSONNEL OR SENSOR DATA
15.6,41.2,8.3,4.0,8.0,6.8,7.3,16.8,0,1,4.4,5.3,-0.4,0,SYNTHETIC_PROTOTYPE_BENCHMARK,SYNTHETIC_PROTOTYPE_DATA_NOT_REAL_PERSONNEL_DATA,DEMO / SYNTHETIC DATA — NOT REAL PERSONNEL OR SENSOR DATA
23.9,68.8,8.6,4.0,1.0,7.5,6.3,13.9,2,2,7.7,4.7,1.1,1,SYNTHETIC_PROTOTYPE_BENCHMARK,SYNTHETIC_PROTOTYPE_DATA_NOT_REAL_PERSONNEL_DATA,DEMO / SYNTHETIC DATA — NOT REAL PERSONNEL OR SENSOR DATA
16.3,42.5,8.6,4.0,4.0,25.4,7.0,15.3,0,3,9.4,5.6,-1.2,1,SYNTHETIC_PROTOTYPE_BENCHMARK,SYNTHETIC_PROTOTYPE_DATA_NOT_REAL_PERSONNEL_DATA,DEMO / SYNTHETIC DATA — NOT REAL PERSONNEL OR SENSOR DATA
12.9,40.5,4.9,11.3,3.0,4.7,7.5,12.0,0,2,9.1,6.6,1.1,0,SYNTHETIC_PROTOTYPE_BENCHMARK,SYNTHETIC_PROTOTYPE_DATA_NOT_REAL_PERSONNEL_DATA,DEMO / SYNTHETIC DATA — NOT REAL PERSONNEL OR SENSOR DATA
25.1,63.4,8.0,4.0,0.0,1.9,6.9,15.6,0,2,9.4,4.5,-1.5,1,SYNTHETIC_PROTOTYPE_BENCHMARK,SYNTHETIC_PROTOTYPE_DATA_NOT_REAL_PERSONNEL_DATA,DEMO / SYNTHETIC DATA — NOT REAL PERSONNEL OR SENSOR DATA
20.4,55.4,3.6,4.0,1.0,6.9,6.2,15.6,2,2,7.3,4.0,-0.8,1,SYNTHETIC_PROTOTYPE_BENCHMARK,SYNTHETIC_PROTOTYPE_DATA_NOT_REAL_PERSONNEL_DATA,DEMO / SYNTHETIC DATA — NOT REAL PERSONNEL OR SENSOR DATA
20.1,42.6,3.7,4.0,3.0,23.3,5.9,16.8,1,3,5.8,4.3,-2.3,1,SYNTHETIC_PROTOTYPE_BENCHMARK,SYNTHETIC_PROTOTYPE_DATA_NOT_REAL_PERSONNEL_DATA,DEMO / SYNTHETIC DATA — NOT REAL PERSONNEL OR SENSOR DATA
19.1,54.2,1.0,6.6,7.0,1.2,8.9,14.9,0,0,5.4,5.3,-1.0,0,SYNTHETIC_PROTOTYPE_BENCHMARK,SYNTHETIC_PROTOTYPE_DATA_NOT_REAL_PERSONNEL_DATA,DEMO / SYNTHETIC DATA — NOT REAL PERSONNEL OR SENSOR DATA
14.8,41.7,8.8,4.0,4.0,2.4,7.1,18.1,0,3,6.2,7.6,-1.5,0,SYNTHETIC_PROTOTYPE_BENCHMARK,SYNTHETIC_PROTOTYPE_DATA_NOT_REAL_PERSONNEL_DATA,DEMO / SYNTHETIC DATA — NOT REAL PERSONNEL OR SENSOR DATA
29.3,63.0,3.8,4.0,3.0,4.7,6.3,16.1,2,1,4.4,4.2,3.7,1,SYNTHETIC_PROTOTYPE_BENCHMARK,SYNTHETIC_PROTOTYPE_DATA_NOT_REAL_PERSONNEL_DATA,DEMO / SYNTHETIC DATA — NOT REAL PERSONNEL OR SENSOR DATA
27.8,62.6,5.2,4.6,2.0,1.1,7.1,13.7,0,3,5.5,3.5,-2.0,1,SYNTHETIC_PROTOTYPE_BENCHMARK,SYNTHETIC_PROTOTYPE_DATA_NOT_REAL_PERSONNEL_DATA,DEMO / SYNTHETIC DATA — NOT REAL PERSONNEL OR SENSOR DATA
13.9,57.3,3.7,4.0,1.0,0.1,8.1,14.7,0,0,8.8,4.4,0.8,0,SYNTHETIC_PROTOTYPE_BENCHMARK,SYNTHETIC_PROTOTYPE_DATA_NOT_REAL_PERSONNEL_DATA,DEMO / SYNTHETIC DATA — NOT REAL PERSONNEL OR SENSOR DATA
23.7,55.6,6.9,6.3,0.0,2.5,6.4,15.9,1,2,3.0,4.1,-2.1,1,SYNTHETIC_PROTOTYPE_BENCHMARK,SYNTHETIC_PROTOTYPE_DATA_NOT_REAL_PERSONNEL_DATA,DEMO / SYNTHETIC DATA — NOT REAL PERSONNEL OR SENSOR DATA
22.1,69.6,4.7,4.0,2.0,12.0,5.2,12.4,2,2,3.1,3.1,0.1,2,SYNTHETIC_PROTOTYPE_BENCHMARK,SYNTHETIC_PROTOTYPE_DATA_NOT_REAL_PERSONNEL_DATA,DEMO / SYNTHETIC DATA — NOT REAL PERSONNEL OR SENSOR DATA
22.3,52.0,2.9,5.8,0.0,0.3,6.0,12.2,2,3,7.9,2.9,0.6,1,SYNTHETIC_PROTOTYPE_BENCHMARK,SYNTHETIC_PROTOTYPE_DATA_NOT_REAL_PERSONNEL_DATA,DEMO / SYNTHETIC DATA — NOT REAL PERSONNEL OR SENSOR DATA
24.9,40.2,6.4,4.0,1.0,3.4,8.7,15.6,0,2,5.5,5.4,-4.1,0,SYNTHETIC_PROTOTYPE_BENCHMARK,SYNTHETIC_PROTOTYPE_DATA_NOT_REAL_PERSONNEL_DATA,DEMO / SYNTHETIC DATA — NOT REAL PERSONNEL OR SENSOR DATA
16.3,56.5,2.6,4.0,2.0,8.6,5.8,17.5,1,1,2.3,5.2,-3.1,0,SYNTHETIC_PROTOTYPE_BENCHMARK,SYNTHETIC_PROTOTYPE_DATA_NOT_REAL_PERSONNEL_DATA,DEMO / SYNTHETIC DATA — NOT REAL PERSONNEL OR SENSOR DATA
21.7,72.9,3.8,9.1,2.0,18.4,5.6,16.2,2,1,6.1,2.3,-2.1,2,SYNTHETIC_PROTOTYPE_BENCHMARK,SYNTHETIC_PROTOTYPE_DATA_NOT_REAL_PERSONNEL_DATA,DEMO / SYNTHETIC DATA — NOT REAL PERSONNEL OR SENSOR DATA
12.2,41.9,1.3,4.0,0.0,25.4,5.9,15.2,2,1,5.8,4.4,-2.9,0,SYNTHETIC_PROTOTYPE_BENCHMARK,SYNTHETIC_PROTOTYPE_DATA_NOT_REAL_PERSONNEL_DATA,DEMO / SYNTHETIC DATA — NOT REAL PERSONNEL OR SENSOR DATA
13.2,48.4,2.7,4.0,3.0,3.3,5.9,17.7,2,0,5.3,3.9,0.2,0,SYNTHETIC_PROTOTYPE_BENCHMARK,SYNTHETIC_PROTOTYPE_DATA_NOT_REAL_PERSONNEL_DATA,DEMO / SYNTHETIC DATA — NOT REAL PERSONNEL OR SENSOR DATA
17.1,56.2,5.9,4.0,3.0,18.0,6.1,15.7,1,0,7.6,2.8,0.5,1,SYNTHETIC_PROTOTYPE_BENCHMARK,SYNTHETIC_PROTOTYPE_DATA_NOT_REAL_PERSONNEL_DATA,DEMO / SYNTHETIC DATA — NOT REAL PERSONNEL OR SENSOR DATA
10.7,51.5,1.6,4.0,0.0,0.2,6.3,12.5,1,0,3.5,3.7,-2.3,0,SYNTHETIC_PROTOTYPE_BENCHMARK,SYNTHETIC_PROTOTYPE_DATA_NOT_REAL_PERSONNEL_DATA,DEMO / SYNTHETIC DATA — NOT REAL PERSONNEL OR SENSOR DATA
14.1,42.2,2.5,4.0,10.0,8.2,6.6,15.6,0,1,6.2,5.4,0.3,0,SYNTHETIC_PROTOTYPE_BENCHMARK,SYNTHETIC_PROTOTYPE_DATA_NOT_REAL_PERSONNEL_DATA,DEMO / SYNTHETIC DATA — NOT REAL PERSONNEL OR SENSOR DATA
22.5,63.2,5.5,19.1,0.0,6.2,8.0,8.3,0,3,5.8,2.5,-0.9,1,SYNTHETIC_PROTOTYPE_BENCHMARK,SYNTHETIC_PROTOTYPE_DATA_NOT_REAL_PERSONNEL_DATA,DEMO / SYNTHETIC DATA — NOT REAL PERSONNEL OR SENSOR DATA
24.1,75.2,4.4,16.3,7.0,1.7,6.4,12.5,2,3,6.3,3.6,-0.2,2,SYNTHETIC_PROTOTYPE_BENCHMARK,SYNTHETIC_PROTOTYPE_DATA_NOT_REAL_PERSONNEL_DATA,DEMO / SYNTHETIC DATA — NOT REAL PERSONNEL OR SENSOR DATA
9.5,54.0,9.5,4.0,0.0,4.2,7.6,15.5,0,0,2.7,3.9,-1.4,0,SYNTHETIC_PROTOTYPE_BENCHMARK,SYNTHETIC_PROTOTYPE_DATA_NOT_REAL_PERSONNEL_DATA,DEMO / SYNTHETIC DATA — NOT REAL PERSONNEL OR SENSOR DATA
15.4,43.0,9.2,4.0,7.0,0.8,8.0,13.0,0,0,5.2,4.2,1.1,0,SYNTHETIC_PROTOTYPE_BENCHMARK,SYNTHETIC_PROTOTYPE_DATA_NOT_REAL_PERSONNEL_DATA,DEMO / SYNTHETIC DATA — NOT REAL PERSONNEL OR SENSOR DATA
12.4,36.5,3.8,4.0,0.0,12.3,7.2,12.6,0,0,6.2,6.5,3.6,0,SYNTHETIC_PROTOTYPE_BENCHMARK,SYNTHETIC_PROTOTYPE_DATA_NOT_REAL_PERSONNEL_DATA,DEMO / SYNTHETIC DATA — NOT REAL PERSONNEL OR SENSOR DATA
26.0,54.6,6.6,4.6,5.0,2.7,6.5,15.3,1,0,7.3,4.0,1.7,1,SYNTHETIC_PROTOTYPE_BENCHMARK,SYNTHETIC_PROTOTYPE_DATA_NOT_REAL_PERSONNEL_DATA,DEMO / SYNTHETIC DATA — NOT REAL PERSONNEL OR SENSOR DATA
20.1,63.0,7.0,4.0,2.0,5.9,6.6,10.8,0,0,9.9,3.8,3.1,1,SYNTHETIC_PROTOTYPE_BENCHMARK,SYNTHETIC_PROTOTYPE_DATA_NOT_REAL_PERSONNEL_DATA,DEMO / SYNTHETIC DATA — NOT REAL PERSONNEL OR SENSOR DATA
22.2,56.8,4.3,4.0,5.0,1.0,6.9,14.6,0,1,7.8,6.8,-3.1,1,SYNTHETIC_PROTOTYPE_BENCHMARK,SYNTHETIC_PROTOTYPE_DATA_NOT_REAL_PERSONNEL_DATA,DEMO / SYNTHETIC DATA — NOT REAL PERSONNEL OR SENSOR DATA
15.3,52.0,2.5,4.0,2.0,1.4,6.5,16.1,0,1,7.1,3.7,-1.5,0,SYNTHETIC_PROTOTYPE_BENCHMARK,SYNTHETIC_PROTOTYPE_DATA_NOT_REAL_PERSONNEL_DATA,DEMO / SYNTHETIC DATA — NOT REAL PERSONNEL OR SENSOR DATA
23.0,46.1,5.5,4.0,0.0,28.9,6.5,13.5,2,1,8.7,7.8,1.2,1,SYNTHETIC_PROTOTYPE_BENCHMARK,SYNTHETIC_PROTOTYPE_DATA_NOT_REAL_PERSONNEL_DATA,DEMO / SYNTHETIC DATA — NOT REAL PERSONNEL OR SENSOR DATA
12.7,41.1,5.2,4.0,5.0,8.4,6.6,17.6,0,1,5.6,5.2,3.3,0,SYNTHETIC_PROTOTYPE_BENCHMARK,SYNTHETIC_PROTOTYPE_DATA_NOT_REAL_PERSONNEL_DATA,DEMO / SYNTHETIC DATA — NOT REAL PERSONNEL OR SENSOR DATA
20.9,60.3,4.6,4.0,0.0,19.6,6.0,18.0,1,0,9.3,2.9,1.4,1,SYNTHETIC_PROTOTYPE_BENCHMARK,SYNTHETIC_PROTOTYPE_DATA_NOT_REAL_PERSONNEL_DATA,DEMO / SYNTHETIC DATA — NOT REAL PERSONNEL OR SENSOR DATA
26.2,61.1,6.4,6.1,9.0,2.1,6.3,12.7,1,2,8.4,3.8,-2.3,2,SYNTHETIC_PROTOTYPE_BENCHMARK,SYNTHETIC_PROTOTYPE_DATA_NOT_REAL_PERSONNEL_DATA,DEMO / SYNTHETIC DATA — NOT REAL PERSONNEL OR SENSOR DATA
19.4,36.5,4.0,4.0,0.0,1.1,6.6,15.0,0,2,5.3,6.1,-1.0,1,SYNTHETIC_PROTOTYPE_BENCHMARK,SYNTHETIC_PROTOTYPE_DATA_NOT_REAL_PERSONNEL_DATA,DEMO / SYNTHETIC DATA — NOT REAL PERSONNEL OR SENSOR DATA
29.9,67.9,3.2,4.0,2.0,4.2,4.4,17.6,2,0,10.0,6.1,0.7,1,SYNTHETIC_PROTOTYPE_BENCHMARK,SYNTHETIC_PROTOTYPE_DATA_NOT_REAL_PERSONNEL_DATA,DEMO / SYNTHETIC DATA — NOT REAL PERSONNEL OR SENSOR DATA
16.8,57.7,5.7,4.0,4.0,4.1,5.9,15.6,2,0,7.1,6.0,-0.4,1,SYNTHETIC_PROTOTYPE_BENCHMARK,SYNTHETIC_PROTOTYPE_DATA_NOT_REAL_PERSONNEL_DATA,DEMO / SYNTHETIC DATA — NOT REAL PERSONNEL OR SENSOR DATA
24.3,66.0,6.3,4.0,2.0,1.2,7.9,12.8,0,0,10.0,4.4,-1.8,0,SYNTHETIC_PROTOTYPE_BENCHMARK,SYNTHETIC_PROTOTYPE_DATA_NOT_REAL_PERSONNEL_DATA,DEMO / SYNTHETIC DATA — NOT REAL PERSONNEL OR SENSOR DATA
17.4,38.6,3.1,4.0,1.0,7.9,7.1,15.3,0,0,6.8,7.7,-0.6,0,SYNTHETIC_PROTOTYPE_BENCHMARK,SYNTHETIC_PROTOTYPE_DATA_NOT_REAL_PERSONNEL_DATA,DEMO / SYNTHETIC DATA — NOT REAL PERSONNEL OR SENSOR DATA
15.8,38.3,7.4,4.0,5.0,2.7,8.1,13.9,0,1,5.1,3.0,-0.0,0,SYNTHETIC_PROTOTYPE_BENCHMARK,SYNTHETIC_PROTOTYPE_DATA_NOT_REAL_PERSONNEL_DATA,DEMO / SYNTHETIC DATA — NOT REAL PERSONNEL OR SENSOR DATA
23.6,50.5,2.0,15.1,5.0,1.2,5.3,13.4,1,0,4.7,5.6,-2.4,1,SYNTHETIC_PROTOTYPE_BENCHMARK,SYNTHETIC_PROTOTYPE_DATA_NOT_REAL_PERSONNEL_DATA,DEMO / SYNTHETIC DATA — NOT REAL PERSONNEL OR SENSOR DATA
19.2,57.0,4.3,4.0,9.0,2.4,5.9,16.8,2,1,5.5,5.3,2.2,1,SYNTHETIC_PROTOTYPE_BENCHMARK,SYNTHETIC_PROTOTYPE_DATA_NOT_REAL_PERSONNEL_DATA,DEMO / SYNTHETIC DATA — NOT REAL PERSONNEL OR SENSOR DATA
22.0,70.0,5.0,4.0,2.0,5.0,5.1,15.0,2,0,5.1,4.6,-1.0,1,SYNTHETIC_PROTOTYPE_BENCHMARK,SYNTHETIC_PROTOTYPE_DATA_NOT_REAL_PERSONNEL_DATA,DEMO / SYNTHETIC DATA — NOT REAL PERSONNEL OR SENSOR DATA
21.1,59.1,4.2,4.0,2.0,7.8,6.3,15.9,2,2,8.7,2.3,-0.2,1,SYNTHETIC_PROTOTYPE_BENCHMARK,SYNTHETIC_PROTOTYPE_DATA_NOT_REAL_PERSONNEL_DATA,DEMO / SYNTHETIC DATA — NOT REAL PERSONNEL OR SENSOR DATA
8.1,49.6,4.4,13.8,2.0,3.9,8.9,9.0,0,0,6.1,3.7,2.3,0,SYNTHETIC_PROTOTYPE_BENCHMARK,SYNTHETIC_PROTOTYPE_DATA_NOT_REAL_PERSONNEL_DATA,DEMO / SYNTHETIC DATA — NOT REAL PERSONNEL OR SENSOR DATA
20.9,41.7,9.2,5.9,1.0,4.5,7.7,13.3,0,1,3.0,5.4,-0.3,1,SYNTHETIC_PROTOTYPE_BENCHMARK,SYNTHETIC_PROTOTYPE_DATA_NOT_REAL_PERSONNEL_DATA,DEMO / SYNTHETIC DATA — NOT REAL PERSONNEL OR SENSOR DATA
19.2,64.3,3.8,9.1,5.0,0.9,7.9,16.7,0,0,6.6,6.1,2.2,0,SYNTHETIC_PROTOTYPE_BENCHMARK,SYNTHETIC_PROTOTYPE_DATA_NOT_REAL_PERSONNEL_DATA,DEMO / SYNTHETIC DATA — NOT REAL PERSONNEL OR SENSOR DATA
17.5,42.4,10.0,4.0,1.0,14.8,6.8,15.7,0,0,6.5,8.5,-2.3,0,SYNTHETIC_PROTOTYPE_BENCHMARK,SYNTHETIC_PROTOTYPE_DATA_NOT_REAL_PERSONNEL_DATA,DEMO / SYNTHETIC DATA — NOT REAL PERSONNEL OR SENSOR DATA
30.4,68.3,6.4,19.3,2.0,15.8,7.0,11.3,0,2,5.3,3.2,1.0,2,SYNTHETIC_PROTOTYPE_BENCHMARK,SYNTHETIC_PROTOTYPE_DATA_NOT_REAL_PERSONNEL_DATA,DEMO / SYNTHETIC DATA — NOT REAL PERSONNEL OR SENSOR DATA
14.2,49.2,5.7,4.0,2.0,6.9,8.6,16.1,0,1,6.7,3.3,1.8,0,SYNTHETIC_PROTOTYPE_BENCHMARK,SYNTHETIC_PROTOTYPE_DATA_NOT_REAL_PERSONNEL_DATA,DEMO / SYNTHETIC DATA — NOT REAL PERSONNEL OR SENSOR DATA
14.0,67.9,6.5,4.0,4.0,0.1,6.3,18.2,2,0,6.1,5.5,-1.8,0,SYNTHETIC_PROTOTYPE_BENCHMARK,SYNTHETIC_PROTOTYPE_DATA_NOT_REAL_PERSONNEL_DATA,DEMO / SYNTHETIC DATA — NOT REAL PERSONNEL OR SENSOR DATA
30.8,58.8,10.0,7.7,9.0,4.6,6.2,10.1,2,1,7.5,8.7,-0.4,2,SYNTHETIC_PROTOTYPE_BENCHMARK,SYNTHETIC_PROTOTYPE_DATA_NOT_REAL_PERSONNEL_DATA,DEMO / SYNTHETIC DATA — NOT REAL PERSONNEL OR SENSOR DATA
22.3,50.6,3.5,10.5,4.0,6.0,5.8,12.6,1,1,7.3,6.8,-0.3,0,SYNTHETIC_PROTOTYPE_BENCHMARK,SYNTHETIC_PROTOTYPE_DATA_NOT_REAL_PERSONNEL_DATA,DEMO / SYNTHETIC DATA — NOT REAL PERSONNEL OR SENSOR DATA
19.6,46.8,3.3,4.0,2.0,31.4,6.0,18.9,1,1,6.9,4.3,0.5,1,SYNTHETIC_PROTOTYPE_BENCHMARK,SYNTHETIC_PROTOTYPE_DATA_NOT_REAL_PERSONNEL_DATA,DEMO / SYNTHETIC DATA — NOT REAL PERSONNEL OR SENSOR DATA
16.3,48.6,4.0,4.0,5.0,33.2,6.2,17.5,1,1,3.6,9.6,1.0,1,SYNTHETIC_PROTOTYPE_BENCHMARK,SYNTHETIC_PROTOTYPE_DATA_NOT_REAL_PERSONNEL_DATA,DEMO / SYNTHETIC DATA — NOT REAL PERSONNEL OR SENSOR DATA
22.3,56.3,5.6,4.0,4.0,11.7,8.1,18.3,0,3,10.0,5.9,-2.0,1,SYNTHETIC_PROTOTYPE_BENCHMARK,SYNTHETIC_PROTOTYPE_DATA_NOT_REAL_PERSONNEL_DATA,DEMO / SYNTHETIC DATA — NOT REAL PERSONNEL OR SENSOR DATA
11.0,52.8,2.0,4.0,0.0,0.4,5.9,15.6,1,0,3.1,3.9,-0.1,0,SYNTHETIC_PROTOTYPE_BENCHMARK,SYNTHETIC_PROTOTYPE_DATA_NOT_REAL_PERSONNEL_DATA,DEMO / SYNTHETIC DATA — NOT REAL PERSONNEL OR SENSOR DATA
16.6,46.1,5.5,4.0,0.0,18.4,6.8,14.5,0,1,5.9,8.3,3.5,1,SYNTHETIC_PROTOTYPE_BENCHMARK,SYNTHETIC_PROTOTYPE_DATA_NOT_REAL_PERSONNEL_DATA,DEMO / SYNTHETIC DATA — NOT REAL PERSONNEL OR SENSOR DATA
16.6,50.3,8.9,14.0,0.0,5.7,5.5,9.5,2,0,4.0,3.9,2.3,1,SYNTHETIC_PROTOTYPE_BENCHMARK,SYNTHETIC_PROTOTYPE_DATA_NOT_REAL_PERSONNEL_DATA,DEMO / SYNTHETIC DATA — NOT REAL PERSONNEL OR SENSOR DATA
22.0,52.8,5.8,4.4,2.0,9.7,6.4,13.2,2,2,7.0,4.1,1.7,1,SYNTHETIC_PROTOTYPE_BENCHMARK,SYNTHETIC_PROTOTYPE_DATA_NOT_REAL_PERSONNEL_DATA,DEMO / SYNTHETIC DATA — NOT REAL PERSONNEL OR SENSOR DATA
19.7,30.7,4.9,6.0,6.0,3.1,8.0,16.4,0,3,6.5,7.4,-0.4,0,SYNTHETIC_PROTOTYPE_BENCHMARK,SYNTHETIC_PROTOTYPE_DATA_NOT_REAL_PERSONNEL_DATA,DEMO / SYNTHETIC DATA — NOT REAL PERSONNEL OR SENSOR DATA
15.5,56.6,4.3,6.0,1.0,2.3,7.2,15.8,0,2,5.9,4.8,4.7,0,SYNTHETIC_PROTOTYPE_BENCHMARK,SYNTHETIC_PROTOTYPE_DATA_NOT_REAL_PERSONNEL_DATA,DEMO / SYNTHETIC DATA — NOT REAL PERSONNEL OR SENSOR DATA
21.1,42.2,7.3,4.0,2.0,3.7,7.8,15.5,0,2,9.2,5.7,2.3,0,SYNTHETIC_PROTOTYPE_BENCHMARK,SYNTHETIC_PROTOTYPE_DATA_NOT_REAL_PERSONNEL_DATA,DEMO / SYNTHETIC DATA — NOT REAL PERSONNEL OR SENSOR DATA
18.3,40.5,3.8,6.4,8.0,1.0,7.8,15.7,0,3,8.4,5.8,0.1,0,SYNTHETIC_PROTOTYPE_BENCHMARK,SYNTHETIC_PROTOTYPE_DATA_NOT_REAL_PERSONNEL_DATA,DEMO / SYNTHETIC DATA — NOT REAL PERSONNEL OR SENSOR DATA
18.9,35.1,9.2,4.0,6.0,2.7,8.1,15.9,0,1,5.5,7.7,0.5,0,SYNTHETIC_PROTOTYPE_BENCHMARK,SYNTHETIC_PROTOTYPE_DATA_NOT_REAL_PERSONNEL_DATA,DEMO / SYNTHETIC DATA — NOT REAL PERSONNEL OR SENSOR DATA
17.5,34.1,9.4,4.0,4.0,11.7,7.4,17.5,0,2,7.8,2.6,-1.0,0,SYNTHETIC_PROTOTYPE_BENCHMARK,SYNTHETIC_PROTOTYPE_DATA_NOT_REAL_PERSONNEL_DATA,DEMO / SYNTHETIC DATA — NOT REAL PERSONNEL OR SENSOR DATA
22.5,38.4,6.0,4.0,1.0,0.2,6.7,17.5,0,3,9.3,6.3,0.9,0,SYNTHETIC_PROTOTYPE_BENCHMARK,SYNTHETIC_PROTOTYPE_DATA_NOT_REAL_PERSONNEL_DATA,DEMO / SYNTHETIC DATA — NOT REAL PERSONNEL OR SENSOR DATA
14.0,44.9,5.5,4.0,0.0,1.0,5.8,13.5,2,0,8.4,5.1,1.3,0,SYNTHETIC_PROTOTYPE_BENCHMARK,SYNTHETIC_PROTOTYPE_DATA_NOT_REAL_PERSONNEL_DATA,DEMO / SYNTHETIC DATA — NOT REAL PERSONNEL OR SENSOR DATA
17.8,71.5,7.6,6.9,0.0,0.8,5.8,15.0,2,1,5.9,2.9,1.5,1,SYNTHETIC_PROTOTYPE_BENCHMARK,SYNTHETIC_PROTOTYPE_DATA_NOT_REAL_PERSONNEL_DATA,DEMO / SYNTHETIC DATA — NOT REAL PERSONNEL OR SENSOR DATA
14.4,46.7,7.7,16.0,0.0,3.1,7.0,7.5,0,2,3.0,4.3,-0.4,0,SYNTHETIC_PROTOTYPE_BENCHMARK,SYNTHETIC_PROTOTYPE_DATA_NOT_REAL_PERSONNEL_DATA,DEMO / SYNTHETIC DATA — NOT REAL PERSONNEL OR SENSOR DATA
18.9,53.8,3.9,4.0,1.0,34.8,6.9,15.9,0,3,6.8,1.1,-3.2,1,SYNTHETIC_PROTOTYPE_BENCHMARK,SYNTHETIC_PROTOTYPE_DATA_NOT_REAL_PERSONNEL_DATA,DEMO / SYNTHETIC DATA — NOT REAL PERSONNEL OR SENSOR DATA
15.4,56.0,4.4,5.8,3.0,1.1,6.7,16.1,0,3,7.5,3.7,0.5,0,SYNTHETIC_PROTOTYPE_BENCHMARK,SYNTHETIC_PROTOTYPE_DATA_NOT_REAL_PERSONNEL_DATA,DEMO / SYNTHETIC DATA — NOT REAL PERSONNEL OR SENSOR DATA
25.0,53.3,2.9,4.0,0.0,0.9,6.8,13.0,0,2,4.7,7.0,1.6,1,SYNTHETIC_PROTOTYPE_BENCHMARK,SYNTHETIC_PROTOTYPE_DATA_NOT_REAL_PERSONNEL_DATA,DEMO / SYNTHETIC DATA — NOT REAL PERSONNEL OR SENSOR DATA
21.6,51.2,6.3,6.0,1.0,14.8,6.9,14.0,0,3,6.2,6.4,-2.2,1,SYNTHETIC_PROTOTYPE_BENCHMARK,SYNTHETIC_PROTOTYPE_DATA_NOT_REAL_PERSONNEL_DATA,DEMO / SYNTHETIC DATA — NOT REAL PERSONNEL OR SENSOR DATA
20.7,40.0,6.8,4.0,1.0,12.8,6.9,15.6,0,1,6.0,5.5,-0.2,1,SYNTHETIC_PROTOTYPE_BENCHMARK,SYNTHETIC_PROTOTYPE_DATA_NOT_REAL_PERSONNEL_DATA,DEMO / SYNTHETIC DATA — NOT REAL PERSONNEL OR SENSOR DATA
20.7,66.5,2.8,4.0,3.0,0.2,7.1,16.1,0,0,9.0,2.2,3.0,0,SYNTHETIC_PROTOTYPE_BENCHMARK,SYNTHETIC_PROTOTYPE_DATA_NOT_REAL_PERSONNEL_DATA,DEMO / SYNTHETIC DATA — NOT REAL PERSONNEL OR SENSOR DATA
18.6,70.1,4.6,4.0,3.0,8.4,7.6,15.0,0,0,9.9,5.3,-2.6,0,SYNTHETIC_PROTOTYPE_BENCHMARK,SYNTHETIC_PROTOTYPE_DATA_NOT_REAL_PERSONNEL_DATA,DEMO / SYNTHETIC DATA — NOT REAL PERSONNEL OR SENSOR DATA
25.1,35.2,2.8,4.0,3.0,6.4,9.3,13.3,0,1,8.6,8.0,-0.6,0,SYNTHETIC_PROTOTYPE_BENCHMARK,SYNTHETIC_PROTOTYPE_DATA_NOT_REAL_PERSONNEL_DATA,DEMO / SYNTHETIC DATA — NOT REAL PERSONNEL OR SENSOR DATA
26.8,41.8,3.7,4.0,1.0,8.8,7.2,15.5,0,1,6.0,7.2,3.3,1,SYNTHETIC_PROTOTYPE_BENCHMARK,SYNTHETIC_PROTOTYPE_DATA_NOT_REAL_PERSONNEL_DATA,DEMO / SYNTHETIC DATA — NOT REAL PERSONNEL OR SENSOR DATA
23.7,49.2,6.6,10.3,2.0,4.1,7.3,9.8,0,1,8.5,3.8,0.3,1,SYNTHETIC_PROTOTYPE_BENCHMARK,SYNTHETIC_PROTOTYPE_DATA_NOT_REAL_PERSONNEL_DATA,DEMO / SYNTHETIC DATA — NOT REAL PERSONNEL OR SENSOR DATA
11.0,42.4,4.0,4.0,0.0,28.5,7.8,15.1,0,1,7.5,4.3,-1.2,0,SYNTHETIC_PROTOTYPE_BENCHMARK,SYNTHETIC_PROTOTYPE_DATA_NOT_REAL_PERSONNEL_DATA,DEMO / SYNTHETIC DATA — NOT REAL PERSONNEL OR SENSOR DATA
28.1,57.1,4.9,10.6,1.0,0.3,6.7,12.1,0,3,6.1,7.3,-0.0,1,SYNTHETIC_PROTOTYPE_BENCHMARK,SYNTHETIC_PROTOTYPE_DATA_NOT_REAL_PERSONNEL_DATA,DEMO / SYNTHETIC DATA — NOT REAL PERSONNEL OR SENSOR DATA
7.0,44.7,2.2,4.9,8.0,1.6,7.8,15.0,0,1,10.0,3.7,1.8,0,SYNTHETIC_PROTOTYPE_BENCHMARK,SYNTHETIC_PROTOTYPE_DATA_NOT_REAL_PERSONNEL_DATA,DEMO / SYNTHETIC DATA — NOT REAL PERSONNEL OR SENSOR DATA
31.8,73.7,5.9,4.0,14.0,3.0,5.2,14.5,1,2,4.7,4.6,-0.4,2,SYNTHETIC_PROTOTYPE_BENCHMARK,SYNTHETIC_PROTOTYPE_DATA_NOT_REAL_PERSONNEL_DATA,DEMO / SYNTHETIC DATA — NOT REAL PERSONNEL OR SENSOR DATA
14.3,63.9,5.4,4.0,4.0,3.6,6.2,12.6,2,3,7.4,1.8,1.3,1,SYNTHETIC_PROTOTYPE_BENCHMARK,SYNTHETIC_PROTOTYPE_DATA_NOT_REAL_PERSONNEL_DATA,DEMO / SYNTHETIC DATA — NOT REAL PERSONNEL OR SENSOR DATA
16.0,54.1,4.0,5.4,9.0,15.3,7.4,14.3,0,1,7.9,4.5,0.5,0,SYNTHETIC_PROTOTYPE_BENCHMARK,SYNTHETIC_PROTOTYPE_DATA_NOT_REAL_PERSONNEL_DATA,DEMO / SYNTHETIC DATA — NOT REAL PERSONNEL OR SENSOR DATA
26.1,62.3,5.1,4.0,4.0,4.9,5.9,17.5,2,1,5.6,5.4,0.7,1,SYNTHETIC_PROTOTYPE_BENCHMARK,SYNTHETIC_PROTOTYPE_DATA_NOT_REAL_PERSONNEL_DATA,DEMO / SYNTHETIC DATA — NOT REAL PERSONNEL OR SENSOR DATA
24.2,63.1,5.9,4.5,0.0,0.3,6.5,17.9,1,2,7.3,4.5,1.5,1,SYNTHETIC_PROTOTYPE_BENCHMARK,SYNTHETIC_PROTOTYPE_DATA_NOT_REAL_PERSONNEL_DATA,DEMO / SYNTHETIC DATA — NOT REAL PERSONNEL OR SENSOR DATA
13.3,46.4,3.9,4.0,20.0,3.1,5.9,20.5,2,2,8.1,6.2,-0.6,0,SYNTHETIC_PROTOTYPE_BENCHMARK,SYNTHETIC_PROTOTYPE_DATA_NOT_REAL_PERSONNEL_DATA,DEMO / SYNTHETIC DATA — NOT REAL PERSONNEL OR SENSOR DATA
11.9,43.8,2.5,4.0,0.0,3.2,8.9,19.0,0,0,6.7,3.7,-2.1,0,SYNTHETIC_PROTOTYPE_BENCHMARK,SYNTHETIC_PROTOTYPE_DATA_NOT_REAL_PERSONNEL_DATA,DEMO / SYNTHETIC DATA — NOT REAL PERSONNEL OR SENSOR DATA
20.0,52.8,9.1,18.4,4.0,20.2,7.4,7.5,0,0,7.1,3.8,1.0,1,SYNTHETIC_PROTOTYPE_BENCHMARK,SYNTHETIC_PROTOTYPE_DATA_NOT_REAL_PERSONNEL_DATA,DEMO / SYNTHETIC DATA — NOT REAL PERSONNEL OR SENSOR DATA
18.7,60.6,4.2,4.0,1.0,5.5,6.7,14.8,0,0,6.4,5.4,-0.3,0,SYNTHETIC_PROTOTYPE_BENCHMARK,SYNTHETIC_PROTOTYPE_DATA_NOT_REAL_PERSONNEL_DATA,DEMO / SYNTHETIC DATA — NOT REAL PERSONNEL OR SENSOR DATA
14.9,53.4,5.3,4.0,2.0,6.1,7.2,15.6,0,0,7.8,6.1,-1.0,0,SYNTHETIC_PROTOTYPE_BENCHMARK,SYNTHETIC_PROTOTYPE_DATA_NOT_REAL_PERSONNEL_DATA,DEMO / SYNTHETIC DATA — NOT REAL PERSONNEL OR SENSOR DATA
17.6,36.2,7.5,4.0,4.0,7.5,7.7,15.4,0,0,5.7,6.3,1.2,0,SYNTHETIC_PROTOTYPE_BENCHMARK,SYNTHETIC_PROTOTYPE_DATA_NOT_REAL_PERSONNEL_DATA,DEMO / SYNTHETIC DATA — NOT REAL PERSONNEL OR SENSOR DATA
21.1,44.0,10.0,5.8,2.0,8.8,8.2,15.0,0,0,5.6,7.0,2.8,1,SYNTHETIC_PROTOTYPE_BENCHMARK,SYNTHETIC_PROTOTYPE_DATA_NOT_REAL_PERSONNEL_DATA,DEMO / SYNTHETIC DATA — NOT REAL PERSONNEL OR SENSOR DATA
16.7,51.3,3.0,5.8,1.0,6.0,6.5,19.7,1,1,6.2,2.7,-0.3,1,SYNTHETIC_PROTOTYPE_BENCHMARK,SYNTHETIC_PROTOTYPE_DATA_NOT_REAL_PERSONNEL_DATA,DEMO / SYNTHETIC DATA — NOT REAL PERSONNEL OR SENSOR DATA
27.2,51.2,6.4,4.0,1.0,1.6,7.6,13.4,0,3,8.6,4.5,0.0,1,SYNTHETIC_PROTOTYPE_BENCHMARK,SYNTHETIC_PROTOTYPE_DATA_NOT_REAL_PERSONNEL_DATA,DEMO / SYNTHETIC DATA — NOT REAL PERSONNEL OR SENSOR DATA
20.7,71.7,4.1,4.0,1.0,12.4,6.7,14.2,0,1,2.7,6.7,-2.6,1,SYNTHETIC_PROTOTYPE_BENCHMARK,SYNTHETIC_PROTOTYPE_DATA_NOT_REAL_PERSONNEL_DATA,DEMO / SYNTHETIC DATA — NOT REAL PERSONNEL OR SENSOR DATA
14.8,38.1,4.4,4.0,11.0,7.9,8.3,18.9,0,3,4.4,7.8,-0.5,0,SYNTHETIC_PROTOTYPE_BENCHMARK,SYNTHETIC_PROTOTYPE_DATA_NOT_REAL_PERSONNEL_DATA,DEMO / SYNTHETIC DATA — NOT REAL PERSONNEL OR SENSOR DATA
28.0,57.1,4.1,4.0,6.0,8.1,4.8,14.4,3,2,10.0,5.8,0.5,1,SYNTHETIC_PROTOTYPE_BENCHMARK,SYNTHETIC_PROTOTYPE_DATA_NOT_REAL_PERSONNEL_DATA,DEMO / SYNTHETIC DATA — NOT REAL PERSONNEL OR SENSOR DATA
29.0,66.9,3.2,4.0,2.0,34.0,4.9,16.4,2,2,6.8,4.1,-0.0,2,SYNTHETIC_PROTOTYPE_BENCHMARK,SYNTHETIC_PROTOTYPE_DATA_NOT_REAL_PERSONNEL_DATA,DEMO / SYNTHETIC DATA — NOT REAL PERSONNEL OR SENSOR DATA
22.2,74.7,5.4,17.8,1.0,9.7,5.0,12.1,2,1,5.4,5.4,-0.8,2,SYNTHETIC_PROTOTYPE_BENCHMARK,SYNTHETIC_PROTOTYPE_DATA_NOT_REAL_PERSONNEL_DATA,DEMO / SYNTHETIC DATA — NOT REAL PERSONNEL OR SENSOR DATA
11.1,48.0,2.6,4.0,6.0,10.6,7.0,16.6,0,0,7.8,6.0,1.6,0,SYNTHETIC_PROTOTYPE_BENCHMARK,SYNTHETIC_PROTOTYPE_DATA_NOT_REAL_PERSONNEL_DATA,DEMO / SYNTHETIC DATA — NOT REAL PERSONNEL OR SENSOR DATA
31.7,56.9,7.4,4.0,1.0,18.1,4.7,16.0,2,2,4.6,2.6,0.1,2,SYNTHETIC_PROTOTYPE_BENCHMARK,SYNTHETIC_PROTOTYPE_DATA_NOT_REAL_PERSONNEL_DATA,DEMO / SYNTHETIC DATA — NOT REAL PERSONNEL OR SENSOR DATA
24.4,57.7,5.6,8.9,1.0,1.0,5.1,15.5,1,3,2.0,6.3,5.0,2,SYNTHETIC_PROTOTYPE_BENCHMARK,SYNTHETIC_PROTOTYPE_DATA_NOT_REAL_PERSONNEL_DATA,DEMO / SYNTHETIC DATA — NOT REAL PERSONNEL OR SENSOR DATA
17.3,54.0,6.3,4.0,2.0,4.1,8.6,13.8,0,1,6.9,3.7,0.5,0,SYNTHETIC_PROTOTYPE_BENCHMARK,SYNTHETIC_PROTOTYPE_DATA_NOT_REAL_PERSONNEL_DATA,DEMO / SYNTHETIC DATA — NOT REAL PERSONNEL OR SENSOR DATA
14.4,51.0,4.6,4.0,7.0,5.2,7.4,14.6,0,0,4.7,6.3,-5.0,0,SYNTHETIC_PROTOTYPE_BENCHMARK,SYNTHETIC_PROTOTYPE_DATA_NOT_REAL_PERSONNEL_DATA,DEMO / SYNTHETIC DATA — NOT REAL PERSONNEL OR SENSOR DATA
25.6,56.4,4.8,4.0,0.0,2.4,6.9,16.7,0,2,6.4,2.4,-2.4,1,SYNTHETIC_PROTOTYPE_BENCHMARK,SYNTHETIC_PROTOTYPE_DATA_NOT_REAL_PERSONNEL_DATA,DEMO / SYNTHETIC DATA — NOT REAL PERSONNEL OR SENSOR DATA
20.6,30.0,6.1,4.0,0.0,11.0,7.9,11.5,0,0,6.9,8.7,1.2,0,SYNTHETIC_PROTOTYPE_BENCHMARK,SYNTHETIC_PROTOTYPE_DATA_NOT_REAL_PERSONNEL_DATA,DEMO / SYNTHETIC DATA — NOT REAL PERSONNEL OR SENSOR DATA
17.2,58.8,3.2,11.5,2.0,8.6,6.6,15.4,0,0,6.5,4.3,-1.4,0,SYNTHETIC_PROTOTYPE_BENCHMARK,SYNTHETIC_PROTOTYPE_DATA_NOT_REAL_PERSONNEL_DATA,DEMO / SYNTHETIC DATA — NOT REAL PERSONNEL OR SENSOR DATA
28.7,53.3,4.8,4.0,1.0,7.7,7.5,16.2,0,2,2.8,3.4,-1.3,1,SYNTHETIC_PROTOTYPE_BENCHMARK,SYNTHETIC_PROTOTYPE_DATA_NOT_REAL_PERSONNEL_DATA,DEMO / SYNTHETIC DATA — NOT REAL PERSONNEL OR SENSOR DATA
16.4,49.8,3.8,4.0,3.0,35.2,5.5,15.9,1,1,6.3,4.2,-2.7,1,SYNTHETIC_PROTOTYPE_BENCHMARK,SYNTHETIC_PROTOTYPE_DATA_NOT_REAL_PERSONNEL_DATA,DEMO / SYNTHETIC DATA — NOT REAL PERSONNEL OR SENSOR DATA
20.6,72.5,3.7,4.0,2.0,1.8,6.3,12.3,2,1,7.1,3.5,-1.0,1,SYNTHETIC_PROTOTYPE_BENCHMARK,SYNTHETIC_PROTOTYPE_DATA_NOT_REAL_PERSONNEL_DATA,DEMO / SYNTHETIC DATA — NOT REAL PERSONNEL OR SENSOR DATA
20.1,45.3,1.3,9.7,2.0,8.0,7.2,10.8,0,3,3.4,5.5,0.4,1,SYNTHETIC_PROTOTYPE_BENCHMARK,SYNTHETIC_PROTOTYPE_DATA_NOT_REAL_PERSONNEL_DATA,DEMO / SYNTHETIC DATA — NOT REAL PERSONNEL OR SENSOR DATA
16.8,48.0,8.2,4.0,0.0,4.8,6.2,14.8,2,1,3.2,7.3,0.8,1,SYNTHETIC_PROTOTYPE_BENCHMARK,SYNTHETIC_PROTOTYPE_DATA_NOT_REAL_PERSONNEL_DATA,DEMO / SYNTHETIC DATA — NOT REAL PERSONNEL OR SENSOR DATA
23.4,71.9,4.1,4.0,1.0,2.3,7.2,17.2,0,1,4.1,4.1,-2.2,0,SYNTHETIC_PROTOTYPE_BENCHMARK,SYNTHETIC_PROTOTYPE_DATA_NOT_REAL_PERSONNEL_DATA,DEMO / SYNTHETIC DATA — NOT REAL PERSONNEL OR SENSOR DATA
14.5,43.7,7.8,12.7,6.0,1.1,7.0,7.9,0,0,7.7,2.3,1.8,0,SYNTHETIC_PROTOTYPE_BENCHMARK,SYNTHETIC_PROTOTYPE_DATA_NOT_REAL_PERSONNEL_DATA,DEMO / SYNTHETIC DATA — NOT REAL PERSONNEL OR SENSOR DATA
10.0,46.5,7.6,4.0,8.0,13.6,7.6,17.2,0,0,2.2,3.6,-2.6,0,SYNTHETIC_PROTOTYPE_BENCHMARK,SYNTHETIC_PROTOTYPE_DATA_NOT_REAL_PERSONNEL_DATA,DEMO / SYNTHETIC DATA — NOT REAL PERSONNEL OR SENSOR DATA
11.1,50.5,2.9,5.1,1.0,5.4,7.0,14.4,0,2,7.9,9.3,1.0,0,SYNTHETIC_PROTOTYPE_BENCHMARK,SYNTHETIC_PROTOTYPE_DATA_NOT_REAL_PERSONNEL_DATA,DEMO / SYNTHETIC DATA — NOT REAL PERSONNEL OR SENSOR DATA
16.4,60.4,3.3,4.0,0.0,10.5,7.7,15.2,0,1,7.0,4.8,0.7,0,SYNTHETIC_PROTOTYPE_BENCHMARK,SYNTHETIC_PROTOTYPE_DATA_NOT_REAL_PERSONNEL_DATA,DEMO / SYNTHETIC DATA — NOT REAL PERSONNEL OR SENSOR DATA
22.7,54.1,10.0,4.6,0.0,4.7,6.0,15.9,1,0,5.7,6.4,-2.1,1,SYNTHETIC_PROTOTYPE_BENCHMARK,SYNTHETIC_PROTOTYPE_DATA_NOT_REAL_PERSONNEL_DATA,DEMO / SYNTHETIC DATA — NOT REAL PERSONNEL OR SENSOR DATA
11.4,39.1,9.0,4.0,3.0,1.5,6.6,16.1,0,0,3.2,5.4,-2.3,0,SYNTHETIC_PROTOTYPE_BENCHMARK,SYNTHETIC_PROTOTYPE_DATA_NOT_REAL_PERSONNEL_DATA,DEMO / SYNTHETIC DATA — NOT REAL PERSONNEL OR SENSOR DATA
18.7,46.7,5.4,4.0,4.0,2.5,6.4,14.2,1,1,4.6,3.9,0.8,1,SYNTHETIC_PROTOTYPE_BENCHMARK,SYNTHETIC_PROTOTYPE_DATA_NOT_REAL_PERSONNEL_DATA,DEMO / SYNTHETIC DATA — NOT REAL PERSONNEL OR SENSOR DATA
17.9,45.9,6.0,4.6,2.0,2.9,7.3,16.6,0,1,7.8,4.7,-1.2,0,SYNTHETIC_PROTOTYPE_BENCHMARK,SYNTHETIC_PROTOTYPE_DATA_NOT_REAL_PERSONNEL_DATA,DEMO / SYNTHETIC DATA — NOT REAL PERSONNEL OR SENSOR DATA
15.9,51.2,4.2,4.0,4.0,21.7,7.6,11.0,0,1,8.7,5.3,-0.4,0,SYNTHETIC_PROTOTYPE_BENCHMARK,SYNTHETIC_PROTOTYPE_DATA_NOT_REAL_PERSONNEL_DATA,DEMO / SYNTHETIC DATA — NOT REAL PERSONNEL OR SENSOR DATA
14.5,56.3,6.4,4.0,4.0,0.0,8.1,14.7,0,1,4.1,4.2,1.5,0,SYNTHETIC_PROTOTYPE_BENCHMARK,SYNTHETIC_PROTOTYPE_DATA_NOT_REAL_PERSONNEL_DATA,DEMO / SYNTHETIC DATA — NOT REAL PERSONNEL OR SENSOR DATA
20.8,56.2,4.1,4.0,10.0,25.5,4.2,15.9,3,0,8.5,7.8,1.1,1,SYNTHETIC_PROTOTYPE_BENCHMARK,SYNTHETIC_PROTOTYPE_DATA_NOT_REAL_PERSONNEL_DATA,DEMO / SYNTHETIC DATA — NOT REAL PERSONNEL OR SENSOR DATA
11.8,34.2,1.4,4.0,0.0,23.6,7.2,14.9,0,1,7.6,5.2,-2.0,0,SYNTHETIC_PROTOTYPE_BENCHMARK,SYNTHETIC_PROTOTYPE_DATA_NOT_REAL_PERSONNEL_DATA,DEMO / SYNTHETIC DATA — NOT REAL PERSONNEL OR SENSOR DATA
30.5,62.6,2.9,14.0,1.0,33.4,3.0,7.9,3,3,6.2,2.9,-0.1,2,SYNTHETIC_PROTOTYPE_BENCHMARK,SYNTHETIC_PROTOTYPE_DATA_NOT_REAL_PERSONNEL_DATA,DEMO / SYNTHETIC DATA — NOT REAL PERSONNEL OR SENSOR DATA
11.4,54.5,5.5,4.0,0.0,3.9,7.4,17.1,0,0,4.7,6.2,-2.1,0,SYNTHETIC_PROTOTYPE_BENCHMARK,SYNTHETIC_PROTOTYPE_DATA_NOT_REAL_PERSONNEL_DATA,DEMO / SYNTHETIC DATA — NOT REAL PERSONNEL OR SENSOR DATA
20.1,65.8,3.2,13.9,7.0,19.9,6.8,9.1,0,1,5.0,5.7,1.9,1,SYNTHETIC_PROTOTYPE_BENCHMARK,SYNTHETIC_PROTOTYPE_DATA_NOT_REAL_PERSONNEL_DATA,DEMO / SYNTHETIC DATA — NOT REAL PERSONNEL OR SENSOR DATA
14.2,56.4,5.4,4.0,6.0,3.0,6.7,15.5,0,1,9.8,4.9,3.4,0,SYNTHETIC_PROTOTYPE_BENCHMARK,SYNTHETIC_PROTOTYPE_DATA_NOT_REAL_PERSONNEL_DATA,DEMO / SYNTHETIC DATA — NOT REAL PERSONNEL OR SENSOR DATA
20.0,63.0,3.4,4.0,3.0,0.2,6.6,15.9,0,2,6.6,3.6,-1.9,0,SYNTHETIC_PROTOTYPE_BENCHMARK,SYNTHETIC_PROTOTYPE_DATA_NOT_REAL_PERSONNEL_DATA,DEMO / SYNTHETIC DATA — NOT REAL PERSONNEL OR SENSOR DATA
12.4,56.7,3.9,4.0,0.0,1.5,6.8,15.6,0,0,8.9,2.0,-0.1,0,SYNTHETIC_PROTOTYPE_BENCHMARK,SYNTHETIC_PROTOTYPE_DATA_NOT_REAL_PERSONNEL_DATA,DEMO / SYNTHETIC DATA — NOT REAL PERSONNEL OR SENSOR DATA
23.2,65.5,7.2,6.2,1.0,17.4,5.3,17.0,2,3,6.7,6.2,2.0,2,SYNTHETIC_PROTOTYPE_BENCHMARK,SYNTHETIC_PROTOTYPE_DATA_NOT_REAL_PERSONNEL_DATA,DEMO / SYNTHETIC DATA — NOT REAL PERSONNEL OR SENSOR DATA
19.3,57.2,6.0,6.1,1.0,0.1,7.2,14.6,0,1,5.3,6.1,0.1,1,SYNTHETIC_PROTOTYPE_BENCHMARK,SYNTHETIC_PROTOTYPE_DATA_NOT_REAL_PERSONNEL_DATA,DEMO / SYNTHETIC DATA — NOT REAL PERSONNEL OR SENSOR DATA
17.7,51.0,5.5,4.0,3.0,4.7,6.7,16.5,0,2,7.4,4.5,1.2,0,SYNTHETIC_PROTOTYPE_BENCHMARK,SYNTHETIC_PROTOTYPE_DATA_NOT_REAL_PERSONNEL_DATA,DEMO / SYNTHETIC DATA — NOT REAL PERSONNEL OR SENSOR DATA
27.9,74.7,7.3,9.7,1.0,0.5,6.8,13.2,0,0,10.0,3.9,0.1,1,SYNTHETIC_PROTOTYPE_BENCHMARK,SYNTHETIC_PROTOTYPE_DATA_NOT_REAL_PERSONNEL_DATA,DEMO / SYNTHETIC DATA — NOT REAL PERSONNEL OR SENSOR DATA
27.3,60.9,6.5,4.0,0.0,2.0,6.5,16.8,0,2,4.9,4.3,-2.3,1,SYNTHETIC_PROTOTYPE_BENCHMARK,SYNTHETIC_PROTOTYPE_DATA_NOT_REAL_PERSONNEL_DATA,DEMO / SYNTHETIC DATA — NOT REAL PERSONNEL OR SENSOR DATA
26.9,57.7,8.4,4.0,5.0,0.6,6.1,18.4,1,2,8.0,7.2,0.3,1,SYNTHETIC_PROTOTYPE_BENCHMARK,SYNTHETIC_PROTOTYPE_DATA_NOT_REAL_PERSONNEL_DATA,DEMO / SYNTHETIC DATA — NOT REAL PERSONNEL OR SENSOR DATA
19.8,39.2,4.6,17.0,1.0,11.8,5.9,10.7,2,1,6.6,4.3,2.5,1,SYNTHETIC_PROTOTYPE_BENCHMARK,SYNTHETIC_PROTOTYPE_DATA_NOT_REAL_PERSONNEL_DATA,DEMO / SYNTHETIC DATA — NOT REAL PERSONNEL OR SENSOR DATA
17.3,39.1,4.6,8.6,2.0,5.4,5.9,15.3,2,1,3.3,4.9,0.7,0,SYNTHETIC_PROTOTYPE_BENCHMARK,SYNTHETIC_PROTOTYPE_DATA_NOT_REAL_PERSONNEL_DATA,DEMO / SYNTHETIC DATA — NOT REAL PERSONNEL OR SENSOR DATA
21.8,54.9,2.9,12.5,0.0,13.9,7.5,15.1,0,1,3.3,3.9,3.6,1,SYNTHETIC_PROTOTYPE_BENCHMARK,SYNTHETIC_PROTOTYPE_DATA_NOT_REAL_PERSONNEL_DATA,DEMO / SYNTHETIC DATA — NOT REAL PERSONNEL OR SENSOR DATA
16.0,53.5,4.6,4.0,6.0,7.0,6.4,18.3,2,0,5.3,5.5,-3.9,0,SYNTHETIC_PROTOTYPE_BENCHMARK,SYNTHETIC_PROTOTYPE_DATA_NOT_REAL_PERSONNEL_DATA,DEMO / SYNTHETIC DATA — NOT REAL PERSONNEL OR SENSOR DATA
28.5,45.9,7.4,4.0,3.0,21.2,6.9,14.8,0,2,6.9,5.5,0.8,1,SYNTHETIC_PROTOTYPE_BENCHMARK,SYNTHETIC_PROTOTYPE_DATA_NOT_REAL_PERSONNEL_DATA,DEMO / SYNTHETIC DATA — NOT REAL PERSONNEL OR SENSOR DATA
13.2,53.4,8.1,4.0,8.0,4.3,8.3,17.7,0,0,8.0,5.3,-1.4,0,SYNTHETIC_PROTOTYPE_BENCHMARK,SYNTHETIC_PROTOTYPE_DATA_NOT_REAL_PERSONNEL_DATA,DEMO / SYNTHETIC DATA — NOT REAL PERSONNEL OR SENSOR DATA
17.7,67.9,7.4,4.0,2.0,6.1,5.8,16.1,2,0,3.1,2.9,-1.9,1,SYNTHETIC_PROTOTYPE_BENCHMARK,SYNTHETIC_PROTOTYPE_DATA_NOT_REAL_PERSONNEL_DATA,DEMO / SYNTHETIC DATA — NOT REAL PERSONNEL OR SENSOR DATA
12.9,59.0,1.9,6.3,10.0,5.2,6.1,16.9,2,1,7.5,7.0,2.9,0,SYNTHETIC_PROTOTYPE_BENCHMARK,SYNTHETIC_PROTOTYPE_DATA_NOT_REAL_PERSONNEL_DATA,DEMO / SYNTHETIC DATA — NOT REAL PERSONNEL OR SENSOR DATA
10.7,40.6,7.7,4.0,8.0,4.0,7.3,16.7,0,0,6.0,5.1,-0.6,0,SYNTHETIC_PROTOTYPE_BENCHMARK,SYNTHETIC_PROTOTYPE_DATA_NOT_REAL_PERSONNEL_DATA,DEMO / SYNTHETIC DATA — NOT REAL PERSONNEL OR SENSOR DATA
12.8,50.9,1.8,4.3,3.0,11.2,6.8,16.0,0,3,6.2,7.0,-0.8,0,SYNTHETIC_PROTOTYPE_BENCHMARK,SYNTHETIC_PROTOTYPE_DATA_NOT_REAL_PERSONNEL_DATA,DEMO / SYNTHETIC DATA — NOT REAL PERSONNEL OR SENSOR DATA
18.3,44.0,7.3,4.0,10.0,6.2,8.7,16.5,0,2,7.4,10.0,0.8,0,SYNTHETIC_PROTOTYPE_BENCHMARK,SYNTHETIC_PROTOTYPE_DATA_NOT_REAL_PERSONNEL_DATA,DEMO / SYNTHETIC DATA — NOT REAL PERSONNEL OR SENSOR DATA
19.2,48.1,4.8,4.0,1.0,9.7,8.1,16.1,0,1,9.7,4.0,-4.7,0,SYNTHETIC_PROTOTYPE_BENCHMARK,SYNTHETIC_PROTOTYPE_DATA_NOT_REAL_PERSONNEL_DATA,DEMO / SYNTHETIC DATA — NOT REAL PERSONNEL OR SENSOR DATA
19.6,47.9,6.9,4.3,2.0,9.3,7.4,16.1,0,2,6.8,5.9,3.0,1,SYNTHETIC_PROTOTYPE_BENCHMARK,SYNTHETIC_PROTOTYPE_DATA_NOT_REAL_PERSONNEL_DATA,DEMO / SYNTHETIC DATA — NOT REAL PERSONNEL OR SENSOR DATA
11.9,47.2,2.8,4.0,0.0,1.3,8.3,15.3,0,3,3.5,5.2,4.2,0,SYNTHETIC_PROTOTYPE_BENCHMARK,SYNTHETIC_PROTOTYPE_DATA_NOT_REAL_PERSONNEL_DATA,DEMO / SYNTHETIC DATA — NOT REAL PERSONNEL OR SENSOR DATA
13.7,39.4,7.8,6.7,3.0,6.3,7.2,14.0,0,0,5.8,8.9,2.0,0,SYNTHETIC_PROTOTYPE_BENCHMARK,SYNTHETIC_PROTOTYPE_DATA_NOT_REAL_PERSONNEL_DATA,DEMO / SYNTHETIC DATA — NOT REAL PERSONNEL OR SENSOR DATA
20.9,50.7,2.6,4.0,4.0,1.3,7.3,19.1,0,2,7.9,4.8,0.9,0,SYNTHETIC_PROTOTYPE_BENCHMARK,SYNTHETIC_PROTOTYPE_DATA_NOT_REAL_PERSONNEL_DATA,DEMO / SYNTHETIC DATA — NOT REAL PERSONNEL OR SENSOR DATA
13.7,46.4,4.2,6.2,5.0,5.3,6.8,15.7,0,0,8.0,5.8,-0.5,0,SYNTHETIC_PROTOTYPE_BENCHMARK,SYNTHETIC_PROTOTYPE_DATA_NOT_REAL_PERSONNEL_DATA,DEMO / SYNTHETIC DATA — NOT REAL PERSONNEL OR SENSOR DATA
10.3,30.0,3.5,4.0,1.0,6.8,6.7,14.5,0,1,7.5,6.7,-2.4,0,SYNTHETIC_PROTOTYPE_BENCHMARK,SYNTHETIC_PROTOTYPE_DATA_NOT_REAL_PERSONNEL_DATA,DEMO / SYNTHETIC DATA — NOT REAL PERSONNEL OR SENSOR DATA
14.9,72.5,2.0,4.0,2.0,35.3,6.1,15.0,2,1,5.2,3.8,2.6,0,SYNTHETIC_PROTOTYPE_BENCHMARK,SYNTHETIC_PROTOTYPE_DATA_NOT_REAL_PERSONNEL_DATA,DEMO / SYNTHETIC DATA — NOT REAL PERSONNEL OR SENSOR DATA
20.2,62.9,5.7,4.3,1.0,0.2,7.0,17.6,0,2,3.5,5.6,2.0,0,SYNTHETIC_PROTOTYPE_BENCHMARK,SYNTHETIC_PROTOTYPE_DATA_NOT_REAL_PERSONNEL_DATA,DEMO / SYNTHETIC DATA — NOT REAL PERSONNEL OR SENSOR DATA
15.1,48.2,9.1,7.7,4.0,0.6,7.2,12.6,0,0,7.4,5.5,1.0,0,SYNTHETIC_PROTOTYPE_BENCHMARK,SYNTHETIC_PROTOTYPE_DATA_NOT_REAL_PERSONNEL_DATA,DEMO / SYNTHETIC DATA — NOT REAL PERSONNEL OR SENSOR DATA
19.1,52.2,10.0,4.0,1.0,0.5,7.0,12.6,0,0,3.8,5.8,0.7,1,SYNTHETIC_PROTOTYPE_BENCHMARK,SYNTHETIC_PROTOTYPE_DATA_NOT_REAL_PERSONNEL_DATA,DEMO / SYNTHETIC DATA — NOT REAL PERSONNEL OR SENSOR DATA
19.1,40.3,5.7,4.0,8.0,3.0,6.2,12.8,1,1,7.6,6.1,0.7,0,SYNTHETIC_PROTOTYPE_BENCHMARK,SYNTHETIC_PROTOTYPE_DATA_NOT_REAL_PERSONNEL_DATA,DEMO / SYNTHETIC DATA — NOT REAL PERSONNEL OR SENSOR DATA
23.6,69.0,7.7,4.0,1.0,10.3,5.2,12.1,1,1,7.6,3.3,-1.2,1,SYNTHETIC_PROTOTYPE_BENCHMARK,SYNTHETIC_PROTOTYPE_DATA_NOT_REAL_PERSONNEL_DATA,DEMO / SYNTHETIC DATA — NOT REAL PERSONNEL OR SENSOR DATA
25.3,71.0,6.0,4.0,1.0,11.1,6.2,13.0,2,2,5.3,3.7,5.0,1,SYNTHETIC_PROTOTYPE_BENCHMARK,SYNTHETIC_PROTOTYPE_DATA_NOT_REAL_PERSONNEL_DATA,DEMO / SYNTHETIC DATA — NOT REAL PERSONNEL OR SENSOR DATA
21.9,53.6,6.5,6.7,7.0,8.0,6.3,12.2,1,1,6.0,5.9,-0.6,1,SYNTHETIC_PROTOTYPE_BENCHMARK,SYNTHETIC_PROTOTYPE_DATA_NOT_REAL_PERSONNEL_DATA,DEMO / SYNTHETIC DATA — NOT REAL PERSONNEL OR SENSOR DATA
14.3,62.2,4.8,5.9,2.0,13.6,6.0,17.6,2,0,6.6,5.4,-0.9,0,SYNTHETIC_PROTOTYPE_BENCHMARK,SYNTHETIC_PROTOTYPE_DATA_NOT_REAL_PERSONNEL_DATA,DEMO / SYNTHETIC DATA — NOT REAL PERSONNEL OR SENSOR DATA
25.0,53.8,5.9,4.0,0.0,2.3,6.8,15.5,0,0,5.0,6.9,2.5,0,SYNTHETIC_PROTOTYPE_BENCHMARK,SYNTHETIC_PROTOTYPE_DATA_NOT_REAL_PERSONNEL_DATA,DEMO / SYNTHETIC DATA — NOT REAL PERSONNEL OR SENSOR DATA
13.5,38.6,6.6,4.0,2.0,0.6,7.0,14.9,0,1,3.4,8.6,-0.1,0,SYNTHETIC_PROTOTYPE_BENCHMARK,SYNTHETIC_PROTOTYPE_DATA_NOT_REAL_PERSONNEL_DATA,DEMO / SYNTHETIC DATA — NOT REAL PERSONNEL OR SENSOR DATA
19.6,47.9,4.3,6.0,0.0,0.4,6.4,11.9,2,1,6.1,4.6,-0.0,1,SYNTHETIC_PROTOTYPE_BENCHMARK,SYNTHETIC_PROTOTYPE_DATA_NOT_REAL_PERSONNEL_DATA,DEMO / SYNTHETIC DATA — NOT REAL PERSONNEL OR SENSOR DATA
14.3,53.3,5.3,4.0,15.0,11.5,5.3,15.3,2,0,6.3,5.2,3.1,0,SYNTHETIC_PROTOTYPE_BENCHMARK,SYNTHETIC_PROTOTYPE_DATA_NOT_REAL_PERSONNEL_DATA,DEMO / SYNTHETIC DATA — NOT REAL PERSONNEL OR SENSOR DATA
16.4,47.5,5.4,4.0,3.0,7.9,6.8,12.1,0,0,8.9,5.1,1.5,0,SYNTHETIC_PROTOTYPE_BENCHMARK,SYNTHETIC_PROTOTYPE_DATA_NOT_REAL_PERSONNEL_DATA,DEMO / SYNTHETIC DATA — NOT REAL PERSONNEL OR SENSOR DATA
17.4,49.8,7.2,4.0,1.0,7.2,7.4,14.9,0,0,4.6,3.6,1.6,0,SYNTHETIC_PROTOTYPE_BENCHMARK,SYNTHETIC_PROTOTYPE_DATA_NOT_REAL_PERSONNEL_DATA,DEMO / SYNTHETIC DATA — NOT REAL PERSONNEL OR SENSOR DATA
23.5,51.1,3.4,4.0,3.0,2.5,5.7,19.7,1,0,8.3,6.0,-3.1,1,SYNTHETIC_PROTOTYPE_BENCHMARK,SYNTHETIC_PROTOTYPE_DATA_NOT_REAL_PERSONNEL_DATA,DEMO / SYNTHETIC DATA — NOT REAL PERSONNEL OR SENSOR DATA
17.2,51.2,5.4,4.0,0.0,2.9,6.9,16.9,0,1,3.9,6.3,0.9,0,SYNTHETIC_PROTOTYPE_BENCHMARK,SYNTHETIC_PROTOTYPE_DATA_NOT_REAL_PERSONNEL_DATA,DEMO / SYNTHETIC DATA — NOT REAL PERSONNEL OR SENSOR DATA
27.9,52.5,9.3,7.1,6.0,19.0,6.7,13.9,0,2,3.5,3.5,-2.2,1,SYNTHETIC_PROTOTYPE_BENCHMARK,SYNTHETIC_PROTOTYPE_DATA_NOT_REAL_PERSONNEL_DATA,DEMO / SYNTHETIC DATA — NOT REAL PERSONNEL OR SENSOR DATA
19.3,41.4,7.8,4.0,9.0,0.4,6.6,17.0,0,1,5.6,5.1,-1.0,0,SYNTHETIC_PROTOTYPE_BENCHMARK,SYNTHETIC_PROTOTYPE_DATA_NOT_REAL_PERSONNEL_DATA,DEMO / SYNTHETIC DATA — NOT REAL PERSONNEL OR SENSOR DATA
26.2,44.8,8.2,4.0,7.0,8.9,8.2,14.6,0,2,4.3,4.8,0.4,1,SYNTHETIC_PROTOTYPE_BENCHMARK,SYNTHETIC_PROTOTYPE_DATA_NOT_REAL_PERSONNEL_DATA,DEMO / SYNTHETIC DATA — NOT REAL PERSONNEL OR SENSOR DATA
7.1,39.2,5.5,7.4,1.0,2.2,7.2,12.7,0,0,3.5,3.6,-0.1,0,SYNTHETIC_PROTOTYPE_BENCHMARK,SYNTHETIC_PROTOTYPE_DATA_NOT_REAL_PERSONNEL_DATA,DEMO / SYNTHETIC DATA — NOT REAL PERSONNEL OR SENSOR DATA
22.9,61.8,6.1,4.0,1.0,0.2,6.5,19.0,0,1,10.0,4.5,1.4,0,SYNTHETIC_PROTOTYPE_BENCHMARK,SYNTHETIC_PROTOTYPE_DATA_NOT_REAL_PERSONNEL_DATA,DEMO / SYNTHETIC DATA — NOT REAL PERSONNEL OR SENSOR DATA
4.4,30.9,7.5,4.0,0.0,8.1,7.5,13.3,0,1,5.3,4.6,1.7,0,SYNTHETIC_PROTOTYPE_BENCHMARK,SYNTHETIC_PROTOTYPE_DATA_NOT_REAL_PERSONNEL_DATA,DEMO / SYNTHETIC DATA — NOT REAL PERSONNEL OR SENSOR DATA
24.3,63.5,8.6,4.0,4.0,2.4,5.1,14.9,2,1,10.0,4.7,1.9,2,SYNTHETIC_PROTOTYPE_BENCHMARK,SYNTHETIC_PROTOTYPE_DATA_NOT_REAL_PERSONNEL_DATA,DEMO / SYNTHETIC DATA — NOT REAL PERSONNEL OR SENSOR DATA
22.4,65.9,1.6,4.0,3.0,7.7,7.0,16.2,0,1,4.2,4.7,-3.0,1,SYNTHETIC_PROTOTYPE_BENCHMARK,SYNTHETIC_PROTOTYPE_DATA_NOT_REAL_PERSONNEL_DATA,DEMO / SYNTHETIC DATA — NOT REAL PERSONNEL OR SENSOR DATA
24.5,49.0,2.9,9.7,2.0,7.4,6.2,11.4,1,2,2.8,5.9,5.0,1,SYNTHETIC_PROTOTYPE_BENCHMARK,SYNTHETIC_PROTOTYPE_DATA_NOT_REAL_PERSONNEL_DATA,DEMO / SYNTHETIC DATA — NOT REAL PERSONNEL OR SENSOR DATA
18.1,30.0,8.1,5.6,8.0,4.6,7.6,16.3,0,1,8.8,7.0,-0.1,0,SYNTHETIC_PROTOTYPE_BENCHMARK,SYNTHETIC_PROTOTYPE_DATA_NOT_REAL_PERSONNEL_DATA,DEMO / SYNTHETIC DATA — NOT REAL PERSONNEL OR SENSOR DATA
14.1,48.4,4.9,4.0,1.0,9.0,7.4,15.0,0,0,4.7,7.6,2.7,0,SYNTHETIC_PROTOTYPE_BENCHMARK,SYNTHETIC_PROTOTYPE_DATA_NOT_REAL_PERSONNEL_DATA,DEMO / SYNTHETIC DATA — NOT REAL PERSONNEL OR SENSOR DATA
18.2,51.4,4.2,5.0,0.0,5.2,8.1,16.5,0,1,6.5,3.9,-5.0,0,SYNTHETIC_PROTOTYPE_BENCHMARK,SYNTHETIC_PROTOTYPE_DATA_NOT_REAL_PERSONNEL_DATA,DEMO / SYNTHETIC DATA — NOT REAL PERSONNEL OR SENSOR DATA
27.2,41.9,3.0,4.0,0.0,2.0,6.5,16.8,1,2,3.5,4.5,-0.6,1,SYNTHETIC_PROTOTYPE_BENCHMARK,SYNTHETIC_PROTOTYPE_DATA_NOT_REAL_PERSONNEL_DATA,DEMO / SYNTHETIC DATA — NOT REAL PERSONNEL OR SENSOR DATA
20.6,46.8,4.4,9.2,1.0,7.9,6.6,13.0,0,3,6.1,6.4,-3.2,1,SYNTHETIC_PROTOTYPE_BENCHMARK,SYNTHETIC_PROTOTYPE_DATA_NOT_REAL_PERSONNEL_DATA,DEMO / SYNTHETIC DATA — NOT REAL PERSONNEL OR SENSOR DATA
22.8,67.3,2.7,4.0,0.0,5.3,7.4,19.0,0,1,3.5,4.1,-1.9,1,SYNTHETIC_PROTOTYPE_BENCHMARK,SYNTHETIC_PROTOTYPE_DATA_NOT_REAL_PERSONNEL_DATA,DEMO / SYNTHETIC DATA — NOT REAL PERSONNEL OR SENSOR DATA
20.1,58.6,9.7,4.0,2.0,0.1,7.1,14.3,0,1,6.1,6.4,0.1,1,SYNTHETIC_PROTOTYPE_BENCHMARK,SYNTHETIC_PROTOTYPE_DATA_NOT_REAL_PERSONNEL_DATA,DEMO / SYNTHETIC DATA — NOT REAL PERSONNEL OR SENSOR DATA
20.2,42.8,5.5,4.0,1.0,13.9,7.5,18.3,0,1,5.3,6.5,-0.7,0,SYNTHETIC_PROTOTYPE_BENCHMARK,SYNTHETIC_PROTOTYPE_DATA_NOT_REAL_PERSONNEL_DATA,DEMO / SYNTHETIC DATA — NOT REAL PERSONNEL OR SENSOR DATA
20.9,36.0,5.4,4.0,1.0,4.7,6.7,17.9,0,2,6.7,8.9,2.9,0,SYNTHETIC_PROTOTYPE_BENCHMARK,SYNTHETIC_PROTOTYPE_DATA_NOT_REAL_PERSONNEL_DATA,DEMO / SYNTHETIC DATA — NOT REAL PERSONNEL OR SENSOR DATA
19.8,48.7,6.7,4.0,5.0,12.2,6.5,19.1,2,3,7.5,5.2,3.9,1,SYNTHETIC_PROTOTYPE_BENCHMARK,SYNTHETIC_PROTOTYPE_DATA_NOT_REAL_PERSONNEL_DATA,DEMO / SYNTHETIC DATA — NOT REAL PERSONNEL OR SENSOR DATA
24.2,49.9,7.4,4.0,1.0,12.9,6.6,15.9,0,2,6.7,3.0,-2.1,1,SYNTHETIC_PROTOTYPE_BENCHMARK,SYNTHETIC_PROTOTYPE_DATA_NOT_REAL_PERSONNEL_DATA,DEMO / SYNTHETIC DATA — NOT REAL PERSONNEL OR SENSOR DATA
24.8,57.0,7.4,5.6,4.0,3.5,6.0,13.4,1,1,7.1,5.3,-1.1,1,SYNTHETIC_PROTOTYPE_BENCHMARK,SYNTHETIC_PROTOTYPE_DATA_NOT_REAL_PERSONNEL_DATA,DEMO / SYNTHETIC DATA — NOT REAL PERSONNEL OR SENSOR DATA
21.4,46.6,7.6,4.0,2.0,4.3,5.8,19.8,2,0,6.0,5.3,-2.3,1,SYNTHETIC_PROTOTYPE_BENCHMARK,SYNTHETIC_PROTOTYPE_DATA_NOT_REAL_PERSONNEL_DATA,DEMO / SYNTHETIC DATA — NOT REAL PERSONNEL OR SENSOR DATA
20.7,57.1,4.2,12.7,3.0,3.2,6.3,11.4,1,2,5.3,5.6,2.5,1,SYNTHETIC_PROTOTYPE_BENCHMARK,SYNTHETIC_PROTOTYPE_DATA_NOT_REAL_PERSONNEL_DATA,DEMO / SYNTHETIC DATA — NOT REAL PERSONNEL OR SENSOR DATA
27.6,71.4,4.9,4.0,10.0,3.6,7.2,14.0,0,2,7.1,5.0,0.3,1,SYNTHETIC_PROTOTYPE_BENCHMARK,SYNTHETIC_PROTOTYPE_DATA_NOT_REAL_PERSONNEL_DATA,DEMO / SYNTHETIC DATA — NOT REAL PERSONNEL OR SENSOR DATA
19.3,60.2,7.0,4.6,0.0,13.5,6.3,15.0,1,2,6.0,3.9,0.1,1,SYNTHETIC_PROTOTYPE_BENCHMARK,SYNTHETIC_PROTOTYPE_DATA_NOT_REAL_PERSONNEL_DATA,DEMO / SYNTHETIC DATA — NOT REAL PERSONNEL OR SENSOR DATA
14.9,51.5,4.4,11.3,2.0,9.3,7.9,10.7,0,0,6.1,3.6,0.7,0,SYNTHETIC_PROTOTYPE_BENCHMARK,SYNTHETIC_PROTOTYPE_DATA_NOT_REAL_PERSONNEL_DATA,DEMO / SYNTHETIC DATA — NOT REAL PERSONNEL OR SENSOR DATA
18.1,50.2,5.5,4.4,7.0,0.8,7.2,16.5,0,1,7.0,5.0,-0.7,0,SYNTHETIC_PROTOTYPE_BENCHMARK,SYNTHETIC_PROTOTYPE_DATA_NOT_REAL_PERSONNEL_DATA,DEMO / SYNTHETIC DATA — NOT REAL PERSONNEL OR SENSOR DATA
21.9,48.4,6.3,8.2,3.0,5.7,6.4,12.7,2,0,4.1,1.7,-1.9,1,SYNTHETIC_PROTOTYPE_BENCHMARK,SYNTHETIC_PROTOTYPE_DATA_NOT_REAL_PERSONNEL_DATA,DEMO / SYNTHETIC DATA — NOT REAL PERSONNEL OR SENSOR DATA
