pss_score,workload_hours,work_pressure_rating,recovery_sleep_hours,social_support_rating,work_life_balance_rating,shift_continuity_days,recent_trend_indicator,welfare_risk_level,data_label
21.7,45.2,3.8,4.9,5.9,4.0,2.0,-0.9,1,DEMO / SYNTHETIC DATA — NOT REAL PERSONNEL DATA
17.0,50.6,5.4,5.4,4.9,4.8,3.0,-2.7,0,DEMO / SYNTHETIC DATA — NOT REAL PERSONNEL DATA
22.9,44.1,5.5,5.1,5.6,4.2,2.0,0.1,1,DEMO / SYNTHETIC DATA — NOT REAL PERSONNEL DATA
29.4,48.9,6.4,5.5,7.5,5.6,0.0,-1.6,1,DEMO / SYNTHETIC DATA — NOT REAL PERSONNEL DATA
16.2,35.0,2.8,5.9,8.7,7.8,18.0,-2.1,0,DEMO / SYNTHETIC DATA — NOT REAL PERSONNEL DATA
16.2,54.1,6.7,7.2,7.2,3.9,3.0,-1.4,1,DEMO / SYNTHETIC DATA — NOT REAL PERSONNEL DATA
29.8,52.0,1.0,5.8,6.2,7.4,2.0,5.0,1,DEMO / SYNTHETIC DATA — NOT REAL PERSONNEL DATA
23.8,43.8,4.2,4.3,9.1,3.8,11.0,0.3,1,DEMO / SYNTHETIC DATA — NOT REAL PERSONNEL DATA
14.5,58.6,4.5,7.6,5.3,3.7,1.0,0.7,0,DEMO / SYNTHETIC DATA — NOT REAL PERSONNEL DATA
22.1,61.4,6.8,5.2,8.2,7.0,1.0,-2.4,1,DEMO / SYNTHETIC DATA — NOT REAL PERSONNEL DATA
14.5,35.9,5.5,6.1,5.4,7.2,6.0,-3.7,1,DEMO / SYNTHETIC DATA — NOT REAL PERSONNEL DATA
14.5,44.4,2.7,6.7,6.9,7.1,1.0,-1.6,0,DEMO / SYNTHETIC DATA — NOT REAL PERSONNEL DATA
19.8,44.3,3.5,6.4,5.8,2.8,6.0,2.9,1,DEMO / SYNTHETIC DATA — NOT REAL PERSONNEL DATA
3.7,42.6,5.9,7.5,5.9,4.5,1.0,0.7,0,DEMO / SYNTHETIC DATA — NOT REAL PERSONNEL DATA
5.1,60.3,5.3,6.8,5.2,7.0,0.0,1.2,0,DEMO / SYNTHETIC DATA — NOT REAL PERSONNEL DATA
13.8,50.1,4.3,5.2,8.8,5.5,3.0,1.5,0,DEMO / SYNTHETIC DATA — NOT REAL PERSONNEL DATA
10.4,49.4,4.5,8.8,4.5,3.3,1.0,-1.2,0,DEMO / SYNTHETIC DATA — NOT REAL PERSONNEL DATA
20.4,35.0,6.9,6.4,4.4,6.3,5.0,2.8,1,DEMO / SYNTHETIC DATA — NOT REAL PERSONNEL DATA
11.2,58.4,4.5,6.0,10.0,4.0,4.0,-1.3,0,DEMO / SYNTHETIC DATA — NOT REAL PERSONNEL DATA
7.4,39.6,5.3,7.4,8.1,9.0,9.0,2.8,0,DEMO / SYNTHETIC DATA — NOT REAL PERSONNEL DATA
29.0,52.6,9.8,6.5,1.0,8.5,5.0,0.9,1,DEMO / SYNTHETIC DATA — NOT REAL PERSONNEL DATA
16.3,54.8,2.7,6.7,4.8,6.6,1.0,-3.6,0,DEMO / SYNTHETIC DATA — NOT REAL PERSONNEL DATA
18.5,65.6,1.8,9.0,2.2,8.1,6.0,-1.5,1,DEMO / SYNTHETIC DATA — NOT REAL PERSONNEL DATA
7.3,38.9,7.1,5.9,4.0,5.5,4.0,-3.6,0,DEMO / SYNTHETIC DATA — NOT REAL PERSONNEL DATA
13.9,35.0,4.1,5.8,1.0,6.9,4.0,2.3,0,DEMO / SYNTHETIC DATA — NOT REAL PERSONNEL DATA
18.8,53.8,4.9,6.3,5.7,8.4,6.0,-0.0,1,DEMO / SYNTHETIC DATA — NOT REAL PERSONNEL DATA
9.4,70.0,3.9,7.5,3.6,5.9,3.0,-4.5,0,DEMO / SYNTHETIC DATA — NOT REAL PERSONNEL DATA
20.8,64.4,5.0,4.4,6.1,4.9,2.0,0.8,1,DEMO / SYNTHETIC DATA — NOT REAL PERSONNEL DATA
13.5,54.1,8.7,3.8,2.6,2.0,4.0,-1.1,2,DEMO / SYNTHETIC DATA — NOT REAL PERSONNEL DATA
15.8,47.1,7.1,5.5,6.2,5.2,1.0,-3.0,1,DEMO / SYNTHETIC DATA — NOT REAL PERSONNEL DATA
13.5,60.1,7.2,4.2,5.1,7.0,1.0,3.4,1,DEMO / SYNTHETIC DATA — NOT REAL PERSONNEL DATA
31.9,42.3,2.7,5.7,9.2,7.3,3.0,0.2,0,DEMO / SYNTHETIC DATA — NOT REAL PERSONNEL DATA
17.9,56.8,3.2,6.8,9.0,6.4,1.0,-0.6,0,DEMO / SYNTHETIC DATA — NOT REAL PERSONNEL DATA
10.1,57.1,1.0,5.1,7.6,4.3,0.0,-0.8,0,DEMO / SYNTHETIC DATA — NOT REAL PERSONNEL DATA
24.2,62.6,3.9,4.5,5.3,1.4,0.0,-3.0,1,DEMO / SYNTHETIC DATA — NOT REAL PERSONNEL DATA
8.8,79.6,7.4,6.3,10.0,4.4,3.0,-2.6,1,DEMO / SYNTHETIC DATA — NOT REAL PERSONNEL DATA
19.6,55.9,6.5,7.2,2.7,4.8,2.0,2.6,1,DEMO / SYNTHETIC DATA — NOT REAL PERSONNEL DATA
3.3,46.9,5.1,4.2,3.1,4.8,5.0,-0.9,0,DEMO / SYNTHETIC DATA — NOT REAL PERSONNEL DATA
8.0,51.7,5.5,7.2,5.8,6.6,2.0,0.0,0,DEMO / SYNTHETIC DATA — NOT REAL PERSONNEL DATA
19.5,35.0,4.1,7.2,10.0,9.4,2.0,-4.1,0,DEMO / SYNTHETIC DATA — NOT REAL PERSONNEL DATA
23.5,45.1,5.9,7.3,5.6,5.6,2.0,-2.6,0,DEMO / SYNTHETIC DATA — NOT REAL PERSONNEL DATA
19.3,47.9,7.0,7.7,5.6,5.0,4.0,1.2,1,DEMO / SYNTHETIC DATA — NOT REAL PERSONNEL DATA
17.1,46.8,2.3,8.8,3.0,4.9,2.0,0.8,0,DEMO / SYNTHETIC DATA — NOT REAL PERSONNEL DATA
15.7,53.5,6.1,5.8,8.0,5.6,12.0,3.5,1,DEMO / SYNTHETIC DATA — NOT REAL PERSONNEL DATA
6.9,43.8,7.4,6.3,8.0,3.7,10.0,2.7,0,DEMO / SYNTHETIC DATA — NOT REAL PERSONNEL DATA
12.6,63.2,4.7,5.7,7.7,5.6,7.0,-0.5,1,DEMO / SYNTHETIC DATA — NOT REAL PERSONNEL DATA
14.5,52.0,6.9,6.2,4.7,6.3,9.0,0.9,1,DEMO / SYNTHETIC DATA — NOT REAL PERSONNEL DATA
25.9,51.9,10.0,8.0,4.5,5.8,2.0,-0.6,1,DEMO / SYNTHETIC DATA — NOT REAL PERSONNEL DATA
20.6,48.7,5.3,4.6,3.3,6.3,3.0,4.1,1,DEMO / SYNTHETIC DATA — NOT REAL PERSONNEL DATA
4.8,53.6,6.3,5.2,6.2,6.3,5.0,2.3,0,DEMO / SYNTHETIC DATA — NOT REAL PERSONNEL DATA
20.4,60.3,4.0,7.9,3.7,1.9,4.0,0.3,1,DEMO / SYNTHETIC DATA — NOT REAL PERSONNEL DATA
15.1,43.3,5.9,7.4,3.5,6.7,8.0,0.4,0,DEMO / SYNTHETIC DATA — NOT REAL PERSONNEL DATA
12.9,45.4,6.4,5.8,5.1,4.1,4.0,2.9,1,DEMO / SYNTHETIC DATA — NOT REAL PERSONNEL DATA
22.6,49.0,5.9,7.2,5.0,3.2,21.0,1.2,1,DEMO / SYNTHETIC DATA — NOT REAL PERSONNEL DATA
25.7,38.5,3.5,6.6,4.9,3.2,1.0,3.1,1,DEMO / SYNTHETIC DATA — NOT REAL PERSONNEL DATA
25.0,43.8,5.9,8.0,7.0,6.3,6.0,-4.4,0,DEMO / SYNTHETIC DATA — NOT REAL PERSONNEL DATA
11.7,47.2,8.4,6.3,6.2,5.0,4.0,0.9,1,DEMO / SYNTHETIC DATA — NOT REAL PERSONNEL DATA
15.7,60.7,6.4,7.4,5.4,2.0,4.0,-1.0,1,DEMO / SYNTHETIC DATA — NOT REAL PERSONNEL DATA
20.5,54.6,7.4,9.0,6.4,6.4,1.0,3.5,1,DEMO / SYNTHETIC DATA — NOT REAL PERSONNEL DATA
25.3,53.9,5.0,6.9,3.9,2.5,5.0,3.1,1,DEMO / SYNTHETIC DATA — NOT REAL PERSONNEL DATA
14.4,60.5,7.0,6.3,6.2,5.7,8.0,0.1,1,DEMO / SYNTHETIC DATA — NOT REAL PERSONNEL DATA
16.6,50.6,6.1,7.1,6.3,5.9,1.0,3.1,1,DEMO / SYNTHETIC DATA — NOT REAL PERSONNEL DATA
9.7,55.9,3.6,5.8,2.8,7.2,3.0,3.6,0,DEMO / SYNTHETIC DATA — NOT REAL PERSONNEL DATA
9.0,51.0,6.1,9.0,8.1,9.0,2.0,0.1,0,DEMO / SYNTHETIC DATA — NOT REAL PERSONNEL DATA
24.1,54.7,3.5,6.4,4.1,2.7,16.0,4.9,1,DEMO / SYNTHETIC DATA — NOT REAL PERSONNEL DATA
28.2,46.2,4.2,5.9,6.2,5.3,2.0,-0.1,0,DEMO / SYNTHETIC DATA — NOT REAL PERSONNEL DATA
17.5,35.0,5.9,5.2,8.4,4.8,1.0,-0.4,0,DEMO / SYNTHETIC DATA — NOT REAL PERSONNEL DATA
25.5,50.7,6.1,7.5,7.9,6.3,2.0,1.7,0,DEMO / SYNTHETIC DATA — NOT REAL PERSONNEL DATA
20.7,66.2,3.1,7.2,6.1,5.8,4.0,-0.7,1,DEMO / SYNTHETIC DATA — NOT REAL PERSONNEL DATA
13.2,61.3,7.6,5.6,5.2,4.7,0.0,0.2,1,DEMO / SYNTHETIC DATA — NOT REAL PERSONNEL DATA
20.7,61.7,6.6,6.9,8.0,4.5,3.0,2.8,1,DEMO / SYNTHETIC DATA — NOT REAL PERSONNEL DATA
29.5,64.4,4.1,4.4,7.4,3.2,9.0,0.0,1,DEMO / SYNTHETIC DATA — NOT REAL PERSONNEL DATA
17.7,52.9,2.4,6.4,4.7,7.4,7.0,-3.4,0,DEMO / SYNTHETIC DATA — NOT REAL PERSONNEL DATA
29.7,54.0,5.2,6.7,4.3,6.3,0.0,0.7,1,DEMO / SYNTHETIC DATA — NOT REAL PERSONNEL DATA
0.0,45.8,4.6,8.2,1.6,7.2,18.0,-1.4,0,DEMO / SYNTHETIC DATA — NOT REAL PERSONNEL DATA
24.2,48.8,5.7,5.3,6.3,4.8,4.0,1.7,1,DEMO / SYNTHETIC DATA — NOT REAL PERSONNEL DATA
18.7,58.2,4.8,4.7,5.8,4.1,1.0,1.4,1,DEMO / SYNTHETIC DATA — NOT REAL PERSONNEL DATA
15.8,64.0,1.5,5.1,8.4,3.2,0.0,2.9,1,DEMO / SYNTHETIC DATA — NOT REAL PERSONNEL DATA
18.7,50.6,4.7,4.6,6.8,6.1,1.0,1.8,1,DEMO / SYNTHETIC DATA — NOT REAL PERSONNEL DATA
3.1,47.5,4.9,7.8,8.8,3.3,6.0,2.2,0,DEMO / SYNTHETIC DATA — NOT REAL PERSONNEL DATA
16.4,52.0,6.8,8.1,4.5,9.1,0.0,-1.3,0,DEMO / SYNTHETIC DATA — NOT REAL PERSONNEL DATA
20.7,58.0,4.1,6.6,8.4,2.8,1.0,1.6,0,DEMO / SYNTHETIC DATA — NOT REAL PERSONNEL DATA
29.1,37.6,8.9,7.7,4.9,5.9,5.0,3.9,1,DEMO / SYNTHETIC DATA — NOT REAL PERSONNEL DATA
14.1,35.0,1.7,6.4,7.6,8.5,3.0,-1.4,0,DEMO / SYNTHETIC DATA — NOT REAL PERSONNEL DATA
11.9,46.5,8.1,6.1,2.9,6.6,5.0,3.6,1,DEMO / SYNTHETIC DATA — NOT REAL PERSONNEL DATA
14.2,39.8,5.1,5.8,6.5,5.8,5.0,-1.1,0,DEMO / SYNTHETIC DATA — NOT REAL PERSONNEL DATA
24.9,46.9,7.2,5.8,1.8,3.5,0.0,-1.7,1,DEMO / SYNTHETIC DATA — NOT REAL PERSONNEL DATA
20.5,50.5,5.7,4.3,5.4,2.6,8.0,0.6,1,DEMO / SYNTHETIC DATA — NOT REAL PERSONNEL DATA
14.0,47.5,7.8,6.5,6.9,6.9,1.0,1.4,0,DEMO / SYNTHETIC DATA — NOT REAL PERSONNEL DATA
21.8,66.5,4.7,6.2,4.9,8.4,3.0,1.8,1,DEMO / SYNTHETIC DATA — NOT REAL PERSONNEL DATA
18.7,55.3,3.3,7.1,3.8,4.5,4.0,-1.9,1,DEMO / SYNTHETIC DATA — NOT REAL PERSONNEL DATA
25.3,55.0,8.3,6.3,7.8,3.1,1.0,0.9,1,DEMO / SYNTHETIC DATA — NOT REAL PERSONNEL DATA
12.7,58.2,5.3,6.0,5.8,1.0,13.0,-1.4,1,DEMO / SYNTHETIC DATA — NOT REAL PERSONNEL DATA
15.5,40.6,5.9,5.2,5.0,3.4,2.0,-3.0,1,DEMO / SYNTHETIC DATA — NOT REAL PERSONNEL DATA
15.1,62.4,8.0,6.3,6.1,5.2,0.0,-1.9,1,DEMO / SYNTHETIC DATA — NOT REAL PERSONNEL DATA
7.0,51.2,3.4,7.1,10.0,8.6,10.0,-1.5,0,DEMO / SYNTHETIC DATA — NOT REAL PERSONNEL DATA
20.2,58.7,6.7,4.8,8.4,6.7,3.0,1.0,1,DEMO / SYNTHETIC DATA — NOT REAL PERSONNEL DATA
20.0,41.3,4.3,6.3,8.4,6.0,4.0,2.3,1,DEMO / SYNTHETIC DATA — NOT REAL PERSONNEL DATA
18.0,36.5,5.2,6.5,6.9,4.6,3.0,-2.9,0,DEMO / SYNTHETIC DATA — NOT REAL PERSONNEL DATA
16.2,60.2,5.6,5.3,6.3,4.2,6.0,0.7,1,DEMO / SYNTHETIC DATA — NOT REAL PERSONNEL DATA
7.4,55.8,2.5,5.5,1.0,8.2,0.0,-2.4,0,DEMO / SYNTHETIC DATA — NOT REAL PERSONNEL DATA
14.8,43.0,3.9,6.5,4.6,5.8,1.0,1.3,0,DEMO / SYNTHETIC DATA — NOT REAL PERSONNEL DATA
15.4,43.3,8.2,4.8,5.0,1.2,2.0,-1.2,1,DEMO / SYNTHETIC DATA — NOT REAL PERSONNEL DATA
12.0,63.3,7.3,6.6,2.1,4.1,0.0,-2.1,1,DEMO / SYNTHETIC DATA — NOT REAL PERSONNEL DATA
16.8,40.1,5.4,5.1,3.6,3.7,4.0,1.6,1,DEMO / SYNTHETIC DATA — NOT REAL PERSONNEL DATA
21.0,68.4,6.0,7.5,1.8,4.3,2.0,-1.2,1,DEMO / SYNTHETIC DATA — NOT REAL PERSONNEL DATA
32.1,43.0,4.9,9.0,5.9,6.5,1.0,-0.6,1,DEMO / SYNTHETIC DATA — NOT REAL PERSONNEL DATA
19.3,58.4,8.2,5.2,7.7,5.2,0.0,-4.4,1,DEMO / SYNTHETIC DATA — NOT REAL PERSONNEL DATA
19.9,48.7,5.1,6.8,8.3,5.2,4.0,1.9,1,DEMO / SYNTHETIC DATA — NOT REAL PERSONNEL DATA
17.4,58.0,6.0,5.3,6.9,8.0,6.0,1.6,1,DEMO / SYNTHETIC DATA — NOT REAL PERSONNEL DATA
3.6,46.6,7.8,7.4,4.0,4.0,2.0,0.0,0,DEMO / SYNTHETIC DATA — NOT REAL PERSONNEL DATA
17.8,50.4,3.9,4.7,1.9,9.1,3.0,-3.1,1,DEMO / SYNTHETIC DATA — NOT REAL PERSONNEL DATA
18.5,52.4,8.6,6.8,2.3,4.1,1.0,2.4,1,DEMO / SYNTHETIC DATA — NOT REAL PERSONNEL DATA
36.5,42.0,2.4,5.2,3.3,5.6,3.0,-1.3,1,DEMO / SYNTHETIC DATA — NOT REAL PERSONNEL DATA
16.6,59.4,8.8,6.0,4.1,4.8,0.0,-0.9,1,DEMO / SYNTHETIC DATA — NOT REAL PERSONNEL DATA
20.3,46.9,4.8,5.0,5.7,5.6,2.0,4.6,1,DEMO / SYNTHETIC DATA — NOT REAL PERSONNEL DATA
17.7,49.7,5.0,7.2,3.9,6.3,4.0,-1.4,0,DEMO / SYNTHETIC DATA — NOT REAL PERSONNEL DATA
9.2,42.1,1.7,5.2,6.7,6.3,9.0,1.5,0,DEMO / SYNTHETIC DATA — NOT REAL PERSONNEL DATA
26.6,35.0,4.6,6.9,5.5,3.9,2.0,1.1,1,DEMO / SYNTHETIC DATA — NOT REAL PERSONNEL DATA
23.6,50.1,3.4,5.8,6.0,3.2,5.0,0.8,0,DEMO / SYNTHETIC DATA — NOT REAL PERSONNEL DATA
23.9,76.1,4.3,6.1,8.4,10.0,3.0,0.6,1,DEMO / SYNTHETIC DATA — NOT REAL PERSONNEL DATA
11.2,59.8,5.2,6.4,3.5,4.4,9.0,0.8,1,DEMO / SYNTHETIC DATA — NOT REAL PERSONNEL DATA
28.5,51.8,7.4,5.3,6.9,6.8,2.0,0.5,1,DEMO / SYNTHETIC DATA — NOT REAL PERSONNEL DATA
7.5,49.4,5.9,6.5,6.0,2.2,1.0,-0.1,0,DEMO / SYNTHETIC DATA — NOT REAL PERSONNEL DATA
22.4,52.2,6.1,8.0,5.3,4.8,8.0,3.0,1,DEMO / SYNTHETIC DATA — NOT REAL PERSONNEL DATA
34.4,57.5,3.3,5.3,7.9,5.1,0.0,-2.6,1,DEMO / SYNTHETIC DATA — NOT REAL PERSONNEL DATA
10.6,40.2,3.7,7.6,7.8,6.3,1.0,2.0,0,DEMO / SYNTHETIC DATA — NOT REAL PERSONNEL DATA
13.8,63.1,9.1,8.0,4.0,1.0,0.0,1.6,1,DEMO / SYNTHETIC DATA — NOT REAL PERSONNEL DATA
18.7,59.2,4.0,5.2,5.6,5.7,6.0,1.4,1,DEMO / SYNTHETIC DATA — NOT REAL PERSONNEL DATA
14.2,59.2,8.8,4.5,6.6,3.1,0.0,2.2,1,DEMO / SYNTHETIC DATA — NOT REAL PERSONNEL DATA
6.4,56.4,5.0,6.6,5.4,6.0,7.0,-0.2,0,DEMO / SYNTHETIC DATA — NOT REAL PERSONNEL DATA
18.5,52.2,5.5,5.5,7.2,3.3,2.0,-3.7,0,DEMO / SYNTHETIC DATA — NOT REAL PERSONNEL DATA
10.0,58.7,7.6,8.4,6.6,3.7,0.0,-0.1,0,DEMO / SYNTHETIC DATA — NOT REAL PERSONNEL DATA
21.6,57.9,8.0,6.2,9.8,4.9,2.0,-2.0,1,DEMO / SYNTHETIC DATA — NOT REAL PERSONNEL DATA
11.1,48.5,5.3,5.2,2.8,3.3,1.0,-1.5,1,DEMO / SYNTHETIC DATA — NOT REAL PERSONNEL DATA
29.6,46.3,4.7,4.8,5.7,4.4,3.0,-2.5,1,DEMO / SYNTHETIC DATA — NOT REAL PERSONNEL DATA
12.1,53.0,5.4,7.5,4.1,3.0,4.0,-1.0,0,DEMO / SYNTHETIC DATA — NOT REAL PERSONNEL DATA
15.6,67.5,6.2,5.5,7.3,1.7,2.0,-1.2,1,DEMO / SYNTHETIC DATA — NOT REAL PERSONNEL DATA
24.1,39.6,7.3,6.3,2.6,7.4,0.0,-4.8,1,DEMO / SYNTHETIC DATA — NOT REAL PERSONNEL DATA
8.8,37.3,5.5,7.3,6.7,2.8,4.0,1.4,0,DEMO / SYNTHETIC DATA — NOT REAL PERSONNEL DATA
19.7,53.6,6.7,5.6,4.7,5.0,6.0,4.4,1,DEMO / SYNTHETIC DATA — NOT REAL PERSONNEL DATA
27.8,52.5,8.8,6.1,4.5,6.9,4.0,1.2,1,DEMO / SYNTHETIC DATA — NOT REAL PERSONNEL DATA
5.9,53.7,6.3,6.2,3.0,4.2,6.0,-0.4,1,DEMO / SYNTHETIC DATA — NOT REAL PERSONNEL DATA
19.4,54.4,6.1,7.0,5.0,3.7,1.0,-0.1,1,DEMO / SYNTHETIC DATA — NOT REAL PERSONNEL DATA
19.9,49.8,2.5,6.9,8.3,5.9,8.0,-0.8,0,DEMO / SYNTHETIC DATA — NOT REAL PERSONNEL DATA
23.9,66.9,1.0,5.9,5.9,7.6,1.0,0.2,1,DEMO / SYNTHETIC DATA — NOT REAL PERSONNEL DATA
8.7,36.0,6.3,6.3,7.3,3.1,0.0,-0.1,0,DEMO / SYNTHETIC DATA — NOT REAL PERSONNEL DATA
8.1,43.7,5.3,5.8,9.5,5.1,6.0,-1.7,0,DEMO / SYNTHETIC DATA — NOT REAL PERSONNEL DATA
21.9,51.0,4.5,4.4,6.6,1.9,10.0,3.4,1,DEMO / SYNTHETIC DATA — NOT REAL PERSONNEL DATA
20.2,35.6,6.0,6.5,4.8,4.6,4.0,-3.0,1,DEMO / SYNTHETIC DATA — NOT REAL PERSONNEL DATA
19.9,50.2,5.4,8.5,7.0,5.5,1.0,1.4,0,DEMO / SYNTHETIC DATA — NOT REAL PERSONNEL DATA
20.6,68.6,7.8,5.1,4.9,3.7,1.0,-0.2,1,DEMO / SYNTHETIC DATA — NOT REAL PERSONNEL DATA
12.9,52.2,5.7,5.3,4.9,4.5,2.0,3.8,1,DEMO / SYNTHETIC DATA — NOT REAL PERSONNEL DATA
19.7,54.3,4.0,5.2,2.8,2.6,8.0,0.7,1,DEMO / SYNTHETIC DATA — NOT REAL PERSONNEL DATA
20.2,39.4,7.5,7.1,7.9,5.6,1.0,-0.7,1,DEMO / SYNTHETIC DATA — NOT REAL PERSONNEL DATA
12.6,45.8,5.1,6.7,5.2,7.5,6.0,-0.5,0,DEMO / SYNTHETIC DATA — NOT REAL PERSONNEL DATA
32.0,48.2,6.6,6.0,6.4,3.2,1.0,0.1,1,DEMO / SYNTHETIC DATA — NOT REAL PERSONNEL DATA
21.6,48.8,4.5,5.1,3.8,4.2,6.0,-2.3,1,DEMO / SYNTHETIC DATA — NOT REAL PERSONNEL DATA
9.1,64.8,4.2,6.3,6.9,6.4,9.0,-1.5,0,DEMO / SYNTHETIC DATA — NOT REAL PERSONNEL DATA
22.9,57.6,5.7,4.3,4.4,7.8,2.0,-3.6,1,DEMO / SYNTHETIC DATA — NOT REAL PERSONNEL DATA
10.7,40.9,5.5,6.4,5.7,2.4,2.0,-1.8,0,DEMO / SYNTHETIC DATA — NOT REAL PERSONNEL DATA
23.9,54.5,6.5,7.2,7.8,5.1,6.0,0.2,1,DEMO / SYNTHETIC DATA — NOT REAL PERSONNEL DATA
26.7,57.0,5.0,4.7,7.7,6.0,3.0,0.6,1,DEMO / SYNTHETIC DATA — NOT REAL PERSONNEL DATA
11.8,63.4,1.8,4.4,6.0,5.2,4.0,-4.0,1,DEMO / SYNTHETIC DATA — NOT REAL PERSONNEL DATA
25.2,67.8,4.6,8.1,2.3,1.0,3.0,-0.3,1,DEMO / SYNTHETIC DATA — NOT REAL PERSONNEL DATA
21.1,41.8,7.1,5.5,10.0,6.4,1.0,1.1,1,DEMO / SYNTHETIC DATA — NOT REAL PERSONNEL DATA
24.2,43.9,4.9,7.6,9.7,8.4,7.0,-0.3,0,DEMO / SYNTHETIC DATA — NOT REAL PERSONNEL DATA
32.2,39.4,5.0,6.0,7.5,5.6,1.0,-1.3,0,DEMO / SYNTHETIC DATA — NOT REAL PERSONNEL DATA
16.2,49.7,7.5,6.0,4.4,3.3,9.0,-0.8,1,DEMO / SYNTHETIC DATA — NOT REAL PERSONNEL DATA
12.3,56.7,4.1,6.7,5.8,4.4,1.0,-1.1,0,DEMO / SYNTHETIC DATA — NOT REAL PERSONNEL DATA
11.3,61.9,2.4,5.1,4.9,8.9,5.0,-1.3,0,DEMO / SYNTHETIC DATA — NOT REAL PERSONNEL DATA
11.9,51.2,5.2,6.4,8.7,7.2,1.0,0.3,0,DEMO / SYNTHETIC DATA — NOT REAL PERSONNEL DATA
17.4,48.8,4.5,5.7,6.6,6.7,1.0,4.6,0,DEMO / SYNTHETIC DATA — NOT REAL PERSONNEL DATA
20.6,53.5,3.6,4.6,4.4,6.1,1.0,-1.5,1,DEMO / SYNTHETIC DATA — NOT REAL PERSONNEL DATA
20.1,43.6,5.1,6.6,5.0,4.1,5.0,-0.6,0,DEMO / SYNTHETIC DATA — NOT REAL PERSONNEL DATA
24.2,72.9,6.5,5.9,8.4,5.0,3.0,-0.1,1,DEMO / SYNTHETIC DATA — NOT REAL PERSONNEL DATA
18.1,35.9,5.5,6.0,9.4,5.2,8.0,-1.4,0,DEMO / SYNTHETIC DATA — NOT REAL PERSONNEL DATA
28.9,53.8,6.1,4.7,9.2,6.5,1.0,2.2,1,DEMO / SYNTHETIC DATA — NOT REAL PERSONNEL DATA
16.0,72.2,9.1,8.1,7.6,8.4,4.0,-4.7,1,DEMO / SYNTHETIC DATA — NOT REAL PERSONNEL DATA
38.4,52.1,4.8,7.3,5.5,7.6,5.0,-1.1,1,DEMO / SYNTHETIC DATA — NOT REAL PERSONNEL DATA
22.7,50.1,6.1,7.4,1.0,2.6,1.0,1.6,1,DEMO / SYNTHETIC DATA — NOT REAL PERSONNEL DATA
11.6,48.4,4.5,5.8,6.6,5.8,2.0,-0.6,0,DEMO / SYNTHETIC DATA — NOT REAL PERSONNEL DATA
10.0,50.2,3.8,4.1,6.0,6.9,2.0,-1.6,1,DEMO / SYNTHETIC DATA — NOT REAL PERSONNEL DATA
21.6,65.7,4.3,8.5,6.3,6.6,2.0,0.9,0,DEMO / SYNTHETIC DATA — NOT REAL PERSONNEL DATA
16.3,35.0,4.5,6.1,6.1,4.1,1.0,1.8,0,DEMO / SYNTHETIC DATA — NOT REAL PERSONNEL DATA
23.4,67.3,6.2,5.3,3.2,10.0,4.0,0.4,1,DEMO / SYNTHETIC DATA — NOT REAL PERSONNEL DATA
21.5,37.8,10.0,6.7,7.2,2.8,1.0,-1.6,1,DEMO / SYNTHETIC DATA — NOT REAL PERSONNEL DATA
17.5,49.3,4.1,7.6,7.3,3.2,4.0,0.9,0,DEMO / SYNTHETIC DATA — NOT REAL PERSONNEL DATA
11.6,47.7,4.7,6.2,7.4,5.9,10.0,-0.8,0,DEMO / SYNTHETIC DATA — NOT REAL PERSONNEL DATA
6.6,57.9,5.4,7.7,8.0,9.6,3.0,1.5,0,DEMO / SYNTHETIC DATA — NOT REAL PERSONNEL DATA
14.7,36.0,6.3,7.5,7.3,3.7,3.0,3.0,0,DEMO / SYNTHETIC DATA — NOT REAL PERSONNEL DATA
24.4,56.6,6.0,4.9,5.1,4.9,0.0,-5.0,1,DEMO / SYNTHETIC DATA — NOT REAL PERSONNEL DATA
19.6,72.2,8.1,5.4,5.9,7.6,7.0,0.2,1,DEMO / SYNTHETIC DATA — NOT REAL PERSONNEL DATA
8.7,38.4,1.0,7.3,6.2,5.4,1.0,-3.5,0,DEMO / SYNTHETIC DATA — NOT REAL PERSONNEL DATA
19.3,53.9,1.0,3.5,6.2,4.7,3.0,4.9,1,DEMO / SYNTHETIC DATA — NOT REAL PERSONNEL DATA
20.9,45.4,4.5,6.0,8.1,6.5,14.0,-0.9,0,DEMO / SYNTHETIC DATA — NOT REAL PERSONNEL DATA
11.4,56.3,7.7,4.5,7.4,5.9,3.0,1.5,1,DEMO / SYNTHETIC DATA — NOT REAL PERSONNEL DATA
19.2,52.2,2.4,5.6,10.0,7.5,5.0,-0.1,0,DEMO / SYNTHETIC DATA — NOT REAL PERSONNEL DATA
18.4,45.6,1.0,5.8,10.0,8.0,2.0,-1.6,0,DEMO / SYNTHETIC DATA — NOT REAL PERSONNEL DATA
9.4,56.9,6.6,5.8,6.2,6.0,0.0,-1.8,0,DEMO / SYNTHETIC DATA — NOT REAL PERSONNEL DATA
20.7,70.0,6.0,5.5,1.0,6.0,6.0,3.2,1,DEMO / SYNTHETIC DATA — NOT REAL PERSONNEL DATA
22.2,50.1,3.3,4.9,8.6,5.8,0.0,1.9,1,DEMO / SYNTHETIC DATA — NOT REAL PERSONNEL DATA
26.1,59.2,3.5,9.0,4.9,6.4,4.0,3.9,0,DEMO / SYNTHETIC DATA — NOT REAL PERSONNEL DATA
25.9,39.1,3.6,8.4,4.3,5.5,0.0,0.1,1,DEMO / SYNTHETIC DATA — NOT REAL PERSONNEL DATA
7.7,42.4,5.7,4.8,5.2,5.4,7.0,0.6,0,DEMO / SYNTHETIC DATA — NOT REAL PERSONNEL DATA
11.0,56.7,4.2,8.1,5.1,7.8,1.0,-0.5,0,DEMO / SYNTHETIC DATA — NOT REAL PERSONNEL DATA
21.9,66.8,6.5,5.7,7.3,8.4,3.0,-0.6,1,DEMO / SYNTHETIC DATA — NOT REAL PERSONNEL DATA
21.9,55.6,1.0,6.4,2.7,2.4,3.0,-2.1,1,DEMO / SYNTHETIC DATA — NOT REAL PERSONNEL DATA
21.9,48.9,3.8,6.1,3.7,5.4,2.0,0.2,1,DEMO / SYNTHETIC DATA — NOT REAL PERSONNEL DATA
40.0,52.0,3.2,5.4,6.7,4.0,1.0,-1.6,1,DEMO / SYNTHETIC DATA — NOT REAL PERSONNEL DATA
22.3,39.5,5.0,7.4,7.3,4.8,2.0,0.9,0,DEMO / SYNTHETIC DATA — NOT REAL PERSONNEL DATA
26.5,58.0,4.4,6.4,7.3,6.2,1.0,0.3,1,DEMO / SYNTHETIC DATA — NOT REAL PERSONNEL DATA
25.2,60.8,7.1,5.6,4.3,6.7,2.0,0.6,1,DEMO / SYNTHETIC DATA — NOT REAL PERSONNEL DATA
22.9,47.5,1.8,4.6,3.9,5.2,2.0,3.4,1,DEMO / SYNTHETIC DATA — NOT REAL PERSONNEL DATA
15.6,47.3,5.6,5.1,4.9,1.6,3.0,-0.1,1,DEMO / SYNTHETIC DATA — NOT REAL PERSONNEL DATA
23.7,54.7,6.6,4.2,6.5,3.5,1.0,1.5,1,DEMO / SYNTHETIC DATA — NOT REAL PERSONNEL DATA
12.2,47.6,9.2,6.2,9.1,7.2,16.0,4.1,1,DEMO / SYNTHETIC DATA — NOT REAL PERSONNEL DATA
16.2,51.3,4.5,4.8,1.7,1.0,2.0,2.6,1,DEMO / SYNTHETIC DATA — NOT REAL PERSONNEL DATA
14.4,73.0,6.1,5.9,5.5,7.8,1.0,2.3,1,DEMO / SYNTHETIC DATA — NOT REAL PERSONNEL DATA
18.6,49.5,1.9,7.8,3.2,6.4,2.0,-0.6,0,DEMO / SYNTHETIC DATA — NOT REAL PERSONNEL DATA
35.4,48.4,1.0,7.6,2.5,8.0,7.0,0.5,1,DEMO / SYNTHETIC DATA — NOT REAL PERSONNEL DATA
4.0,45.5,7.2,6.2,8.0,5.0,0.0,-2.6,0,DEMO / SYNTHETIC DATA — NOT REAL PERSONNEL DATA
23.1,59.4,5.5,6.1,7.1,1.3,4.0,1.0,1,DEMO / SYNTHETIC DATA — NOT REAL PERSONNEL DATA
5.9,50.2,7.9,8.5,6.9,6.3,3.0,0.5,0,DEMO / SYNTHETIC DATA — NOT REAL PERSONNEL DATA
14.5,45.5,2.8,6.8,7.9,7.9,1.0,0.0,0,DEMO / SYNTHETIC DATA — NOT REAL PERSONNEL DATA
26.2,65.2,6.5,5.8,5.0,7.2,6.0,2.1,1,DEMO / SYNTHETIC DATA — NOT REAL PERSONNEL DATA
18.5,66.2,9.2,4.5,5.1,4.1,2.0,-2.4,1,DEMO / SYNTHETIC DATA — NOT REAL PERSONNEL DATA
9.9,46.0,6.3,6.7,10.0,5.6,1.0,3.3,0,DEMO / SYNTHETIC DATA — NOT REAL PERSONNEL DATA
12.6,35.0,6.1,7.2,5.5,4.3,6.0,1.8,0,DEMO / SYNTHETIC DATA — NOT REAL PERSONNEL DATA
23.1,62.1,5.5,5.4,7.5,3.8,4.0,-0.1,1,DEMO / SYNTHETIC DATA — NOT REAL PERSONNEL DATA
12.5,45.2,2.4,6.5,6.0,7.3,8.0,-0.3,0,DEMO / SYNTHETIC DATA — NOT REAL PERSONNEL DATA
19.6,59.9,8.2,5.8,2.1,3.0,3.0,1.0,1,DEMO / SYNTHETIC DATA — NOT REAL PERSONNEL DATA
18.3,35.0,4.3,6.0,1.7,3.6,5.0,3.0,0,DEMO / SYNTHETIC DATA — NOT REAL PERSONNEL DATA
13.1,60.9,6.5,3.5,4.8,3.2,6.0,0.2,1,DEMO / SYNTHETIC DATA — NOT REAL PERSONNEL DATA
34.1,39.9,2.4,5.9,8.2,2.4,0.0,0.3,1,DEMO / SYNTHETIC DATA — NOT REAL PERSONNEL DATA
22.8,59.3,3.1,7.4,7.7,5.7,5.0,0.0,1,DEMO / SYNTHETIC DATA — NOT REAL PERSONNEL DATA
2.8,52.1,8.4,5.4,7.9,7.7,3.0,3.6,0,DEMO / SYNTHETIC DATA — NOT REAL PERSONNEL DATA
19.4,42.5,4.8,6.3,3.9,5.0,0.0,-0.7,1,DEMO / SYNTHETIC DATA — NOT REAL PERSONNEL DATA
13.0,47.9,8.4,5.3,9.4,2.4,2.0,-0.1,0,DEMO / SYNTHETIC DATA — NOT REAL PERSONNEL DATA
24.4,58.9,5.3,6.6,4.0,7.1,0.0,2.9,1,DEMO / SYNTHETIC DATA — NOT REAL PERSONNEL DATA
12.1,53.1,1.8,5.9,6.4,8.8,5.0,0.3,0,DEMO / SYNTHETIC DATA — NOT REAL PERSONNEL DATA
17.1,57.8,7.3,5.1,6.0,4.1,3.0,2.3,1,DEMO / SYNTHETIC DATA — NOT REAL PERSONNEL DATA
21.8,71.8,4.3,7.8,5.6,4.4,11.0,-1.8,1,DEMO / SYNTHETIC DATA — NOT REAL PERSONNEL DATA
24.5,36.4,6.9,7.3,8.8,6.4,1.0,-0.4,0,DEMO / SYNTHETIC DATA — NOT REAL PERSONNEL DATA
9.0,68.2,5.6,5.5,4.5,8.6,3.0,3.0,0,DEMO / SYNTHETIC DATA — NOT REAL PERSONNEL DATA
15.5,53.0,2.4,6.8,3.2,4.4,1.0,-1.4,0,DEMO / SYNTHETIC DATA — NOT REAL PERSONNEL DATA
14.4,43.0,5.8,6.8,6.0,2.7,3.0,-0.3,0,DEMO / SYNTHETIC DATA — NOT REAL PERSONNEL DATA
13.1,38.7,9.9,7.0,5.2,6.7,4.0,0.5,0,DEMO / SYNTHETIC DATA — NOT REAL PERSONNEL DATA
31.2,50.1,6.5,4.2,10.0,7.0,4.0,-2.0,1,DEMO / SYNTHETIC DATA — NOT REAL PERSONNEL DATA
21.0,61.2,5.4,7.4,7.4,5.4,6.0,-0.8,1,DEMO / SYNTHETIC DATA — NOT REAL PERSONNEL DATA
8.5,50.7,7.7,5.5,5.1,4.3,7.0,0.2,1,DEMO / SYNTHETIC DATA — NOT REAL PERSONNEL DATA
24.9,67.1,5.9,5.8,3.8,7.4,0.0,0.1,1,DEMO / SYNTHETIC DATA — NOT REAL PERSONNEL DATA
33.9,37.5,5.9,9.0,2.1,6.5,1.0,2.6,1,DEMO / SYNTHETIC DATA — NOT REAL PERSONNEL DATA
25.7,51.9,3.3,6.6,3.8,3.9,4.0,3.1,1,DEMO / SYNTHETIC DATA — NOT REAL PERSONNEL DATA
6.6,39.5,6.0,5.7,6.2,5.5,2.0,-1.7,0,DEMO / SYNTHETIC DATA — NOT REAL PERSONNEL DATA
14.4,55.6,7.6,3.6,9.0,2.7,1.0,0.2,0,DEMO / SYNTHETIC DATA — NOT REAL PERSONNEL DATA
27.5,60.9,3.8,7.9,8.4,6.8,3.0,1.3,1,DEMO / SYNTHETIC DATA — NOT REAL PERSONNEL DATA
12.7,47.8,8.3,4.6,6.5,4.9,2.0,3.0,1,DEMO / SYNTHETIC DATA — NOT REAL PERSONNEL DATA
21.3,35.0,5.3,5.0,5.3,4.5,2.0,1.4,1,DEMO / SYNTHETIC DATA — NOT REAL PERSONNEL DATA
23.8,54.0,3.7,5.8,6.6,5.3,6.0,0.6,1,DEMO / SYNTHETIC DATA — NOT REAL PERSONNEL DATA
11.0,56.4,7.5,7.9,4.9,5.5,2.0,1.3,0,DEMO / SYNTHETIC DATA — NOT REAL PERSONNEL DATA
17.6,56.0,4.9,7.1,9.6,7.2,0.0,1.3,0,DEMO / SYNTHETIC DATA — NOT REAL PERSONNEL DATA
0.0,64.4,7.0,6.0,5.6,6.6,0.0,-1.9,0,DEMO / SYNTHETIC DATA — NOT REAL PERSONNEL DATA
10.3,41.3,4.9,6.6,5.8,5.1,7.0,0.4,0,DEMO / SYNTHETIC DATA — NOT REAL PERSONNEL DATA
16.1,58.8,5.4,5.5,1.3,6.9,11.0,2.9,1,DEMO / SYNTHETIC DATA — NOT REAL PERSONNEL DATA
8.6,63.9,6.5,6.4,5.6,6.2,4.0,-0.4,1,DEMO / SYNTHETIC DATA — NOT REAL PERSONNEL DATA
30.2,35.0,6.1,6.3,7.8,4.5,2.0,0.3,1,DEMO / SYNTHETIC DATA — NOT REAL PERSONNEL DATA
7.3,55.2,1.5,7.4,3.8,5.2,10.0,-0.5,0,DEMO / SYNTHETIC DATA — NOT REAL PERSONNEL DATA
14.7,47.0,3.3,7.4,4.4,5.1,4.0,-4.6,0,DEMO / SYNTHETIC DATA — NOT REAL PERSONNEL DATA
19.0,51.2,7.4,6.8,7.7,6.4,7.0,0.0,1,DEMO / SYNTHETIC DATA — NOT REAL PERSONNEL DATA
28.8,55.5,5.2,5.8,2.9,4.7,5.0,0.6,1,DEMO / SYNTHETIC DATA — NOT REAL PERSONNEL DATA
7.2,47.1,4.5,7.1,8.2,4.6,2.0,-1.0,0,DEMO / SYNTHETIC DATA — NOT REAL PERSONNEL DATA
26.7,45.2,2.8,6.1,4.9,9.3,2.0,-2.3,0,DEMO / SYNTHETIC DATA — NOT REAL PERSONNEL DATA
18.1,52.3,3.3,4.9,5.2,7.3,1.0,-1.8,0,DEMO / SYNTHETIC DATA — NOT REAL PERSONNEL DATA
10.6,41.1,1.5,5.7,3.6,3.9,1.0,1.5,0,DEMO / SYNTHETIC DATA — NOT REAL PERSONNEL DATA
21.5,41.1,5.3,6.3,6.8,6.5,5.0,3.9,1,DEMO / SYNTHETIC DATA — NOT REAL PERSONNEL DATA
19.5,58.8,4.3,7.3,10.0,5.6,8.0,2.8,0,DEMO / SYNTHETIC DATA — NOT REAL PERSONNEL DATA
13.5,40.5,3.6,6.0,7.6,6.2,5.0,-2.7,0,DEMO / SYNTHETIC DATA — NOT REAL PERSONNEL DATA
18.5,58.7,5.4,4.7,4.2,5.7,2.0,1.7,1,DEMO / SYNTHETIC DATA — NOT REAL PERSONNEL DATA
15.1,56.6,6.2,6.3,8.4,7.8,0.0,-1.3,0,DEMO / SYNTHETIC DATA — NOT REAL PERSONNEL DATA
18.9,35.0,9.7,6.3,5.3,6.1,0.0,-1.2,1,DEMO / SYNTHETIC DATA — NOT REAL PERSONNEL DATA
23.0,45.2,2.5,6.4,8.9,5.3,2.0,-0.9,1,DEMO / SYNTHETIC DATA — NOT REAL PERSONNEL DATA
29.9,63.9,7.8,7.3,7.7,7.5,2.0,1.4,1,DEMO / SYNTHETIC DATA — NOT REAL PERSONNEL DATA
8.7,42.2,7.4,7.4,1.0,5.9,3.0,1.9,0,DEMO / SYNTHETIC DATA — NOT REAL PERSONNEL DATA
34.0,47.4,3.9,5.5,3.9,5.6,0.0,-0.2,1,DEMO / SYNTHETIC DATA — NOT REAL PERSONNEL DATA
3.4,56.6,5.9,5.5,8.0,6.0,16.0,-0.2,0,DEMO / SYNTHETIC DATA — NOT REAL PERSONNEL DATA
16.9,59.8,4.6,5.0,6.3,5.2,2.0,0.9,1,DEMO / SYNTHETIC DATA — NOT REAL PERSONNEL DATA
22.4,49.5,5.9,7.0,3.9,5.4,7.0,1.1,1,DEMO / SYNTHETIC DATA — NOT REAL PERSONNEL DATA
20.1,46.0,8.5,7.9,4.7,4.2,3.0,2.4,1,DEMO / SYNTHETIC DATA — NOT REAL PERSONNEL DATA
13.3,66.2,6.7,5.8,2.0,3.9,0.0,-2.6,1,DEMO / SYNTHETIC DATA — NOT REAL PERSONNEL DATA
16.4,69.4,6.5,5.9,5.8,3.4,6.0,0.0,1,DEMO / SYNTHETIC DATA — NOT REAL PERSONNEL DATA
14.3,61.8,4.6,8.0,10.0,2.6,4.0,-2.1,0,DEMO / SYNTHETIC DATA — NOT REAL PERSONNEL DATA
13.6,52.9,2.5,6.8,7.7,3.6,3.0,-0.1,0,DEMO / SYNTHETIC DATA — NOT REAL PERSONNEL DATA
24.4,43.9,5.1,6.7,10.0,5.1,3.0,-0.5,0,DEMO / SYNTHETIC DATA — NOT REAL PERSONNEL DATA
20.7,43.7,7.9,4.8,7.9,5.6,0.0,-0.1,1,DEMO / SYNTHETIC DATA — NOT REAL PERSONNEL DATA
12.8,57.2,2.4,7.0,8.2,4.9,4.0,-1.6,0,DEMO / SYNTHETIC DATA — NOT REAL PERSONNEL DATA
24.7,56.2,3.4,5.1,10.0,1.0,8.0,-3.0,1,DEMO / SYNTHETIC DATA — NOT REAL PERSONNEL DATA
20.3,66.0,5.8,4.8,6.8,8.5,0.0,-4.2,1,DEMO / SYNTHETIC DATA — NOT REAL PERSONNEL DATA
24.1,58.5,3.5,5.8,5.6,7.6,1.0,-0.3,1,DEMO / SYNTHETIC DATA — NOT REAL PERSONNEL DATA
22.7,37.0,3.9,5.5,8.2,6.3,8.0,-0.9,0,DEMO / SYNTHETIC DATA — NOT REAL PERSONNEL DATA
11.8,62.5,4.7,5.9,9.1,9.2,1.0,-1.4,1,DEMO / SYNTHETIC DATA — NOT REAL PERSONNEL DATA
13.8,42.0,2.8,4.5,5.0,3.4,4.0,2.6,0,DEMO / SYNTHETIC DATA — NOT REAL PERSONNEL DATA
23.6,48.2,3.6,7.4,4.5,9.2,3.0,-1.7,0,DEMO / SYNTHETIC DATA — NOT REAL PERSONNEL DATA
22.6,54.5,6.9,7.6,6.3,3.5,3.0,2.8,1,DEMO / SYNTHETIC DATA — NOT REAL PERSONNEL DATA
17.8,72.0,2.9,3.9,7.7,5.9,2.0,3.2,1,DEMO / SYNTHETIC DATA — NOT REAL PERSONNEL DATA
18.9,80.0,2.3,7.4,7.7,2.9,1.0,-3.9,1,DEMO / SYNTHETIC DATA — NOT REAL PERSONNEL DATA
27.6,58.1,4.2,5.2,3.0,5.4,0.0,0.2,1,DEMO / SYNTHETIC DATA — NOT REAL PERSONNEL DATA
13.6,50.2,7.0,7.2,10.0,6.2,5.0,-0.8,0,DEMO / SYNTHETIC DATA — NOT REAL PERSONNEL DATA
22.1,57.3,5.1,6.1,4.7,5.1,5.0,-5.0,1,DEMO / SYNTHETIC DATA — NOT REAL PERSONNEL DATA
16.5,60.9,4.6,6.2,5.4,6.8,4.0,-2.9,1,DEMO / SYNTHETIC DATA — NOT REAL PERSONNEL DATA
16.4,48.8,5.6,6.0,4.1,5.6,4.0,1.5,0,DEMO / SYNTHETIC DATA — NOT REAL PERSONNEL DATA
26.2,70.0,2.0,7.7,10.0,4.4,1.0,4.0,1,DEMO / SYNTHETIC DATA — NOT REAL PERSONNEL DATA
24.2,54.3,6.5,4.7,6.5,4.3,0.0,1.8,1,DEMO / SYNTHETIC DATA — NOT REAL PERSONNEL DATA
24.1,57.0,6.3,6.9,4.2,7.0,6.0,0.6,1,DEMO / SYNTHETIC DATA — NOT REAL PERSONNEL DATA
27.8,58.7,4.7,7.5,7.8,4.1,2.0,-0.0,1,DEMO / SYNTHETIC DATA — NOT REAL PERSONNEL DATA
18.2,56.2,7.5,7.1,7.6,7.2,1.0,3.4,1,DEMO / SYNTHETIC DATA — NOT REAL PERSONNEL DATA
23.1,60.4,3.2,9.0,5.6,7.8,0.0,4.3,1,DEMO / SYNTHETIC DATA — NOT REAL PERSONNEL DATA
15.7,45.8,7.8,5.6,7.8,2.1,0.0,-1.2,0,DEMO / SYNTHETIC DATA — NOT REAL PERSONNEL DATA
20.4,46.4,5.8,7.3,4.3,7.7,2.0,-4.0,0,DEMO / SYNTHETIC DATA — NOT REAL PERSONNEL DATA
17.0,41.0,4.8,6.1,5.0,9.5,6.0,-4.2,0,DEMO / SYNTHETIC DATA — NOT REAL PERSONNEL DATA
18.7,56.4,5.5,7.7,1.8,5.9,9.0,2.6,1,DEMO / SYNTHETIC DATA — NOT REAL PERSONNEL DATA
22.5,59.8,5.3,6.2,3.2,6.6,8.0,-0.1,1,DEMO / SYNTHETIC DATA — NOT REAL PERSONNEL DATA
11.9,56.6,7.9,5.7,9.8,7.5,9.0,0.4,0,DEMO / SYNTHETIC DATA — NOT REAL PERSONNEL DATA
33.7,68.7,3.3,7.8,9.4,4.8,8.0,-3.6,1,DEMO / SYNTHETIC DATA — NOT REAL PERSONNEL DATA
10.5,51.9,4.0,5.6,6.1,5.8,3.0,-1.5,0,DEMO / SYNTHETIC DATA — NOT REAL PERSONNEL DATA
8.9,58.7,7.6,4.5,9.5,2.8,1.0,-0.6,1,DEMO / SYNTHETIC DATA — NOT REAL PERSONNEL DATA
26.7,41.1,4.3,5.6,5.7,5.7,6.0,0.4,1,DEMO / SYNTHETIC DATA — NOT REAL PERSONNEL DATA
23.9,48.1,7.3,6.9,5.5,6.4,1.0,-0.8,1,DEMO / SYNTHETIC DATA — NOT REAL PERSONNEL DATA
22.7,59.0,8.9,7.9,6.1,6.4,1.0,-2.1,1,DEMO / SYNTHETIC DATA — NOT REAL PERSONNEL DATA
22.7,60.5,4.7,6.3,5.7,7.5,1.0,-1.6,1,DEMO / SYNTHETIC DATA — NOT REAL PERSONNEL DATA
17.9,49.1,6.9,7.8,5.5,3.9,3.0,2.4,0,DEMO / SYNTHETIC DATA — NOT REAL PERSONNEL DATA
11.3,51.3,3.2,4.6,8.4,4.3,1.0,0.5,0,DEMO / SYNTHETIC DATA — NOT REAL PERSONNEL DATA
18.6,36.8,7.0,5.7,6.3,9.2,1.0,1.2,0,DEMO / SYNTHETIC DATA — NOT REAL PERSONNEL DATA
12.9,48.4,5.9,5.9,7.5,5.1,2.0,-1.8,1,DEMO / SYNTHETIC DATA — NOT REAL PERSONNEL DATA
25.3,60.9,6.4,6.1,8.2,5.8,7.0,-5.0,1,DEMO / SYNTHETIC DATA — NOT REAL PERSONNEL DATA
16.9,57.8,4.2,6.3,6.8,5.3,3.0,-1.0,1,DEMO / SYNTHETIC DATA — NOT REAL PERSONNEL DATA
11.8,57.0,2.2,7.0,4.0,3.8,7.0,-1.7,0,DEMO / SYNTHETIC DATA — NOT REAL PERSONNEL DATA
15.6,52.5,6.5,5.7,3.2,8.6,1.0,0.7,1,DEMO / SYNTHETIC DATA — NOT REAL PERSONNEL DATA
21.1,52.1,1.4,6.4,6.3,4.3,1.0,5.0,1,DEMO / SYNTHETIC DATA — NOT REAL PERSONNEL DATA
13.8,45.4,4.9,6.1,5.6,3.1,3.0,1.4,0,DEMO / SYNTHETIC DATA — NOT REAL PERSONNEL DATA
11.8,59.0,7.4,5.1,6.2,4.5,2.0,5.0,1,DEMO / SYNTHETIC DATA — NOT REAL PERSONNEL DATA
19.8,56.2,5.9,6.1,6.0,1.4,4.0,1.1,1,DEMO / SYNTHETIC DATA — NOT REAL PERSONNEL DATA
19.8,56.9,9.4,6.0,10.0,4.1,6.0,-1.3,1,DEMO / SYNTHETIC DATA — NOT REAL PERSONNEL DATA
14.2,46.7,7.6,6.0,3.2,3.5,5.0,0.7,1,DEMO / SYNTHETIC DATA — NOT REAL PERSONNEL DATA
14.5,35.0,4.2,6.2,1.8,6.6,10.0,3.6,0,DEMO / SYNTHETIC DATA — NOT REAL PERSONNEL DATA
19.7,63.0,5.6,6.3,6.7,4.1,2.0,3.7,1,DEMO / SYNTHETIC DATA — NOT REAL PERSONNEL DATA
7.1,47.2,5.4,5.7,5.2,7.2,1.0,-1.2,0,DEMO / SYNTHETIC DATA — NOT REAL PERSONNEL DATA
7.4,43.4,2.3,7.7,6.7,8.2,3.0,0.5,0,DEMO / SYNTHETIC DATA — NOT REAL PERSONNEL DATA
12.6,58.9,3.6,4.8,7.2,7.0,0.0,-2.9,0,DEMO / SYNTHETIC DATA — NOT REAL PERSONNEL DATA
16.4,48.1,4.4,5.3,8.7,5.0,1.0,1.6,1,DEMO / SYNTHETIC DATA — NOT REAL PERSONNEL DATA
20.3,62.6,1.4,9.0,2.8,5.7,1.0,3.1,1,DEMO / SYNTHETIC DATA — NOT REAL PERSONNEL DATA
29.1,58.2,5.6,5.0,4.8,2.4,2.0,0.1,1,DEMO / SYNTHETIC DATA — NOT REAL PERSONNEL DATA
24.4,58.8,5.0,4.6,6.9,5.1,0.0,-1.3,1,DEMO / SYNTHETIC DATA — NOT REAL PERSONNEL DATA
16.8,38.3,2.2,7.1,7.6,3.7,0.0,0.7,0,DEMO / SYNTHETIC DATA — NOT REAL PERSONNEL DATA
17.9,64.1,6.3,3.7,10.0,6.8,4.0,0.8,1,DEMO / SYNTHETIC DATA — NOT REAL PERSONNEL DATA
10.5,54.6,6.9,5.9,8.0,10.0,3.0,0.2,0,DEMO / SYNTHETIC DATA — NOT REAL PERSONNEL DATA
17.9,48.3,6.0,8.8,5.9,6.4,4.0,0.4,0,DEMO / SYNTHETIC DATA — NOT REAL PERSONNEL DATA
15.8,53.4,4.9,4.3,4.1,1.4,4.0,-0.3,1,DEMO / SYNTHETIC DATA — NOT REAL PERSONNEL DATA
20.4,35.0,6.7,3.8,4.8,4.7,0.0,2.0,1,DEMO / SYNTHETIC DATA — NOT REAL PERSONNEL DATA
11.8,56.1,6.9,4.4,4.8,5.6,1.0,1.5,1,DEMO / SYNTHETIC DATA — NOT REAL PERSONNEL DATA
21.9,41.7,6.1,7.3,7.4,5.6,0.0,-2.0,0,DEMO / SYNTHETIC DATA — NOT REAL PERSONNEL DATA
29.5,38.5,3.9,7.5,6.5,3.9,6.0,-2.0,1,DEMO / SYNTHETIC DATA — NOT REAL PERSONNEL DATA
17.2,36.8,6.1,5.6,3.2,5.9,5.0,-0.5,1,DEMO / SYNTHETIC DATA — NOT REAL PERSONNEL DATA
21.0,63.1,7.9,7.0,5.1,2.9,1.0,1.5,1,DEMO / SYNTHETIC DATA — NOT REAL PERSONNEL DATA
23.2,45.7,4.3,7.9,7.8,3.5,1.0,0.3,0,DEMO / SYNTHETIC DATA — NOT REAL PERSONNEL DATA
15.0,67.3,9.7,8.3,6.7,6.7,12.0,-1.3,1,DEMO / SYNTHETIC DATA — NOT REAL PERSONNEL DATA
19.7,46.6,4.4,5.9,7.2,3.4,3.0,0.5,1,DEMO / SYNTHETIC DATA — NOT REAL PERSONNEL DATA
18.1,35.0,5.6,3.5,6.8,6.5,6.0,-0.7,1,DEMO / SYNTHETIC DATA — NOT REAL PERSONNEL DATA
18.7,40.8,4.2,5.2,9.4,2.7,1.0,1.8,0,DEMO / SYNTHETIC DATA — NOT REAL PERSONNEL DATA
12.2,64.4,5.9,5.7,6.5,8.9,1.0,0.7,1,DEMO / SYNTHETIC DATA — NOT REAL PERSONNEL DATA
18.2,50.4,2.0,5.9,5.2,3.9,5.0,-0.6,0,DEMO / SYNTHETIC DATA — NOT REAL PERSONNEL DATA
21.7,46.5,4.4,6.0,4.1,5.0,4.0,0.5,1,DEMO / SYNTHETIC DATA — NOT REAL PERSONNEL DATA
28.9,53.6,3.3,7.5,6.5,6.1,4.0,2.6,0,DEMO / SYNTHETIC DATA — NOT REAL PERSONNEL DATA
25.2,57.0,5.8,7.7,1.0,4.3,3.0,-1.1,1,DEMO / SYNTHETIC DATA — NOT REAL PERSONNEL DATA
34.1,63.2,7.5,6.0,5.6,5.7,3.0,0.8,2,DEMO / SYNTHETIC DATA — NOT REAL PERSONNEL DATA
12.2,66.5,6.8,7.5,5.6,6.6,5.0,-0.1,1,DEMO / SYNTHETIC DATA — NOT REAL PERSONNEL DATA
24.5,48.4,1.0,6.6,3.1,7.3,1.0,0.9,0,DEMO / SYNTHETIC DATA — NOT REAL PERSONNEL DATA
19.4,38.7,9.6,6.3,4.1,7.0,2.0,-1.3,1,DEMO / SYNTHETIC DATA — NOT REAL PERSONNEL DATA
34.4,47.9,6.1,7.3,7.7,5.1,7.0,0.2,1,DEMO / SYNTHETIC DATA — NOT REAL PERSONNEL DATA
11.9,54.6,3.9,6.3,6.5,5.1,1.0,2.2,0,DEMO / SYNTHETIC DATA — NOT REAL PERSONNEL DATA
11.7,42.4,5.8,8.7,6.2,10.0,3.0,-1.9,0,DEMO / SYNTHETIC DATA — NOT REAL PERSONNEL DATA
13.5,42.4,5.9,4.5,6.6,7.3,4.0,-2.7,0,DEMO / SYNTHETIC DATA — NOT REAL PERSONNEL DATA
2.1,55.4,4.2,5.6,6.2,3.6,21.0,-2.6,0,DEMO / SYNTHETIC DATA — NOT REAL PERSONNEL DATA
14.1,51.5,5.9,6.0,8.6,5.6,2.0,-2.3,0,DEMO / SYNTHETIC DATA — NOT REAL PERSONNEL DATA
12.3,52.3,4.3,6.7,6.3,4.7,2.0,1.2,0,DEMO / SYNTHETIC DATA — NOT REAL PERSONNEL DATA
19.1,44.4,4.7,7.7,2.9,5.1,6.0,-2.8,0,DEMO / SYNTHETIC DATA — NOT REAL PERSONNEL DATA
20.6,49.7,4.1,6.2,9.4,2.9,6.0,-0.6,0,DEMO / SYNTHETIC DATA — NOT REAL PERSONNEL DATA
32.1,42.8,2.6,4.5,6.8,4.6,5.0,1.2,1,DEMO / SYNTHETIC DATA — NOT REAL PERSONNEL DATA
25.1,60.9,5.8,7.2,4.8,9.0,2.0,0.8,1,DEMO / SYNTHETIC DATA — NOT REAL PERSONNEL DATA
13.7,62.4,6.7,7.1,3.4,6.6,1.0,-0.8,1,DEMO / SYNTHETIC DATA — NOT REAL PERSONNEL DATA
11.3,35.0,6.5,3.9,6.8,1.0,3.0,0.4,1,DEMO / SYNTHETIC DATA — NOT REAL PERSONNEL DATA
21.7,42.7,7.1,6.2,5.8,7.8,7.0,0.2,1,DEMO / SYNTHETIC DATA — NOT REAL PERSONNEL DATA
8.1,37.0,6.1,4.3,9.3,7.6,8.0,-0.4,0,DEMO / SYNTHETIC DATA — NOT REAL PERSONNEL DATA
31.7,45.5,4.4,5.4,5.3,4.7,0.0,-0.4,1,DEMO / SYNTHETIC DATA — NOT REAL PERSONNEL DATA
26.8,51.2,7.2,5.1,4.2,6.8,2.0,4.5,1,DEMO / SYNTHETIC DATA — NOT REAL PERSONNEL DATA
14.5,37.5,2.8,7.2,7.9,3.7,2.0,1.6,0,DEMO / SYNTHETIC DATA — NOT REAL PERSONNEL DATA
5.2,42.8,3.7,6.3,7.9,4.5,13.0,5.0,0,DEMO / SYNTHETIC DATA — NOT REAL PERSONNEL DATA
28.2,42.0,3.6,4.7,6.4,8.4,4.0,-1.0,1,DEMO / SYNTHETIC DATA — NOT REAL PERSONNEL DATA
17.1,54.1,7.7,7.3,7.4,4.9,2.0,-0.2,0,DEMO / SYNTHETIC DATA — NOT REAL PERSONNEL DATA
27.3,52.7,7.4,4.5,5.9,1.7,0.0,-2.7,1,DEMO / SYNTHETIC DATA — NOT REAL PERSONNEL DATA
6.0,44.8,6.5,6.6,6.5,5.3,3.0,-1.6,0,DEMO / SYNTHETIC DATA — NOT REAL PERSONNEL DATA
13.5,53.8,7.6,5.2,8.4,5.2,0.0,3.8,1,DEMO / SYNTHETIC DATA — NOT REAL PERSONNEL DATA
18.0,46.5,3.7,5.8,7.3,7.8,6.0,-1.0,1,DEMO / SYNTHETIC DATA — NOT REAL PERSONNEL DATA
18.4,49.3,6.2,6.8,5.6,5.4,5.0,3.8,1,DEMO / SYNTHETIC DATA — NOT REAL PERSONNEL DATA
14.6,68.7,5.2,6.8,8.8,4.6,2.0,-2.5,0,DEMO / SYNTHETIC DATA — NOT REAL PERSONNEL DATA
22.7,65.4,7.2,7.8,1.0,7.5,2.0,-2.1,1,DEMO / SYNTHETIC DATA — NOT REAL PERSONNEL DATA
10.0,39.0,5.3,6.1,10.0,5.6,8.0,-0.7,0,DEMO / SYNTHETIC DATA — NOT REAL PERSONNEL DATA
16.9,60.3,4.7,6.6,2.4,3.9,1.0,-0.1,1,DEMO / SYNTHETIC DATA — NOT REAL PERSONNEL DATA
18.9,60.1,6.6,5.7,4.7,7.7,1.0,1.8,1,DEMO / SYNTHETIC DATA — NOT REAL PERSONNEL DATA
21.9,40.5,7.3,6.4,5.9,5.8,10.0,0.9,0,DEMO / SYNTHETIC DATA — NOT REAL PERSONNEL DATA
23.3,60.2,4.2,6.7,5.7,5.4,6.0,-0.8,1,DEMO / SYNTHETIC DATA — NOT REAL PERSONNEL DATA
9.6,67.4,5.4,6.1,8.1,5.8,6.0,-0.3,1,DEMO / SYNTHETIC DATA — NOT REAL PERSONNEL DATA
6.5,40.8,3.4,4.0,3.8,3.3,1.0,-0.6,0,DEMO / SYNTHETIC DATA — NOT REAL PERSONNEL DATA
27.6,42.8,1.0,6.6,6.5,4.3,1.0,-1.8,1,DEMO / SYNTHETIC DATA — NOT REAL PERSONNEL DATA
20.5,62.2,5.9,6.6,4.8,5.4,0.0,-1.8,1,DEMO / SYNTHETIC DATA — NOT REAL PERSONNEL DATA
12.4,54.7,6.7,5.4,6.6,5.0,1.0,2.1,1,DEMO / SYNTHETIC DATA — NOT REAL PERSONNEL DATA
29.6,57.5,6.0,4.7,5.9,7.9,5.0,-3.7,1,DEMO / SYNTHETIC DATA — NOT REAL PERSONNEL DATA
18.9,55.4,1.6,8.0,6.2,5.8,1.0,3.2,0,DEMO / SYNTHETIC DATA — NOT REAL PERSONNEL DATA
26.8,55.9,4.8,6.8,4.8,7.1,5.0,-0.7,1,DEMO / SYNTHETIC DATA — NOT REAL PERSONNEL DATA
18.5,38.7,1.1,5.9,4.9,5.4,1.0,-1.5,0,DEMO / SYNTHETIC DATA — NOT REAL PERSONNEL DATA
33.5,62.5,8.2,4.8,6.6,7.5,2.0,1.5,2,DEMO / SYNTHETIC DATA — NOT REAL PERSONNEL DATA
31.2,63.7,3.3,5.2,8.0,6.2,14.0,3.0,1,DEMO / SYNTHETIC DATA — NOT REAL PERSONNEL DATA
16.1,49.7,8.0,7.8,4.7,5.4,1.0,2.2,1,DEMO / SYNTHETIC DATA — NOT REAL PERSONNEL DATA
25.3,51.6,7.4,6.4,4.2,5.4,2.0,1.0,1,DEMO / SYNTHETIC DATA — NOT REAL PERSONNEL DATA
22.8,36.7,3.7,5.5,7.3,3.5,1.0,2.2,0,DEMO / SYNTHETIC DATA — NOT REAL PERSONNEL DATA
28.3,57.1,3.2,6.8,5.9,6.4,0.0,-3.4,1,DEMO / SYNTHETIC DATA — NOT REAL PERSONNEL DATA
10.8,57.7,6.2,5.2,7.7,5.3,2.0,-1.0,0,DEMO / SYNTHETIC DATA — NOT REAL PERSONNEL DATA
23.1,51.4,3.8,8.0,4.1,4.4,2.0,-1.8,1,DEMO / SYNTHETIC DATA — NOT REAL PERSONNEL DATA
25.9,63.2,5.7,7.8,2.3,7.6,4.0,2.4,1,DEMO / SYNTHETIC DATA — NOT REAL PERSONNEL DATA
4.8,48.7,4.5,5.6,4.9,2.9,6.0,-0.8,0,DEMO / SYNTHETIC DATA — NOT REAL PERSONNEL DATA
9.1,57.6,1.9,5.4,4.4,4.6,3.0,1.7,0,DEMO / SYNTHETIC DATA — NOT REAL PERSONNEL DATA
2.7,41.8,1.0,3.5,5.8,7.5,0.0,1.1,0,DEMO / SYNTHETIC DATA — NOT REAL PERSONNEL DATA
16.0,51.8,6.0,4.4,4.7,6.0,3.0,-1.7,1,DEMO / SYNTHETIC DATA — NOT REAL PERSONNEL DATA
23.4,50.3,4.4,4.6,7.6,5.3,0.0,-1.2,1,DEMO / SYNTHETIC DATA — NOT REAL PERSONNEL DATA
29.3,54.3,4.4,6.4,5.4,5.9,3.0,2.6,1,DEMO / SYNTHETIC DATA — NOT REAL PERSONNEL DATA
18.6,48.3,6.9,5.8,6.3,5.8,4.0,-1.6,1,DEMO / SYNTHETIC DATA — NOT REAL PERSONNEL DATA
30.2,50.7,7.8,4.6,6.3,2.4,1.0,0.2,1,DEMO / SYNTHETIC DATA — NOT REAL PERSONNEL DATA
7.6,60.3,5.0,5.9,6.4,4.7,6.0,-1.6,1,DEMO / SYNTHETIC DATA — NOT REAL PERSONNEL DATA
5.2,47.6,4.8,6.8,5.9,8.6,8.0,-0.6,0,DEMO / SYNTHETIC DATA — NOT REAL PERSONNEL DATA
17.6,35.9,6.5,6.8,7.1,4.1,6.0,-0.1,0,DEMO / SYNTHETIC DATA — NOT REAL PERSONNEL DATA
20.9,69.5,2.8,3.9,4.3,4.8,1.0,-1.6,1,DEMO / SYNTHETIC DATA — NOT REAL PERSONNEL DATA
17.8,65.8,5.9,6.0,8.9,4.3,3.0,-1.9,0,DEMO / SYNTHETIC DATA — NOT REAL PERSONNEL DATA
2.5,39.1,6.6,4.5,5.5,5.2,9.0,0.6,0,DEMO / SYNTHETIC DATA — NOT REAL PERSONNEL DATA
17.3,58.9,6.9,7.3,3.2,4.2,1.0,-1.7,1,DEMO / SYNTHETIC DATA — NOT REAL PERSONNEL DATA
8.2,47.0,1.6,7.1,6.4,6.4,6.0,-1.6,0,DEMO / SYNTHETIC DATA — NOT REAL PERSONNEL DATA
23.0,54.6,4.0,5.1,4.2,5.8,0.0,-1.9,1,DEMO / SYNTHETIC DATA — NOT REAL PERSONNEL DATA
20.7,54.9,3.7,5.3,7.4,6.9,0.0,-0.2,1,DEMO / SYNTHETIC DATA — NOT REAL PERSONNEL DATA
11.0,49.7,5.7,5.6,10.0,3.3,5.0,1.9,0,DEMO / SYNTHETIC DATA — NOT REAL PERSONNEL DATA
14.1,44.2,6.5,3.5,4.3,4.7,5.0,3.0,1,DEMO / SYNTHETIC DATA — NOT REAL PERSONNEL DATA
10.1,45.1,8.5,6.6,6.7,4.9,5.0,-1.5,0,DEMO / SYNTHETIC DATA — NOT REAL PERSONNEL DATA
17.5,42.8,4.5,5.9,2.3,6.3,9.0,4.3,1,DEMO / SYNTHETIC DATA — NOT REAL PERSONNEL DATA
25.2,43.7,4.5,7.4,7.0,3.8,0.0,-2.0,0,DEMO / SYNTHETIC DATA — NOT REAL PERSONNEL DATA
10.6,51.3,7.8,4.9,4.1,7.2,1.0,2.2,1,DEMO / SYNTHETIC DATA — NOT REAL PERSONNEL DATA
21.8,44.8,6.1,5.5,4.7,7.8,8.0,-1.4,1,DEMO / SYNTHETIC DATA — NOT REAL PERSONNEL DATA
14.0,58.8,8.0,4.4,3.7,3.4,1.0,-1.7,1,DEMO / SYNTHETIC DATA — NOT REAL PERSONNEL DATA
12.1,66.9,6.1,5.0,7.5,4.4,4.0,-1.5,0,DEMO / SYNTHETIC DATA — NOT REAL PERSONNEL DATA
17.2,46.2,3.2,4.8,8.1,4.3,3.0,-0.1,1,DEMO / SYNTHETIC DATA — NOT REAL PERSONNEL DATA
10.2,54.4,2.8,7.4,6.0,10.0,0.0,1.2,0,DEMO / SYNTHETIC DATA — NOT REAL PERSONNEL DATA
13.8,57.0,2.4,5.4,4.2,4.5,1.0,1.3,1,DEMO / SYNTHETIC DATA — NOT REAL PERSONNEL DATA
9.0,56.7,6.8,6.3,9.3,8.8,3.0,-1.9,0,DEMO / SYNTHETIC DATA — NOT REAL PERSONNEL DATA
32.7,52.8,7.9,5.7,4.4,2.9,7.0,-2.0,1,DEMO / SYNTHETIC DATA — NOT REAL PERSONNEL DATA
18.3,59.4,9.2,4.7,1.5,3.4,4.0,-1.8,1,DEMO / SYNTHETIC DATA — NOT REAL PERSONNEL DATA
12.8,56.8,7.2,6.0,7.0,4.0,3.0,-0.2,0,DEMO / SYNTHETIC DATA — NOT REAL PERSONNEL DATA
19.6,39.6,7.8,6.9,3.7,3.7,2.0,-0.4,0,DEMO / SYNTHETIC DATA — NOT REAL PERSONNEL DATA
17.2,60.7,4.3,4.8,8.1,4.9,1.0,-1.9,0,DEMO / SYNTHETIC DATA — NOT REAL PERSONNEL DATA
16.3,60.9,3.2,7.2,5.2,4.0,0.0,0.5,1,DEMO / SYNTHETIC DATA — NOT REAL PERSONNEL DATA
22.6,44.4,7.2,5.2,7.3,3.8,2.0,4.5,1,DEMO / SYNTHETIC DATA — NOT REAL PERSONNEL DATA
23.7,52.4,6.3,5.6,8.9,7.7,0.0,-1.0,1,DEMO / SYNTHETIC DATA — NOT REAL PERSONNEL DATA
14.0,58.8,5.7,6.8,3.5,7.8,1.0,-0.9,1,DEMO / SYNTHETIC DATA — NOT REAL PERSONNEL DATA
13.7,49.9,6.3,5.4,4.8,7.3,2.0,1.1,0,DEMO / SYNTHETIC DATA — NOT REAL PERSONNEL DATA
15.9,62.7,6.1,6.2,5.8,6.4,2.0,-1.1,1,DEMO / SYNTHETIC DATA — NOT REAL PERSONNEL DATA
0.7,75.6,8.1,5.8,9.2,5.6,0.0,1.3,0,DEMO / SYNTHETIC DATA — NOT REAL PERSONNEL DATA
6.6,44.1,8.1,6.4,4.6,4.4,3.0,-1.4,0,DEMO / SYNTHETIC DATA — NOT REAL PERSONNEL DATA
28.3,38.2,6.6,3.5,4.8,3.5,3.0,3.7,1,DEMO / SYNTHETIC DATA — NOT REAL PERSONNEL DATA
30.3,55.0,7.2,4.0,7.0,6.1,0.0,0.7,1,DEMO / SYNTHETIC DATA — NOT REAL PERSONNEL DATA
16.1,59.2,6.5,6.9,4.8,3.1,10.0,-1.2,1,DEMO / SYNTHETIC DATA — NOT REAL PERSONNEL DATA
22.3,49.7,4.6,7.4,6.3,3.4,0.0,-1.2,0,DEMO / SYNTHETIC DATA — NOT REAL PERSONNEL DATA
20.3,66.5,7.0,5.1,2.7,7.7,7.0,-1.0,2,DEMO / SYNTHETIC DATA — NOT REAL PERSONNEL DATA
40.0,38.6,2.7,5.9,10.0,9.2,0.0,2.7,1,DEMO / SYNTHETIC DATA — NOT REAL PERSONNEL DATA
26.4,58.9,7.6,6.6,3.2,6.2,7.0,-2.5,1,DEMO / SYNTHETIC DATA — NOT REAL PERSONNEL DATA
17.0,45.9,3.1,7.0,5.3,7.6,0.0,-1.3,0,DEMO / SYNTHETIC DATA — NOT REAL PERSONNEL DATA
10.8,69.2,6.1,3.8,5.9,4.9,5.0,-1.1,1,DEMO / SYNTHETIC DATA — NOT REAL PERSONNEL DATA
6.0,71.9,3.8,5.1,10.0,2.7,2.0,-0.0,0,DEMO / SYNTHETIC DATA — NOT REAL PERSONNEL DATA
19.5,44.3,6.6,5.8,3.2,6.6,5.0,-0.5,1,DEMO / SYNTHETIC DATA — NOT REAL PERSONNEL DATA
12.3,46.5,5.4,7.0,10.0,6.5,2.0,-3.0,0,DEMO / SYNTHETIC DATA — NOT REAL PERSONNEL DATA
7.3,60.6,2.3,9.0,7.6,5.5,0.0,-0.8,0,DEMO / SYNTHETIC DATA — NOT REAL PERSONNEL DATA
13.2,48.1,6.3,5.9,6.9,4.9,5.0,-0.2,1,DEMO / SYNTHETIC DATA — NOT REAL PERSONNEL DATA
9.9,51.5,4.3,4.5,3.9,7.3,0.0,-1.3,0,DEMO / SYNTHETIC DATA — NOT REAL PERSONNEL DATA
30.7,52.3,7.3,6.7,7.2,3.4,9.0,1.4,1,DEMO / SYNTHETIC DATA — NOT REAL PERSONNEL DATA
24.6,35.0,5.5,7.8,4.5,3.9,0.0,1.8,1,DEMO / SYNTHETIC DATA — NOT REAL PERSONNEL DATA
17.9,51.9,6.3,6.3,8.7,3.4,2.0,-0.2,0,DEMO / SYNTHETIC DATA — NOT REAL PERSONNEL DATA
29.1,45.1,3.6,5.1,4.0,5.6,4.0,0.5,1,DEMO / SYNTHETIC DATA — NOT REAL PERSONNEL DATA
18.6,47.1,4.3,7.3,5.8,3.2,2.0,-4.3,0,DEMO / SYNTHETIC DATA — NOT REAL PERSONNEL DATA
11.5,66.4,4.6,7.0,4.8,4.0,1.0,-0.8,1,DEMO / SYNTHETIC DATA — NOT REAL PERSONNEL DATA
29.4,39.4,7.2,5.0,3.9,4.0,5.0,2.0,1,DEMO / SYNTHETIC DATA — NOT REAL PERSONNEL DATA
22.0,60.1,8.9,6.7,7.6,4.9,5.0,-0.8,1,DEMO / SYNTHETIC DATA — NOT REAL PERSONNEL DATA
10.2,49.2,3.9,7.4,7.1,2.4,9.0,-1.5,0,DEMO / SYNTHETIC DATA — NOT REAL PERSONNEL DATA
16.6,49.2,7.7,7.6,8.5,5.6,2.0,4.6,1,DEMO / SYNTHETIC DATA — NOT REAL PERSONNEL DATA
11.4,59.9,1.2,6.1,2.3,7.9,2.0,3.6,0,DEMO / SYNTHETIC DATA — NOT REAL PERSONNEL DATA
7.6,55.4,3.1,5.8,8.2,5.7,2.0,0.9,0,DEMO / SYNTHETIC DATA — NOT REAL PERSONNEL DATA
24.9,57.7,3.6,7.7,10.0,8.5,1.0,2.3,0,DEMO / SYNTHETIC DATA — NOT REAL PERSONNEL DATA
32.3,61.7,2.8,4.7,5.1,8.1,5.0,-4.5,1,DEMO / SYNTHETIC DATA — NOT REAL PERSONNEL DATA
7.5,48.7,2.3,6.7,10.0,7.0,1.0,-1.6,0,DEMO / SYNTHETIC DATA — NOT REAL PERSONNEL DATA
22.2,45.9,6.3,4.6,5.4,5.5,2.0,-0.9,1,DEMO / SYNTHETIC DATA — NOT REAL PERSONNEL DATA
13.1,41.1,5.1,7.5,3.1,5.4,2.0,-0.5,0,DEMO / SYNTHETIC DATA — NOT REAL PERSONNEL DATA
14.3,43.7,6.3,5.9,5.4,6.9,4.0,-1.0,0,DEMO / SYNTHETIC DATA — NOT REAL PERSONNEL DATA
13.6,80.0,6.9,7.7,8.2,4.6,9.0,-5.0,1,DEMO / SYNTHETIC DATA — NOT REAL PERSONNEL DATA
11.5,64.4,6.0,6.8,4.2,1.6,4.0,0.8,1,DEMO / SYNTHETIC DATA — NOT REAL PERSONNEL DATA
18.4,38.5,6.8,4.7,4.7,6.4,2.0,1.1,1,DEMO / SYNTHETIC DATA — NOT REAL PERSONNEL DATA
11.8,38.8,5.4,7.9,7.2,3.1,5.0,3.2,0,DEMO / SYNTHETIC DATA — NOT REAL PERSONNEL DATA
20.0,56.8,3.1,8.1,6.0,3.5,4.0,-1.6,0,DEMO / SYNTHETIC DATA — NOT REAL PERSONNEL DATA
17.6,57.5,7.6,7.3,7.2,5.4,0.0,-1.7,0,DEMO / SYNTHETIC DATA — NOT REAL PERSONNEL DATA
16.2,57.5,4.3,5.3,6.5,5.2,0.0,-5.0,1,DEMO / SYNTHETIC DATA — NOT REAL PERSONNEL DATA
11.2,49.5,3.6,5.8,7.0,2.6,0.0,-0.6,0,DEMO / SYNTHETIC DATA — NOT REAL PERSONNEL DATA
13.7,50.7,5.1,6.4,5.1,5.7,2.0,1.8,1,DEMO / SYNTHETIC DATA — NOT REAL PERSONNEL DATA
23.7,55.3,3.7,5.4,6.5,7.3,6.0,-1.2,1,DEMO / SYNTHETIC DATA — NOT REAL PERSONNEL DATA
21.8,52.9,4.7,8.2,4.1,3.1,1.0,4.3,1,DEMO / SYNTHETIC DATA — NOT REAL PERSONNEL DATA
10.7,35.0,6.2,6.4,8.7,7.9,2.0,-0.5,0,DEMO / SYNTHETIC DATA — NOT REAL PERSONNEL DATA
18.7,49.7,6.2,3.5,4.7,2.3,8.0,0.3,1,DEMO / SYNTHETIC DATA — NOT REAL PERSONNEL DATA
23.6,43.5,3.7,6.6,8.4,9.6,6.0,-2.7,1,DEMO / SYNTHETIC DATA — NOT REAL PERSONNEL DATA
5.5,53.8,4.5,5.8,5.5,4.6,4.0,0.6,1,DEMO / SYNTHETIC DATA — NOT REAL PERSONNEL DATA
22.1,80.0,7.6,6.1,6.4,5.7,1.0,-4.0,2,DEMO / SYNTHETIC DATA — NOT REAL PERSONNEL DATA
13.0,55.7,6.5,5.8,5.0,1.6,0.0,1.4,1,DEMO / SYNTHETIC DATA — NOT REAL PERSONNEL DATA
22.3,48.9,9.7,7.2,3.9,5.3,0.0,1.4,1,DEMO / SYNTHETIC DATA — NOT REAL PERSONNEL DATA
12.3,61.2,7.9,7.5,2.3,5.9,0.0,2.7,0,DEMO / SYNTHETIC DATA — NOT REAL PERSONNEL DATA
4.5,56.8,7.8,6.5,3.8,5.2,1.0,-2.0,0,DEMO / SYNTHETIC DATA — NOT REAL PERSONNEL DATA
5.8,56.2,2.7,5.8,5.3,4.3,3.0,0.3,0,DEMO / SYNTHETIC DATA — NOT REAL PERSONNEL DATA
18.4,58.1,7.0,6.2,6.4,3.5,0.0,1.1,1,DEMO / SYNTHETIC DATA — NOT REAL PERSONNEL DATA
19.9,72.6,5.4,6.2,8.1,7.7,1.0,0.9,1,DEMO / SYNTHETIC DATA — NOT REAL PERSONNEL DATA
11.2,40.7,4.4,5.2,5.1,5.5,1.0,-1.7,0,DEMO / SYNTHETIC DATA — NOT REAL PERSONNEL DATA
22.8,56.7,5.8,6.9,4.1,8.5,3.0,-4.8,1,DEMO / SYNTHETIC DATA — NOT REAL PERSONNEL DATA
5.5,42.7,7.4,6.8,3.0,4.3,3.0,0.7,0,DEMO / SYNTHETIC DATA — NOT REAL PERSONNEL DATA
17.5,57.6,6.5,8.0,7.0,4.5,3.0,-0.3,0,DEMO / SYNTHETIC DATA — NOT REAL PERSONNEL DATA
8.9,42.8,3.7,7.7,8.9,7.0,1.0,-1.1,0,DEMO / SYNTHETIC DATA — NOT REAL PERSONNEL DATA
13.1,47.8,7.0,5.4,8.7,2.2,2.0,1.5,0,DEMO / SYNTHETIC DATA — NOT REAL PERSONNEL DATA
18.4,49.0,4.2,7.2,7.5,3.0,0.0,-0.1,0,DEMO / SYNTHETIC DATA — NOT REAL PERSONNEL DATA
11.5,61.8,5.9,5.1,7.3,7.6,1.0,-2.6,1,DEMO / SYNTHETIC DATA — NOT REAL PERSONNEL DATA
15.1,61.2,4.9,7.0,9.6,3.1,8.0,-3.9,0,DEMO / SYNTHETIC DATA — NOT REAL PERSONNEL DATA
25.5,39.5,5.1,5.6,6.7,1.8,14.0,-2.3,1,DEMO / SYNTHETIC DATA — NOT REAL PERSONNEL DATA
13.7,52.5,7.0,5.0,7.4,9.1,4.0,4.8,1,DEMO / SYNTHETIC DATA — NOT REAL PERSONNEL DATA
24.3,44.9,3.4,6.5,5.3,2.6,9.0,1.4,1,DEMO / SYNTHETIC DATA — NOT REAL PERSONNEL DATA
9.5,39.4,9.4,3.5,3.1,5.8,4.0,0.4,1,DEMO / SYNTHETIC DATA — NOT REAL PERSONNEL DATA
22.0,49.8,1.9,4.1,4.6,5.5,0.0,-0.4,1,DEMO / SYNTHETIC DATA — NOT REAL PERSONNEL DATA
28.8,48.9,4.3,6.0,6.0,1.0,20.0,-0.5,1,DEMO / SYNTHETIC DATA — NOT REAL PERSONNEL DATA
0.0,76.3,6.2,6.3,6.1,4.9,0.0,2.3,0,DEMO / SYNTHETIC DATA — NOT REAL PERSONNEL DATA
12.0,56.3,6.7,5.8,10.0,6.3,4.0,-1.0,1,DEMO / SYNTHETIC DATA — NOT REAL PERSONNEL DATA
22.3,38.2,5.3,4.3,6.2,6.1,1.0,1.2,1,DEMO / SYNTHETIC DATA — NOT REAL PERSONNEL DATA
16.5,46.4,5.4,5.2,8.5,7.2,2.0,-0.7,0,DEMO / SYNTHETIC DATA — NOT REAL PERSONNEL DATA
20.8,62.2,6.3,6.7,5.1,4.6,4.0,3.9,1,DEMO / SYNTHETIC DATA — NOT REAL PERSONNEL DATA
13.5,72.9,5.0,6.9,5.3,6.8,2.0,1.5,1,DEMO / SYNTHETIC DATA — NOT REAL PERSONNEL DATA
18.6,36.1,8.3,6.2,3.2,4.0,1.0,2.5,1,DEMO / SYNTHETIC DATA — NOT REAL PERSONNEL DATA
16.8,35.0,7.2,7.6,4.4,2.6,1.0,-1.2,0,DEMO / SYNTHETIC DATA — NOT REAL PERSONNEL DATA
26.8,70.7,7.2,6.7,7.1,2.8,1.0,2.1,1,DEMO / SYNTHETIC DATA — NOT REAL PERSONNEL DATA
19.9,55.9,3.6,5.3,6.0,2.5,11.0,-0.6,1,DEMO / SYNTHETIC DATA — NOT REAL PERSONNEL DATA
20.5,43.3,5.3,5.9,8.0,7.4,6.0,0.2,0,DEMO / SYNTHETIC DATA — NOT REAL PERSONNEL DATA
14.9,57.3,4.9,4.5,6.4,2.4,2.0,3.3,1,DEMO / SYNTHETIC DATA — NOT REAL PERSONNEL DATA
14.3,35.0,3.5,6.1,5.3,5.9,1.0,-2.1,0,DEMO / SYNTHETIC DATA — NOT REAL PERSONNEL DATA
14.8,52.0,6.2,7.5,10.0,4.9,6.0,0.4,0,DEMO / SYNTHETIC DATA — NOT REAL PERSONNEL DATA
21.0,55.3,4.4,7.0,5.8,5.2,1.0,0.9,1,DEMO / SYNTHETIC DATA — NOT REAL PERSONNEL DATA
14.8,61.2,6.8,7.9,8.4,8.1,1.0,1.0,0,DEMO / SYNTHETIC DATA — NOT REAL PERSONNEL DATA
20.2,41.9,3.4,5.8,5.2,4.5,2.0,-0.9,1,DEMO / SYNTHETIC DATA — NOT REAL PERSONNEL DATA
33.6,52.9,8.9,7.8,7.5,6.6,7.0,4.2,1,DEMO / SYNTHETIC DATA — NOT REAL PERSONNEL DATA
24.5,42.7,3.7,6.0,7.9,5.5,0.0,-2.6,0,DEMO / SYNTHETIC DATA — NOT REAL PERSONNEL DATA
15.6,54.6,5.9,8.0,6.4,5.1,0.0,2.9,0,DEMO / SYNTHETIC DATA — NOT REAL PERSONNEL DATA
27.0,43.0,7.1,6.2,1.1,10.0,2.0,2.4,1,DEMO / SYNTHETIC DATA — NOT REAL PERSONNEL DATA
14.9,47.9,4.4,7.0,6.0,2.5,1.0,3.8,0,DEMO / SYNTHETIC DATA — NOT REAL PERSONNEL DATA
2.7,42.0,7.2,8.0,8.6,8.0,3.0,-3.2,0,DEMO / SYNTHETIC DATA — NOT REAL PERSONNEL DATA
10.4,58.5,3.0,6.0,7.1,6.7,2.0,-1.7,0,DEMO / SYNTHETIC DATA — NOT REAL PERSONNEL DATA
4.0,60.6,8.4,6.5,6.9,4.4,2.0,3.0,0,DEMO / SYNTHETIC DATA — NOT REAL PERSONNEL DATA
15.4,49.7,5.5,7.7,2.4,8.7,0.0,-3.8,1,DEMO / SYNTHETIC DATA — NOT REAL PERSONNEL DATA
18.1,52.4,4.3,6.0,4.5,1.7,1.0,-3.2,1,DEMO / SYNTHETIC DATA — NOT REAL PERSONNEL DATA
30.6,37.5,4.9,4.6,6.9,4.4,6.0,-1.0,1,DEMO / SYNTHETIC DATA — NOT REAL PERSONNEL DATA
20.5,49.0,7.1,8.8,6.9,3.0,8.0,0.4,0,DEMO / SYNTHETIC DATA — NOT REAL PERSONNEL DATA
16.4,51.5,4.3,5.6,8.6,6.2,1.0,3.2,0,DEMO / SYNTHETIC DATA — NOT REAL PERSONNEL DATA
24.2,78.2,4.0,6.4,5.7,3.2,0.0,-0.4,1,DEMO / SYNTHETIC DATA — NOT REAL PERSONNEL DATA
1.4,40.9,5.1,7.6,6.9,6.3,0.0,-1.2,0,DEMO / SYNTHETIC DATA — NOT REAL PERSONNEL DATA
19.8,66.6,3.1,5.5,6.0,5.0,3.0,0.6,1,DEMO / SYNTHETIC DATA — NOT REAL PERSONNEL DATA
23.8,62.0,9.1,5.0,3.9,4.4,4.0,0.9,1,DEMO / SYNTHETIC DATA — NOT REAL PERSONNEL DATA
6.9,54.8,4.4,6.5,1.3,6.2,2.0,0.9,0,DEMO / SYNTHETIC DATA — NOT REAL PERSONNEL DATA
26.6,69.6,7.2,4.0,6.9,4.9,4.0,-0.4,2,DEMO / SYNTHETIC DATA — NOT REAL PERSONNEL DATA
20.5,55.7,5.9,5.9,6.4,3.2,4.0,-3.9,1,DEMO / SYNTHETIC DATA — NOT REAL PERSONNEL DATA
14.9,55.9,3.5,6.5,4.7,10.0,10.0,-1.8,1,DEMO / SYNTHETIC DATA — NOT REAL PERSONNEL DATA
22.7,51.5,5.5,5.9,2.6,4.4,0.0,2.8,1,DEMO / SYNTHETIC DATA — NOT REAL PERSONNEL DATA
35.0,64.2,7.1,4.3,7.3,1.0,1.0,0.4,1,DEMO / SYNTHETIC DATA — NOT REAL PERSONNEL DATA
19.4,63.0,5.1,8.1,5.4,3.7,0.0,-0.6,0,DEMO / SYNTHETIC DATA — NOT REAL PERSONNEL DATA
19.9,45.7,7.9,6.3,7.2,2.9,7.0,2.2,1,DEMO / SYNTHETIC DATA — NOT REAL PERSONNEL DATA
14.6,38.8,7.5,7.9,9.9,7.1,6.0,-2.3,0,DEMO / SYNTHETIC DATA — NOT REAL PERSONNEL DATA
11.6,50.0,7.3,5.9,1.5,6.0,3.0,-0.5,1,DEMO / SYNTHETIC DATA — NOT REAL PERSONNEL DATA
24.2,44.0,4.6,5.1,4.5,6.2,0.0,0.3,1,DEMO / SYNTHETIC DATA — NOT REAL PERSONNEL DATA
11.6,51.4,3.3,6.5,5.6,4.7,1.0,-0.9,0,DEMO / SYNTHETIC DATA — NOT REAL PERSONNEL DATA
18.5,64.4,4.3,5.9,9.1,4.8,1.0,0.2,1,DEMO / SYNTHETIC DATA — NOT REAL PERSONNEL DATA
14.4,47.4,5.9,4.8,2.6,4.7,3.0,-0.4,1,DEMO / SYNTHETIC DATA — NOT REAL PERSONNEL DATA
21.6,51.6,6.6,8.0,10.0,5.2,1.0,-2.8,1,DEMO / SYNTHETIC DATA — NOT REAL PERSONNEL DATA
20.5,52.6,1.2,5.5,6.3,7.1,0.0,0.4,0,DEMO / SYNTHETIC DATA — NOT REAL PERSONNEL DATA
25.8,60.5,5.5,4.0,5.8,6.1,5.0,-2.7,1,DEMO / SYNTHETIC DATA — NOT REAL PERSONNEL DATA
14.2,35.0,5.8,7.8,5.6,6.4,1.0,0.3,0,DEMO / SYNTHETIC DATA — NOT REAL PERSONNEL DATA
16.0,45.9,4.9,5.6,5.1,6.4,2.0,2.7,0,DEMO / SYNTHETIC DATA — NOT REAL PERSONNEL DATA
10.7,54.1,8.1,5.5,8.2,7.2,0.0,-0.6,0,DEMO / SYNTHETIC DATA — NOT REAL PERSONNEL DATA
14.7,64.0,6.3,4.1,3.8,6.0,6.0,-2.3,1,DEMO / SYNTHETIC DATA — NOT REAL PERSONNEL DATA
20.8,47.1,8.1,8.3,6.7,6.1,3.0,-0.3,0,DEMO / SYNTHETIC DATA — NOT REAL PERSONNEL DATA
23.7,35.0,5.1,4.7,5.2,7.8,8.0,-1.7,1,DEMO / SYNTHETIC DATA — NOT REAL PERSONNEL DATA
11.1,58.2,7.4,6.3,4.4,4.1,2.0,1.2,1,DEMO / SYNTHETIC DATA — NOT REAL PERSONNEL DATA
24.5,45.6,8.8,7.3,10.0,3.7,10.0,-0.3,1,DEMO / SYNTHETIC DATA — NOT REAL PERSONNEL DATA
28.2,40.1,8.1,6.7,6.9,3.0,8.0,3.4,1,DEMO / SYNTHETIC DATA — NOT REAL PERSONNEL DATA
21.1,45.8,3.3,6.1,7.3,5.8,3.0,2.3,1,DEMO / SYNTHETIC DATA — NOT REAL PERSONNEL DATA
32.1,50.2,5.0,4.2,8.4,1.7,10.0,-0.3,2,DEMO / SYNTHETIC DATA — NOT REAL PERSONNEL DATA
12.2,46.0,4.8,5.2,3.0,6.3,1.0,1.4,0,DEMO / SYNTHETIC DATA — NOT REAL PERSONNEL DATA
8.7,35.0,6.5,6.4,9.7,5.2,2.0,-0.8,0,DEMO / SYNTHETIC DATA — NOT REAL PERSONNEL DATA
4.7,61.0,6.9,5.3,1.0,7.7,0.0,0.1,0,DEMO / SYNTHETIC DATA — NOT REAL PERSONNEL DATA
29.2,64.7,3.8,6.4,4.4,4.1,3.0,-0.7,1,DEMO / SYNTHETIC DATA — NOT REAL PERSONNEL DATA
22.9,58.5,5.6,7.0,5.0,5.0,4.0,1.5,1,DEMO / SYNTHETIC DATA — NOT REAL PERSONNEL DATA
17.6,40.6,1.5,7.4,7.2,7.6,5.0,2.9,0,DEMO / SYNTHETIC DATA — NOT REAL PERSONNEL DATA
20.1,50.0,8.4,4.7,6.5,8.2,1.0,1.6,1,DEMO / SYNTHETIC DATA — NOT REAL PERSONNEL DATA
9.6,51.9,4.5,8.8,5.6,4.0,2.0,1.8,0,DEMO / SYNTHETIC DATA — NOT REAL PERSONNEL DATA
36.3,58.0,5.6,7.1,6.0,5.8,1.0,1.8,1,DEMO / SYNTHETIC DATA — NOT REAL PERSONNEL DATA
19.0,58.7,4.9,6.2,3.9,6.0,4.0,1.1,1,DEMO / SYNTHETIC DATA — NOT REAL PERSONNEL DATA
18.8,44.7,7.8,7.5,2.9,6.1,1.0,-2.3,1,DEMO / SYNTHETIC DATA — NOT REAL PERSONNEL DATA
23.4,52.8,1.0,9.0,7.5,4.9,8.0,3.4,0,DEMO / SYNTHETIC DATA — NOT REAL PERSONNEL DATA
21.6,56.6,5.5,4.5,7.5,8.0,1.0,3.6,1,DEMO / SYNTHETIC DATA — NOT REAL PERSONNEL DATA
19.7,66.6,5.3,5.9,9.3,1.6,1.0,-0.5,1,DEMO / SYNTHETIC DATA — NOT REAL PERSONNEL DATA
12.1,59.0,4.6,3.5,4.3,4.6,7.0,-0.7,1,DEMO / SYNTHETIC DATA — NOT REAL PERSONNEL DATA
21.5,59.9,9.0,6.4,7.5,6.3,2.0,1.2,1,DEMO / SYNTHETIC DATA — NOT REAL PERSONNEL DATA
32.1,52.8,3.7,6.6,5.4,6.3,0.0,1.1,1,DEMO / SYNTHETIC DATA — NOT REAL PERSONNEL DATA
28.1,66.1,7.0,6.2,8.5,8.1,2.0,-0.4,1,DEMO / SYNTHETIC DATA — NOT REAL PERSONNEL DATA
29.9,56.1,6.2,5.4,8.1,7.8,0.0,-2.5,1,DEMO / SYNTHETIC DATA — NOT REAL PERSONNEL DATA
14.2,43.4,8.0,3.7,6.4,4.8,15.0,0.6,1,DEMO / SYNTHETIC DATA — NOT REAL PERSONNEL DATA
10.6,66.0,4.2,6.6,5.3,8.0,3.0,1.1,0,DEMO / SYNTHETIC DATA — NOT REAL PERSONNEL DATA
17.1,59.0,4.0,7.9,8.0,4.0,1.0,1.5,0,DEMO / SYNTHETIC DATA — NOT REAL PERSONNEL DATA
18.4,47.6,7.7,5.5,7.4,7.3,3.0,0.7,1,DEMO / SYNTHETIC DATA — NOT REAL PERSONNEL DATA
26.2,47.2,6.4,6.7,4.6,9.0,0.0,-0.5,1,DEMO / SYNTHETIC DATA — NOT REAL PERSONNEL DATA
5.3,55.0,2.4,4.3,3.2,7.8,6.0,2.0,1,DEMO / SYNTHETIC DATA — NOT REAL PERSONNEL DATA
29.5,56.6,4.4,6.7,5.4,5.6,9.0,0.1,1,DEMO / SYNTHETIC DATA — NOT REAL PERSONNEL DATA
16.8,54.0,6.3,5.7,9.2,4.7,7.0,-0.9,1,DEMO / SYNTHETIC DATA — NOT REAL PERSONNEL DATA
14.8,55.1,7.2,5.3,8.4,2.3,1.0,-0.4,1,DEMO / SYNTHETIC DATA — NOT REAL PERSONNEL DATA
10.4,69.0,4.1,5.3,3.7,6.0,1.0,-3.5,1,DEMO / SYNTHETIC DATA — NOT REAL PERSONNEL DATA
5.6,62.7,1.0,5.7,3.5,3.2,0.0,-0.4,0,DEMO / SYNTHETIC DATA — NOT REAL PERSONNEL DATA
24.2,53.9,6.5,6.7,8.7,3.8,4.0,1.4,1,DEMO / SYNTHETIC DATA — NOT REAL PERSONNEL DATA
18.5,61.4,3.1,4.6,3.6,3.0,3.0,0.7,1,DEMO / SYNTHETIC DATA — NOT REAL PERSONNEL DATA
8.3,41.7,1.5,5.7,7.1,4.5,2.0,3.0,0,DEMO / SYNTHETIC DATA — NOT REAL PERSONNEL DATA
8.3,56.0,1.0,6.2,4.7,5.3,8.0,-0.5,0,DEMO / SYNTHETIC DATA — NOT REAL PERSONNEL DATA
15.5,70.1,7.1,4.9,9.4,5.9,1.0,1.0,1,DEMO / SYNTHETIC DATA — NOT REAL PERSONNEL DATA
30.5,49.8,5.8,8.4,4.4,4.2,0.0,1.6,1,DEMO / SYNTHETIC DATA — NOT REAL PERSONNEL DATA
16.1,43.5,5.0,5.2,8.4,7.5,0.0,4.7,0,DEMO / SYNTHETIC DATA — NOT REAL PERSONNEL DATA
6.7,45.5,8.3,5.4,6.4,5.0,1.0,0.3,0,DEMO / SYNTHETIC DATA — NOT REAL PERSONNEL DATA
16.2,41.1,6.8,5.0,6.5,3.8,0.0,-2.1,1,DEMO / SYNTHETIC DATA — NOT REAL PERSONNEL DATA
16.0,44.2,8.7,8.4,1.9,5.9,2.0,1.7,1,DEMO / SYNTHETIC DATA — NOT REAL PERSONNEL DATA
0.0,48.3,2.7,6.9,1.4,9.3,1.0,3.7,0,DEMO / SYNTHETIC DATA — NOT REAL PERSONNEL DATA
17.6,37.9,5.4,5.1,5.5,6.1,1.0,-0.6,0,DEMO / SYNTHETIC DATA — NOT REAL PERSONNEL DATA
16.3,52.2,2.3,7.5,6.5,4.7,5.0,1.7,0,DEMO / SYNTHETIC DATA — NOT REAL PERSONNEL DATA
23.2,61.0,5.0,6.4,3.6,2.3,1.0,2.5,1,DEMO / SYNTHETIC DATA — NOT REAL PERSONNEL DATA
31.9,42.9,5.0,6.5,3.7,5.0,4.0,2.0,1,DEMO / SYNTHETIC DATA — NOT REAL PERSONNEL DATA
26.4,67.2,6.8,5.8,7.2,5.9,2.0,0.3,1,DEMO / SYNTHETIC DATA — NOT REAL PERSONNEL DATA
16.0,57.1,5.6,5.3,7.2,4.6,3.0,-1.4,1,DEMO / SYNTHETIC DATA — NOT REAL PERSONNEL DATA
9.7,62.3,6.7,6.6,5.7,2.1,10.0,-0.2,1,DEMO / SYNTHETIC DATA — NOT REAL PERSONNEL DATA
37.3,45.4,6.9,5.5,7.6,3.7,0.0,0.9,1,DEMO / SYNTHETIC DATA — NOT REAL PERSONNEL DATA
18.4,60.5,9.8,8.4,3.5,8.3,2.0,1.8,1,DEMO / SYNTHETIC DATA — NOT REAL PERSONNEL DATA
18.1,41.1,4.9,4.7,5.3,8.3,7.0,0.7,1,DEMO / SYNTHETIC DATA — NOT REAL PERSONNEL DATA
17.8,60.9,3.6,8.0,9.5,3.6,3.0,-0.8,0,DEMO / SYNTHETIC DATA — NOT REAL PERSONNEL DATA
19.5,53.7,6.0,6.1,6.1,6.7,1.0,1.1,1,DEMO / SYNTHETIC DATA — NOT REAL PERSONNEL DATA
16.9,57.5,3.9,6.6,6.3,3.0,2.0,1.7,1,DEMO / SYNTHETIC DATA — NOT REAL PERSONNEL DATA
13.7,40.2,8.5,7.2,10.0,8.2,4.0,0.8,0,DEMO / SYNTHETIC DATA — NOT REAL PERSONNEL DATA
13.9,43.0,4.9,5.4,3.1,5.9,8.0,-1.7,0,DEMO / SYNTHETIC DATA — NOT REAL PERSONNEL DATA
17.8,58.0,4.4,7.2,7.7,7.3,0.0,-0.4,0,DEMO / SYNTHETIC DATA — NOT REAL PERSONNEL DATA
13.9,42.5,4.6,3.5,9.5,2.0,0.0,1.9,0,DEMO / SYNTHETIC DATA — NOT REAL PERSONNEL DATA
12.7,56.6,6.9,5.3,5.3,6.8,1.0,-2.8,0,DEMO / SYNTHETIC DATA — NOT REAL PERSONNEL DATA
18.8,38.3,5.2,5.1,7.8,5.4,1.0,-4.2,0,DEMO / SYNTHETIC DATA — NOT REAL PERSONNEL DATA
16.1,60.5,4.2,4.7,3.9,7.1,1.0,3.0,1,DEMO / SYNTHETIC DATA — NOT REAL PERSONNEL DATA
29.3,39.7,8.8,5.9,4.6,7.2,1.0,1.0,1,DEMO / SYNTHETIC DATA — NOT REAL PERSONNEL DATA
0.0,57.5,3.8,6.7,6.8,5.5,1.0,1.2,0,DEMO / SYNTHETIC DATA — NOT REAL PERSONNEL DATA
26.2,58.3,5.6,7.0,7.7,4.2,0.0,-2.2,1,DEMO / SYNTHETIC DATA — NOT REAL PERSONNEL DATA
27.3,45.0,6.8,6.5,8.4,7.0,10.0,1.5,1,DEMO / SYNTHETIC DATA — NOT REAL PERSONNEL DATA
2.4,57.8,2.2,5.4,9.3,5.3,1.0,0.6,0,DEMO / SYNTHETIC DATA — NOT REAL PERSONNEL DATA
15.4,54.6,6.5,6.6,5.9,3.7,1.0,-3.2,0,DEMO / SYNTHETIC DATA — NOT REAL PERSONNEL DATA
15.2,46.6,3.4,6.3,8.5,3.6,1.0,2.8,0,DEMO / SYNTHETIC DATA — NOT REAL PERSONNEL DATA
7.4,41.9,7.1,7.3,5.3,2.4,9.0,0.3,0,DEMO / SYNTHETIC DATA — NOT REAL PERSONNEL DATA
12.2,35.0,3.6,7.1,7.9,4.4,5.0,-0.8,0,DEMO / SYNTHETIC DATA — NOT REAL PERSONNEL DATA
9.7,55.5,6.9,6.2,6.4,7.6,5.0,-0.8,0,DEMO / SYNTHETIC DATA — NOT REAL PERSONNEL DATA
31.1,36.4,7.7,5.1,6.9,5.8,0.0,-4.0,1,DEMO / SYNTHETIC DATA — NOT REAL PERSONNEL DATA
25.0,53.0,7.2,5.4,6.9,4.3,6.0,1.2,1,DEMO / SYNTHETIC DATA — NOT REAL PERSONNEL DATA
27.5,49.4,6.0,5.5,2.6,7.0,2.0,0.5,1,DEMO / SYNTHETIC DATA — NOT REAL PERSONNEL DATA
23.4,58.8,5.0,5.8,3.6,3.7,1.0,-0.4,1,DEMO / SYNTHETIC DATA — NOT REAL PERSONNEL DATA
9.5,49.0,4.3,6.5,6.2,5.6,3.0,2.6,0,DEMO / SYNTHETIC DATA — NOT REAL PERSONNEL DATA
14.1,48.7,8.4,7.1,2.5,5.0,6.0,-2.8,1,DEMO / SYNTHETIC DATA — NOT REAL PERSONNEL DATA
21.7,59.3,4.1,6.1,7.7,7.0,5.0,-1.2,0,DEMO / SYNTHETIC DATA — NOT REAL PERSONNEL DATA
8.8,55.4,3.4,6.2,7.8,2.2,8.0,-1.7,0,DEMO / SYNTHETIC DATA — NOT REAL PERSONNEL DATA
23.3,55.2,6.8,6.4,6.7,3.7,9.0,-0.6,1,DEMO / SYNTHETIC DATA — NOT REAL PERSONNEL DATA
16.2,56.7,3.9,5.6,3.6,2.1,1.0,0.1,0,DEMO / SYNTHETIC DATA — NOT REAL PERSONNEL DATA
15.2,36.6,3.6,5.1,8.9,4.9,2.0,0.9,0,DEMO / SYNTHETIC DATA — NOT REAL PERSONNEL DATA
23.3,59.6,2.6,4.1,10.0,7.8,0.0,-0.7,1,DEMO / SYNTHETIC DATA — NOT REAL PERSONNEL DATA
21.3,58.1,4.5,5.4,6.3,4.4,7.0,-1.8,1,DEMO / SYNTHETIC DATA — NOT REAL PERSONNEL DATA
15.3,41.8,5.3,6.8,7.1,4.4,1.0,3.4,0,DEMO / SYNTHETIC DATA — NOT REAL PERSONNEL DATA
26.7,49.6,6.0,5.4,6.4,7.1,7.0,4.8,1,DEMO / SYNTHETIC DATA — NOT REAL PERSONNEL DATA
9.9,51.6,7.4,5.9,7.1,7.5,1.0,0.3,0,DEMO / SYNTHETIC DATA — NOT REAL PERSONNEL DATA
22.6,50.7,6.6,6.8,5.7,5.2,2.0,-1.5,1,DEMO / SYNTHETIC DATA — NOT REAL PERSONNEL DATA
22.4,55.3,5.1,6.8,5.9,6.8,0.0,3.0,0,DEMO / SYNTHETIC DATA — NOT REAL PERSONNEL DATA
15.7,66.3,5.1,4.9,7.9,3.2,1.0,-2.9,1,DEMO / SYNTHETIC DATA — NOT REAL PERSONNEL DATA
20.4,62.8,6.5,7.4,10.0,8.2,8.0,-0.7,1,DEMO / SYNTHETIC DATA — NOT REAL PERSONNEL DATA
8.6,38.9,8.0,7.6,3.1,9.7,0.0,-1.4,0,DEMO / SYNTHETIC DATA — NOT REAL PERSONNEL DATA
24.9,58.2,5.8,4.8,5.8,6.4,2.0,-2.3,1,DEMO / SYNTHETIC DATA — NOT REAL PERSONNEL DATA
16.6,65.3,4.6,5.2,3.5,1.2,0.0,-0.6,1,DEMO / SYNTHETIC DATA — NOT REAL PERSONNEL DATA
14.1,55.9,3.5,7.6,9.3,4.3,2.0,-1.7,1,DEMO / SYNTHETIC DATA — NOT REAL PERSONNEL DATA
25.9,62.9,2.6,6.0,4.8,6.6,1.0,0.0,1,DEMO / SYNTHETIC DATA — NOT REAL PERSONNEL DATA
12.7,72.1,6.8,3.5,3.0,4.6,1.0,0.1,1,DEMO / SYNTHETIC DATA — NOT REAL PERSONNEL DATA
7.4,62.2,6.7,4.5,7.3,7.9,7.0,-1.2,0,DEMO / SYNTHETIC DATA — NOT REAL PERSONNEL DATA
6.3,54.5,6.7,5.9,9.7,6.6,2.0,-0.7,0,DEMO / SYNTHETIC DATA — NOT REAL PERSONNEL DATA
22.5,62.5,5.2,4.8,7.4,4.0,1.0,-0.5,1,DEMO / SYNTHETIC DATA — NOT REAL PERSONNEL DATA
8.4,53.4,8.3,5.7,6.4,5.5,3.0,1.6,1,DEMO / SYNTHETIC DATA — NOT REAL PERSONNEL DATA
31.2,52.2,4.5,6.2,6.9,3.6,1.0,-0.3,1,DEMO / SYNTHETIC DATA — NOT REAL PERSONNEL DATA
2.4,48.5,7.4,8.0,9.0,5.0,1.0,1.6,0,DEMO / SYNTHETIC DATA — NOT REAL PERSONNEL DATA
30.7,67.6,5.4,5.9,4.2,4.3,3.0,1.2,1,DEMO / SYNTHETIC DATA — NOT REAL PERSONNEL DATA
19.6,43.8,4.3,7.5,5.8,7.7,1.0,1.1,0,DEMO / SYNTHETIC DATA — NOT REAL PERSONNEL DATA
17.3,67.3,6.7,7.9,5.0,9.6,4.0,2.8,1,DEMO / SYNTHETIC DATA — NOT REAL PERSONNEL DATA
13.9,57.0,6.3,7.9,3.5,2.5,2.0,-2.2,1,DEMO / SYNTHETIC DATA — NOT REAL PERSONNEL DATA
21.0,38.0,6.2,6.5,5.3,1.6,5.0,-0.9,0,DEMO / SYNTHETIC DATA — NOT REAL PERSONNEL DATA
17.7,55.7,5.7,3.8,8.3,4.9,10.0,3.5,1,DEMO / SYNTHETIC DATA — NOT REAL PERSONNEL DATA
26.3,35.0,5.4,6.8,7.2,2.4,0.0,-0.5,0,DEMO / SYNTHETIC DATA — NOT REAL PERSONNEL DATA
18.9,58.3,10.0,7.5,7.4,5.5,1.0,-5.0,1,DEMO / SYNTHETIC DATA — NOT REAL PERSONNEL DATA
19.1,60.9,7.9,6.1,6.3,6.9,1.0,-0.4,1,DEMO / SYNTHETIC DATA — NOT REAL PERSONNEL DATA
15.3,46.1,6.9,8.3,7.1,8.4,1.0,0.3,0,DEMO / SYNTHETIC DATA — NOT REAL PERSONNEL DATA
17.6,53.2,5.7,7.2,4.3,5.8,6.0,-5.0,1,DEMO / SYNTHETIC DATA — NOT REAL PERSONNEL DATA
20.3,71.5,7.5,6.9,5.4,5.0,5.0,2.7,1,DEMO / SYNTHETIC DATA — NOT REAL PERSONNEL DATA
5.2,46.9,6.5,7.5,6.4,1.4,2.0,-1.4,0,DEMO / SYNTHETIC DATA — NOT REAL PERSONNEL DATA
7.9,41.4,5.6,6.6,6.6,5.5,3.0,0.7,0,DEMO / SYNTHETIC DATA — NOT REAL PERSONNEL DATA
23.6,66.8,4.9,3.5,6.7,5.5,0.0,-0.5,1,DEMO / SYNTHETIC DATA — NOT REAL PERSONNEL DATA
19.3,71.6,5.3,5.6,5.7,6.7,3.0,-2.6,1,DEMO / SYNTHETIC DATA — NOT REAL PERSONNEL DATA
16.6,52.0,1.0,7.6,5.2,4.0,5.0,-2.1,0,DEMO / SYNTHETIC DATA — NOT REAL PERSONNEL DATA
18.1,62.1,5.9,5.2,10.0,4.5,3.0,-1.9,1,DEMO / SYNTHETIC DATA — NOT REAL PERSONNEL DATA
20.6,65.4,4.5,5.9,7.9,2.4,1.0,2.2,0,DEMO / SYNTHETIC DATA — NOT REAL PERSONNEL DATA
14.0,44.6,8.7,4.9,6.9,1.0,4.0,-0.3,1,DEMO / SYNTHETIC DATA — NOT REAL PERSONNEL DATA
12.2,47.1,5.5,8.3,5.5,3.2,2.0,-1.0,0,DEMO / SYNTHETIC DATA — NOT REAL PERSONNEL DATA
19.5,64.3,3.1,8.2,5.1,2.3,3.0,-1.9,1,DEMO / SYNTHETIC DATA — NOT REAL PERSONNEL DATA
10.7,68.9,5.4,5.1,5.7,6.1,2.0,2.4,1,DEMO / SYNTHETIC DATA — NOT REAL PERSONNEL DATA
21.1,57.6,3.4,6.4,6.6,4.4,2.0,2.9,1,DEMO / SYNTHETIC DATA — NOT REAL PERSONNEL DATA
5.2,43.2,6.4,5.4,2.1,4.3,4.0,2.4,1,DEMO / SYNTHETIC DATA — NOT REAL PERSONNEL DATA
25.7,71.9,6.1,6.9,2.7,3.4,8.0,1.0,1,DEMO / SYNTHETIC DATA — NOT REAL PERSONNEL DATA
21.5,46.7,7.4,6.8,4.7,1.0,0.0,0.6,1,DEMO / SYNTHETIC DATA — NOT REAL PERSONNEL DATA
19.9,48.6,3.9,7.2,6.4,8.4,9.0,-2.4,0,DEMO / SYNTHETIC DATA — NOT REAL PERSONNEL DATA
25.4,55.4,5.6,6.6,5.5,3.4,3.0,-0.5,1,DEMO / SYNTHETIC DATA — NOT REAL PERSONNEL DATA
30.5,67.5,2.8,9.0,9.1,4.6,4.0,-1.4,1,DEMO / SYNTHETIC DATA — NOT REAL PERSONNEL DATA
25.6,60.5,6.9,5.0,2.9,2.5,7.0,-3.7,1,DEMO / SYNTHETIC DATA — NOT REAL PERSONNEL DATA
4.2,56.1,6.5,4.1,4.4,7.3,2.0,2.1,1,DEMO / SYNTHETIC DATA — NOT REAL PERSONNEL DATA
8.4,56.6,6.5,5.7,9.2,5.7,6.0,-1.4,0,DEMO / SYNTHETIC DATA — NOT REAL PERSONNEL DATA
13.3,52.4,5.5,4.3,6.3,3.7,1.0,2.4,0,DEMO / SYNTHETIC DATA — NOT REAL PERSONNEL DATA
18.2,57.6,6.3,4.4,7.9,4.6,1.0,1.8,1,DEMO / SYNTHETIC DATA — NOT REAL PERSONNEL DATA
21.9,35.0,8.7,5.0,10.0,8.8,4.0,1.1,1,DEMO / SYNTHETIC DATA — NOT REAL PERSONNEL DATA
12.6,49.0,4.9,5.1,4.5,5.3,7.0,1.2,0,DEMO / SYNTHETIC DATA — NOT REAL PERSONNEL DATA
19.4,54.4,5.8,5.1,5.8,5.0,8.0,-1.2,1,DEMO / SYNTHETIC DATA — NOT REAL PERSONNEL DATA
12.3,40.5,3.3,6.8,5.4,3.5,4.0,3.7,0,DEMO / SYNTHETIC DATA — NOT REAL PERSONNEL DATA
13.4,55.9,3.8,5.6,1.9,1.6,3.0,0.1,1,DEMO / SYNTHETIC DATA — NOT REAL PERSONNEL DATA
7.5,50.0,5.7,6.0,5.3,5.1,1.0,0.6,0,DEMO / SYNTHETIC DATA — NOT REAL PERSONNEL DATA
11.1,69.6,7.7,7.3,7.9,6.1,14.0,-1.3,1,DEMO / SYNTHETIC DATA — NOT REAL PERSONNEL DATA
7.9,67.7,5.0,5.3,7.1,7.6,1.0,-1.9,1,DEMO / SYNTHETIC DATA — NOT REAL PERSONNEL DATA
10.7,47.3,5.0,5.9,7.3,1.0,5.0,1.0,0,DEMO / SYNTHETIC DATA — NOT REAL PERSONNEL DATA
25.9,50.5,4.7,6.6,5.2,3.1,3.0,0.4,1,DEMO / SYNTHETIC DATA — NOT REAL PERSONNEL DATA
10.9,51.3,4.4,3.9,4.6,4.2,3.0,-1.6,0,DEMO / SYNTHETIC DATA — NOT REAL PERSONNEL DATA
37.7,47.5,6.1,3.5,8.7,5.4,2.0,-2.9,1,DEMO / SYNTHETIC DATA — NOT REAL PERSONNEL DATA
21.7,54.0,2.5,6.6,5.0,5.1,12.0,-2.5,1,DEMO / SYNTHETIC DATA — NOT REAL PERSONNEL DATA
19.4,44.4,8.1,6.8,6.6,5.2,3.0,2.4,1,DEMO / SYNTHETIC DATA — NOT REAL PERSONNEL DATA
11.6,40.7,4.2,8.7,6.3,6.2,10.0,-1.2,0,DEMO / SYNTHETIC DATA — NOT REAL PERSONNEL DATA
23.3,58.2,6.9,6.4,9.1,3.6,0.0,-0.7,1,DEMO / SYNTHETIC DATA — NOT REAL PERSONNEL DATA
13.7,58.3,3.0,7.2,8.0,7.3,3.0,2.9,0,DEMO / SYNTHETIC DATA — NOT REAL PERSONNEL DATA
18.9,44.0,6.8,6.0,3.3,6.3,4.0,-2.2,1,DEMO / SYNTHETIC DATA — NOT REAL PERSONNEL DATA
37.2,61.0,6.8,6.6,3.5,4.8,5.0,-1.5,2,DEMO / SYNTHETIC DATA — NOT REAL PERSONNEL DATA
17.3,45.7,6.3,8.2,7.2,8.6,8.0,-1.5,0,DEMO / SYNTHETIC DATA — NOT REAL PERSONNEL DATA
26.6,54.5,3.5,3.7,5.9,8.5,0.0,3.2,1,DEMO / SYNTHETIC DATA — NOT REAL PERSONNEL DATA
12.7,60.2,6.0,6.7,5.0,7.3,0.0,4.0,1,DEMO / SYNTHETIC DATA — NOT REAL PERSONNEL DATA
17.7,51.7,3.1,8.8,8.1,1.0,2.0,1.5,0,DEMO / SYNTHETIC DATA — NOT REAL PERSONNEL DATA
31.3,56.5,5.0,6.5,6.4,8.6,0.0,1.6,1,DEMO / SYNTHETIC DATA — NOT REAL PERSONNEL DATA
13.3,46.8,7.6,8.2,6.1,7.0,13.0,-1.2,1,DEMO / SYNTHETIC DATA — NOT REAL PERSONNEL DATA
31.6,50.0,7.1,5.4,7.6,9.4,1.0,3.9,1,DEMO / SYNTHETIC DATA — NOT REAL PERSONNEL DATA
23.3,49.9,5.5,6.2,5.2,7.9,2.0,0.5,0,DEMO / SYNTHETIC DATA — NOT REAL PERSONNEL DATA
13.8,44.5,3.6,6.2,9.3,8.6,0.0,1.7,0,DEMO / SYNTHETIC DATA — NOT REAL PERSONNEL DATA
22.7,50.2,6.8,3.5,4.3,7.2,3.0,-0.2,1,DEMO / SYNTHETIC DATA — NOT REAL PERSONNEL DATA
25.3,36.5,5.5,4.8,7.4,8.1,2.0,-0.5,1,DEMO / SYNTHETIC DATA — NOT REAL PERSONNEL DATA
22.7,47.1,1.0,4.9,9.0,9.4,0.0,3.3,0,DEMO / SYNTHETIC DATA — NOT REAL PERSONNEL DATA
6.2,49.2,7.1,7.2,3.1,5.8,1.0,1.1,0,DEMO / SYNTHETIC DATA — NOT REAL PERSONNEL DATA
12.5,49.4,5.5,7.2,5.3,2.3,2.0,2.9,0,DEMO / SYNTHETIC DATA — NOT REAL PERSONNEL DATA
16.1,49.6,7.9,6.6,8.4,4.8,16.0,0.5,0,DEMO / SYNTHETIC DATA — NOT REAL PERSONNEL DATA
17.4,51.4,3.3,7.2,8.4,6.2,1.0,-1.7,0,DEMO / SYNTHETIC DATA — NOT REAL PERSONNEL DATA
22.7,56.8,1.0,6.0,5.6,5.5,3.0,-1.2,1,DEMO / SYNTHETIC DATA — NOT REAL PERSONNEL DATA
19.3,60.7,6.1,7.6,4.5,2.9,15.0,0.2,1,DEMO / SYNTHETIC DATA — NOT REAL PERSONNEL DATA
8.0,45.5,6.1,6.2,8.0,2.1,5.0,-1.3,0,DEMO / SYNTHETIC DATA — NOT REAL PERSONNEL DATA
20.9,40.0,2.1,6.3,8.5,3.9,18.0,-2.2,0,DEMO / SYNTHETIC DATA — NOT REAL PERSONNEL DATA
22.6,41.6,3.5,5.9,3.6,7.0,12.0,2.4,1,DEMO / SYNTHETIC DATA — NOT REAL PERSONNEL DATA
22.2,47.1,10.0,7.0,3.5,8.6,2.0,-1.1,1,DEMO / SYNTHETIC DATA — NOT REAL PERSONNEL DATA
26.1,48.5,4.9,5.7,6.5,7.2,4.0,0.3,1,DEMO / SYNTHETIC DATA — NOT REAL PERSONNEL DATA
24.3,44.3,7.0,7.4,7.3,7.5,0.0,0.6,1,DEMO / SYNTHETIC DATA — NOT REAL PERSONNEL DATA
21.4,39.0,4.2,4.8,5.4,5.2,2.0,-1.2,0,DEMO / SYNTHETIC DATA — NOT REAL PERSONNEL DATA
17.5,47.4,1.3,4.9,7.4,1.9,6.0,2.9,0,DEMO / SYNTHETIC DATA — NOT REAL PERSONNEL DATA
5.5,53.8,5.2,7.0,4.5,4.5,2.0,-2.2,0,DEMO / SYNTHETIC DATA — NOT REAL PERSONNEL DATA
21.2,58.0,5.0,6.1,1.6,4.9,4.0,0.5,1,DEMO / SYNTHETIC DATA — NOT REAL PERSONNEL DATA
19.6,46.4,4.7,5.7,5.1,4.4,5.0,0.5,1,DEMO / SYNTHETIC DATA — NOT REAL PERSONNEL DATA
20.0,47.9,5.3,7.3,6.1,5.5,1.0,-0.1,0,DEMO / SYNTHETIC DATA — NOT REAL PERSONNEL DATA
8.4,42.7,6.0,5.5,5.4,6.3,7.0,-2.6,0,DEMO / SYNTHETIC DATA — NOT REAL PERSONNEL DATA
9.9,51.7,5.2,6.0,3.6,7.1,2.0,1.7,1,DEMO / SYNTHETIC DATA — NOT REAL PERSONNEL DATA
25.9,43.5,3.0,7.9,2.2,4.8,1.0,1.5,1,DEMO / SYNTHETIC DATA — NOT REAL PERSONNEL DATA
17.7,57.7,6.5,8.0,4.9,1.6,7.0,-1.4,1,DEMO / SYNTHETIC DATA — NOT REAL PERSONNEL DATA
23.1,35.0,1.6,8.1,7.9,4.4,2.0,1.4,0,DEMO / SYNTHETIC DATA — NOT REAL PERSONNEL DATA
18.2,48.4,1.4,5.9,8.6,5.5,5.0,0.7,0,DEMO / SYNTHETIC DATA — NOT REAL PERSONNEL DATA
18.2,55.0,7.0,7.7,8.5,7.8,3.0,-2.6,0,DEMO / SYNTHETIC DATA — NOT REAL PERSONNEL DATA
25.0,53.8,6.5,5.1,4.3,4.3,2.0,-1.7,1,DEMO / SYNTHETIC DATA — NOT REAL PERSONNEL DATA
14.1,78.9,5.4,5.1,3.6,6.4,6.0,2.3,1,DEMO / SYNTHETIC DATA — NOT REAL PERSONNEL DATA
18.7,55.5,2.7,3.5,7.0,6.0,3.0,0.6,1,DEMO / SYNTHETIC DATA — NOT REAL PERSONNEL DATA
14.5,42.0,4.1,8.2,7.3,5.5,2.0,-1.1,0,DEMO / SYNTHETIC DATA — NOT REAL PERSONNEL DATA
14.7,51.0,5.0,5.2,6.8,7.3,0.0,-1.7,1,DEMO / SYNTHETIC DATA — NOT REAL PERSONNEL DATA
15.7,35.0,2.3,6.0,1.8,4.1,8.0,-1.0,0,DEMO / SYNTHETIC DATA — NOT REAL PERSONNEL DATA
19.7,51.2,4.0,5.1,4.2,4.2,0.0,-0.9,1,DEMO / SYNTHETIC DATA — NOT REAL PERSONNEL DATA
14.4,43.7,6.8,7.0,5.9,5.4,7.0,-1.7,0,DEMO / SYNTHETIC DATA — NOT REAL PERSONNEL DATA
27.4,61.2,8.4,5.7,7.0,4.1,2.0,-3.5,1,DEMO / SYNTHETIC DATA — NOT REAL PERSONNEL DATA
11.3,46.5,4.7,4.6,7.6,6.4,4.0,2.3,0,DEMO / SYNTHETIC DATA — NOT REAL PERSONNEL DATA
16.6,50.8,7.0,6.7,6.3,4.0,9.0,1.9,0,DEMO / SYNTHETIC DATA — NOT REAL PERSONNEL DATA
14.7,45.6,1.7,4.5,6.7,5.9,1.0,-2.5,0,DEMO / SYNTHETIC DATA — NOT REAL PERSONNEL DATA
28.9,69.4,6.8,5.2,6.2,5.2,3.0,0.3,1,DEMO / SYNTHETIC DATA — NOT REAL PERSONNEL DATA
19.5,48.8,3.9,3.7,7.4,5.8,5.0,-1.8,1,DEMO / SYNTHETIC DATA — NOT REAL PERSONNEL DATA
25.7,70.3,6.1,4.5,6.7,4.5,5.0,-0.5,1,DEMO / SYNTHETIC DATA — NOT REAL PERSONNEL DATA
6.9,60.1,5.0,6.4,6.1,4.7,3.0,-0.7,1,DEMO / SYNTHETIC DATA — NOT REAL PERSONNEL DATA
20.0,56.8,8.1,3.8,5.4,5.6,3.0,-0.9,1,DEMO / SYNTHETIC DATA — NOT REAL PERSONNEL DATA
24.7,55.7,3.8,4.4,6.2,5.8,5.0,4.0,1,DEMO / SYNTHETIC DATA — NOT REAL PERSONNEL DATA
18.6,55.9,6.8,6.2,7.0,5.4,6.0,-0.9,1,DEMO / SYNTHETIC DATA — NOT REAL PERSONNEL DATA
26.0,35.0,4.9,5.5,6.6,8.8,5.0,-1.6,0,DEMO / SYNTHETIC DATA — NOT REAL PERSONNEL DATA
14.1,49.2,5.2,8.6,6.8,3.4,2.0,-1.5,0,DEMO / SYNTHETIC DATA — NOT REAL PERSONNEL DATA
28.6,60.5,5.1,8.4,8.8,5.3,20.0,2.1,1,DEMO / SYNTHETIC DATA — NOT REAL PERSONNEL DATA
35.2,51.5,3.8,5.2,6.6,2.3,2.0,-3.3,1,DEMO / SYNTHETIC DATA — NOT REAL PERSONNEL DATA
15.3,37.9,5.5,6.9,4.6,6.1,0.0,-1.5,0,DEMO / SYNTHETIC DATA — NOT REAL PERSONNEL DATA
14.7,51.5,5.4,7.1,7.9,3.2,2.0,2.9,0,DEMO / SYNTHETIC DATA — NOT REAL PERSONNEL DATA
28.9,69.0,6.0,5.5,3.1,4.8,0.0,0.5,2,DEMO / SYNTHETIC DATA — NOT REAL PERSONNEL DATA
29.8,64.5,5.7,4.4,3.7,4.7,0.0,0.4,1,DEMO / SYNTHETIC DATA — NOT REAL PERSONNEL DATA
14.1,51.4,7.1,6.2,6.7,6.0,1.0,4.3,1,DEMO / SYNTHETIC DATA — NOT REAL PERSONNEL DATA
14.8,61.5,7.3,6.0,7.1,4.3,0.0,0.5,1,DEMO / SYNTHETIC DATA — NOT REAL PERSONNEL DATA
15.9,48.3,3.4,5.7,3.4,4.2,4.0,-1.4,0,DEMO / SYNTHETIC DATA — NOT REAL PERSONNEL DATA
7.9,35.0,7.2,6.7,5.2,8.3,0.0,-0.6,0,DEMO / SYNTHETIC DATA — NOT REAL PERSONNEL DATA
11.1,42.8,3.1,5.3,4.7,6.0,1.0,-2.3,0,DEMO / SYNTHETIC DATA — NOT REAL PERSONNEL DATA
10.5,67.6,6.7,4.8,5.0,4.3,0.0,2.5,0,DEMO / SYNTHETIC DATA — NOT REAL PERSONNEL DATA
12.2,49.3,6.7,6.3,8.0,4.9,0.0,1.1,1,DEMO / SYNTHETIC DATA — NOT REAL PERSONNEL DATA
17.7,49.6,1.7,6.7,7.5,8.7,1.0,2.2,0,DEMO / SYNTHETIC DATA — NOT REAL PERSONNEL DATA
19.8,49.0,5.7,4.8,6.0,4.9,3.0,2.4,1,DEMO / SYNTHETIC DATA — NOT REAL PERSONNEL DATA
29.6,71.0,4.6,7.3,4.9,4.0,12.0,-0.8,1,DEMO / SYNTHETIC DATA — NOT REAL PERSONNEL DATA
10.5,68.3,4.0,4.1,3.2,4.0,7.0,-1.9,1,DEMO / SYNTHETIC DATA — NOT REAL PERSONNEL DATA
25.4,74.2,8.2,5.5,9.0,4.3,7.0,-0.1,2,DEMO / SYNTHETIC DATA — NOT REAL PERSONNEL DATA
16.4,50.4,4.2,5.9,7.2,4.2,1.0,-1.7,0,DEMO / SYNTHETIC DATA — NOT REAL PERSONNEL DATA
17.6,55.0,3.9,5.4,4.5,2.8,1.0,0.3,1,DEMO / SYNTHETIC DATA — NOT REAL PERSONNEL DATA
23.1,36.8,5.7,5.5,7.5,3.2,0.0,2.3,1,DEMO / SYNTHETIC DATA — NOT REAL PERSONNEL DATA
9.6,66.8,6.9,8.4,5.9,3.7,5.0,-0.3,1,DEMO / SYNTHETIC DATA — NOT REAL PERSONNEL DATA
20.9,40.3,5.2,5.2,5.4,6.6,0.0,0.3,1,DEMO / SYNTHETIC DATA — NOT REAL PERSONNEL DATA
19.2,54.2,7.8,9.0,6.9,4.6,3.0,-0.2,0,DEMO / SYNTHETIC DATA — NOT REAL PERSONNEL DATA
21.7,41.0,6.6,6.7,4.4,5.0,1.0,1.6,0,DEMO / SYNTHETIC DATA — NOT REAL PERSONNEL DATA
20.2,46.1,1.1,6.3,5.3,7.9,1.0,-1.3,0,DEMO / SYNTHETIC DATA — NOT REAL PERSONNEL DATA
36.4,43.6,4.4,6.8,6.3,8.0,16.0,-4.4,1,DEMO / SYNTHETIC DATA — NOT REAL PERSONNEL DATA
13.2,45.9,4.4,9.0,5.0,4.8,5.0,0.9,0,DEMO / SYNTHETIC DATA — NOT REAL PERSONNEL DATA
14.0,46.6,6.5,5.0,7.4,4.1,6.0,2.0,0,DEMO / SYNTHETIC DATA — NOT REAL PERSONNEL DATA
13.3,46.5,1.0,4.9,9.9,3.7,3.0,0.9,0,DEMO / SYNTHETIC DATA — NOT REAL PERSONNEL DATA
13.8,60.3,10.0,5.3,4.4,6.8,7.0,-1.3,1,DEMO / SYNTHETIC DATA — NOT REAL PERSONNEL DATA
13.2,41.0,6.6,6.2,2.5,5.0,4.0,-2.3,0,DEMO / SYNTHETIC DATA — NOT REAL PERSONNEL DATA
26.9,54.2,5.8,4.1,1.8,4.6,10.0,1.0,2,DEMO / SYNTHETIC DATA — NOT REAL PERSONNEL DATA
28.7,64.2,7.9,6.2,5.7,3.8,1.0,0.3,1,DEMO / SYNTHETIC DATA — NOT REAL PERSONNEL DATA
13.7,46.9,10.0,8.2,4.6,3.9,3.0,-0.3,1,DEMO / SYNTHETIC DATA — NOT REAL PERSONNEL DATA
11.8,44.8,7.2,6.4,6.4,6.0,4.0,3.6,0,DEMO / SYNTHETIC DATA — NOT REAL PERSONNEL DATA
21.5,49.7,7.4,5.8,6.3,2.8,2.0,-1.9,1,DEMO / SYNTHETIC DATA — NOT REAL PERSONNEL DATA
13.9,63.8,5.8,5.5,2.6,7.4,7.0,3.6,1,DEMO / SYNTHETIC DATA — NOT REAL PERSONNEL DATA
22.7,53.9,5.2,7.3,2.2,4.3,14.0,0.1,1,DEMO / SYNTHETIC DATA — NOT REAL PERSONNEL DATA
19.5,46.7,4.5,5.2,6.6,5.1,2.0,-3.7,1,DEMO / SYNTHETIC DATA — NOT REAL PERSONNEL DATA
6.6,56.8,3.8,8.4,6.3,2.7,2.0,-0.4,0,DEMO / SYNTHETIC DATA — NOT REAL PERSONNEL DATA
29.6,41.0,4.1,8.5,5.1,5.4,2.0,1.9,1,DEMO / SYNTHETIC DATA — NOT REAL PERSONNEL DATA
31.5,58.8,2.8,6.5,2.5,4.7,7.0,-0.7,1,DEMO / SYNTHETIC DATA — NOT REAL PERSONNEL DATA
13.4,56.1,5.3,6.2,7.0,5.3,4.0,-2.9,1,DEMO / SYNTHETIC DATA — NOT REAL PERSONNEL DATA
15.1,48.9,2.1,7.4,8.7,8.3,0.0,-0.3,0,DEMO / SYNTHETIC DATA — NOT REAL PERSONNEL DATA
20.1,43.6,5.9,7.5,6.6,5.8,3.0,-1.7,0,DEMO / SYNTHETIC DATA — NOT REAL PERSONNEL DATA
20.5,43.1,5.4,5.2,4.2,3.8,0.0,1.0,1,DEMO / SYNTHETIC DATA — NOT REAL PERSONNEL DATA
22.9,57.3,5.8,5.6,6.1,4.0,5.0,1.5,1,DEMO / SYNTHETIC DATA — NOT REAL PERSONNEL DATA
33.1,64.3,4.5,4.6,3.1,6.6,1.0,-2.1,1,DEMO / SYNTHETIC DATA — NOT REAL PERSONNEL DATA
16.7,45.6,10.0,6.7,8.2,8.0,2.0,-1.4,1,DEMO / SYNTHETIC DATA — NOT REAL PERSONNEL DATA
12.0,56.6,8.2,7.0,6.2,6.0,6.0,1.5,1,DEMO / SYNTHETIC DATA — NOT REAL PERSONNEL DATA
7.7,35.0,3.0,4.6,2.3,6.8,0.0,-1.7,0,DEMO / SYNTHETIC DATA — NOT REAL PERSONNEL DATA
12.5,46.2,6.0,5.7,5.4,6.6,1.0,-2.2,0,DEMO / SYNTHETIC DATA — NOT REAL PERSONNEL DATA
17.8,51.7,4.3,4.6,7.0,8.2,2.0,-2.4,1,DEMO / SYNTHETIC DATA — NOT REAL PERSONNEL DATA
31.5,42.9,3.5,5.1,5.3,1.5,1.0,0.7,1,DEMO / SYNTHETIC DATA — NOT REAL PERSONNEL DATA
14.1,42.6,2.8,6.9,5.4,6.7,1.0,0.6,0,DEMO / SYNTHETIC DATA — NOT REAL PERSONNEL DATA
19.7,45.3,6.4,5.3,3.4,7.4,21.0,-1.4,1,DEMO / SYNTHETIC DATA — NOT REAL PERSONNEL DATA
17.9,54.9,4.1,5.8,7.2,2.7,6.0,0.0,1,DEMO / SYNTHETIC DATA — NOT REAL PERSONNEL DATA
26.9,50.1,7.4,4.2,4.6,3.6,8.0,3.1,1,DEMO / SYNTHETIC DATA — NOT REAL PERSONNEL DATA
37.0,35.0,7.5,6.4,1.5,3.7,10.0,-1.9,1,DEMO / SYNTHETIC DATA — NOT REAL PERSONNEL DATA
14.0,35.0,8.2,6.1,5.2,3.9,1.0,-3.9,1,DEMO / SYNTHETIC DATA — NOT REAL PERSONNEL DATA
14.3,45.9,3.8,5.3,8.1,4.4,1.0,0.9,1,DEMO / SYNTHETIC DATA — NOT REAL PERSONNEL DATA
25.8,56.6,6.5,6.0,5.2,5.9,1.0,-0.2,1,DEMO / SYNTHETIC DATA — NOT REAL PERSONNEL DATA
23.1,35.0,6.8,6.4,9.6,7.1,6.0,-1.4,0,DEMO / SYNTHETIC DATA — NOT REAL PERSONNEL DATA
31.9,47.0,4.6,5.2,6.9,7.6,4.0,1.3,1,DEMO / SYNTHETIC DATA — NOT REAL PERSONNEL DATA
22.4,46.7,4.0,4.4,6.7,3.7,1.0,1.7,1,DEMO / SYNTHETIC DATA — NOT REAL PERSONNEL DATA
15.3,65.9,8.7,8.4,5.7,3.7,2.0,-4.4,1,DEMO / SYNTHETIC DATA — NOT REAL PERSONNEL DATA
22.4,48.1,6.0,5.4,5.9,8.0,2.0,-1.3,1,DEMO / SYNTHETIC DATA — NOT REAL PERSONNEL DATA
26.3,55.8,6.8,6.1,5.4,6.7,3.0,4.6,1,DEMO / SYNTHETIC DATA — NOT REAL PERSONNEL DATA
24.2,53.4,3.9,7.4,5.4,5.6,8.0,1.2,1,DEMO / SYNTHETIC DATA — NOT REAL PERSONNEL DATA
21.8,35.0,3.1,9.0,7.1,6.3,2.0,1.4,0,DEMO / SYNTHETIC DATA — NOT REAL PERSONNEL DATA
26.0,59.7,4.4,4.7,4.0,5.3,8.0,2.3,1,DEMO / SYNTHETIC DATA — NOT REAL PERSONNEL DATA
26.8,54.2,5.3,6.7,3.7,6.4,2.0,0.0,1,DEMO / SYNTHETIC DATA — NOT REAL PERSONNEL DATA
28.4,57.1,3.4,5.4,3.6,4.7,5.0,1.6,1,DEMO / SYNTHETIC DATA — NOT REAL PERSONNEL DATA
22.9,80.0,5.5,5.6,10.0,5.9,9.0,1.4,1,DEMO / SYNTHETIC DATA — NOT REAL PERSONNEL DATA
16.7,35.0,2.1,5.3,7.1,2.4,8.0,1.1,0,DEMO / SYNTHETIC DATA — NOT REAL PERSONNEL DATA
19.1,69.2,3.3,4.8,6.6,4.0,0.0,-0.6,1,DEMO / SYNTHETIC DATA — NOT REAL PERSONNEL DATA
27.0,49.1,6.8,6.2,3.8,4.0,1.0,0.3,1,DEMO / SYNTHETIC DATA — NOT REAL PERSONNEL DATA
11.9,54.9,6.7,4.4,7.3,4.7,2.0,-1.2,1,DEMO / SYNTHETIC DATA — NOT REAL PERSONNEL DATA
20.8,51.5,4.7,7.3,5.8,3.5,2.0,0.0,1,DEMO / SYNTHETIC DATA — NOT REAL PERSONNEL DATA
15.0,47.8,3.5,6.3,6.4,4.3,4.0,-2.3,0,DEMO / SYNTHETIC DATA — NOT REAL PERSONNEL DATA
18.2,46.3,3.4,6.7,3.9,2.4,10.0,-1.6,0,DEMO / SYNTHETIC DATA — NOT REAL PERSONNEL DATA
27.6,55.3,4.8,5.6,6.3,6.5,0.0,-0.6,1,DEMO / SYNTHETIC DATA — NOT REAL PERSONNEL DATA
19.4,36.8,6.8,5.8,5.1,5.2,2.0,-1.9,0,DEMO / SYNTHETIC DATA — NOT REAL PERSONNEL DATA
18.3,59.5,7.4,6.5,4.4,2.0,1.0,-1.0,1,DEMO / SYNTHETIC DATA — NOT REAL PERSONNEL DATA
7.8,47.8,4.5,4.8,7.5,3.7,8.0,-0.3,0,DEMO / SYNTHETIC DATA — NOT REAL PERSONNEL DATA
23.6,40.7,3.2,5.8,2.8,6.1,12.0,0.8,1,DEMO / SYNTHETIC DATA — NOT REAL PERSONNEL DATA
22.8,47.5,6.0,5.2,7.2,4.3,2.0,1.9,1,DEMO / SYNTHETIC DATA — NOT REAL PERSONNEL DATA
34.2,64.6,3.9,5.1,7.4,4.0,0.0,-0.9,1,DEMO / SYNTHETIC DATA — NOT REAL PERSONNEL DATA
15.7,46.6,4.5,3.7,4.2,5.3,5.0,2.7,1,DEMO / SYNTHETIC DATA — NOT REAL PERSONNEL DATA
19.6,55.6,8.2,7.8,4.3,6.1,4.0,1.9,1,DEMO / SYNTHETIC DATA — NOT REAL PERSONNEL DATA
19.9,44.7,7.2,5.4,5.5,2.5,2.0,1.0,1,DEMO / SYNTHETIC DATA — NOT REAL PERSONNEL DATA
29.8,59.6,5.8,7.6,6.6,6.5,8.0,0.3,1,DEMO / SYNTHETIC DATA — NOT REAL PERSONNEL DATA
17.3,58.9,3.0,7.5,5.7,3.8,13.0,0.6,1,DEMO / SYNTHETIC DATA — NOT REAL PERSONNEL DATA
20.1,70.5,5.9,4.7,6.9,5.4,3.0,2.4,1,DEMO / SYNTHETIC DATA — NOT REAL PERSONNEL DATA
22.6,50.2,7.6,4.9,9.7,5.3,3.0,2.4,1,DEMO / SYNTHETIC DATA — NOT REAL PERSONNEL DATA
19.4,58.7,4.7,9.0,4.9,4.3,1.0,2.7,0,DEMO / SYNTHETIC DATA — NOT REAL PERSONNEL DATA
14.7,53.0,8.2,8.3,2.4,3.4,3.0,0.1,0,DEMO / SYNTHETIC DATA — NOT REAL PERSONNEL DATA
19.5,65.0,8.1,6.2,7.7,4.8,2.0,1.1,1,DEMO / SYNTHETIC DATA — NOT REAL PERSONNEL DATA
26.1,44.8,8.8,6.5,9.5,8.7,1.0,2.7,1,DEMO / SYNTHETIC DATA — NOT REAL PERSONNEL DATA
10.3,59.5,6.1,5.4,6.8,2.7,0.0,-1.2,0,DEMO / SYNTHETIC DATA — NOT REAL PERSONNEL DATA
19.0,50.1,6.7,6.7,3.7,8.8,1.0,-0.6,1,DEMO / SYNTHETIC DATA — NOT REAL PERSONNEL DATA
12.7,51.4,8.3,5.3,5.7,4.9,1.0,0.0,1,DEMO / SYNTHETIC DATA — NOT REAL PERSONNEL DATA
27.0,52.9,6.4,3.8,3.7,5.5,3.0,1.8,1,DEMO / SYNTHETIC DATA — NOT REAL PERSONNEL DATA
6.6,54.5,4.5,4.6,7.3,3.2,3.0,1.8,1,DEMO / SYNTHETIC DATA — NOT REAL PERSONNEL DATA
13.8,50.8,4.6,6.2,3.2,3.9,3.0,-0.5,0,DEMO / SYNTHETIC DATA — NOT REAL PERSONNEL DATA
20.8,54.1,6.0,4.8,5.4,4.4,2.0,-3.0,1,DEMO / SYNTHETIC DATA — NOT REAL PERSONNEL DATA
29.7,67.8,2.9,6.1,3.9,3.3,2.0,0.5,1,DEMO / SYNTHETIC DATA — NOT REAL PERSONNEL DATA
17.5,61.9,5.2,4.9,6.3,5.0,6.0,-1.8,1,DEMO / SYNTHETIC DATA — NOT REAL PERSONNEL DATA
13.8,60.7,7.7,5.3,5.2,4.6,2.0,-3.0,0,DEMO / SYNTHETIC DATA — NOT REAL PERSONNEL DATA
32.1,47.4,1.1,7.2,6.4,9.1,15.0,-2.5,0,DEMO / SYNTHETIC DATA — NOT REAL PERSONNEL DATA
7.1,43.1,8.6,6.5,6.0,3.1,2.0,0.7,0,DEMO / SYNTHETIC DATA — NOT REAL PERSONNEL DATA
1.5,61.6,7.7,6.2,3.9,5.6,4.0,2.7,1,DEMO / SYNTHETIC DATA — NOT REAL PERSONNEL DATA
21.3,60.8,4.6,7.3,7.3,5.9,0.0,0.1,1,DEMO / SYNTHETIC DATA — NOT REAL PERSONNEL DATA
14.2,66.7,6.6,6.8,5.9,3.3,4.0,0.4,1,DEMO / SYNTHETIC DATA — NOT REAL PERSONNEL DATA
10.3,46.0,5.5,7.9,3.9,6.8,7.0,2.4,0,DEMO / SYNTHETIC DATA — NOT REAL PERSONNEL DATA
23.3,49.7,8.0,5.6,10.0,4.6,10.0,-3.1,1,DEMO / SYNTHETIC DATA — NOT REAL PERSONNEL DATA
19.8,35.6,7.5,5.7,7.0,1.0,21.0,1.0,1,DEMO / SYNTHETIC DATA — NOT REAL PERSONNEL DATA
13.8,48.1,2.7,4.6,5.7,6.7,1.0,-0.0,0,DEMO / SYNTHETIC DATA — NOT REAL PERSONNEL DATA
8.4,62.0,6.7,5.7,9.0,3.2,3.0,1.1,1,DEMO / SYNTHETIC DATA — NOT REAL PERSONNEL DATA
24.5,47.3,5.1,7.4,9.9,3.3,2.0,-1.0,1,DEMO / SYNTHETIC DATA — NOT REAL PERSONNEL DATA
22.9,58.4,5.7,7.8,5.7,6.8,3.0,-1.6,1,DEMO / SYNTHETIC DATA — NOT REAL PERSONNEL DATA
17.3,50.1,4.0,7.4,6.7,4.7,1.0,0.3,0,DEMO / SYNTHETIC DATA — NOT REAL PERSONNEL DATA
31.8,55.2,9.0,4.0,3.9,7.2,7.0,3.3,1,DEMO / SYNTHETIC DATA — NOT REAL PERSONNEL DATA
10.0,40.5,7.6,7.5,5.7,7.8,8.0,1.7,0,DEMO / SYNTHETIC DATA — NOT REAL PERSONNEL DATA
6.6,52.9,4.0,4.0,5.6,4.1,2.0,-1.0,0,DEMO / SYNTHETIC DATA — NOT REAL PERSONNEL DATA
12.8,35.0,2.8,7.3,6.4,7.0,1.0,-2.7,0,DEMO / SYNTHETIC DATA — NOT REAL PERSONNEL DATA
17.7,50.1,4.7,5.8,6.7,3.9,1.0,-3.4,1,DEMO / SYNTHETIC DATA — NOT REAL PERSONNEL DATA
19.8,35.7,6.4,7.0,7.2,9.9,4.0,2.6,0,DEMO / SYNTHETIC DATA — NOT REAL PERSONNEL DATA
16.2,64.1,6.0,4.6,6.5,4.0,1.0,-1.9,1,DEMO / SYNTHETIC DATA — NOT REAL PERSONNEL DATA
20.6,59.8,8.0,7.6,3.5,7.5,8.0,-0.7,1,DEMO / SYNTHETIC DATA — NOT REAL PERSONNEL DATA
8.6,56.7,7.1,4.4,4.0,7.1,4.0,2.6,1,DEMO / SYNTHETIC DATA — NOT REAL PERSONNEL DATA
28.8,67.2,7.4,5.4,4.9,6.0,4.0,-3.2,1,DEMO / SYNTHETIC DATA — NOT REAL PERSONNEL DATA
17.4,42.5,6.2,5.0,5.4,4.1,3.0,3.0,0,DEMO / SYNTHETIC DATA — NOT REAL PERSONNEL DATA
26.4,69.5,2.7,4.1,8.2,5.1,0.0,-0.5,1,DEMO / SYNTHETIC DATA — NOT REAL PERSONNEL DATA
20.6,61.3,5.1,6.3,3.6,1.1,9.0,-2.3,1,DEMO / SYNTHETIC DATA — NOT REAL PERSONNEL DATA
21.4,49.6,7.6,8.4,5.2,5.8,3.0,-0.5,1,DEMO / SYNTHETIC DATA — NOT REAL PERSONNEL DATA
22.3,63.4,5.4,9.0,8.0,6.1,18.0,-1.4,1,DEMO / SYNTHETIC DATA — NOT REAL PERSONNEL DATA
21.4,40.9,6.5,6.3,5.4,5.7,3.0,0.9,1,DEMO / SYNTHETIC DATA — NOT REAL PERSONNEL DATA
22.8,43.8,4.9,7.5,7.0,1.0,4.0,-1.3,1,DEMO / SYNTHETIC DATA — NOT REAL PERSONNEL DATA
28.0,45.9,3.4,6.5,5.7,2.9,0.0,-3.8,1,DEMO / SYNTHETIC DATA — NOT REAL PERSONNEL DATA
19.5,46.7,5.3,6.8,6.5,3.9,3.0,-0.4,1,DEMO / SYNTHETIC DATA — NOT REAL PERSONNEL DATA
23.3,41.4,6.1,5.8,5.5,6.0,5.0,-2.7,1,DEMO / SYNTHETIC DATA — NOT REAL PERSONNEL DATA
17.3,64.2,4.2,6.4,7.4,6.0,5.0,0.4,1,DEMO / SYNTHETIC DATA — NOT REAL PERSONNEL DATA
28.8,49.4,5.0,6.8,2.8,5.1,5.0,-2.4,1,DEMO / SYNTHETIC DATA — NOT REAL PERSONNEL DATA
12.9,55.5,3.6,5.5,5.2,6.7,1.0,-1.0,0,DEMO / SYNTHETIC DATA — NOT REAL PERSONNEL DATA
31.5,46.3,7.7,6.1,6.6,3.3,13.0,0.4,1,DEMO / SYNTHETIC DATA — NOT REAL PERSONNEL DATA
17.7,35.0,4.9,6.1,7.1,6.6,19.0,-0.4,0,DEMO / SYNTHETIC DATA — NOT REAL PERSONNEL DATA
7.3,54.7,8.4,7.2,9.1,6.3,0.0,0.5,1,DEMO / SYNTHETIC DATA — NOT REAL PERSONNEL DATA
19.0,35.0,8.6,4.9,5.2,6.2,10.0,1.4,1,DEMO / SYNTHETIC DATA — NOT REAL PERSONNEL DATA
12.9,51.3,5.3,6.1,9.1,5.0,1.0,-2.3,1,DEMO / SYNTHETIC DATA — NOT REAL PERSONNEL DATA
24.3,38.3,3.5,8.5,4.6,9.1,4.0,-0.1,0,DEMO / SYNTHETIC DATA — NOT REAL PERSONNEL DATA
13.1,71.9,1.3,7.6,8.8,6.4,1.0,-5.0,0,DEMO / SYNTHETIC DATA — NOT REAL PERSONNEL DATA
14.7,61.1,2.6,7.8,7.7,3.5,12.0,0.5,0,DEMO / SYNTHETIC DATA — NOT REAL PERSONNEL DATA
3.8,53.1,2.8,6.2,4.1,5.9,0.0,-0.6,0,DEMO / SYNTHETIC DATA — NOT REAL PERSONNEL DATA
14.6,64.6,8.3,6.6,6.6,6.9,2.0,-2.0,1,DEMO / SYNTHETIC DATA — NOT REAL PERSONNEL DATA
0.0,43.5,5.7,7.4,5.9,4.2,2.0,0.6,0,DEMO / SYNTHETIC DATA — NOT REAL PERSONNEL DATA
6.1,57.4,6.3,8.1,7.3,7.6,1.0,2.3,0,DEMO / SYNTHETIC DATA — NOT REAL PERSONNEL DATA
23.7,54.0,1.1,3.9,5.5,6.2,4.0,-1.0,1,DEMO / SYNTHETIC DATA — NOT REAL PERSONNEL DATA
23.9,54.6,3.1,4.6,5.4,1.0,0.0,-1.9,1,DEMO / SYNTHETIC DATA — NOT REAL PERSONNEL DATA
21.2,64.7,7.3,7.8,8.9,6.0,4.0,0.3,1,DEMO / SYNTHETIC DATA — NOT REAL PERSONNEL DATA
10.7,59.3,6.1,5.9,5.8,4.6,14.0,-2.7,0,DEMO / SYNTHETIC DATA — NOT REAL PERSONNEL DATA
17.6,54.9,5.2,5.4,7.7,6.5,6.0,-1.3,1,DEMO / SYNTHETIC DATA — NOT REAL PERSONNEL DATA
18.0,35.5,6.6,4.7,5.5,7.3,7.0,2.4,1,DEMO / SYNTHETIC DATA — NOT REAL PERSONNEL DATA
9.3,42.4,8.8,5.5,9.5,5.8,2.0,0.1,0,DEMO / SYNTHETIC DATA — NOT REAL PERSONNEL DATA
29.3,50.8,5.1,4.5,4.6,8.7,1.0,-3.8,1,DEMO / SYNTHETIC DATA — NOT REAL PERSONNEL DATA
24.6,52.9,5.6,8.7,4.7,5.0,3.0,-3.6,0,DEMO / SYNTHETIC DATA — NOT REAL PERSONNEL DATA
16.3,40.7,5.9,6.2,9.2,6.6,0.0,0.3,0,DEMO / SYNTHETIC DATA — NOT REAL PERSONNEL DATA
18.2,76.1,10.0,6.1,5.1,7.0,10.0,1.7,1,DEMO / SYNTHETIC DATA — NOT REAL PERSONNEL DATA
19.6,67.2,1.3,6.9,9.4,5.2,1.0,-3.2,0,DEMO / SYNTHETIC DATA — NOT REAL PERSONNEL DATA
2.7,58.0,6.9,7.4,7.9,7.0,8.0,0.9,0,DEMO / SYNTHETIC DATA — NOT REAL PERSONNEL DATA
16.1,52.7,5.3,7.3,5.7,4.2,0.0,2.7,0,DEMO / SYNTHETIC DATA — NOT REAL PERSONNEL DATA
12.9,49.9,6.6,7.5,2.2,4.6,6.0,3.8,0,DEMO / SYNTHETIC DATA — NOT REAL PERSONNEL DATA
10.5,42.5,4.2,5.4,6.0,2.8,1.0,0.7,0,DEMO / SYNTHETIC DATA — NOT REAL PERSONNEL DATA
15.9,52.8,5.4,5.8,6.2,5.9,0.0,1.0,0,DEMO / SYNTHETIC DATA — NOT REAL PERSONNEL DATA
31.5,54.6,6.9,7.1,8.5,6.1,4.0,-4.3,1,DEMO / SYNTHETIC DATA — NOT REAL PERSONNEL DATA
22.8,39.6,10.0,5.6,9.3,7.8,1.0,4.2,1,DEMO / SYNTHETIC DATA — NOT REAL PERSONNEL DATA
13.7,55.3,7.1,6.2,4.6,7.0,4.0,-1.2,0,DEMO / SYNTHETIC DATA — NOT REAL PERSONNEL DATA
22.3,50.4,3.8,6.7,7.7,4.8,3.0,-1.9,1,DEMO / SYNTHETIC DATA — NOT REAL PERSONNEL DATA
28.5,35.0,4.7,7.1,7.6,3.0,0.0,-0.5,0,DEMO / SYNTHETIC DATA — NOT REAL PERSONNEL DATA
24.9,43.4,4.6,4.1,8.3,6.3,9.0,3.0,1,DEMO / SYNTHETIC DATA — NOT REAL PERSONNEL DATA
18.4,47.9,1.9,7.1,7.0,7.6,2.0,4.4,1,DEMO / SYNTHETIC DATA — NOT REAL PERSONNEL DATA
13.1,70.9,4.8,5.9,1.9,6.9,5.0,0.3,1,DEMO / SYNTHETIC DATA — NOT REAL PERSONNEL DATA
23.2,57.6,7.0,7.0,5.7,7.6,2.0,2.0,1,DEMO / SYNTHETIC DATA — NOT REAL PERSONNEL DATA
21.0,38.6,3.0,7.1,3.6,5.0,3.0,0.1,0,DEMO / SYNTHETIC DATA — NOT REAL PERSONNEL DATA
24.7,56.9,7.6,8.1,5.6,4.5,1.0,-2.1,1,DEMO / SYNTHETIC DATA — NOT REAL PERSONNEL DATA
22.8,36.5,6.5,7.8,8.1,3.9,1.0,3.0,0,DEMO / SYNTHETIC DATA — NOT REAL PERSONNEL DATA
25.9,62.8,4.0,7.8,6.6,5.3,3.0,-1.2,1,DEMO / SYNTHETIC DATA — NOT REAL PERSONNEL DATA
14.0,47.3,5.2,7.9,8.4,5.2,2.0,3.1,0,DEMO / SYNTHETIC DATA — NOT REAL PERSONNEL DATA
27.9,51.1,8.7,6.5,6.7,5.8,2.0,2.6,1,DEMO / SYNTHETIC DATA — NOT REAL PERSONNEL DATA
19.5,65.3,7.0,6.2,3.3,5.1,4.0,1.2,1,DEMO / SYNTHETIC DATA — NOT REAL PERSONNEL DATA
33.6,39.1,5.5,7.2,1.0,5.1,4.0,3.7,1,DEMO / SYNTHETIC DATA — NOT REAL PERSONNEL DATA
12.8,38.0,5.0,7.1,6.3,3.8,0.0,4.5,0,DEMO / SYNTHETIC DATA — NOT REAL PERSONNEL DATA
31.0,46.2,5.7,5.8,5.6,7.3,1.0,-0.4,1,DEMO / SYNTHETIC DATA — NOT REAL PERSONNEL DATA
19.5,62.4,4.5,6.7,3.9,5.6,2.0,-1.6,1,DEMO / SYNTHETIC DATA — NOT REAL PERSONNEL DATA
13.1,36.8,1.3,6.2,2.4,5.1,0.0,-3.7,0,DEMO / SYNTHETIC DATA — NOT REAL PERSONNEL DATA
14.4,35.0,9.6,5.2,4.5,3.9,1.0,4.5,0,DEMO / SYNTHETIC DATA — NOT REAL PERSONNEL DATA
15.6,47.5,5.8,7.7,5.6,2.7,0.0,-0.9,0,DEMO / SYNTHETIC DATA — NOT REAL PERSONNEL DATA
21.2,57.5,6.3,6.3,7.4,8.0,20.0,2.3,1,DEMO / SYNTHETIC DATA — NOT REAL PERSONNEL DATA
21.9,64.0,5.4,8.7,6.4,6.5,5.0,-1.5,1,DEMO / SYNTHETIC DATA — NOT REAL PERSONNEL DATA
13.7,47.4,4.0,4.2,9.4,2.2,0.0,3.1,0,DEMO / SYNTHETIC DATA — NOT REAL PERSONNEL DATA
17.8,47.9,5.1,5.5,3.8,6.9,0.0,-1.4,1,DEMO / SYNTHETIC DATA — NOT REAL PERSONNEL DATA
34.1,63.5,2.3,6.2,7.9,7.2,4.0,-2.4,1,DEMO / SYNTHETIC DATA — NOT REAL PERSONNEL DATA
31.0,35.0,10.0,7.6,6.1,5.6,2.0,-0.4,1,DEMO / SYNTHETIC DATA — NOT REAL PERSONNEL DATA
21.3,48.1,3.0,6.7,7.5,8.6,5.0,-1.1,0,DEMO / SYNTHETIC DATA — NOT REAL PERSONNEL DATA
18.3,53.9,3.4,6.6,5.1,5.8,9.0,1.2,1,DEMO / SYNTHETIC DATA — NOT REAL PERSONNEL DATA
18.9,56.5,4.6,4.8,8.3,2.6,3.0,-0.1,1,DEMO / SYNTHETIC DATA — NOT REAL PERSONNEL DATA
22.6,46.9,8.1,4.8,6.6,6.1,1.0,1.3,1,DEMO / SYNTHETIC DATA — NOT REAL PERSONNEL DATA
10.3,52.3,5.5,6.6,4.6,5.9,5.0,-0.6,0,DEMO / SYNTHETIC DATA — NOT REAL PERSONNEL DATA
16.1,35.0,3.0,4.6,6.0,4.2,11.0,-1.3,0,DEMO / SYNTHETIC DATA — NOT REAL PERSONNEL DATA
5.5,45.4,8.0,5.6,5.5,6.5,3.0,-1.2,0,DEMO / SYNTHETIC DATA — NOT REAL PERSONNEL DATA
21.0,56.5,7.0,6.8,7.0,2.1,4.0,4.1,1,DEMO / SYNTHETIC DATA — NOT REAL PERSONNEL DATA
22.9,42.2,6.6,5.0,3.5,7.4,1.0,0.5,1,DEMO / SYNTHETIC DATA — NOT REAL PERSONNEL DATA
14.4,52.6,6.9,8.1,5.9,3.6,2.0,-4.0,0,DEMO / SYNTHETIC DATA — NOT REAL PERSONNEL DATA
29.8,56.5,10.0,7.7,6.8,3.4,5.0,-1.0,1,DEMO / SYNTHETIC DATA — NOT REAL PERSONNEL DATA
8.8,48.6,9.9,4.3,6.1,5.2,9.0,0.2,1,DEMO / SYNTHETIC DATA — NOT REAL PERSONNEL DATA
7.0,53.7,4.1,5.1,8.8,6.3,3.0,3.7,0,DEMO / SYNTHETIC DATA — NOT REAL PERSONNEL DATA
19.7,42.4,8.7,3.5,7.6,5.7,5.0,2.1,1,DEMO / SYNTHETIC DATA — NOT REAL PERSONNEL DATA
25.9,49.9,6.3,5.3,6.0,3.9,1.0,-1.8,1,DEMO / SYNTHETIC DATA — NOT REAL PERSONNEL DATA
30.6,58.1,6.5,7.1,6.5,4.4,1.0,4.8,1,DEMO / SYNTHETIC DATA — NOT REAL PERSONNEL DATA
14.6,53.6,2.1,5.7,6.6,3.1,3.0,-0.1,0,DEMO / SYNTHETIC DATA — NOT REAL PERSONNEL DATA
26.1,46.1,5.2,6.8,6.8,5.0,1.0,2.5,1,DEMO / SYNTHETIC DATA — NOT REAL PERSONNEL DATA
17.7,54.2,3.9,4.4,2.2,7.6,4.0,-2.3,1,DEMO / SYNTHETIC DATA — NOT REAL PERSONNEL DATA
16.7,59.1,7.2,7.2,5.4,5.4,1.0,-4.8,1,DEMO / SYNTHETIC DATA — NOT REAL PERSONNEL DATA
24.6,35.0,7.6,5.5,2.9,7.1,5.0,-2.8,1,DEMO / SYNTHETIC DATA — NOT REAL PERSONNEL DATA
22.9,63.6,1.4,6.2,8.7,8.3,6.0,-5.0,1,DEMO / SYNTHETIC DATA — NOT REAL PERSONNEL DATA
6.2,48.6,5.5,6.1,5.9,4.2,2.0,4.2,0,DEMO / SYNTHETIC DATA — NOT REAL PERSONNEL DATA
29.1,56.3,7.7,4.7,5.6,5.0,1.0,0.4,1,DEMO / SYNTHETIC DATA — NOT REAL PERSONNEL DATA
28.4,64.0,5.1,4.8,7.9,9.7,4.0,-1.8,1,DEMO / SYNTHETIC DATA — NOT REAL PERSONNEL DATA
13.3,38.3,7.0,7.4,6.9,8.3,17.0,0.9,0,DEMO / SYNTHETIC DATA — NOT REAL PERSONNEL DATA
21.0,44.9,6.2,6.7,3.6,2.1,3.0,0.4,1,DEMO / SYNTHETIC DATA — NOT REAL PERSONNEL DATA
21.7,49.1,6.2,7.5,5.9,6.2,0.0,1.2,0,DEMO / SYNTHETIC DATA — NOT REAL PERSONNEL DATA
20.0,44.2,5.0,6.6,5.3,5.4,0.0,2.4,0,DEMO / SYNTHETIC DATA — NOT REAL PERSONNEL DATA
13.9,69.3,3.1,6.4,2.3,7.1,1.0,-0.6,1,DEMO / SYNTHETIC DATA — NOT REAL PERSONNEL DATA
13.0,43.4,3.3,4.1,4.6,3.9,1.0,-1.8,1,DEMO / SYNTHETIC DATA — NOT REAL PERSONNEL DATA
17.8,46.4,6.9,5.9,5.6,3.7,6.0,1.7,1,DEMO / SYNTHETIC DATA — NOT REAL PERSONNEL DATA
26.8,54.0,5.5,6.2,5.8,4.0,7.0,1.6,1,DEMO / SYNTHETIC DATA — NOT REAL PERSONNEL DATA
22.1,40.0,5.2,8.5,2.9,4.3,1.0,0.2,0,DEMO / SYNTHETIC DATA — NOT REAL PERSONNEL DATA
15.2,48.0,4.7,7.0,8.4,7.0,1.0,4.4,0,DEMO / SYNTHETIC DATA — NOT REAL PERSONNEL DATA
23.8,55.2,4.9,8.0,5.8,3.0,1.0,-0.9,1,DEMO / SYNTHETIC DATA — NOT REAL PERSONNEL DATA
0.0,48.7,7.6,6.9,6.1,4.2,8.0,-1.8,0,DEMO / SYNTHETIC DATA — NOT REAL PERSONNEL DATA
26.6,51.1,4.8,5.3,6.8,1.8,2.0,0.8,1,DEMO / SYNTHETIC DATA — NOT REAL PERSONNEL DATA
5.0,46.7,2.8,6.3,4.3,7.4,4.0,-1.3,0,DEMO / SYNTHETIC DATA — NOT REAL PERSONNEL DATA
15.3,36.9,7.0,6.5,7.0,7.9,2.0,1.0,0,DEMO / SYNTHETIC DATA — NOT REAL PERSONNEL DATA
9.6,55.2,5.1,5.1,5.2,4.7,3.0,-1.7,0,DEMO / SYNTHETIC DATA — NOT REAL PERSONNEL DATA
8.3,69.5,5.6,5.7,4.1,4.8,2.0,-0.8,1,DEMO / SYNTHETIC DATA — NOT REAL PERSONNEL DATA
26.7,52.2,8.7,6.0,7.2,6.3,1.0,3.8,1,DEMO / SYNTHETIC DATA — NOT REAL PERSONNEL DATA
14.5,54.3,5.5,8.1,9.1,8.3,4.0,-0.8,0,DEMO / SYNTHETIC DATA — NOT REAL PERSONNEL DATA
20.6,58.9,6.1,3.7,7.5,6.2,3.0,-1.6,1,DEMO / SYNTHETIC DATA — NOT REAL PERSONNEL DATA
17.6,39.3,3.1,7.6,7.9,4.0,1.0,2.3,0,DEMO / SYNTHETIC DATA — NOT REAL PERSONNEL DATA
21.6,69.0,5.1,5.1,4.9,2.2,1.0,-2.1,1,DEMO / SYNTHETIC DATA — NOT REAL PERSONNEL DATA
18.6,54.0,6.7,4.6,2.6,3.2,2.0,-1.4,1,DEMO / SYNTHETIC DATA — NOT REAL PERSONNEL DATA
8.4,68.3,2.4,7.6,9.1,5.5,2.0,1.2,0,DEMO / SYNTHETIC DATA — NOT REAL PERSONNEL DATA
25.5,44.7,5.9,7.1,10.0,4.1,3.0,1.9,0,DEMO / SYNTHETIC DATA — NOT REAL PERSONNEL DATA
14.3,70.2,5.7,7.7,9.2,5.8,9.0,2.4,0,DEMO / SYNTHETIC DATA — NOT REAL PERSONNEL DATA
6.3,59.8,5.6,7.2,5.3,4.3,0.0,-1.5,1,DEMO / SYNTHETIC DATA — NOT REAL PERSONNEL DATA
14.8,57.5,7.6,8.7,3.6,3.3,1.0,1.2,0,DEMO / SYNTHETIC DATA — NOT REAL PERSONNEL DATA
29.3,54.3,6.2,6.9,3.8,3.0,1.0,-0.9,1,DEMO / SYNTHETIC DATA — NOT REAL PERSONNEL DATA
24.4,49.5,8.5,6.0,2.5,8.5,2.0,-1.2,1,DEMO / SYNTHETIC DATA — NOT REAL PERSONNEL DATA
15.4,64.0,3.5,6.6,5.8,7.2,2.0,2.4,1,DEMO / SYNTHETIC DATA — NOT REAL PERSONNEL DATA
15.4,53.4,5.8,7.7,9.4,8.9,5.0,-1.1,0,DEMO / SYNTHETIC DATA — NOT REAL PERSONNEL DATA
15.6,35.0,5.7,5.3,5.7,6.5,1.0,0.6,0,DEMO / SYNTHETIC DATA — NOT REAL PERSONNEL DATA
33.6,40.8,3.4,5.4,6.6,4.5,3.0,0.3,1,DEMO / SYNTHETIC DATA — NOT REAL PERSONNEL DATA
20.9,50.1,7.4,5.8,8.9,8.0,8.0,-2.1,1,DEMO / SYNTHETIC DATA — NOT REAL PERSONNEL DATA
21.2,55.1,10.0,3.7,5.2,5.3,8.0,1.9,1,DEMO / SYNTHETIC DATA — NOT REAL PERSONNEL DATA
25.7,51.4,5.5,6.4,10.0,5.8,11.0,1.1,1,DEMO / SYNTHETIC DATA — NOT REAL PERSONNEL DATA
19.8,64.2,6.5,3.9,10.0,5.3,5.0,-4.0,1,DEMO / SYNTHETIC DATA — NOT REAL PERSONNEL DATA
16.1,35.0,5.7,6.3,5.7,1.0,8.0,0.6,0,DEMO / SYNTHETIC DATA — NOT REAL PERSONNEL DATA
16.5,53.4,4.1,7.2,4.8,8.6,1.0,-1.5,0,DEMO / SYNTHETIC DATA — NOT REAL PERSONNEL DATA
17.5,35.0,1.9,5.6,7.5,6.4,1.0,2.2,0,DEMO / SYNTHETIC DATA — NOT REAL PERSONNEL DATA
17.7,59.6,4.1,8.2,5.3,6.1,0.0,-2.9,1,DEMO / SYNTHETIC DATA — NOT REAL PERSONNEL DATA
23.5,51.1,2.7,4.4,3.6,5.3,4.0,-0.7,1,DEMO / SYNTHETIC DATA — NOT REAL PERSONNEL DATA
18.4,56.2,8.9,7.6,8.7,5.7,10.0,0.7,0,DEMO / SYNTHETIC DATA — NOT REAL PERSONNEL DATA
23.5,43.4,5.3,7.0,8.6,4.2,1.0,0.1,1,DEMO / SYNTHETIC DATA — NOT REAL PERSONNEL DATA
17.4,64.8,4.8,4.1,6.3,6.6,4.0,1.5,1,DEMO / SYNTHETIC DATA — NOT REAL PERSONNEL DATA
18.6,62.4,7.3,9.0,3.3,2.8,5.0,-3.0,1,DEMO / SYNTHETIC DATA — NOT REAL PERSONNEL DATA
3.0,57.8,3.3,6.1,3.4,5.8,9.0,3.3,0,DEMO / SYNTHETIC DATA — NOT REAL PERSONNEL DATA
24.9,50.7,4.0,5.1,6.2,6.5,4.0,1.1,1,DEMO / SYNTHETIC DATA — NOT REAL PERSONNEL DATA
20.6,57.8,5.6,4.5,5.0,5.0,12.0,2.7,1,DEMO / SYNTHETIC DATA — NOT REAL PERSONNEL DATA
25.5,44.9,7.6,5.9,5.3,6.1,1.0,1.7,1,DEMO / SYNTHETIC DATA — NOT REAL PERSONNEL DATA
0.0,60.6,6.5,6.0,8.1,3.4,2.0,-0.0,0,DEMO / SYNTHETIC DATA — NOT REAL PERSONNEL DATA
33.7,68.5,6.0,6.3,7.5,3.5,3.0,-2.6,1,DEMO / SYNTHETIC DATA — NOT REAL PERSONNEL DATA
17.0,62.7,5.7,5.8,8.9,5.9,2.0,-1.1,1,DEMO / SYNTHETIC DATA — NOT REAL PERSONNEL DATA
26.3,44.7,6.3,7.0,3.9,6.8,0.0,3.2,1,DEMO / SYNTHETIC DATA — NOT REAL PERSONNEL DATA
10.2,55.6,5.9,5.7,5.3,1.7,5.0,2.8,0,DEMO / SYNTHETIC DATA — NOT REAL PERSONNEL DATA
22.6,39.1,3.4,3.9,7.6,6.4,5.0,-1.2,0,DEMO / SYNTHETIC DATA — NOT REAL PERSONNEL DATA
10.1,57.7,5.6,6.0,6.9,4.3,5.0,-5.0,0,DEMO / SYNTHETIC DATA — NOT REAL PERSONNEL DATA
13.3,56.5,3.4,3.5,9.2,5.0,1.0,-0.4,1,DEMO / SYNTHETIC DATA — NOT REAL PERSONNEL DATA
32.4,35.0,5.7,6.6,6.9,2.7,3.0,-0.6,1,DEMO / SYNTHETIC DATA — NOT REAL PERSONNEL DATA
16.6,40.4,4.5,5.0,9.9,3.7,2.0,-0.5,0,DEMO / SYNTHETIC DATA — NOT REAL PERSONNEL DATA
19.6,49.2,10.0,6.4,7.1,7.3,0.0,1.1,1,DEMO / SYNTHETIC DATA — NOT REAL PERSONNEL DATA
24.5,49.0,5.4,7.8,8.2,5.5,3.0,1.8,0,DEMO / SYNTHETIC DATA — NOT REAL PERSONNEL DATA
21.7,39.9,2.7,5.1,5.3,4.6,0.0,2.0,0,DEMO / SYNTHETIC DATA — NOT REAL PERSONNEL DATA
19.1,55.9,5.2,7.5,6.0,5.2,0.0,0.9,0,DEMO / SYNTHETIC DATA — NOT REAL PERSONNEL DATA
20.7,54.5,6.5,5.7,7.9,6.4,5.0,-3.6,1,DEMO / SYNTHETIC DATA — NOT REAL PERSONNEL DATA
36.0,50.1,8.8,8.3,9.4,6.3,0.0,-0.7,1,DEMO / SYNTHETIC DATA — NOT REAL PERSONNEL DATA
17.6,44.4,4.3,5.8,7.5,5.2,11.0,4.6,0,DEMO / SYNTHETIC DATA — NOT REAL PERSONNEL DATA
19.5,62.5,2.3,5.2,5.8,7.6,3.0,0.7,1,DEMO / SYNTHETIC DATA — NOT REAL PERSONNEL DATA
25.9,68.6,7.1,7.0,8.9,7.3,14.0,0.7,1,DEMO / SYNTHETIC DATA — NOT REAL PERSONNEL DATA
26.3,47.2,2.7,5.7,1.4,6.2,0.0,0.7,1,DEMO / SYNTHETIC DATA — NOT REAL PERSONNEL DATA
26.9,45.9,4.6,5.2,3.0,5.5,3.0,0.8,1,DEMO / SYNTHETIC DATA — NOT REAL PERSONNEL DATA
22.8,56.9,5.0,5.6,7.4,6.7,2.0,-4.8,1,DEMO / SYNTHETIC DATA — NOT REAL PERSONNEL DATA
9.4,48.4,5.4,6.1,6.0,6.0,6.0,-0.5,0,DEMO / SYNTHETIC DATA — NOT REAL PERSONNEL DATA
30.3,50.6,6.9,7.8,7.3,7.5,2.0,-0.1,0,DEMO / SYNTHETIC DATA — NOT REAL PERSONNEL DATA
9.4,59.4,4.1,3.9,6.1,7.2,1.0,2.6,0,DEMO / SYNTHETIC DATA — NOT REAL PERSONNEL DATA
20.3,35.0,5.0,6.2,7.2,3.4,7.0,0.1,0,DEMO / SYNTHETIC DATA — NOT REAL PERSONNEL DATA
12.3,65.2,5.5,6.9,4.3,3.2,2.0,-3.3,1,DEMO / SYNTHETIC DATA — NOT REAL PERSONNEL DATA
17.5,52.7,5.8,6.4,7.2,4.0,0.0,0.9,0,DEMO / SYNTHETIC DATA — NOT REAL PERSONNEL DATA
20.5,47.9,5.7,7.8,8.1,7.4,2.0,-1.6,0,DEMO / SYNTHETIC DATA — NOT REAL PERSONNEL DATA
20.4,51.1,6.4,6.1,8.6,2.2,4.0,-2.4,1,DEMO / SYNTHETIC DATA — NOT REAL PERSONNEL DATA
21.2,51.6,7.2,6.0,10.0,6.2,1.0,-1.7,0,DEMO / SYNTHETIC DATA — NOT REAL PERSONNEL DATA
30.1,35.0,6.3,6.9,6.5,6.1,2.0,1.1,1,DEMO / SYNTHETIC DATA — NOT REAL PERSONNEL DATA
21.4,66.9,6.4,6.3,6.6,7.7,0.0,2.5,1,DEMO / SYNTHETIC DATA — NOT REAL PERSONNEL DATA
16.2,52.4,2.3,5.7,2.8,5.8,3.0,1.0,1,DEMO / SYNTHETIC DATA — NOT REAL PERSONNEL DATA
25.2,56.4,5.6,6.8,4.9,2.7,5.0,1.3,1,DEMO / SYNTHETIC DATA — NOT REAL PERSONNEL DATA
26.9,61.5,6.5,5.4,5.6,3.5,2.0,0.9,1,DEMO / SYNTHETIC DATA — NOT REAL PERSONNEL DATA
8.8,41.8,7.0,5.5,8.2,3.0,2.0,0.2,0,DEMO / SYNTHETIC DATA — NOT REAL PERSONNEL DATA
22.5,56.7,4.1,5.6,4.7,4.3,0.0,1.4,1,DEMO / SYNTHETIC DATA — NOT REAL PERSONNEL DATA
23.3,49.3,4.2,7.8,7.7,5.0,1.0,-4.8,1,DEMO / SYNTHETIC DATA — NOT REAL PERSONNEL DATA
15.8,60.5,4.4,3.5,6.0,3.1,1.0,0.2,1,DEMO / SYNTHETIC DATA — NOT REAL PERSONNEL DATA
28.3,35.0,6.6,6.7,5.6,8.3,2.0,-2.1,1,DEMO / SYNTHETIC DATA — NOT REAL PERSONNEL DATA
16.9,51.0,7.6,6.2,6.5,2.7,3.0,2.3,1,DEMO / SYNTHETIC DATA — NOT REAL PERSONNEL DATA
18.9,46.0,4.7,4.2,5.2,8.1,10.0,-0.3,1,DEMO / SYNTHETIC DATA — NOT REAL PERSONNEL DATA
16.7,56.3,7.3,6.6,5.1,7.8,0.0,0.1,1,DEMO / SYNTHETIC DATA — NOT REAL PERSONNEL DATA
18.1,56.7,5.7,6.8,2.4,7.2,3.0,-3.0,1,DEMO / SYNTHETIC DATA — NOT REAL PERSONNEL DATA
9.8,44.9,5.3,6.9,5.5,4.0,3.0,2.0,0,DEMO / SYNTHETIC DATA — NOT REAL PERSONNEL DATA
7.2,44.9,5.1,3.5,5.0,6.1,3.0,1.3,0,DEMO / SYNTHETIC DATA — NOT REAL PERSONNEL DATA
30.0,50.9,7.0,7.8,4.9,2.8,7.0,1.1,1,DEMO / SYNTHETIC DATA — NOT REAL PERSONNEL DATA
11.6,43.0,6.2,5.3,6.9,7.2,1.0,-1.6,0,DEMO / SYNTHETIC DATA — NOT REAL PERSONNEL DATA
10.6,60.4,10.0,7.0,7.4,5.3,0.0,-1.5,1,DEMO / SYNTHETIC DATA — NOT REAL PERSONNEL DATA
1.8,48.3,3.8,7.1,6.5,4.6,4.0,0.4,0,DEMO / SYNTHETIC DATA — NOT REAL PERSONNEL DATA
13.2,35.0,6.5,5.1,8.1,3.0,1.0,-1.4,0,DEMO / SYNTHETIC DATA — NOT REAL PERSONNEL DATA
8.1,48.3,4.4,7.0,7.2,1.0,0.0,0.9,0,DEMO / SYNTHETIC DATA — NOT REAL PERSONNEL DATA
30.3,41.6,3.8,5.7,5.4,3.3,1.0,-4.3,1,DEMO / SYNTHETIC DATA — NOT REAL PERSONNEL DATA
25.6,35.7,5.5,3.7,5.0,7.6,1.0,-1.0,1,DEMO / SYNTHETIC DATA — NOT REAL PERSONNEL DATA
12.8,39.6,5.8,7.6,6.7,4.6,3.0,3.6,0,DEMO / SYNTHETIC DATA — NOT REAL PERSONNEL DATA
34.9,53.1,10.0,5.3,7.2,5.1,1.0,0.9,1,DEMO / SYNTHETIC DATA — NOT REAL PERSONNEL DATA
25.4,65.3,5.1,5.2,8.9,6.7,2.0,0.3,1,DEMO / SYNTHETIC DATA — NOT REAL PERSONNEL DATA
15.6,55.1,3.2,5.7,8.5,9.0,2.0,4.0,0,DEMO / SYNTHETIC DATA — NOT REAL PERSONNEL DATA
0.0,45.9,6.0,6.5,4.9,8.1,2.0,-4.7,0,DEMO / SYNTHETIC DATA — NOT REAL PERSONNEL DATA
35.2,56.6,1.4,6.1,5.8,3.5,13.0,-1.6,1,DEMO / SYNTHETIC DATA — NOT REAL PERSONNEL DATA
7.6,47.4,5.3,6.9,7.4,1.5,0.0,-0.8,0,DEMO / SYNTHETIC DATA — NOT REAL PERSONNEL DATA
5.7,45.1,5.5,4.6,8.2,10.0,11.0,1.7,0,DEMO / SYNTHETIC DATA — NOT REAL PERSONNEL DATA
25.7,40.5,7.1,5.3,8.0,9.9,3.0,1.8,0,DEMO / SYNTHETIC DATA — NOT REAL PERSONNEL DATA
36.3,35.0,7.4,6.1,5.9,5.8,6.0,-1.7,1,DEMO / SYNTHETIC DATA — NOT REAL PERSONNEL DATA
28.4,48.1,4.5,8.5,3.4,2.9,2.0,2.0,1,DEMO / SYNTHETIC DATA — NOT REAL PERSONNEL DATA
22.2,53.6,5.2,6.1,3.9,7.3,2.0,-0.8,1,DEMO / SYNTHETIC DATA — NOT REAL PERSONNEL DATA
22.5,51.0,4.0,7.5,6.6,5.2,7.0,2.4,1,DEMO / SYNTHETIC DATA — NOT REAL PERSONNEL DATA
24.4,47.8,3.2,6.2,6.7,5.2,8.0,-2.1,1,DEMO / SYNTHETIC DATA — NOT REAL PERSONNEL DATA
23.7,42.5,6.1,5.6,3.7,7.2,1.0,-0.2,1,DEMO / SYNTHETIC DATA — NOT REAL PERSONNEL DATA
20.1,58.1,3.0,5.9,6.1,6.1,1.0,-1.0,1,DEMO / SYNTHETIC DATA — NOT REAL PERSONNEL DATA
18.8,38.8,4.7,6.0,7.3,3.0,2.0,2.1,1,DEMO / SYNTHETIC DATA — NOT REAL PERSONNEL DATA
17.5,59.8,3.5,6.9,3.6,4.8,8.0,-1.0,1,DEMO / SYNTHETIC DATA — NOT REAL PERSONNEL DATA
12.3,42.0,6.6,7.8,8.3,6.7,1.0,-0.1,0,DEMO / SYNTHETIC DATA — NOT REAL PERSONNEL DATA
15.9,44.5,9.1,6.6,5.2,6.4,4.0,1.0,1,DEMO / SYNTHETIC DATA — NOT REAL PERSONNEL DATA
5.3,37.3,2.9,7.6,8.6,5.9,4.0,1.1,0,DEMO / SYNTHETIC DATA — NOT REAL PERSONNEL DATA
17.3,47.0,1.8,5.0,4.9,7.3,5.0,1.8,0,DEMO / SYNTHETIC DATA — NOT REAL PERSONNEL DATA
10.6,61.8,5.3,5.7,3.8,4.7,3.0,0.4,1,DEMO / SYNTHETIC DATA — NOT REAL PERSONNEL DATA
9.7,57.2,5.5,5.3,5.0,5.8,2.0,-0.8,1,DEMO / SYNTHETIC DATA — NOT REAL PERSONNEL DATA
19.3,61.8,5.9,6.6,5.8,1.0,12.0,-0.7,1,DEMO / SYNTHETIC DATA — NOT REAL PERSONNEL DATA
28.4,57.2,4.6,5.8,5.2,4.5,3.0,0.1,1,DEMO / SYNTHETIC DATA — NOT REAL PERSONNEL DATA
24.9,41.0,5.1,7.1,5.5,6.9,5.0,0.5,1,DEMO / SYNTHETIC DATA — NOT REAL PERSONNEL DATA
6.2,48.7,6.2,5.1,6.7,4.6,1.0,-0.3,0,DEMO / SYNTHETIC DATA — NOT REAL PERSONNEL DATA
10.6,44.2,7.6,6.3,5.6,4.5,4.0,0.0,0,DEMO / SYNTHETIC DATA — NOT REAL PERSONNEL DATA
25.1,65.3,1.6,7.0,5.9,3.3,1.0,-3.0,1,DEMO / SYNTHETIC DATA — NOT REAL PERSONNEL DATA
10.6,40.0,4.8,3.7,2.4,7.4,1.0,1.3,1,DEMO / SYNTHETIC DATA — NOT REAL PERSONNEL DATA
16.3,60.9,5.9,8.7,6.8,6.5,4.0,0.4,0,DEMO / SYNTHETIC DATA — NOT REAL PERSONNEL DATA
22.1,60.9,3.7,5.9,5.8,7.1,3.0,2.0,1,DEMO / SYNTHETIC DATA — NOT REAL PERSONNEL DATA
10.7,70.3,9.0,3.8,9.4,1.9,4.0,0.0,1,DEMO / SYNTHETIC DATA — NOT REAL PERSONNEL DATA
18.8,47.9,4.2,6.4,4.0,5.1,1.0,-3.5,1,DEMO / SYNTHETIC DATA — NOT REAL PERSONNEL DATA
8.0,59.1,5.4,6.2,2.2,4.8,3.0,-0.7,0,DEMO / SYNTHETIC DATA — NOT REAL PERSONNEL DATA
13.5,74.8,6.6,6.1,7.3,4.8,2.0,-0.4,1,DEMO / SYNTHETIC DATA — NOT REAL PERSONNEL DATA
20.4,45.8,4.3,7.4,6.7,4.2,3.0,1.5,0,DEMO / SYNTHETIC DATA — NOT REAL PERSONNEL DATA
6.1,36.6,1.8,7.1,3.9,4.7,1.0,-4.1,0,DEMO / SYNTHETIC DATA — NOT REAL PERSONNEL DATA
21.3,35.0,4.6,6.6,2.8,7.1,4.0,0.1,0,DEMO / SYNTHETIC DATA — NOT REAL PERSONNEL DATA
17.9,59.1,7.6,6.7,9.2,1.6,6.0,1.0,1,DEMO / SYNTHETIC DATA — NOT REAL PERSONNEL DATA
22.1,35.0,4.8,6.1,9.0,9.0,1.0,-1.3,0,DEMO / SYNTHETIC DATA — NOT REAL PERSONNEL DATA
19.7,48.3,3.8,8.3,1.0,6.4,1.0,0.1,1,DEMO / SYNTHETIC DATA — NOT REAL PERSONNEL DATA
28.2,56.4,7.4,4.4,5.0,5.3,4.0,-1.3,2,DEMO / SYNTHETIC DATA — NOT REAL PERSONNEL DATA
18.9,53.9,4.8,6.4,9.5,7.2,4.0,-1.5,1,DEMO / SYNTHETIC DATA — NOT REAL PERSONNEL DATA
14.8,56.3,4.5,6.3,5.0,2.5,4.0,-0.8,0,DEMO / SYNTHETIC DATA — NOT REAL PERSONNEL DATA
18.9,54.2,5.8,7.2,5.0,4.1,4.0,-1.4,1,DEMO / SYNTHETIC DATA — NOT REAL PERSONNEL DATA
22.1,64.8,7.0,5.2,5.4,5.2,2.0,1.4,1,DEMO / SYNTHETIC DATA — NOT REAL PERSONNEL DATA
18.4,42.5,10.0,4.1,3.6,8.1,2.0,-1.5,1,DEMO / SYNTHETIC DATA — NOT REAL PERSONNEL DATA
18.3,45.2,7.2,6.4,2.4,5.3,1.0,-1.8,0,DEMO / SYNTHETIC DATA — NOT REAL PERSONNEL DATA
12.7,44.3,7.8,6.5,8.2,6.3,1.0,3.5,0,DEMO / SYNTHETIC DATA — NOT REAL PERSONNEL DATA
13.0,60.3,4.5,8.0,2.1,4.2,4.0,1.9,0,DEMO / SYNTHETIC DATA — NOT REAL PERSONNEL DATA
7.5,61.0,3.4,4.7,6.5,6.4,0.0,-3.7,0,DEMO / SYNTHETIC DATA — NOT REAL PERSONNEL DATA
31.1,56.5,5.6,7.6,7.9,8.8,10.0,-1.5,1,DEMO / SYNTHETIC DATA — NOT REAL PERSONNEL DATA
8.7,63.8,5.7,9.0,3.0,7.4,6.0,0.5,0,DEMO / SYNTHETIC DATA — NOT REAL PERSONNEL DATA
12.8,40.2,3.3,5.7,4.1,5.2,7.0,0.6,0,DEMO / SYNTHETIC DATA — NOT REAL PERSONNEL DATA
12.6,68.7,5.1,4.7,8.5,6.8,8.0,-3.0,1,DEMO / SYNTHETIC DATA — NOT REAL PERSONNEL DATA
24.7,67.2,6.3,5.7,7.1,6.6,2.0,2.3,1,DEMO / SYNTHETIC DATA — NOT REAL PERSONNEL DATA
15.8,59.4,6.2,6.2,4.7,6.4,7.0,1.7,0,DEMO / SYNTHETIC DATA — NOT REAL PERSONNEL DATA
27.4,69.8,6.5,6.9,8.5,7.6,1.0,1.0,1,DEMO / SYNTHETIC DATA — NOT REAL PERSONNEL DATA
12.9,35.4,6.1,5.5,8.5,7.6,0.0,2.7,0,DEMO / SYNTHETIC DATA — NOT REAL PERSONNEL DATA
20.1,46.8,4.5,8.1,6.6,5.1,5.0,0.9,0,DEMO / SYNTHETIC DATA — NOT REAL PERSONNEL DATA
11.7,44.6,4.5,4.9,4.1,6.7,0.0,0.9,0,DEMO / SYNTHETIC DATA — NOT REAL PERSONNEL DATA
34.1,59.2,3.1,4.1,5.1,4.6,16.0,3.1,2,DEMO / SYNTHETIC DATA — NOT REAL PERSONNEL DATA
9.1,41.5,9.1,7.5,6.6,3.6,4.0,2.2,0,DEMO / SYNTHETIC DATA — NOT REAL PERSONNEL DATA
20.3,59.6,5.5,3.5,5.6,4.9,5.0,-1.7,1,DEMO / SYNTHETIC DATA — NOT REAL PERSONNEL DATA
22.8,65.7,5.1,6.0,8.0,5.2,1.0,1.3,1,DEMO / SYNTHETIC DATA — NOT REAL PERSONNEL DATA
21.1,59.0,3.6,9.0,2.8,2.1,4.0,-1.3,1,DEMO / SYNTHETIC DATA — NOT REAL PERSONNEL DATA
16.6,54.8,10.0,6.2,2.9,7.1,0.0,1.0,1,DEMO / SYNTHETIC DATA — NOT REAL PERSONNEL DATA
17.0,42.1,3.4,4.9,6.4,1.0,6.0,1.0,0,DEMO / SYNTHETIC DATA — NOT REAL PERSONNEL DATA
18.3,43.5,4.6,6.1,5.0,10.0,1.0,-2.8,0,DEMO / SYNTHETIC DATA — NOT REAL PERSONNEL DATA
16.9,64.5,6.3,6.1,4.7,8.4,4.0,-0.2,1,DEMO / SYNTHETIC DATA — NOT REAL PERSONNEL DATA
25.2,59.8,6.7,6.4,2.3,4.9,1.0,0.5,1,DEMO / SYNTHETIC DATA — NOT REAL PERSONNEL DATA
34.6,51.6,7.4,7.0,6.0,5.4,0.0,-0.9,1,DEMO / SYNTHETIC DATA — NOT REAL PERSONNEL DATA
13.8,47.8,9.1,5.0,5.9,6.0,2.0,0.6,1,DEMO / SYNTHETIC DATA — NOT REAL PERSONNEL DATA
7.7,35.0,6.5,8.2,7.4,4.2,1.0,1.6,0,DEMO / SYNTHETIC DATA — NOT REAL PERSONNEL DATA
17.3,41.3,3.4,6.5,6.1,5.8,5.0,-0.1,0,DEMO / SYNTHETIC DATA — NOT REAL PERSONNEL DATA
37.3,71.1,5.0,7.1,5.7,5.1,1.0,0.4,2,DEMO / SYNTHETIC DATA — NOT REAL PERSONNEL DATA
12.0,39.2,6.1,5.4,8.5,5.2,1.0,2.8,0,DEMO / SYNTHETIC DATA — NOT REAL PERSONNEL DATA
30.3,53.9,9.6,7.7,3.2,5.8,3.0,0.9,1,DEMO / SYNTHETIC DATA — NOT REAL PERSONNEL DATA
30.6,62.1,2.7,5.9,7.1,2.8,1.0,0.4,1,DEMO / SYNTHETIC DATA — NOT REAL PERSONNEL DATA
13.8,39.5,7.9,6.5,2.5,5.5,2.0,-1.9,1,DEMO / SYNTHETIC DATA — NOT REAL PERSONNEL DATA
22.3,53.8,5.9,5.1,4.2,5.7,6.0,1.3,1,DEMO / SYNTHETIC DATA — NOT REAL PERSONNEL DATA
30.2,61.4,7.2,5.0,3.5,5.7,1.0,0.7,2,DEMO / SYNTHETIC DATA — NOT REAL PERSONNEL DATA
15.2,52.1,5.3,7.0,7.6,5.0,0.0,2.6,0,DEMO / SYNTHETIC DATA — NOT REAL PERSONNEL DATA
16.5,80.0,3.8,5.7,5.9,7.7,1.0,0.1,1,DEMO / SYNTHETIC DATA — NOT REAL PERSONNEL DATA
13.6,35.3,7.0,5.2,6.0,4.7,2.0,-3.6,1,DEMO / SYNTHETIC DATA — NOT REAL PERSONNEL DATA
10.4,62.6,6.8,5.4,3.7,5.9,3.0,-3.4,1,DEMO / SYNTHETIC DATA — NOT REAL PERSONNEL DATA
13.1,50.3,7.4,7.0,5.4,8.0,2.0,1.5,0,DEMO / SYNTHETIC DATA — NOT REAL PERSONNEL DATA
8.8,59.7,5.5,5.4,4.4,5.2,5.0,-1.1,0,DEMO / SYNTHETIC DATA — NOT REAL PERSONNEL DATA
18.3,56.4,4.3,6.1,6.8,5.8,0.0,0.9,1,DEMO / SYNTHETIC DATA — NOT REAL PERSONNEL DATA
12.2,44.7,2.4,6.2,3.9,5.2,2.0,0.2,0,DEMO / SYNTHETIC DATA — NOT REAL PERSONNEL DATA
19.8,54.3,7.1,3.9,8.8,7.9,2.0,-0.3,1,DEMO / SYNTHETIC DATA — NOT REAL PERSONNEL DATA
6.3,35.0,6.3,4.4,2.5,4.9,4.0,-0.2,0,DEMO / SYNTHETIC DATA — NOT REAL PERSONNEL DATA
20.5,58.0,3.6,6.6,4.3,8.0,12.0,-1.7,1,DEMO / SYNTHETIC DATA — NOT REAL PERSONNEL DATA
24.3,55.0,4.4,5.3,9.5,5.2,2.0,-0.0,1,DEMO / SYNTHETIC DATA — NOT REAL PERSONNEL DATA
3.0,58.4,4.6,7.5,5.1,3.7,15.0,-1.2,0,DEMO / SYNTHETIC DATA — NOT REAL PERSONNEL DATA
20.8,62.6,2.5,7.4,3.2,6.8,1.0,-0.7,1,DEMO / SYNTHETIC DATA — NOT REAL PERSONNEL DATA
27.2,55.7,3.9,7.1,6.5,4.8,0.0,-0.6,1,DEMO / SYNTHETIC DATA — NOT REAL PERSONNEL DATA
8.9,53.5,3.2,8.4,5.0,6.6,1.0,-0.5,0,DEMO / SYNTHETIC DATA — NOT REAL PERSONNEL DATA
30.5,43.2,4.7,6.1,4.2,1.0,2.0,1.8,1,DEMO / SYNTHETIC DATA — NOT REAL PERSONNEL DATA
21.1,44.9,4.0,7.0,3.7,5.4,1.0,-0.3,1,DEMO / SYNTHETIC DATA — NOT REAL PERSONNEL DATA
12.7,63.9,2.2,5.5,10.0,4.5,0.0,2.0,1,DEMO / SYNTHETIC DATA — NOT REAL PERSONNEL DATA
17.6,66.4,9.5,9.0,5.5,3.3,2.0,3.1,1,DEMO / SYNTHETIC DATA — NOT REAL PERSONNEL DATA
22.2,49.6,8.0,8.6,2.0,4.3,1.0,1.7,1,DEMO / SYNTHETIC DATA — NOT REAL PERSONNEL DATA
18.6,52.5,3.9,6.2,9.1,4.3,0.0,1.1,0,DEMO / SYNTHETIC DATA — NOT REAL PERSONNEL DATA
22.0,43.0,6.0,6.7,7.3,5.3,1.0,0.7,0,DEMO / SYNTHETIC DATA — NOT REAL PERSONNEL DATA
11.1,63.7,6.3,7.8,4.4,2.7,8.0,1.7,0,DEMO / SYNTHETIC DATA — NOT REAL PERSONNEL DATA
19.3,58.7,7.9,6.0,4.0,6.0,1.0,0.2,1,DEMO / SYNTHETIC DATA — NOT REAL PERSONNEL DATA
7.4,71.4,3.9,5.4,7.4,8.1,4.0,2.0,1,DEMO / SYNTHETIC DATA — NOT REAL PERSONNEL DATA
17.2,43.2,7.7,7.2,5.5,6.0,3.0,1.2,0,DEMO / SYNTHETIC DATA — NOT REAL PERSONNEL DATA
11.2,48.2,4.4,6.3,2.0,7.0,2.0,-0.7,0,DEMO / SYNTHETIC DATA — NOT REAL PERSONNEL DATA
12.5,54.3,2.8,6.4,9.8,7.6,1.0,1.8,0,DEMO / SYNTHETIC DATA — NOT REAL PERSONNEL DATA
27.3,58.5,6.9,5.2,5.1,7.9,2.0,0.2,1,DEMO / SYNTHETIC DATA — NOT REAL PERSONNEL DATA
26.2,49.8,8.1,4.1,9.1,9.1,3.0,-0.2,1,DEMO / SYNTHETIC DATA — NOT REAL PERSONNEL DATA
22.6,43.3,10.0,6.5,8.7,4.4,2.0,-1.0,1,DEMO / SYNTHETIC DATA — NOT REAL PERSONNEL DATA
9.8,60.8,3.1,7.3,3.9,4.0,1.0,0.3,0,DEMO / SYNTHETIC DATA — NOT REAL PERSONNEL DATA
15.6,59.2,6.9,5.9,8.2,7.0,0.0,2.0,1,DEMO / SYNTHETIC DATA — NOT REAL PERSONNEL DATA
27.1,42.8,4.7,7.9,4.6,6.8,7.0,1.8,0,DEMO / SYNTHETIC DATA — NOT REAL PERSONNEL DATA
19.1,65.6,7.1,5.4,2.1,7.0,2.0,0.7,1,DEMO / SYNTHETIC DATA — NOT REAL PERSONNEL DATA
35.4,63.7,2.6,4.9,5.1,9.2,3.0,1.2,1,DEMO / SYNTHETIC DATA — NOT REAL PERSONNEL DATA
20.9,53.3,3.0,6.1,6.8,5.4,2.0,2.5,1,DEMO / SYNTHETIC DATA — NOT REAL PERSONNEL DATA
19.4,52.8,3.9,6.1,5.0,6.3,7.0,-0.3,0,DEMO / SYNTHETIC DATA — NOT REAL PERSONNEL DATA
15.7,57.5,5.7,7.1,5.4,3.4,3.0,-2.2,1,DEMO / SYNTHETIC DATA — NOT REAL PERSONNEL DATA
19.0,43.4,4.2,5.3,8.4,9.7,2.0,2.6,0,DEMO / SYNTHETIC DATA — NOT REAL PERSONNEL DATA
16.9,52.3,6.8,7.8,6.2,4.7,9.0,-1.1,1,DEMO / SYNTHETIC DATA — NOT REAL PERSONNEL DATA
23.3,35.0,7.6,8.6,4.2,4.8,4.0,-1.4,0,DEMO / SYNTHETIC DATA — NOT REAL PERSONNEL DATA
25.2,60.8,6.7,6.2,7.5,4.7,0.0,-3.6,1,DEMO / SYNTHETIC DATA — NOT REAL PERSONNEL DATA
12.1,36.4,8.7,7.7,6.4,4.1,1.0,1.1,0,DEMO / SYNTHETIC DATA — NOT REAL PERSONNEL DATA
8.0,67.0,6.3,4.9,1.0,3.9,5.0,-3.2,1,DEMO / SYNTHETIC DATA — NOT REAL PERSONNEL DATA
4.2,48.7,3.1,7.5,6.9,4.4,6.0,-1.5,0,DEMO / SYNTHETIC DATA — NOT REAL PERSONNEL DATA
21.8,49.9,8.2,7.5,6.8,2.7,3.0,1.2,1,DEMO / SYNTHETIC DATA — NOT REAL PERSONNEL DATA
9.7,45.7,4.3,7.2,6.0,3.8,3.0,1.4,0,DEMO / SYNTHETIC DATA — NOT REAL PERSONNEL DATA
1.9,49.1,7.3,6.2,7.9,9.3,3.0,-1.3,0,DEMO / SYNTHETIC DATA — NOT REAL PERSONNEL DATA
20.9,66.2,8.6,3.5,4.6,6.9,2.0,-0.3,2,DEMO / SYNTHETIC DATA — NOT REAL PERSONNEL DATA
36.7,35.0,6.4,5.4,6.7,7.3,4.0,-1.7,1,DEMO / SYNTHETIC DATA — NOT REAL PERSONNEL DATA
18.0,64.8,2.5,5.4,2.7,7.8,0.0,-1.1,1,DEMO / SYNTHETIC DATA — NOT REAL PERSONNEL DATA
24.3,55.4,3.7,5.0,6.9,9.1,11.0,0.5,1,DEMO / SYNTHETIC DATA — NOT REAL PERSONNEL DATA
18.6,39.9,8.1,6.3,10.0,1.9,5.0,-1.0,0,DEMO / SYNTHETIC DATA — NOT REAL PERSONNEL DATA
17.3,41.2,5.2,5.7,3.9,2.9,3.0,-0.5,1,DEMO / SYNTHETIC DATA — NOT REAL PERSONNEL DATA
24.9,68.8,5.7,5.2,4.4,3.8,1.0,-2.9,1,DEMO / SYNTHETIC DATA — NOT REAL PERSONNEL DATA
15.8,42.5,7.0,4.9,4.5,4.5,1.0,2.3,1,DEMO / SYNTHETIC DATA — NOT REAL PERSONNEL DATA
20.0,40.5,6.9,5.3,6.3,4.8,2.0,1.0,1,DEMO / SYNTHETIC DATA — NOT REAL PERSONNEL DATA
20.4,63.4,6.1,7.5,3.8,4.5,4.0,1.6,1,DEMO / SYNTHETIC DATA — NOT REAL PERSONNEL DATA
13.0,55.4,5.1,5.4,6.9,5.8,4.0,2.6,1,DEMO / SYNTHETIC DATA — NOT REAL PERSONNEL DATA
25.4,42.6,4.9,5.6,7.8,5.5,2.0,-1.7,1,DEMO / SYNTHETIC DATA — NOT REAL PERSONNEL DATA
16.7,54.2,7.2,5.7,7.1,4.0,3.0,-0.7,1,DEMO / SYNTHETIC DATA — NOT REAL PERSONNEL DATA
12.3,41.7,6.6,6.6,2.3,1.0,6.0,-3.8,0,DEMO / SYNTHETIC DATA — NOT REAL PERSONNEL DATA
22.0,63.0,5.0,6.7,8.1,3.4,0.0,5.0,0,DEMO / SYNTHETIC DATA — NOT REAL PERSONNEL DATA
11.3,62.6,7.7,3.5,8.0,4.3,2.0,-0.3,1,DEMO / SYNTHETIC DATA — NOT REAL PERSONNEL DATA
18.2,57.3,5.2,7.4,7.7,4.9,5.0,2.1,1,DEMO / SYNTHETIC DATA — NOT REAL PERSONNEL DATA
17.9,55.6,3.8,7.9,6.8,3.1,3.0,-2.5,0,DEMO / SYNTHETIC DATA — NOT REAL PERSONNEL DATA
26.1,69.6,4.0,4.9,6.5,4.4,4.0,2.0,1,DEMO / SYNTHETIC DATA — NOT REAL PERSONNEL DATA
21.6,52.0,3.5,5.0,8.2,3.1,3.0,3.7,1,DEMO / SYNTHETIC DATA — NOT REAL PERSONNEL DATA
17.8,40.2,5.0,5.7,10.0,5.1,17.0,-0.1,0,DEMO / SYNTHETIC DATA — NOT REAL PERSONNEL DATA
24.1,56.5,8.0,5.3,4.0,3.3,0.0,-2.0,1,DEMO / SYNTHETIC DATA — NOT REAL PERSONNEL DATA
28.4,72.9,3.9,6.5,8.3,3.7,2.0,-0.3,1,DEMO / SYNTHETIC DATA — NOT REAL PERSONNEL DATA
22.2,41.9,5.9,3.9,5.8,2.8,0.0,-4.5,1,DEMO / SYNTHETIC DATA — NOT REAL PERSONNEL DATA
18.1,48.4,4.2,4.9,5.7,5.1,1.0,-0.1,1,DEMO / SYNTHETIC DATA — NOT REAL PERSONNEL DATA
8.2,56.2,5.0,8.0,2.8,3.7,2.0,1.6,0,DEMO / SYNTHETIC DATA — NOT REAL PERSONNEL DATA
10.0,51.5,2.5,5.1,5.4,7.2,1.0,-0.1,0,DEMO / SYNTHETIC DATA — NOT REAL PERSONNEL DATA
15.7,42.2,5.1,7.7,3.9,6.2,12.0,-0.6,0,DEMO / SYNTHETIC DATA — NOT REAL PERSONNEL DATA
13.4,63.2,5.1,6.6,5.0,5.3,10.0,1.1,1,DEMO / SYNTHETIC DATA — NOT REAL PERSONNEL DATA
16.6,75.2,6.6,4.0,3.7,3.8,1.0,1.2,1,DEMO / SYNTHETIC DATA — NOT REAL PERSONNEL DATA
18.4,54.0,5.9,7.0,5.1,6.2,4.0,-3.3,1,DEMO / SYNTHETIC DATA — NOT REAL PERSONNEL DATA
22.0,43.0,3.1,6.1,5.1,6.8,3.0,0.2,1,DEMO / SYNTHETIC DATA — NOT REAL PERSONNEL DATA
17.5,36.5,7.7,5.7,6.2,5.7,6.0,4.9,1,DEMO / SYNTHETIC DATA — NOT REAL PERSONNEL DATA
21.6,54.6,5.9,6.5,2.6,8.6,3.0,-2.7,1,DEMO / SYNTHETIC DATA — NOT REAL PERSONNEL DATA
18.5,63.0,5.9,6.8,3.0,6.3,0.0,-0.2,1,DEMO / SYNTHETIC DATA — NOT REAL PERSONNEL DATA
3.2,56.8,5.5,7.0,6.8,7.2,5.0,3.9,0,DEMO / SYNTHETIC DATA — NOT REAL PERSONNEL DATA
11.0,52.0,4.5,7.6,4.3,5.7,5.0,2.2,0,DEMO / SYNTHETIC DATA — NOT REAL PERSONNEL DATA
16.9,46.1,5.9,6.7,8.3,6.8,2.0,-1.0,0,DEMO / SYNTHETIC DATA — NOT REAL PERSONNEL DATA
8.9,41.1,6.5,4.5,6.5,3.8,8.0,0.4,0,DEMO / SYNTHETIC DATA — NOT REAL PERSONNEL DATA
22.5,60.3,2.0,5.6,7.3,4.5,8.0,-0.0,1,DEMO / SYNTHETIC DATA — NOT REAL PERSONNEL DATA
29.5,61.1,4.4,9.0,9.0,6.1,3.0,-1.5,1,DEMO / SYNTHETIC DATA — NOT REAL PERSONNEL DATA
27.1,36.5,5.0,7.1,5.3,6.1,3.0,-0.1,0,DEMO / SYNTHETIC DATA — NOT REAL PERSONNEL DATA
16.4,67.9,6.0,9.0,4.8,6.4,20.0,-0.6,1,DEMO / SYNTHETIC DATA — NOT REAL PERSONNEL DATA
29.2,57.7,7.9,7.9,7.8,7.6,1.0,0.2,1,DEMO / SYNTHETIC DATA — NOT REAL PERSONNEL DATA
19.1,66.0,4.0,6.5,7.1,2.6,1.0,-1.5,1,DEMO / SYNTHETIC DATA — NOT REAL PERSONNEL DATA
15.5,38.6,4.5,6.6,5.6,3.5,1.0,-2.6,0,DEMO / SYNTHETIC DATA — NOT REAL PERSONNEL DATA
13.4,38.3,4.5,6.2,8.9,5.9,8.0,-0.1,0,DEMO / SYNTHETIC DATA — NOT REAL PERSONNEL DATA
15.7,50.5,3.9,4.1,5.6,4.0,5.0,3.4,1,DEMO / SYNTHETIC DATA — NOT REAL PERSONNEL DATA
15.1,57.0,4.8,6.2,6.1,10.0,0.0,0.2,0,DEMO / SYNTHETIC DATA — NOT REAL PERSONNEL DATA
19.3,70.0,7.0,7.7,6.0,6.4,14.0,-0.7,1,DEMO / SYNTHETIC DATA — NOT REAL PERSONNEL DATA
19.2,59.1,3.4,5.5,4.0,5.2,5.0,1.5,1,DEMO / SYNTHETIC DATA — NOT REAL PERSONNEL DATA
18.0,49.6,6.4,6.7,6.2,4.4,7.0,-0.3,1,DEMO / SYNTHETIC DATA — NOT REAL PERSONNEL DATA
21.3,41.7,2.1,7.2,8.9,4.4,0.0,3.7,0,DEMO / SYNTHETIC DATA — NOT REAL PERSONNEL DATA
26.9,64.3,4.4,5.1,6.9,5.5,2.0,-0.0,1,DEMO / SYNTHETIC DATA — NOT REAL PERSONNEL DATA
25.1,42.4,4.8,5.7,6.1,5.6,4.0,1.4,1,DEMO / SYNTHETIC DATA — NOT REAL PERSONNEL DATA
6.9,68.3,8.8,5.0,5.7,4.5,3.0,-1.5,1,DEMO / SYNTHETIC DATA — NOT REAL PERSONNEL DATA
0.0,49.2,5.0,5.2,6.7,4.9,4.0,1.0,0,DEMO / SYNTHETIC DATA — NOT REAL PERSONNEL DATA
25.0,67.9,1.1,4.7,7.6,8.1,6.0,0.6,1,DEMO / SYNTHETIC DATA — NOT REAL PERSONNEL DATA
7.7,58.8,1.5,5.1,7.3,8.2,2.0,-0.1,1,DEMO / SYNTHETIC DATA — NOT REAL PERSONNEL DATA
16.3,50.6,5.6,7.9,5.3,5.9,7.0,-1.0,0,DEMO / SYNTHETIC DATA — NOT REAL PERSONNEL DATA
9.2,46.8,6.7,5.1,6.7,2.7,1.0,-1.3,0,DEMO / SYNTHETIC DATA — NOT REAL PERSONNEL DATA
4.5,48.6,6.3,6.4,7.0,6.5,1.0,0.6,0,DEMO / SYNTHETIC DATA — NOT REAL PERSONNEL DATA
22.1,56.3,5.8,5.6,3.9,8.5,0.0,1.3,1,DEMO / SYNTHETIC DATA — NOT REAL PERSONNEL DATA
23.7,52.8,7.8,7.6,6.4,8.1,2.0,-0.3,1,DEMO / SYNTHETIC DATA — NOT REAL PERSONNEL DATA
13.7,46.1,4.4,7.8,1.5,6.9,2.0,0.6,0,DEMO / SYNTHETIC DATA — NOT REAL PERSONNEL DATA
0.0,50.3,7.3,7.2,7.0,8.2,6.0,-0.1,0,DEMO / SYNTHETIC DATA — NOT REAL PERSONNEL DATA
13.9,52.8,2.2,6.6,7.4,5.5,4.0,0.2,0,DEMO / SYNTHETIC DATA — NOT REAL PERSONNEL DATA
20.9,35.0,3.7,5.9,7.6,6.7,2.0,-0.4,0,DEMO / SYNTHETIC DATA — NOT REAL PERSONNEL DATA
6.9,56.6,1.9,4.8,5.2,4.0,4.0,0.0,0,DEMO / SYNTHETIC DATA — NOT REAL PERSONNEL DATA
19.4,42.2,5.0,8.5,6.6,6.0,0.0,5.0,0,DEMO / SYNTHETIC DATA — NOT REAL PERSONNEL DATA
17.9,40.5,5.4,5.3,9.0,8.1,1.0,0.6,0,DEMO / SYNTHETIC DATA — NOT REAL PERSONNEL DATA
22.3,35.1,5.7,7.0,9.0,4.2,3.0,1.3,0,DEMO / SYNTHETIC DATA — NOT REAL PERSONNEL DATA
18.9,35.0,5.6,7.5,5.9,3.7,4.0,0.9,0,DEMO / SYNTHETIC DATA — NOT REAL PERSONNEL DATA
10.7,38.4,3.6,5.5,6.3,5.6,5.0,-0.5,0,DEMO / SYNTHETIC DATA — NOT REAL PERSONNEL DATA
27.0,44.9,5.1,7.4,8.3,4.9,2.0,2.6,1,DEMO / SYNTHETIC DATA — NOT REAL PERSONNEL DATA
16.8,71.5,2.5,7.1,2.8,6.7,4.0,-0.6,1,DEMO / SYNTHETIC DATA — NOT REAL PERSONNEL DATA
17.8,46.7,8.2,8.3,5.3,4.5,4.0,2.1,0,DEMO / SYNTHETIC DATA — NOT REAL PERSONNEL DATA
11.0,53.8,4.9,5.6,8.8,8.8,12.0,-0.7,0,DEMO / SYNTHETIC DATA — NOT REAL PERSONNEL DATA
14.7,56.0,4.5,4.7,8.0,2.8,1.0,-1.9,1,DEMO / SYNTHETIC DATA — NOT REAL PERSONNEL DATA
11.4,53.3,8.7,5.6,6.8,7.9,3.0,0.7,1,DEMO / SYNTHETIC DATA — NOT REAL PERSONNEL DATA
16.7,51.2,3.0,6.5,2.8,3.9,3.0,-2.2,0,DEMO / SYNTHETIC DATA — NOT REAL PERSONNEL DATA
30.8,40.0,3.2,6.3,5.9,1.8,21.0,1.1,1,DEMO / SYNTHETIC DATA — NOT REAL PERSONNEL DATA
7.7,66.5,3.3,5.7,4.8,5.9,1.0,-2.4,0,DEMO / SYNTHETIC DATA — NOT REAL PERSONNEL DATA
5.9,70.1,5.4,3.9,6.7,4.9,3.0,-0.6,1,DEMO / SYNTHETIC DATA — NOT REAL PERSONNEL DATA
29.0,35.2,6.4,6.8,4.3,3.2,1.0,-2.9,0,DEMO / SYNTHETIC DATA — NOT REAL PERSONNEL DATA
16.4,41.8,7.0,8.6,3.8,2.0,3.0,5.0,0,DEMO / SYNTHETIC DATA — NOT REAL PERSONNEL DATA
13.0,49.2,10.0,6.8,1.7,5.4,1.0,-3.3,1,DEMO / SYNTHETIC DATA — NOT REAL PERSONNEL DATA
25.8,42.4,1.0,6.9,8.6,7.4,0.0,0.0,0,DEMO / SYNTHETIC DATA — NOT REAL PERSONNEL DATA
13.5,57.1,6.7,6.9,5.2,6.6,3.0,2.3,1,DEMO / SYNTHETIC DATA — NOT REAL PERSONNEL DATA
31.7,44.7,4.4,6.7,6.3,5.5,1.0,2.1,1,DEMO / SYNTHETIC DATA — NOT REAL PERSONNEL DATA
23.1,73.7,4.3,7.3,6.0,6.4,1.0,1.7,1,DEMO / SYNTHETIC DATA — NOT REAL PERSONNEL DATA
14.3,63.9,4.3,6.7,3.8,5.3,1.0,-0.6,0,DEMO / SYNTHETIC DATA — NOT REAL PERSONNEL DATA
34.2,54.1,3.7,5.8,3.4,2.5,0.0,2.7,1,DEMO / SYNTHETIC DATA — NOT REAL PERSONNEL DATA
13.5,62.3,8.9,5.2,3.9,2.6,11.0,1.8,1,DEMO / SYNTHETIC DATA — NOT REAL PERSONNEL DATA
23.6,63.1,7.2,5.9,4.5,5.0,3.0,0.4,1,DEMO / SYNTHETIC DATA — NOT REAL PERSONNEL DATA
20.2,46.4,5.5,6.6,6.8,5.1,6.0,0.5,1,DEMO / SYNTHETIC DATA — NOT REAL PERSONNEL DATA
27.8,43.8,8.2,5.8,4.3,7.1,2.0,-0.6,1,DEMO / SYNTHETIC DATA — NOT REAL PERSONNEL DATA
29.7,52.8,2.5,6.6,9.7,6.9,8.0,-1.8,1,DEMO / SYNTHETIC DATA — NOT REAL PERSONNEL DATA
18.2,60.6,2.8,6.7,8.2,6.6,2.0,2.5,1,DEMO / SYNTHETIC DATA — NOT REAL PERSONNEL DATA
12.3,53.4,1.1,7.2,7.7,4.8,3.0,2.6,0,DEMO / SYNTHETIC DATA — NOT REAL PERSONNEL DATA
21.4,36.2,4.1,7.7,5.7,2.6,2.0,-1.8,0,DEMO / SYNTHETIC DATA — NOT REAL PERSONNEL DATA
12.9,44.0,5.8,6.3,9.2,6.2,5.0,-0.3,0,DEMO / SYNTHETIC DATA — NOT REAL PERSONNEL DATA
33.1,51.3,5.7,4.6,5.5,6.5,3.0,-0.3,1,DEMO / SYNTHETIC DATA — NOT REAL PERSONNEL DATA
19.0,51.2,5.8,5.8,5.9,1.0,1.0,-0.1,1,DEMO / SYNTHETIC DATA — NOT REAL PERSONNEL DATA
15.3,71.7,2.7,6.3,6.4,3.7,1.0,0.1,1,DEMO / SYNTHETIC DATA — NOT REAL PERSONNEL DATA
19.4,38.1,7.1,4.0,7.5,4.0,3.0,1.9,1,DEMO / SYNTHETIC DATA — NOT REAL PERSONNEL DATA
7.9,57.1,6.0,7.9,7.3,5.6,2.0,-1.5,0,DEMO / SYNTHETIC DATA — NOT REAL PERSONNEL DATA
10.7,66.9,7.0,6.4,5.0,3.8,0.0,-1.7,0,DEMO / SYNTHETIC DATA — NOT REAL PERSONNEL DATA
27.0,74.7,1.7,6.7,4.9,5.3,2.0,2.5,1,DEMO / SYNTHETIC DATA — NOT REAL PERSONNEL DATA
13.1,48.0,6.1,7.8,7.3,5.0,3.0,-0.9,0,DEMO / SYNTHETIC DATA — NOT REAL PERSONNEL DATA
10.1,56.9,3.1,5.4,7.5,5.1,6.0,-2.5,0,DEMO / SYNTHETIC DATA — NOT REAL PERSONNEL DATA
22.0,57.7,4.7,6.9,5.2,4.0,0.0,-1.0,1,DEMO / SYNTHETIC DATA — NOT REAL PERSONNEL DATA
26.9,54.0,6.6,6.1,2.7,4.1,1.0,-0.7,1,DEMO / SYNTHETIC DATA — NOT REAL PERSONNEL DATA
23.4,51.0,5.7,6.0,5.6,3.2,6.0,3.1,1,DEMO / SYNTHETIC DATA — NOT REAL PERSONNEL DATA
25.5,56.4,3.8,5.3,7.3,6.2,4.0,1.8,1,DEMO / SYNTHETIC DATA — NOT REAL PERSONNEL DATA
12.3,35.0,5.5,8.2,9.8,6.5,1.0,2.3,0,DEMO / SYNTHETIC DATA — NOT REAL PERSONNEL DATA
7.3,58.8,2.4,5.7,3.5,3.9,7.0,1.6,0,DEMO / SYNTHETIC DATA — NOT REAL PERSONNEL DATA
29.3,53.3,7.8,7.0,5.1,8.4,2.0,1.9,1,DEMO / SYNTHETIC DATA — NOT REAL PERSONNEL DATA
15.6,49.8,5.1,3.9,5.2,4.8,2.0,-1.4,1,DEMO / SYNTHETIC DATA — NOT REAL PERSONNEL DATA
16.1,72.5,7.7,7.6,8.8,8.5,13.0,-0.4,1,DEMO / SYNTHETIC DATA — NOT REAL PERSONNEL DATA
28.0,45.3,4.4,7.5,5.9,4.1,10.0,-2.0,1,DEMO / SYNTHETIC DATA — NOT REAL PERSONNEL DATA
22.2,48.0,4.5,6.3,4.1,1.3,2.0,-0.4,1,DEMO / SYNTHETIC DATA — NOT REAL PERSONNEL DATA
21.4,71.9,4.0,5.9,7.2,6.2,1.0,1.4,1,DEMO / SYNTHETIC DATA — NOT REAL PERSONNEL DATA
34.2,43.7,7.3,6.7,5.2,5.9,1.0,0.3,1,DEMO / SYNTHETIC DATA — NOT REAL PERSONNEL DATA
13.2,46.5,4.1,8.9,3.4,5.5,0.0,2.6,0,DEMO / SYNTHETIC DATA — NOT REAL PERSONNEL DATA
25.0,50.5,6.8,4.1,4.1,4.1,0.0,-2.3,1,DEMO / SYNTHETIC DATA — NOT REAL PERSONNEL DATA
18.4,60.4,4.7,7.1,9.6,5.3,2.0,1.0,0,DEMO / SYNTHETIC DATA — NOT REAL PERSONNEL DATA
20.0,54.1,1.5,5.1,6.8,4.4,10.0,-2.5,1,DEMO / SYNTHETIC DATA — NOT REAL PERSONNEL DATA
29.5,39.1,4.4,6.2,6.2,4.8,7.0,0.2,1,DEMO / SYNTHETIC DATA — NOT REAL PERSONNEL DATA
21.8,46.7,3.1,5.9,5.5,7.1,3.0,1.5,0,DEMO / SYNTHETIC DATA — NOT REAL PERSONNEL DATA
22.0,45.9,5.6,5.7,6.6,5.8,3.0,-0.4,1,DEMO / SYNTHETIC DATA — NOT REAL PERSONNEL DATA
26.0,51.2,3.1,6.2,6.6,6.6,0.0,1.1,1,DEMO / SYNTHETIC DATA — NOT REAL PERSONNEL DATA
15.3,56.3,7.4,4.8,6.6,4.9,1.0,-1.9,1,DEMO / SYNTHETIC DATA — NOT REAL PERSONNEL DATA
11.7,56.2,5.3,7.4,6.2,4.7,0.0,-3.3,0,DEMO / SYNTHETIC DATA — NOT REAL PERSONNEL DATA
10.2,35.0,5.1,4.0,7.8,3.1,5.0,1.1,0,DEMO / SYNTHETIC DATA — NOT REAL PERSONNEL DATA
3.3,62.6,6.8,6.8,6.0,4.7,1.0,3.5,0,DEMO / SYNTHETIC DATA — NOT REAL PERSONNEL DATA
33.4,54.5,7.4,5.8,3.9,1.0,7.0,-2.0,1,DEMO / SYNTHETIC DATA — NOT REAL PERSONNEL DATA
9.7,65.8,5.5,4.8,4.7,4.2,4.0,2.4,1,DEMO / SYNTHETIC DATA — NOT REAL PERSONNEL DATA
16.3,56.4,4.0,6.4,1.8,5.2,1.0,0.1,1,DEMO / SYNTHETIC DATA — NOT REAL PERSONNEL DATA
15.9,63.0,2.0,4.3,10.0,6.5,1.0,-2.7,0,DEMO / SYNTHETIC DATA — NOT REAL PERSONNEL DATA
20.3,56.7,4.1,6.2,7.8,4.9,3.0,-2.3,0,DEMO / SYNTHETIC DATA — NOT REAL PERSONNEL DATA
24.1,65.5,4.3,4.5,4.3,6.1,8.0,0.0,1,DEMO / SYNTHETIC DATA — NOT REAL PERSONNEL DATA
24.5,57.2,5.7,6.8,5.4,1.0,4.0,-0.8,1,DEMO / SYNTHETIC DATA — NOT REAL PERSONNEL DATA
13.6,51.0,4.8,5.1,4.7,5.3,1.0,-2.6,1,DEMO / SYNTHETIC DATA — NOT REAL PERSONNEL DATA
16.7,74.7,6.9,5.7,9.2,2.0,3.0,-3.4,1,DEMO / SYNTHETIC DATA — NOT REAL PERSONNEL DATA
20.1,60.9,4.3,6.6,3.0,3.0,1.0,-1.7,1,DEMO / SYNTHETIC DATA — NOT REAL PERSONNEL DATA
16.1,57.7,5.4,5.3,6.2,5.0,21.0,0.4,1,DEMO / SYNTHETIC DATA — NOT REAL PERSONNEL DATA
30.1,39.2,7.9,6.1,5.8,8.0,5.0,-0.0,1,DEMO / SYNTHETIC DATA — NOT REAL PERSONNEL DATA
21.7,39.1,6.2,4.4,7.7,6.1,3.0,-1.0,1,DEMO / SYNTHETIC DATA — NOT REAL PERSONNEL DATA
23.5,54.9,5.4,7.0,5.8,5.4,2.0,0.4,1,DEMO / SYNTHETIC DATA — NOT REAL PERSONNEL DATA
23.0,53.5,4.3,8.3,2.3,5.4,3.0,2.1,1,DEMO / SYNTHETIC DATA — NOT REAL PERSONNEL DATA
26.8,45.9,4.2,9.0,5.5,4.0,1.0,0.8,0,DEMO / SYNTHETIC DATA — NOT REAL PERSONNEL DATA
19.4,53.4,3.8,6.3,4.0,4.3,0.0,-0.2,1,DEMO / SYNTHETIC DATA — NOT REAL PERSONNEL DATA
8.3,67.9,4.4,7.1,6.2,6.3,2.0,1.9,0,DEMO / SYNTHETIC DATA — NOT REAL PERSONNEL DATA
21.0,59.0,7.0,4.1,9.0,2.6,9.0,-1.9,2,DEMO / SYNTHETIC DATA — NOT REAL PERSONNEL DATA
13.1,40.6,5.1,8.0,2.3,6.6,3.0,-0.4,0,DEMO / SYNTHETIC DATA — NOT REAL PERSONNEL DATA
14.0,50.9,2.8,7.1,4.3,4.6,0.0,-0.4,0,DEMO / SYNTHETIC DATA — NOT REAL PERSONNEL DATA
22.4,44.0,9.0,5.6,4.8,7.1,8.0,-2.5,1,DEMO / SYNTHETIC DATA — NOT REAL PERSONNEL DATA
27.3,48.1,6.1,7.7,5.2,7.3,1.0,-0.8,1,DEMO / SYNTHETIC DATA — NOT REAL PERSONNEL DATA
18.2,47.9,2.7,5.9,7.6,2.1,1.0,-4.1,0,DEMO / SYNTHETIC DATA — NOT REAL PERSONNEL DATA
20.3,47.2,4.6,5.7,5.6,4.2,1.0,3.8,1,DEMO / SYNTHETIC DATA — NOT REAL PERSONNEL DATA
30.8,39.4,5.7,6.8,6.9,3.7,3.0,-1.9,1,DEMO / SYNTHETIC DATA — NOT REAL PERSONNEL DATA
19.8,50.7,8.9,4.9,4.7,1.8,3.0,3.2,1,DEMO / SYNTHETIC DATA — NOT REAL PERSONNEL DATA
37.5,46.4,3.3,7.4,6.5,3.3,2.0,0.1,1,DEMO / SYNTHETIC DATA — NOT REAL PERSONNEL DATA
22.2,35.0,7.5,4.9,7.6,10.0,4.0,1.1,0,DEMO / SYNTHETIC DATA — NOT REAL PERSONNEL DATA
4.8,72.5,8.3,4.9,4.5,6.6,1.0,-1.0,1,DEMO / SYNTHETIC DATA — NOT REAL PERSONNEL DATA
23.7,62.9,4.2,5.1,7.6,9.2,5.0,0.4,1,DEMO / SYNTHETIC DATA — NOT REAL PERSONNEL DATA
20.9,48.2,4.9,7.1,6.1,7.1,1.0,1.3,1,DEMO / SYNTHETIC DATA — NOT REAL PERSONNEL DATA
27.7,52.2,3.4,5.5,8.2,3.9,5.0,1.3,1,DEMO / SYNTHETIC DATA — NOT REAL PERSONNEL DATA
23.0,40.3,5.1,4.6,5.6,4.6,4.0,1.5,1,DEMO / SYNTHETIC DATA — NOT REAL PERSONNEL DATA
17.0,69.0,5.4,5.5,6.8,6.6,4.0,-0.7,1,DEMO / SYNTHETIC DATA — NOT REAL PERSONNEL DATA
8.8,71.0,6.8,6.2,5.9,6.3,2.0,-1.0,0,DEMO / SYNTHETIC DATA — NOT REAL PERSONNEL DATA
16.4,53.6,7.7,4.8,5.8,4.2,4.0,-3.2,1,DEMO / SYNTHETIC DATA — NOT REAL PERSONNEL DATA
11.6,62.2,4.0,4.8,6.5,2.4,0.0,1.0,1,DEMO / SYNTHETIC DATA — NOT REAL PERSONNEL DATA
13.6,53.8,1.6,8.7,7.1,10.0,7.0,2.2,0,DEMO / SYNTHETIC DATA — NOT REAL PERSONNEL DATA
22.4,38.6,5.5,5.2,3.4,5.1,0.0,3.2,1,DEMO / SYNTHETIC DATA — NOT REAL PERSONNEL DATA
30.5,47.9,6.1,5.8,9.0,4.7,1.0,0.6,1,DEMO / SYNTHETIC DATA — NOT REAL PERSONNEL DATA
21.0,53.3,6.0,5.8,2.1,5.6,3.0,-1.5,1,DEMO / SYNTHETIC DATA — NOT REAL PERSONNEL DATA
9.0,47.5,4.8,5.7,4.6,4.9,5.0,-3.4,0,DEMO / SYNTHETIC DATA — NOT REAL PERSONNEL DATA
21.3,49.8,5.7,6.9,5.8,5.6,0.0,2.1,1,DEMO / SYNTHETIC DATA — NOT REAL PERSONNEL DATA
27.0,51.1,8.5,7.3,6.9,8.0,9.0,-3.6,1,DEMO / SYNTHETIC DATA — NOT REAL PERSONNEL DATA
13.4,51.2,6.3,5.8,9.3,5.2,13.0,-0.7,1,DEMO / SYNTHETIC DATA — NOT REAL PERSONNEL DATA
17.0,52.5,4.8,4.7,2.1,3.1,3.0,-0.4,1,DEMO / SYNTHETIC DATA — NOT REAL PERSONNEL DATA
18.1,41.4,4.5,7.7,4.9,5.1,2.0,-0.1,0,DEMO / SYNTHETIC DATA — NOT REAL PERSONNEL DATA
12.1,44.8,5.2,6.1,1.5,4.5,5.0,0.1,0,DEMO / SYNTHETIC DATA — NOT REAL PERSONNEL DATA
22.9,39.2,8.8,8.3,6.1,8.2,1.0,0.3,1,DEMO / SYNTHETIC DATA — NOT REAL PERSONNEL DATA
17.1,61.8,5.1,3.5,6.6,7.7,2.0,-4.8,1,DEMO / SYNTHETIC DATA — NOT REAL PERSONNEL DATA
21.1,35.0,5.5,6.4,9.3,5.6,9.0,0.0,0,DEMO / SYNTHETIC DATA — NOT REAL PERSONNEL DATA
11.3,63.5,4.5,8.5,6.3,2.8,11.0,-4.5,0,DEMO / SYNTHETIC DATA — NOT REAL PERSONNEL DATA
14.7,65.9,7.7,5.8,8.2,2.9,9.0,1.5,1,DEMO / SYNTHETIC DATA — NOT REAL PERSONNEL DATA
23.4,49.0,9.4,5.9,7.2,5.4,1.0,-1.1,1,DEMO / SYNTHETIC DATA — NOT REAL PERSONNEL DATA
15.2,35.0,6.4,6.6,5.1,6.1,1.0,-4.3,0,DEMO / SYNTHETIC DATA — NOT REAL PERSONNEL DATA
31.0,48.4,5.7,5.5,3.0,4.7,1.0,-1.6,1,DEMO / SYNTHETIC DATA — NOT REAL PERSONNEL DATA
15.0,51.4,5.6,5.8,6.6,4.4,2.0,-1.1,1,DEMO / SYNTHETIC DATA — NOT REAL PERSONNEL DATA
19.7,41.9,1.0,5.8,2.9,4.2,1.0,2.4,0,DEMO / SYNTHETIC DATA — NOT REAL PERSONNEL DATA
25.0,46.8,7.0,5.4,8.7,5.4,2.0,0.4,1,DEMO / SYNTHETIC DATA — NOT REAL PERSONNEL DATA
7.4,67.3,5.8,7.7,5.7,1.0,3.0,0.7,1,DEMO / SYNTHETIC DATA — NOT REAL PERSONNEL DATA
4.8,58.6,6.4,6.8,8.5,3.2,5.0,2.4,0,DEMO / SYNTHETIC DATA — NOT REAL PERSONNEL DATA
6.6,42.8,4.1,6.5,5.0,4.1,5.0,-0.2,0,DEMO / SYNTHETIC DATA — NOT REAL PERSONNEL DATA
27.5,36.0,4.7,7.2,6.6,7.8,6.0,1.5,0,DEMO / SYNTHETIC DATA — NOT REAL PERSONNEL DATA
13.9,48.7,4.7,5.9,6.4,3.8,0.0,1.4,0,DEMO / SYNTHETIC DATA — NOT REAL PERSONNEL DATA
37.2,49.9,7.5,5.3,5.9,5.8,0.0,-2.6,1,DEMO / SYNTHETIC DATA — NOT REAL PERSONNEL DATA
13.8,57.0,4.7,5.5,5.1,5.9,5.0,2.9,1,DEMO / SYNTHETIC DATA — NOT REAL PERSONNEL DATA
19.4,46.6,9.7,6.2,6.8,8.0,3.0,-2.8,1,DEMO / SYNTHETIC DATA — NOT REAL PERSONNEL DATA
29.6,57.1,6.4,4.9,4.1,7.9,3.0,1.8,1,DEMO / SYNTHETIC DATA — NOT REAL PERSONNEL DATA
33.0,71.4,2.9,5.6,3.5,5.3,0.0,-3.0,2,DEMO / SYNTHETIC DATA — NOT REAL PERSONNEL DATA
33.5,60.2,5.2,5.6,8.6,4.4,1.0,1.2,1,DEMO / SYNTHETIC DATA — NOT REAL PERSONNEL DATA
27.1,51.5,4.2,8.7,7.5,4.1,4.0,3.7,0,DEMO / SYNTHETIC DATA — NOT REAL PERSONNEL DATA
25.7,50.2,1.1,3.5,6.1,4.9,7.0,-0.4,1,DEMO / SYNTHETIC DATA — NOT REAL PERSONNEL DATA
22.4,48.4,8.7,6.0,9.5,4.5,9.0,-0.5,1,DEMO / SYNTHETIC DATA — NOT REAL PERSONNEL DATA
23.8,63.8,6.9,8.3,5.4,6.5,2.0,1.2,1,DEMO / SYNTHETIC DATA — NOT REAL PERSONNEL DATA
13.9,45.7,6.6,6.3,8.8,6.2,3.0,-0.7,0,DEMO / SYNTHETIC DATA — NOT REAL PERSONNEL DATA
11.9,52.5,5.8,7.1,6.4,6.6,6.0,3.6,0,DEMO / SYNTHETIC DATA — NOT REAL PERSONNEL DATA
18.0,52.5,2.7,6.3,3.8,7.9,3.0,0.4,0,DEMO / SYNTHETIC DATA — NOT REAL PERSONNEL DATA
16.7,47.0,4.5,5.4,9.9,9.1,3.0,-0.6,0,DEMO / SYNTHETIC DATA — NOT REAL PERSONNEL DATA
14.6,38.3,7.2,3.5,8.1,5.6,8.0,-1.1,1,DEMO / SYNTHETIC DATA — NOT REAL PERSONNEL DATA
23.2,55.2,3.4,6.4,5.7,7.6,5.0,-1.9,1,DEMO / SYNTHETIC DATA — NOT REAL PERSONNEL DATA
25.2,51.4,1.0,5.3,7.5,4.7,8.0,-1.3,1,DEMO / SYNTHETIC DATA — NOT REAL PERSONNEL DATA
18.7,57.0,5.0,5.2,5.2,7.8,1.0,-0.7,1,DEMO / SYNTHETIC DATA — NOT REAL PERSONNEL DATA
29.1,46.7,5.2,5.6,7.7,7.5,3.0,-1.0,1,DEMO / SYNTHETIC DATA — NOT REAL PERSONNEL DATA
9.4,64.2,5.8,8.3,1.0,7.4,6.0,-1.3,1,DEMO / SYNTHETIC DATA — NOT REAL PERSONNEL DATA
16.5,43.2,7.0,9.0,3.9,5.6,0.0,4.2,0,DEMO / SYNTHETIC DATA — NOT REAL PERSONNEL DATA
12.6,69.1,6.8,6.5,8.1,4.1,6.0,-2.1,1,DEMO / SYNTHETIC DATA — NOT REAL PERSONNEL DATA
4.0,35.0,6.0,5.6,5.5,2.6,1.0,0.3,0,DEMO / SYNTHETIC DATA — NOT REAL PERSONNEL DATA
17.4,56.3,7.9,4.8,6.4,5.3,6.0,1.2,1,DEMO / SYNTHETIC DATA — NOT REAL PERSONNEL DATA
17.1,56.8,2.5,6.8,3.2,8.5,3.0,1.3,1,DEMO / SYNTHETIC DATA — NOT REAL PERSONNEL DATA
29.4,44.0,6.5,8.3,9.9,4.8,1.0,-0.1,0,DEMO / SYNTHETIC DATA — NOT REAL PERSONNEL DATA
22.7,56.2,6.8,5.9,8.5,7.0,2.0,-0.5,1,DEMO / SYNTHETIC DATA — NOT REAL PERSONNEL DATA
10.3,64.8,3.0,3.5,5.6,7.1,4.0,0.9,1,DEMO / SYNTHETIC DATA — NOT REAL PERSONNEL DATA
31.9,35.0,2.5,7.0,5.2,4.8,4.0,0.5,0,DEMO / SYNTHETIC DATA — NOT REAL PERSONNEL DATA
27.2,57.0,4.0,7.4,8.2,8.0,2.0,-0.5,1,DEMO / SYNTHETIC DATA — NOT REAL PERSONNEL DATA
22.4,35.0,4.2,4.3,10.0,1.0,8.0,-3.1,0,DEMO / SYNTHETIC DATA — NOT REAL PERSONNEL DATA
16.3,42.3,7.0,6.4,8.0,3.0,3.0,-0.9,0,DEMO / SYNTHETIC DATA — NOT REAL PERSONNEL DATA
10.8,68.3,4.3,6.7,10.0,3.6,2.0,-2.3,1,DEMO / SYNTHETIC DATA — NOT REAL PERSONNEL DATA
15.2,46.2,3.8,6.1,4.1,3.8,0.0,-1.3,0,DEMO / SYNTHETIC DATA — NOT REAL PERSONNEL DATA
26.2,40.3,4.3,5.3,4.3,6.1,9.0,0.1,1,DEMO / SYNTHETIC DATA — NOT REAL PERSONNEL DATA
32.1,50.0,7.7,7.4,3.5,6.0,1.0,0.7,1,DEMO / SYNTHETIC DATA — NOT REAL PERSONNEL DATA
29.6,72.7,5.5,5.7,6.9,6.2,3.0,3.6,1,DEMO / SYNTHETIC DATA — NOT REAL PERSONNEL DATA
14.3,35.0,5.1,4.4,6.4,6.6,6.0,-1.1,0,DEMO / SYNTHETIC DATA — NOT REAL PERSONNEL DATA
9.6,41.5,5.3,3.7,5.7,3.5,1.0,1.5,0,DEMO / SYNTHETIC DATA — NOT REAL PERSONNEL DATA
19.1,67.0,8.1,7.7,7.7,3.0,3.0,0.6,1,DEMO / SYNTHETIC DATA — NOT REAL PERSONNEL DATA
4.7,70.6,4.0,6.9,8.6,6.2,1.0,2.6,1,DEMO / SYNTHETIC DATA — NOT REAL PERSONNEL DATA
20.4,51.0,8.1,6.3,2.8,4.1,5.0,1.2,1,DEMO / SYNTHETIC DATA — NOT REAL PERSONNEL DATA
16.9,39.6,5.9,5.7,4.7,2.3,3.0,-2.0,1,DEMO / SYNTHETIC DATA — NOT REAL PERSONNEL DATA
14.5,73.0,5.2,5.6,7.7,7.3,7.0,-3.4,1,DEMO / SYNTHETIC DATA — NOT REAL PERSONNEL DATA
6.0,67.9,10.0,4.9,5.0,8.2,8.0,0.6,1,DEMO / SYNTHETIC DATA — NOT REAL PERSONNEL DATA
21.9,58.8,3.4,5.7,4.3,8.5,4.0,-1.1,1,DEMO / SYNTHETIC DATA — NOT REAL PERSONNEL DATA
14.0,43.9,4.8,3.7,8.1,5.8,5.0,-2.0,1,DEMO / SYNTHETIC DATA — NOT REAL PERSONNEL DATA
9.2,51.5,3.0,5.3,3.3,6.7,3.0,-2.5,0,DEMO / SYNTHETIC DATA — NOT REAL PERSONNEL DATA
0.0,50.4,7.4,5.8,5.4,8.1,2.0,0.3,0,DEMO / SYNTHETIC DATA — NOT REAL PERSONNEL DATA
17.8,55.3,8.9,6.9,6.7,4.1,4.0,3.0,1,DEMO / SYNTHETIC DATA — NOT REAL PERSONNEL DATA
31.3,66.5,8.8,6.2,4.8,7.6,8.0,-0.8,2,DEMO / SYNTHETIC DATA — NOT REAL PERSONNEL DATA
30.5,60.8,7.9,7.2,7.6,6.0,2.0,1.2,1,DEMO / SYNTHETIC DATA — NOT REAL PERSONNEL DATA
14.6,41.2,5.1,7.8,4.8,7.2,1.0,-0.2,0,DEMO / SYNTHETIC DATA — NOT REAL PERSONNEL DATA
13.5,65.8,4.8,7.5,9.0,5.8,2.0,-2.6,0,DEMO / SYNTHETIC DATA — NOT REAL PERSONNEL DATA
21.5,55.1,2.2,6.8,5.7,8.0,2.0,1.5,1,DEMO / SYNTHETIC DATA — NOT REAL PERSONNEL DATA
10.5,58.9,9.6,6.2,7.4,5.8,0.0,-2.2,1,DEMO / SYNTHETIC DATA — NOT REAL PERSONNEL DATA
20.3,66.7,6.4,5.0,7.6,2.4,2.0,0.0,1,DEMO / SYNTHETIC DATA — NOT REAL PERSONNEL DATA
23.7,40.9,4.5,7.1,4.7,8.3,2.0,-0.7,0,DEMO / SYNTHETIC DATA — NOT REAL PERSONNEL DATA
27.2,51.6,8.2,8.2,1.7,3.5,3.0,1.8,1,DEMO / SYNTHETIC DATA — NOT REAL PERSONNEL DATA
17.2,46.7,3.6,6.6,6.8,7.9,2.0,-2.1,0,DEMO / SYNTHETIC DATA — NOT REAL PERSONNEL DATA
16.5,36.3,6.3,8.5,6.2,5.2,3.0,0.8,0,DEMO / SYNTHETIC DATA — NOT REAL PERSONNEL DATA
11.4,55.5,5.2,4.4,7.2,7.8,7.0,-1.7,1,DEMO / SYNTHETIC DATA — NOT REAL PERSONNEL DATA
11.8,77.1,6.8,4.8,5.5,7.7,11.0,-1.0,2,DEMO / SYNTHETIC DATA — NOT REAL PERSONNEL DATA
16.3,35.0,5.4,7.2,5.1,6.3,3.0,-5.0,0,DEMO / SYNTHETIC DATA — NOT REAL PERSONNEL DATA
20.8,51.7,2.6,6.5,10.0,6.4,0.0,4.2,0,DEMO / SYNTHETIC DATA — NOT REAL PERSONNEL DATA
24.9,58.4,5.7,7.8,2.9,6.2,12.0,1.1,1,DEMO / SYNTHETIC DATA — NOT REAL PERSONNEL DATA
12.0,53.2,7.6,6.2,7.5,1.4,4.0,-1.5,1,DEMO / SYNTHETIC DATA — NOT REAL PERSONNEL DATA
29.2,50.9,5.4,5.2,4.8,5.6,1.0,-2.2,1,DEMO / SYNTHETIC DATA — NOT REAL PERSONNEL DATA
16.0,39.0,7.1,5.9,5.3,3.2,1.0,-1.0,0,DEMO / SYNTHETIC DATA — NOT REAL PERSONNEL DATA
17.8,54.3,3.4,4.4,5.3,5.7,1.0,1.4,1,DEMO / SYNTHETIC DATA — NOT REAL PERSONNEL DATA
12.4,44.4,5.4,4.8,4.3,3.1,1.0,-3.8,1,DEMO / SYNTHETIC DATA — NOT REAL PERSONNEL DATA
0.0,35.0,4.3,7.4,7.2,3.0,0.0,-0.3,0,DEMO / SYNTHETIC DATA — NOT REAL PERSONNEL DATA
24.6,63.9,7.0,7.2,8.9,8.6,8.0,3.5,1,DEMO / SYNTHETIC DATA — NOT REAL PERSONNEL DATA
23.5,61.6,5.6,6.6,7.0,7.5,3.0,-2.3,1,DEMO / SYNTHETIC DATA — NOT REAL PERSONNEL DATA
15.9,52.5,6.9,4.1,6.2,5.4,4.0,0.2,1,DEMO / SYNTHETIC DATA — NOT REAL PERSONNEL DATA
18.5,54.3,7.7,5.8,3.9,5.8,6.0,4.4,1,DEMO / SYNTHETIC DATA — NOT REAL PERSONNEL DATA
21.9,62.7,6.9,4.7,7.1,4.9,5.0,1.3,1,DEMO / SYNTHETIC DATA — NOT REAL PERSONNEL DATA
6.3,54.2,6.0,7.6,10.0,6.5,7.0,0.3,0,DEMO / SYNTHETIC DATA — NOT REAL PERSONNEL DATA
14.0,61.0,3.5,5.5,5.2,4.0,12.0,1.0,0,DEMO / SYNTHETIC DATA — NOT REAL PERSONNEL DATA
24.0,49.0,5.5,4.9,5.2,7.4,2.0,-0.8,1,DEMO / SYNTHETIC DATA — NOT REAL PERSONNEL DATA
8.6,65.1,4.4,6.2,4.8,4.9,11.0,2.6,1,DEMO / SYNTHETIC DATA — NOT REAL PERSONNEL DATA
20.2,55.2,4.8,5.4,5.0,4.6,4.0,-0.8,0,DEMO / SYNTHETIC DATA — NOT REAL PERSONNEL DATA
7.8,53.9,4.8,8.0,1.0,5.4,0.0,-3.9,0,DEMO / SYNTHETIC DATA — NOT REAL PERSONNEL DATA
21.5,39.3,3.5,5.3,6.9,4.2,4.0,-0.8,1,DEMO / SYNTHETIC DATA — NOT REAL PERSONNEL DATA
17.7,54.9,1.6,4.5,4.2,6.1,4.0,-1.9,1,DEMO / SYNTHETIC DATA — NOT REAL PERSONNEL DATA
5.9,43.7,4.2,3.6,2.6,4.3,8.0,-0.6,1,DEMO / SYNTHETIC DATA — NOT REAL PERSONNEL DATA
26.7,45.6,5.9,6.2,7.6,6.3,2.0,-0.5,1,DEMO / SYNTHETIC DATA — NOT REAL PERSONNEL DATA
12.5,43.8,2.8,5.5,3.7,7.8,3.0,2.4,0,DEMO / SYNTHETIC DATA — NOT REAL PERSONNEL DATA
11.9,41.3,5.5,4.5,5.3,4.0,0.0,1.4,0,DEMO / SYNTHETIC DATA — NOT REAL PERSONNEL DATA
19.5,73.2,9.3,7.6,9.1,5.1,1.0,0.5,1,DEMO / SYNTHETIC DATA — NOT REAL PERSONNEL DATA
26.6,65.3,7.5,7.0,3.0,6.3,0.0,-0.0,1,DEMO / SYNTHETIC DATA — NOT REAL PERSONNEL DATA
10.4,71.2,8.8,6.2,2.8,4.5,3.0,-2.1,1,DEMO / SYNTHETIC DATA — NOT REAL PERSONNEL DATA
18.5,39.8,6.3,7.8,6.6,6.3,6.0,-4.4,0,DEMO / SYNTHETIC DATA — NOT REAL PERSONNEL DATA
21.2,52.7,7.8,7.0,8.4,6.5,1.0,0.2,1,DEMO / SYNTHETIC DATA — NOT REAL PERSONNEL DATA
23.2,39.1,4.1,5.2,2.7,7.6,3.0,1.6,0,DEMO / SYNTHETIC DATA — NOT REAL PERSONNEL DATA
19.3,45.0,4.2,5.0,6.9,4.2,1.0,-0.2,0,DEMO / SYNTHETIC DATA — NOT REAL PERSONNEL DATA
15.2,42.8,1.0,7.2,7.2,3.5,0.0,-1.1,0,DEMO / SYNTHETIC DATA — NOT REAL PERSONNEL DATA
11.8,64.4,7.9,6.7,1.7,4.8,3.0,0.9,1,DEMO / SYNTHETIC DATA — NOT REAL PERSONNEL DATA
18.6,48.0,8.6,6.4,7.7,3.5,0.0,-0.2,1,DEMO / SYNTHETIC DATA — NOT REAL PERSONNEL DATA
10.0,62.7,4.4,5.2,7.8,6.5,3.0,3.4,1,DEMO / SYNTHETIC DATA — NOT REAL PERSONNEL DATA
0.0,58.0,5.0,6.9,5.3,3.1,0.0,2.5,0,DEMO / SYNTHETIC DATA — NOT REAL PERSONNEL DATA
21.3,75.0,4.0,5.3,8.6,10.0,0.0,1.9,1,DEMO / SYNTHETIC DATA — NOT REAL PERSONNEL DATA
24.8,37.2,6.3,6.1,8.4,8.0,3.0,1.5,0,DEMO / SYNTHETIC DATA — NOT REAL PERSONNEL DATA
0.3,64.6,7.7,7.9,6.2,5.4,3.0,-2.6,0,DEMO / SYNTHETIC DATA — NOT REAL PERSONNEL DATA
10.4,63.5,2.0,5.4,5.1,7.1,0.0,1.3,0,DEMO / SYNTHETIC DATA — NOT REAL PERSONNEL DATA
22.6,42.3,6.3,4.3,4.0,2.1,3.0,0.8,1,DEMO / SYNTHETIC DATA — NOT REAL PERSONNEL DATA
33.4,62.1,4.9,4.9,5.9,10.0,6.0,1.2,1,DEMO / SYNTHETIC DATA — NOT REAL PERSONNEL DATA
18.2,55.4,5.7,7.4,7.2,4.2,4.0,1.0,1,DEMO / SYNTHETIC DATA — NOT REAL PERSONNEL DATA
12.5,49.7,6.4,6.5,5.3,5.2,0.0,0.9,1,DEMO / SYNTHETIC DATA — NOT REAL PERSONNEL DATA
16.6,43.8,5.1,6.0,1.4,1.7,3.0,5.0,0,DEMO / SYNTHETIC DATA — NOT REAL PERSONNEL DATA
28.3,44.8,5.3,5.6,8.7,6.4,4.0,-0.2,1,DEMO / SYNTHETIC DATA — NOT REAL PERSONNEL DATA
13.2,72.5,5.1,6.8,6.4,3.2,0.0,1.9,1,DEMO / SYNTHETIC DATA — NOT REAL PERSONNEL DATA
12.0,52.0,7.4,5.2,5.2,5.6,7.0,-0.9,1,DEMO / SYNTHETIC DATA — NOT REAL PERSONNEL DATA
14.4,59.8,6.3,6.6,7.8,4.3,8.0,1.6,1,DEMO / SYNTHETIC DATA — NOT REAL PERSONNEL DATA
10.9,44.1,5.9,5.3,9.2,3.2,7.0,1.9,0,DEMO / SYNTHETIC DATA — NOT REAL PERSONNEL DATA
18.9,44.2,3.0,5.1,1.0,3.8,6.0,0.7,1,DEMO / SYNTHETIC DATA — NOT REAL PERSONNEL DATA
30.2,62.8,4.7,5.4,6.9,5.9,5.0,3.3,1,DEMO / SYNTHETIC DATA — NOT REAL PERSONNEL DATA
20.4,38.5,7.3,5.7,3.0,2.8,4.0,-1.8,1,DEMO / SYNTHETIC DATA — NOT REAL PERSONNEL DATA
16.1,47.8,5.6,6.1,7.0,3.9,4.0,-1.0,1,DEMO / SYNTHETIC DATA — NOT REAL PERSONNEL DATA
15.8,52.3,6.8,6.5,6.3,6.7,6.0,0.4,1,DEMO / SYNTHETIC DATA — NOT REAL PERSONNEL DATA
6.3,53.1,9.0,3.5,7.3,10.0,4.0,1.8,0,DEMO / SYNTHETIC DATA — NOT REAL PERSONNEL DATA
24.6,50.2,7.6,5.2,5.0,6.4,1.0,0.4,1,DEMO / SYNTHETIC DATA — NOT REAL PERSONNEL DATA
17.4,56.0,5.7,5.7,2.1,3.6,2.0,2.6,1,DEMO / SYNTHETIC DATA — NOT REAL PERSONNEL DATA
16.6,58.9,4.5,8.0,5.1,4.7,8.0,-1.3,0,DEMO / SYNTHETIC DATA — NOT REAL PERSONNEL DATA
40.0,59.3,1.0,4.9,6.9,5.5,0.0,-2.3,1,DEMO / SYNTHETIC DATA — NOT REAL PERSONNEL DATA
20.2,42.1,5.2,6.4,8.1,4.7,4.0,0.6,1,DEMO / SYNTHETIC DATA — NOT REAL PERSONNEL DATA
12.4,49.2,4.8,8.0,3.5,7.2,11.0,-0.2,0,DEMO / SYNTHETIC DATA — NOT REAL PERSONNEL DATA
14.8,63.9,6.3,4.6,8.2,5.8,4.0,1.1,1,DEMO / SYNTHETIC DATA — NOT REAL PERSONNEL DATA
26.6,60.9,5.2,6.7,4.6,7.2,18.0,-0.1,1,DEMO / SYNTHETIC DATA — NOT REAL PERSONNEL DATA
18.8,38.3,4.9,5.2,6.8,4.8,4.0,-0.7,0,DEMO / SYNTHETIC DATA — NOT REAL PERSONNEL DATA
7.2,55.5,1.9,5.6,4.9,8.1,0.0,-0.1,0,DEMO / SYNTHETIC DATA — NOT REAL PERSONNEL DATA
24.9,35.0,3.6,5.2,6.4,5.1,6.0,0.1,1,DEMO / SYNTHETIC DATA — NOT REAL PERSONNEL DATA
13.0,52.5,6.5,5.3,7.9,3.5,1.0,-0.6,1,DEMO / SYNTHETIC DATA — NOT REAL PERSONNEL DATA
32.0,71.0,8.9,9.0,3.4,9.8,2.0,-0.4,1,DEMO / SYNTHETIC DATA — NOT REAL PERSONNEL DATA
26.1,42.5,5.3,7.2,4.6,1.8,1.0,-0.8,1,DEMO / SYNTHETIC DATA — NOT REAL PERSONNEL DATA
14.6,43.7,6.2,7.5,6.4,3.9,1.0,1.7,0,DEMO / SYNTHETIC DATA — NOT REAL PERSONNEL DATA
27.6,59.6,7.4,6.8,10.0,4.1,2.0,0.4,1,DEMO / SYNTHETIC DATA — NOT REAL PERSONNEL DATA
18.5,36.6,3.9,4.3,4.2,10.0,2.0,4.5,0,DEMO / SYNTHETIC DATA — NOT REAL PERSONNEL DATA
24.4,45.7,6.2,6.7,10.0,9.0,4.0,0.3,1,DEMO / SYNTHETIC DATA — NOT REAL PERSONNEL DATA
21.6,58.0,4.0,7.5,10.0,8.4,6.0,-1.1,0,DEMO / SYNTHETIC DATA — NOT REAL PERSONNEL DATA
11.7,45.7,7.2,5.2,5.8,4.7,1.0,5.0,1,DEMO / SYNTHETIC DATA — NOT REAL PERSONNEL DATA
13.2,49.6,5.8,7.4,5.4,10.0,1.0,0.8,0,DEMO / SYNTHETIC DATA — NOT REAL PERSONNEL DATA
25.7,59.4,6.1,7.0,4.5,6.1,4.0,2.0,1,DEMO / SYNTHETIC DATA — NOT REAL PERSONNEL DATA
15.5,56.2,3.9,8.4,5.9,7.4,4.0,1.2,0,DEMO / SYNTHETIC DATA — NOT REAL PERSONNEL DATA
15.0,54.7,6.9,5.7,3.0,5.8,8.0,1.2,1,DEMO / SYNTHETIC DATA — NOT REAL PERSONNEL DATA
10.8,48.6,9.7,4.9,5.8,5.3,0.0,1.1,1,DEMO / SYNTHETIC DATA — NOT REAL PERSONNEL DATA
21.2,55.7,3.5,5.8,9.1,4.9,7.0,-2.2,1,DEMO / SYNTHETIC DATA — NOT REAL PERSONNEL DATA
33.5,50.8,4.8,7.9,4.7,5.0,3.0,0.7,1,DEMO / SYNTHETIC DATA — NOT REAL PERSONNEL DATA
10.0,56.6,6.0,4.0,5.5,6.6,3.0,-2.6,1,DEMO / SYNTHETIC DATA — NOT REAL PERSONNEL DATA
18.2,47.0,7.1,3.7,2.4,6.1,0.0,-0.3,1,DEMO / SYNTHETIC DATA — NOT REAL PERSONNEL DATA
28.6,50.2,4.4,6.3,6.8,5.3,2.0,-1.5,1,DEMO / SYNTHETIC DATA — NOT REAL PERSONNEL DATA
17.4,42.1,1.0,5.7,6.6,8.4,1.0,0.7,0,DEMO / SYNTHETIC DATA — NOT REAL PERSONNEL DATA
21.4,51.6,8.2,6.2,6.1,1.0,1.0,0.7,1,DEMO / SYNTHETIC DATA — NOT REAL PERSONNEL DATA
10.0,43.9,7.0,7.3,5.5,6.4,2.0,1.0,0,DEMO / SYNTHETIC DATA — NOT REAL PERSONNEL DATA
21.2,40.9,2.0,5.5,5.4,6.8,6.0,0.6,0,DEMO / SYNTHETIC DATA — NOT REAL PERSONNEL DATA
16.6,54.6,4.3,4.0,7.1,7.7,5.0,-1.2,1,DEMO / SYNTHETIC DATA — NOT REAL PERSONNEL DATA
25.4,54.1,8.6,8.7,5.9,5.3,3.0,-0.5,1,DEMO / SYNTHETIC DATA — NOT REAL PERSONNEL DATA
26.9,59.8,8.4,5.0,6.7,5.8,3.0,1.8,1,DEMO / SYNTHETIC DATA — NOT REAL PERSONNEL DATA
37.4,47.7,7.4,4.9,6.5,7.4,2.0,2.1,1,DEMO / SYNTHETIC DATA — NOT REAL PERSONNEL DATA
22.3,56.1,5.1,7.5,8.4,8.4,13.0,-2.3,1,DEMO / SYNTHETIC DATA — NOT REAL PERSONNEL DATA
20.4,57.5,5.7,5.7,7.4,4.8,3.0,-3.1,1,DEMO / SYNTHETIC DATA — NOT REAL PERSONNEL DATA
19.5,56.4,5.2,6.1,6.4,5.9,1.0,-1.5,1,DEMO / SYNTHETIC DATA — NOT REAL PERSONNEL DATA
15.4,43.7,7.8,6.8,9.2,8.8,1.0,2.1,0,DEMO / SYNTHETIC DATA — NOT REAL PERSONNEL DATA
20.5,53.5,3.7,7.5,6.9,1.2,3.0,2.4,1,DEMO / SYNTHETIC DATA — NOT REAL PERSONNEL DATA
15.8,55.6,3.9,5.8,8.7,4.0,3.0,-1.8,1,DEMO / SYNTHETIC DATA — NOT REAL PERSONNEL DATA
19.3,52.1,7.5,8.0,7.3,8.3,0.0,0.6,1,DEMO / SYNTHETIC DATA — NOT REAL PERSONNEL DATA
27.9,35.0,5.4,3.6,2.1,7.6,6.0,3.7,1,DEMO / SYNTHETIC DATA — NOT REAL PERSONNEL DATA
10.5,53.6,8.3,7.1,8.7,6.4,4.0,0.8,1,DEMO / SYNTHETIC DATA — NOT REAL PERSONNEL DATA
26.5,74.1,4.2,5.2,6.3,4.5,4.0,2.8,1,DEMO / SYNTHETIC DATA — NOT REAL PERSONNEL DATA
27.9,48.4,5.4,7.8,5.9,3.6,0.0,2.0,1,DEMO / SYNTHETIC DATA — NOT REAL PERSONNEL DATA
17.1,44.7,3.7,6.4,6.6,4.2,2.0,-1.8,0,DEMO / SYNTHETIC DATA — NOT REAL PERSONNEL DATA
2.1,55.7,5.5,5.4,5.3,8.5,10.0,-0.4,0,DEMO / SYNTHETIC DATA — NOT REAL PERSONNEL DATA
13.4,55.1,2.5,7.0,6.5,4.1,7.0,0.1,0,DEMO / SYNTHETIC DATA — NOT REAL PERSONNEL DATA
27.7,63.9,4.5,7.3,4.8,5.6,1.0,0.2,1,DEMO / SYNTHETIC DATA — NOT REAL PERSONNEL DATA
17.8,39.4,2.6,7.0,8.7,3.9,1.0,1.8,0,DEMO / SYNTHETIC DATA — NOT REAL PERSONNEL DATA
10.5,59.3,6.9,5.0,5.8,7.1,2.0,0.8,1,DEMO / SYNTHETIC DATA — NOT REAL PERSONNEL DATA
14.2,57.9,6.9,5.6,5.2,4.3,2.0,-5.0,1,DEMO / SYNTHETIC DATA — NOT REAL PERSONNEL DATA
24.3,50.6,2.0,6.2,4.1,5.2,4.0,-2.6,1,DEMO / SYNTHETIC DATA — NOT REAL PERSONNEL DATA
22.1,55.4,8.2,6.2,6.6,2.0,12.0,-4.4,1,DEMO / SYNTHETIC DATA — NOT REAL PERSONNEL DATA
16.2,62.3,10.0,7.1,6.4,2.2,2.0,0.4,1,DEMO / SYNTHETIC DATA — NOT REAL PERSONNEL DATA
15.2,60.7,5.6,3.8,6.8,5.4,0.0,0.5,1,DEMO / SYNTHETIC DATA — NOT REAL PERSONNEL DATA
15.1,40.6,4.2,6.6,3.8,2.7,8.0,0.6,0,DEMO / SYNTHETIC DATA — NOT REAL PERSONNEL DATA
11.1,60.2,10.0,5.9,2.6,9.6,0.0,-1.9,1,DEMO / SYNTHETIC DATA — NOT REAL PERSONNEL DATA
30.1,51.4,2.9,5.2,7.3,1.3,11.0,1.3,1,DEMO / SYNTHETIC DATA — NOT REAL PERSONNEL DATA
15.6,52.7,5.5,5.3,9.1,3.8,4.0,1.4,0,DEMO / SYNTHETIC DATA — NOT REAL PERSONNEL DATA
27.1,52.7,5.9,5.9,3.8,5.4,10.0,-2.5,1,DEMO / SYNTHETIC DATA — NOT REAL PERSONNEL DATA
29.4,50.5,8.2,3.5,9.3,4.7,1.0,-2.9,1,DEMO / SYNTHETIC DATA — NOT REAL PERSONNEL DATA
25.5,63.9,6.2,5.4,6.6,3.2,0.0,-0.0,1,DEMO / SYNTHETIC DATA — NOT REAL PERSONNEL DATA
14.8,51.2,4.5,5.1,6.0,3.5,2.0,3.6,0,DEMO / SYNTHETIC DATA — NOT REAL PERSONNEL DATA
21.0,40.8,3.6,6.8,5.2,3.4,2.0,3.4,0,DEMO / SYNTHETIC DATA — NOT REAL PERSONNEL DATA
17.8,48.1,4.8,5.2,3.1,4.8,1.0,1.1,0,DEMO / SYNTHETIC DATA — NOT REAL PERSONNEL DATA
11.2,53.8,3.5,5.9,8.1,9.3,11.0,-1.5,1,DEMO / SYNTHETIC DATA — NOT REAL PERSONNEL DATA
20.4,64.3,5.6,8.1,4.4,5.6,6.0,1.8,1,DEMO / SYNTHETIC DATA — NOT REAL PERSONNEL DATA
9.2,58.0,4.4,7.4,4.4,7.8,4.0,-0.9,0,DEMO / SYNTHETIC DATA — NOT REAL PERSONNEL DATA
26.9,43.5,2.5,7.3,8.1,6.4,1.0,-1.5,0,DEMO / SYNTHETIC DATA — NOT REAL PERSONNEL DATA
14.5,76.9,8.0,5.6,2.0,7.6,5.0,-4.3,1,DEMO / SYNTHETIC DATA — NOT REAL PERSONNEL DATA
19.5,54.6,4.5,6.9,2.8,1.0,5.0,0.2,1,DEMO / SYNTHETIC DATA — NOT REAL PERSONNEL DATA
20.1,64.8,3.0,5.9,6.0,4.8,2.0,-1.3,1,DEMO / SYNTHETIC DATA — NOT REAL PERSONNEL DATA
16.1,50.5,5.2,6.0,6.6,8.0,9.0,0.2,0,DEMO / SYNTHETIC DATA — NOT REAL PERSONNEL DATA
22.4,57.3,5.6,6.7,7.0,4.3,1.0,-4.6,1,DEMO / SYNTHETIC DATA — NOT REAL PERSONNEL DATA
14.4,60.4,2.0,5.5,5.4,8.9,1.0,0.3,1,DEMO / SYNTHETIC DATA — NOT REAL PERSONNEL DATA
24.5,64.2,6.2,8.0,10.0,8.4,0.0,-4.9,0,DEMO / SYNTHETIC DATA — NOT REAL PERSONNEL DATA
7.9,62.6,3.4,6.0,5.5,4.5,6.0,2.2,0,DEMO / SYNTHETIC DATA — NOT REAL PERSONNEL DATA
18.9,60.7,8.9,6.9,5.5,4.4,3.0,1.0,1,DEMO / SYNTHETIC DATA — NOT REAL PERSONNEL DATA
32.5,48.8,6.5,7.9,4.3,3.4,1.0,-0.6,1,DEMO / SYNTHETIC DATA — NOT REAL PERSONNEL DATA
10.5,46.3,4.7,7.4,6.3,4.1,1.0,1.1,0,DEMO / SYNTHETIC DATA — NOT REAL PERSONNEL DATA
12.9,55.3,4.0,4.5,7.3,2.9,0.0,-2.0,1,DEMO / SYNTHETIC DATA — NOT REAL PERSONNEL DATA
21.9,61.3,5.3,6.7,8.5,6.3,1.0,0.1,1,DEMO / SYNTHETIC DATA — NOT REAL PERSONNEL DATA
19.3,49.8,6.7,7.2,2.9,2.5,2.0,1.6,1,DEMO / SYNTHETIC DATA — NOT REAL PERSONNEL DATA
20.6,62.7,5.4,7.3,5.5,6.6,1.0,-5.0,1,DEMO / SYNTHETIC DATA — NOT REAL PERSONNEL DATA
21.7,66.5,5.1,4.9,6.9,6.7,1.0,-0.9,1,DEMO / SYNTHETIC DATA — NOT REAL PERSONNEL DATA
22.8,42.8,5.6,5.4,7.2,2.1,7.0,-0.0,1,DEMO / SYNTHETIC DATA — NOT REAL PERSONNEL DATA
26.3,43.6,4.3,7.4,6.0,8.5,3.0,-0.4,1,DEMO / SYNTHETIC DATA — NOT REAL PERSONNEL DATA
21.1,50.6,4.8,5.3,7.1,6.4,5.0,2.9,1,DEMO / SYNTHETIC DATA — NOT REAL PERSONNEL DATA
16.2,55.1,1.3,5.8,4.3,6.9,0.0,-2.2,0,DEMO / SYNTHETIC DATA — NOT REAL PERSONNEL DATA
23.0,46.8,7.4,8.1,9.3,3.9,2.0,-1.2,1,DEMO / SYNTHETIC DATA — NOT REAL PERSONNEL DATA
32.2,65.5,6.1,6.1,8.1,6.6,2.0,-3.8,1,DEMO / SYNTHETIC DATA — NOT REAL PERSONNEL DATA
17.0,56.2,4.0,5.3,3.2,7.7,1.0,3.0,1,DEMO / SYNTHETIC DATA — NOT REAL PERSONNEL DATA
10.7,52.4,9.3,5.1,3.7,5.2,0.0,-0.5,1,DEMO / SYNTHETIC DATA — NOT REAL PERSONNEL DATA
26.3,37.6,5.7,6.6,3.8,9.4,7.0,-0.9,1,DEMO / SYNTHETIC DATA — NOT REAL PERSONNEL DATA
17.1,38.8,3.4,4.6,7.4,5.5,10.0,-0.1,0,DEMO / SYNTHETIC DATA — NOT REAL PERSONNEL DATA
1.7,54.8,7.2,5.9,3.3,7.7,0.0,1.3,0,DEMO / SYNTHETIC DATA — NOT REAL PERSONNEL DATA
24.4,35.0,6.3,6.6,5.3,6.0,2.0,0.7,1,DEMO / SYNTHETIC DATA — NOT REAL PERSONNEL DATA
14.0,62.1,6.3,7.8,7.0,6.6,11.0,5.0,0,DEMO / SYNTHETIC DATA — NOT REAL PERSONNEL DATA
17.3,50.4,4.6,7.0,5.9,2.1,0.0,0.9,1,DEMO / SYNTHETIC DATA — NOT REAL PERSONNEL DATA
20.5,80.0,6.4,5.3,6.5,6.1,4.0,-0.9,2,DEMO / SYNTHETIC DATA — NOT REAL PERSONNEL DATA
19.4,75.1,5.0,7.6,3.8,3.9,13.0,-1.1,1,DEMO / SYNTHETIC DATA — NOT REAL PERSONNEL DATA
23.3,50.2,6.6,5.8,7.2,3.7,13.0,-0.8,1,DEMO / SYNTHETIC DATA — NOT REAL PERSONNEL DATA
14.7,50.9,1.7,4.7,4.7,8.9,2.0,-3.0,0,DEMO / SYNTHETIC DATA — NOT REAL PERSONNEL DATA
21.8,62.0,4.6,6.0,5.3,5.0,1.0,0.1,1,DEMO / SYNTHETIC DATA — NOT REAL PERSONNEL DATA
16.1,69.0,8.9,7.9,6.5,3.4,1.0,1.6,1,DEMO / SYNTHETIC DATA — NOT REAL PERSONNEL DATA
23.5,35.6,4.0,6.4,6.2,4.7,8.0,-1.2,0,DEMO / SYNTHETIC DATA — NOT REAL PERSONNEL DATA
22.6,35.0,4.3,6.2,6.1,2.8,8.0,-1.6,0,DEMO / SYNTHETIC DATA — NOT REAL PERSONNEL DATA
11.0,45.8,4.6,8.2,4.4,8.3,3.0,3.0,0,DEMO / SYNTHETIC DATA — NOT REAL PERSONNEL DATA
26.1,57.8,3.1,4.5,5.4,4.0,5.0,-2.9,1,DEMO / SYNTHETIC DATA — NOT REAL PERSONNEL DATA
14.0,57.0,1.1,4.7,6.0,6.5,5.0,-4.1,0,DEMO / SYNTHETIC DATA — NOT REAL PERSONNEL DATA
24.1,62.7,5.0,4.3,3.1,8.1,4.0,-2.3,1,DEMO / SYNTHETIC DATA — NOT REAL PERSONNEL DATA
20.8,40.0,5.8,6.6,5.0,4.4,6.0,-3.1,1,DEMO / SYNTHETIC DATA — NOT REAL PERSONNEL DATA
31.8,35.0,5.4,6.4,6.8,6.5,4.0,0.8,0,DEMO / SYNTHETIC DATA — NOT REAL PERSONNEL DATA
16.3,60.6,5.2,8.1,3.3,3.3,3.0,-0.7,1,DEMO / SYNTHETIC DATA — NOT REAL PERSONNEL DATA
15.4,43.7,5.6,6.5,8.4,10.0,1.0,-0.4,0,DEMO / SYNTHETIC DATA — NOT REAL PERSONNEL DATA
17.9,35.0,7.5,5.7,8.7,7.3,5.0,2.3,0,DEMO / SYNTHETIC DATA — NOT REAL PERSONNEL DATA
15.7,53.5,5.1,6.2,3.4,5.0,2.0,-1.4,1,DEMO / SYNTHETIC DATA — NOT REAL PERSONNEL DATA
24.0,59.9,4.4,6.3,8.9,3.9,1.0,1.6,1,DEMO / SYNTHETIC DATA — NOT REAL PERSONNEL DATA
5.9,50.8,4.9,4.2,5.7,5.2,6.0,3.0,0,DEMO / SYNTHETIC DATA — NOT REAL PERSONNEL DATA
10.1,47.4,6.7,9.0,6.9,4.7,4.0,-0.9,0,DEMO / SYNTHETIC DATA — NOT REAL PERSONNEL DATA
10.0,50.4,8.3,6.8,5.0,9.3,10.0,1.5,0,DEMO / SYNTHETIC DATA — NOT REAL PERSONNEL DATA
25.1,48.3,4.2,6.5,7.9,2.9,1.0,-0.5,0,DEMO / SYNTHETIC DATA — NOT REAL PERSONNEL DATA
30.8,38.5,5.7,6.9,6.9,5.7,4.0,1.8,1,DEMO / SYNTHETIC DATA — NOT REAL PERSONNEL DATA
17.2,44.9,6.2,7.1,4.3,5.4,1.0,-3.1,1,DEMO / SYNTHETIC DATA — NOT REAL PERSONNEL DATA
16.7,57.2,3.5,6.0,3.6,5.2,8.0,-3.3,1,DEMO / SYNTHETIC DATA — NOT REAL PERSONNEL DATA
18.5,55.2,5.5,5.4,2.9,5.2,0.0,-0.8,1,DEMO / SYNTHETIC DATA — NOT REAL PERSONNEL DATA
26.7,53.7,2.6,6.9,6.4,5.2,4.0,-1.8,1,DEMO / SYNTHETIC DATA — NOT REAL PERSONNEL DATA
11.0,42.0,2.0,6.7,7.2,7.1,5.0,-1.0,0,DEMO / SYNTHETIC DATA — NOT REAL PERSONNEL DATA
19.8,50.2,6.2,5.2,7.4,6.6,2.0,-0.4,1,DEMO / SYNTHETIC DATA — NOT REAL PERSONNEL DATA
25.3,35.0,4.7,7.9,5.8,6.2,11.0,1.4,1,DEMO / SYNTHETIC DATA — NOT REAL PERSONNEL DATA
21.8,53.8,5.9,6.6,3.6,1.0,7.0,-0.8,1,DEMO / SYNTHETIC DATA — NOT REAL PERSONNEL DATA
19.4,66.3,5.5,7.1,4.6,6.0,1.0,-1.6,0,DEMO / SYNTHETIC DATA — NOT REAL PERSONNEL DATA
25.5,37.3,3.5,7.9,8.4,2.1,0.0,-0.7,0,DEMO / SYNTHETIC DATA — NOT REAL PERSONNEL DATA
0.0,46.1,5.4,6.2,5.0,6.7,1.0,-1.5,0,DEMO / SYNTHETIC DATA — NOT REAL PERSONNEL DATA
23.1,55.3,3.0,6.6,6.3,8.3,1.0,-1.9,0,DEMO / SYNTHETIC DATA — NOT REAL PERSONNEL DATA
13.1,64.5,8.3,7.2,3.7,3.5,8.0,-3.2,1,DEMO / SYNTHETIC DATA — NOT REAL PERSONNEL DATA
4.3,47.5,2.8,5.3,6.7,4.9,12.0,0.1,0,DEMO / SYNTHETIC DATA — NOT REAL PERSONNEL DATA
21.8,45.1,5.1,6.3,5.0,4.2,0.0,-1.1,1,DEMO / SYNTHETIC DATA — NOT REAL PERSONNEL DATA
28.3,35.0,3.4,6.4,8.2,7.9,2.0,1.9,0,DEMO / SYNTHETIC DATA — NOT REAL PERSONNEL DATA
17.0,53.0,6.6,5.1,7.6,5.6,3.0,-2.9,1,DEMO / SYNTHETIC DATA — NOT REAL PERSONNEL DATA
25.1,72.4,4.8,9.0,5.0,8.9,0.0,-1.1,1,DEMO / SYNTHETIC DATA — NOT REAL PERSONNEL DATA
30.1,54.8,4.5,4.5,5.7,6.2,2.0,3.6,1,DEMO / SYNTHETIC DATA — NOT REAL PERSONNEL DATA
27.9,51.8,7.2,4.6,4.8,5.9,1.0,-1.9,1,DEMO / SYNTHETIC DATA — NOT REAL PERSONNEL DATA
30.3,55.2,5.6,7.8,3.0,5.5,3.0,-0.5,1,DEMO / SYNTHETIC DATA — NOT REAL PERSONNEL DATA
23.6,51.9,6.5,7.1,4.2,7.0,4.0,-2.4,0,DEMO / SYNTHETIC DATA — NOT REAL PERSONNEL DATA
18.6,43.9,3.5,5.0,6.4,1.9,4.0,-2.7,0,DEMO / SYNTHETIC DATA — NOT REAL PERSONNEL DATA
6.0,60.2,2.7,6.9,6.7,5.6,1.0,3.1,0,DEMO / SYNTHETIC DATA — NOT REAL PERSONNEL DATA
16.2,54.3,5.7,8.0,6.3,5.3,6.0,0.3,0,DEMO / SYNTHETIC DATA — NOT REAL PERSONNEL DATA
11.7,52.2,4.9,6.2,5.4,6.9,4.0,0.3,1,DEMO / SYNTHETIC DATA — NOT REAL PERSONNEL DATA
34.3,42.2,6.8,9.0,8.0,5.0,8.0,-3.4,0,DEMO / SYNTHETIC DATA — NOT REAL PERSONNEL DATA
16.7,65.0,5.3,4.1,6.1,3.3,2.0,0.7,1,DEMO / SYNTHETIC DATA — NOT REAL PERSONNEL DATA
18.9,58.6,5.9,7.0,7.5,5.4,8.0,2.3,1,DEMO / SYNTHETIC DATA — NOT REAL PERSONNEL DATA
22.1,46.5,2.3,7.6,2.3,3.2,7.0,2.3,0,DEMO / SYNTHETIC DATA — NOT REAL PERSONNEL DATA
18.3,62.0,9.3,7.3,1.0,1.5,2.0,1.3,1,DEMO / SYNTHETIC DATA — NOT REAL PERSONNEL DATA
30.7,47.0,5.2,6.0,6.6,6.9,2.0,-2.3,1,DEMO / SYNTHETIC DATA — NOT REAL PERSONNEL DATA
13.3,44.2,6.9,5.9,3.0,6.6,9.0,0.6,1,DEMO / SYNTHETIC DATA — NOT REAL PERSONNEL DATA
19.5,44.4,3.8,6.7,5.6,6.3,4.0,1.3,0,DEMO / SYNTHETIC DATA — NOT REAL PERSONNEL DATA
12.4,35.0,6.1,7.2,5.4,8.0,9.0,-3.6,0,DEMO / SYNTHETIC DATA — NOT REAL PERSONNEL DATA
8.1,56.7,2.9,6.9,9.3,4.1,6.0,-2.2,0,DEMO / SYNTHETIC DATA — NOT REAL PERSONNEL DATA
13.4,35.0,6.4,7.4,6.8,2.5,3.0,1.8,0,DEMO / SYNTHETIC DATA — NOT REAL PERSONNEL DATA
17.7,39.7,4.8,5.0,6.3,5.3,0.0,1.8,0,DEMO / SYNTHETIC DATA — NOT REAL PERSONNEL DATA
14.8,35.0,5.6,5.9,7.8,4.7,1.0,-3.1,0,DEMO / SYNTHETIC DATA — NOT REAL PERSONNEL DATA
12.8,51.1,6.9,5.1,6.8,3.7,12.0,1.6,1,DEMO / SYNTHETIC DATA — NOT REAL PERSONNEL DATA
7.5,50.5,3.0,5.7,5.0,5.2,1.0,0.2,0,DEMO / SYNTHETIC DATA — NOT REAL PERSONNEL DATA
17.4,48.7,4.1,7.4,8.3,4.2,0.0,1.6,0,DEMO / SYNTHETIC DATA — NOT REAL PERSONNEL DATA
6.7,41.6,6.4,6.3,3.7,1.7,4.0,-1.3,0,DEMO / SYNTHETIC DATA — NOT REAL PERSONNEL DATA
23.7,40.3,9.7,9.0,6.7,4.5,5.0,1.3,1,DEMO / SYNTHETIC DATA — NOT REAL PERSONNEL DATA
18.6,56.6,5.2,6.4,2.8,3.1,1.0,1.7,1,DEMO / SYNTHETIC DATA — NOT REAL PERSONNEL DATA
7.1,46.5,6.7,6.3,6.4,5.9,1.0,-0.7,0,DEMO / SYNTHETIC DATA — NOT REAL PERSONNEL DATA
15.7,55.2,5.3,6.3,6.4,4.1,2.0,0.0,1,DEMO / SYNTHETIC DATA — NOT REAL PERSONNEL DATA
12.4,43.1,9.4,5.4,9.5,7.6,0.0,-1.3,0,DEMO / SYNTHETIC DATA — NOT REAL PERSONNEL DATA
20.4,53.8,2.0,6.1,2.7,8.6,5.0,3.3,1,DEMO / SYNTHETIC DATA — NOT REAL PERSONNEL DATA
28.1,65.0,5.7,7.6,4.7,6.8,1.0,-0.2,1,DEMO / SYNTHETIC DATA — NOT REAL PERSONNEL DATA
3.9,57.9,2.2,6.3,7.7,2.3,7.0,-1.8,0,DEMO / SYNTHETIC DATA — NOT REAL PERSONNEL DATA
18.9,47.9,1.0,5.2,6.7,8.4,6.0,-1.4,0,DEMO / SYNTHETIC DATA — NOT REAL PERSONNEL DATA
16.8,54.6,6.1,5.1,6.4,8.6,4.0,0.3,1,DEMO / SYNTHETIC DATA — NOT REAL PERSONNEL DATA
23.0,49.6,5.8,5.7,4.0,5.4,1.0,1.5,1,DEMO / SYNTHETIC DATA — NOT REAL PERSONNEL DATA
19.6,52.1,4.9,6.3,4.8,8.0,3.0,-2.7,1,DEMO / SYNTHETIC DATA — NOT REAL PERSONNEL DATA
12.4,48.7,5.3,7.6,8.6,4.3,2.0,3.7,0,DEMO / SYNTHETIC DATA — NOT REAL PERSONNEL DATA
15.6,50.4,10.0,4.6,5.9,1.7,1.0,0.6,1,DEMO / SYNTHETIC DATA — NOT REAL PERSONNEL DATA
12.0,54.1,5.0,5.8,6.8,3.9,7.0,0.9,1,DEMO / SYNTHETIC DATA — NOT REAL PERSONNEL DATA
26.1,42.1,6.5,6.4,5.8,8.9,2.0,-0.2,1,DEMO / SYNTHETIC DATA — NOT REAL PERSONNEL DATA
18.2,41.8,4.2,4.0,3.5,2.4,6.0,0.0,1,DEMO / SYNTHETIC DATA — NOT REAL PERSONNEL DATA
32.3,38.1,6.1,5.2,8.0,5.4,0.0,-0.3,0,DEMO / SYNTHETIC DATA — NOT REAL PERSONNEL DATA
17.5,36.0,5.0,5.4,7.1,5.5,1.0,2.0,0,DEMO / SYNTHETIC DATA — NOT REAL PERSONNEL DATA
12.7,39.8,4.7,5.2,10.0,4.4,13.0,-0.0,0,DEMO / SYNTHETIC DATA — NOT REAL PERSONNEL DATA
6.6,53.6,9.1,6.4,3.9,4.5,3.0,1.5,0,DEMO / SYNTHETIC DATA — NOT REAL PERSONNEL DATA
4.5,43.1,7.9,6.0,7.7,5.5,2.0,-0.9,0,DEMO / SYNTHETIC DATA — NOT REAL PERSONNEL DATA
6.1,57.1,5.8,5.5,3.2,4.3,3.0,0.4,0,DEMO / SYNTHETIC DATA — NOT REAL PERSONNEL DATA
20.0,52.3,1.0,6.7,6.3,2.6,1.0,-1.6,0,DEMO / SYNTHETIC DATA — NOT REAL PERSONNEL DATA
21.8,35.0,4.8,8.3,8.1,5.8,4.0,2.4,0,DEMO / SYNTHETIC DATA — NOT REAL PERSONNEL DATA
6.1,58.5,10.0,8.2,1.6,7.5,0.0,-1.7,1,DEMO / SYNTHETIC DATA — NOT REAL PERSONNEL DATA
24.7,60.1,5.0,3.9,5.6,7.1,3.0,-0.6,1,DEMO / SYNTHETIC DATA — NOT REAL PERSONNEL DATA
14.4,42.1,7.7,6.9,4.8,3.8,3.0,-0.6,0,DEMO / SYNTHETIC DATA — NOT REAL PERSONNEL DATA
19.1,56.2,8.4,6.0,4.5,2.9,9.0,-0.7,1,DEMO / SYNTHETIC DATA — NOT REAL PERSONNEL DATA
30.1,43.4,5.9,6.4,6.8,4.8,3.0,1.4,1,DEMO / SYNTHETIC DATA — NOT REAL PERSONNEL DATA
24.7,53.0,3.8,5.7,8.4,8.5,1.0,-0.6,1,DEMO / SYNTHETIC DATA — NOT REAL PERSONNEL DATA
16.0,39.4,1.0,6.3,5.7,6.7,3.0,2.8,0,DEMO / SYNTHETIC DATA — NOT REAL PERSONNEL DATA
11.3,35.0,6.9,6.4,6.4,6.8,0.0,-1.6,0,DEMO / SYNTHETIC DATA — NOT REAL PERSONNEL DATA
1.9,48.2,3.9,5.5,6.2,7.2,1.0,0.3,0,DEMO / SYNTHETIC DATA — NOT REAL PERSONNEL DATA
12.6,50.8,5.9,5.1,6.0,6.2,0.0,-1.6,0,DEMO / SYNTHETIC DATA — NOT REAL PERSONNEL DATA
16.4,48.0,3.0,5.7,3.7,5.6,3.0,0.8,0,DEMO / SYNTHETIC DATA — NOT REAL PERSONNEL DATA
10.6,40.2,5.0,6.5,8.3,6.7,0.0,-0.0,0,DEMO / SYNTHETIC DATA — NOT REAL PERSONNEL DATA
17.0,48.0,5.6,6.9,6.6,4.3,2.0,-0.3,1,DEMO / SYNTHETIC DATA — NOT REAL PERSONNEL DATA
18.6,54.7,6.0,7.2,6.8,2.6,9.0,2.4,1,DEMO / SYNTHETIC DATA — NOT REAL PERSONNEL DATA
16.3,51.6,3.3,5.6,4.3,6.8,4.0,-1.3,1,DEMO / SYNTHETIC DATA — NOT REAL PERSONNEL DATA
13.1,53.8,7.9,6.5,5.0,7.9,0.0,1.2,1,DEMO / SYNTHETIC DATA — NOT REAL PERSONNEL DATA
19.3,45.3,4.3,7.4,5.6,3.2,1.0,-1.5,1,DEMO / SYNTHETIC DATA — NOT REAL PERSONNEL DATA
21.3,63.7,2.2,7.6,2.8,7.0,4.0,0.2,1,DEMO / SYNTHETIC DATA — NOT REAL PERSONNEL DATA
9.8,40.2,5.3,6.1,2.5,8.8,8.0,-2.4,0,DEMO / SYNTHETIC DATA — NOT REAL PERSONNEL DATA
28.6,56.9,5.6,5.9,4.7,5.4,0.0,-1.3,1,DEMO / SYNTHETIC DATA — NOT REAL PERSONNEL DATA
17.3,63.8,5.8,6.4,7.1,3.8,6.0,-0.2,1,DEMO / SYNTHETIC DATA — NOT REAL PERSONNEL DATA
18.1,56.8,8.2,4.8,4.6,5.6,3.0,3.6,1,DEMO / SYNTHETIC DATA — NOT REAL PERSONNEL DATA
23.3,50.0,5.0,6.0,3.9,4.3,3.0,0.2,1,DEMO / SYNTHETIC DATA — NOT REAL PERSONNEL DATA
19.7,46.7,5.3,7.1,4.3,4.2,11.0,3.3,0,DEMO / SYNTHETIC DATA — NOT REAL PERSONNEL DATA
25.1,62.4,3.3,7.0,5.0,6.3,5.0,0.4,1,DEMO / SYNTHETIC DATA — NOT REAL PERSONNEL DATA
20.2,37.8,7.1,5.9,5.3,2.2,7.0,-0.8,0,DEMO / SYNTHETIC DATA — NOT REAL PERSONNEL DATA
13.4,42.3,5.9,6.5,10.0,2.5,2.0,3.1,0,DEMO / SYNTHETIC DATA — NOT REAL PERSONNEL DATA
20.7,48.0,4.7,5.2,8.2,5.4,3.0,0.9,0,DEMO / SYNTHETIC DATA — NOT REAL PERSONNEL DATA
9.4,64.4,1.7,7.0,8.2,5.4,3.0,-1.3,0,DEMO / SYNTHETIC DATA — NOT REAL PERSONNEL DATA
18.8,55.8,8.4,6.1,8.5,6.1,1.0,0.9,1,DEMO / SYNTHETIC DATA — NOT REAL PERSONNEL DATA
17.8,42.3,3.0,5.9,3.9,9.2,3.0,-0.6,0,DEMO / SYNTHETIC DATA — NOT REAL PERSONNEL DATA
16.4,48.9,4.3,5.8,3.4,5.6,1.0,-4.0,1,DEMO / SYNTHETIC DATA — NOT REAL PERSONNEL DATA
17.0,45.9,6.2,6.1,3.7,6.6,1.0,1.9,1,DEMO / SYNTHETIC DATA — NOT REAL PERSONNEL DATA
3.9,44.9,3.1,5.7,8.8,3.4,2.0,2.2,0,DEMO / SYNTHETIC DATA — NOT REAL PERSONNEL DATA
13.9,61.8,2.5,7.0,4.9,6.9,5.0,3.7,0,DEMO / SYNTHETIC DATA — NOT REAL PERSONNEL DATA
18.7,38.3,1.3,5.7,3.4,4.3,9.0,0.8,0,DEMO / SYNTHETIC DATA — NOT REAL PERSONNEL DATA
19.2,68.1,6.9,8.1,5.1,5.5,2.0,-0.5,1,DEMO / SYNTHETIC DATA — NOT REAL PERSONNEL DATA
10.3,60.3,4.4,8.0,5.5,5.2,4.0,1.7,0,DEMO / SYNTHETIC DATA — NOT REAL PERSONNEL DATA
27.5,62.9,10.0,5.1,6.6,7.5,0.0,1.7,1,DEMO / SYNTHETIC DATA — NOT REAL PERSONNEL DATA
11.5,47.4,3.5,6.3,6.5,2.8,8.0,3.3,0,DEMO / SYNTHETIC DATA — NOT REAL PERSONNEL DATA
25.3,50.5,3.7,5.4,4.3,1.0,3.0,-0.1,1,DEMO / SYNTHETIC DATA — NOT REAL PERSONNEL DATA
21.2,37.7,4.4,5.8,7.4,5.0,5.0,-0.3,0,DEMO / SYNTHETIC DATA — NOT REAL PERSONNEL DATA
13.2,46.8,6.0,8.6,4.7,6.3,6.0,-1.4,0,DEMO / SYNTHETIC DATA — NOT REAL PERSONNEL DATA
31.3,56.9,4.6,5.8,5.7,5.7,1.0,1.1,1,DEMO / SYNTHETIC DATA — NOT REAL PERSONNEL DATA
9.0,65.0,6.7,6.6,7.4,7.9,3.0,-3.1,0,DEMO / SYNTHETIC DATA — NOT REAL PERSONNEL DATA
24.9,40.9,3.5,6.8,4.7,6.3,11.0,1.6,0,DEMO / SYNTHETIC DATA — NOT REAL PERSONNEL DATA
25.5,48.3,2.7,5.0,4.8,4.3,0.0,1.2,1,DEMO / SYNTHETIC DATA — NOT REAL PERSONNEL DATA
13.0,50.5,1.9,5.2,7.2,1.0,4.0,1.2,0,DEMO / SYNTHETIC DATA — NOT REAL PERSONNEL DATA
28.4,38.0,1.1,4.8,4.2,4.9,11.0,0.3,1,DEMO / SYNTHETIC DATA — NOT REAL PERSONNEL DATA
16.1,57.9,4.5,5.1,5.2,7.5,1.0,3.1,0,DEMO / SYNTHETIC DATA — NOT REAL PERSONNEL DATA
20.2,44.8,4.9,3.5,7.2,4.6,7.0,1.7,1,DEMO / SYNTHETIC DATA — NOT REAL PERSONNEL DATA
20.0,50.0,4.2,6.9,10.0,5.5,9.0,-1.2,0,DEMO / SYNTHETIC DATA — NOT REAL PERSONNEL DATA
17.0,47.5,8.0,8.7,7.3,6.2,5.0,-1.2,0,DEMO / SYNTHETIC DATA — NOT REAL PERSONNEL DATA
24.1,44.1,8.0,6.4,7.0,3.4,1.0,-1.8,1,DEMO / SYNTHETIC DATA — NOT REAL PERSONNEL DATA
24.0,51.9,4.8,4.5,7.1,6.6,1.0,1.1,1,DEMO / SYNTHETIC DATA — NOT REAL PERSONNEL DATA
4.9,49.8,1.9,5.4,3.7,8.7,0.0,-2.0,0,DEMO / SYNTHETIC DATA — NOT REAL PERSONNEL DATA
27.8,48.3,4.4,5.6,6.2,5.1,6.0,2.2,1,DEMO / SYNTHETIC DATA — NOT REAL PERSONNEL DATA
5.5,44.7,4.3,5.0,5.9,3.1,7.0,2.6,0,DEMO / SYNTHETIC DATA — NOT REAL PERSONNEL DATA
25.7,55.2,4.2,7.2,6.7,5.3,4.0,-1.8,1,DEMO / SYNTHETIC DATA — NOT REAL PERSONNEL DATA
26.5,68.5,4.1,7.2,6.2,1.0,2.0,-0.4,2,DEMO / SYNTHETIC DATA — NOT REAL PERSONNEL DATA
9.8,53.4,4.2,4.8,6.8,6.1,0.0,0.0,0,DEMO / SYNTHETIC DATA — NOT REAL PERSONNEL DATA
14.9,62.0,4.7,7.1,5.3,6.3,5.0,1.8,1,DEMO / SYNTHETIC DATA — NOT REAL PERSONNEL DATA
9.7,38.1,4.2,8.0,6.1,8.8,5.0,3.2,0,DEMO / SYNTHETIC DATA — NOT REAL PERSONNEL DATA
16.4,53.6,5.9,8.5,3.4,5.0,9.0,-3.4,0,DEMO / SYNTHETIC DATA — NOT REAL PERSONNEL DATA
15.7,41.0,6.2,9.0,5.3,6.2,5.0,-0.6,0,DEMO / SYNTHETIC DATA — NOT REAL PERSONNEL DATA
23.8,37.2,3.7,5.1,8.9,3.7,6.0,-0.5,0,DEMO / SYNTHETIC DATA — NOT REAL PERSONNEL DATA
27.8,44.6,8.0,9.0,6.7,4.7,5.0,-2.8,1,DEMO / SYNTHETIC DATA — NOT REAL PERSONNEL DATA
28.5,63.9,3.5,5.8,6.0,2.3,3.0,-1.0,1,DEMO / SYNTHETIC DATA — NOT REAL PERSONNEL DATA
13.8,61.5,2.3,5.5,10.0,5.0,2.0,0.9,1,DEMO / SYNTHETIC DATA — NOT REAL PERSONNEL DATA
16.4,54.4,6.3,6.6,3.1,4.8,8.0,-0.6,1,DEMO / SYNTHETIC DATA — NOT REAL PERSONNEL DATA
5.4,36.7,3.9,5.5,3.7,6.0,4.0,-3.1,0,DEMO / SYNTHETIC DATA — NOT REAL PERSONNEL DATA
12.0,50.0,6.1,6.7,9.6,4.2,2.0,5.0,0,DEMO / SYNTHETIC DATA — NOT REAL PERSONNEL DATA
25.2,55.0,1.0,4.6,6.1,5.6,0.0,0.5,1,DEMO / SYNTHETIC DATA — NOT REAL PERSONNEL DATA
30.1,53.8,8.3,5.9,5.5,4.7,1.0,0.2,1,DEMO / SYNTHETIC DATA — NOT REAL PERSONNEL DATA
8.7,35.0,6.8,7.7,3.5,4.7,3.0,-2.2,0,DEMO / SYNTHETIC DATA — NOT REAL PERSONNEL DATA
13.6,43.1,2.5,6.1,6.9,5.6,1.0,0.5,0,DEMO / SYNTHETIC DATA — NOT REAL PERSONNEL DATA
17.8,51.4,2.5,6.4,7.1,5.5,1.0,-0.3,0,DEMO / SYNTHETIC DATA — NOT REAL PERSONNEL DATA
20.1,57.4,8.8,6.8,3.7,6.9,3.0,-3.8,1,DEMO / SYNTHETIC DATA — NOT REAL PERSONNEL DATA
11.9,35.0,4.0,7.6,5.7,5.2,1.0,-2.1,0,DEMO / SYNTHETIC DATA — NOT REAL PERSONNEL DATA
21.2,50.4,3.8,4.2,5.3,4.7,6.0,1.6,1,DEMO / SYNTHETIC DATA — NOT REAL PERSONNEL DATA
14.4,53.4,1.0,6.9,6.5,5.0,2.0,3.9,0,DEMO / SYNTHETIC DATA — NOT REAL PERSONNEL DATA
17.9,60.5,4.8,5.9,3.6,4.0,3.0,0.7,1,DEMO / SYNTHETIC DATA — NOT REAL PERSONNEL DATA
22.1,58.9,5.0,6.4,8.6,4.7,1.0,2.2,1,DEMO / SYNTHETIC DATA — NOT REAL PERSONNEL DATA
18.0,57.8,6.9,7.5,7.9,9.5,1.0,-0.3,1,DEMO / SYNTHETIC DATA — NOT REAL PERSONNEL DATA
14.7,44.0,2.7,4.8,5.2,3.6,2.0,-0.2,1,DEMO / SYNTHETIC DATA — NOT REAL PERSONNEL DATA
17.2,35.0,2.5,5.0,5.5,4.8,6.0,2.2,0,DEMO / SYNTHETIC DATA — NOT REAL PERSONNEL DATA
17.3,48.1,6.4,3.9,5.7,4.6,5.0,3.3,1,DEMO / SYNTHETIC DATA — NOT REAL PERSONNEL DATA
15.2,62.0,7.5,5.5,4.4,4.9,1.0,2.6,1,DEMO / SYNTHETIC DATA — NOT REAL PERSONNEL DATA
16.1,65.9,2.4,7.8,5.1,4.7,3.0,-2.1,0,DEMO / SYNTHETIC DATA — NOT REAL PERSONNEL DATA
30.0,59.1,7.7,6.1,5.4,6.0,1.0,-0.1,1,DEMO / SYNTHETIC DATA — NOT REAL PERSONNEL DATA
22.2,56.3,5.6,4.6,9.4,2.0,16.0,0.6,1,DEMO / SYNTHETIC DATA — NOT REAL PERSONNEL DATA
15.8,55.8,7.7,5.6,8.0,7.5,11.0,-0.5,1,DEMO / SYNTHETIC DATA — NOT REAL PERSONNEL DATA
23.2,46.4,5.4,4.4,8.0,6.7,3.0,0.8,1,DEMO / SYNTHETIC DATA — NOT REAL PERSONNEL DATA
15.5,50.7,1.0,4.8,6.8,2.9,4.0,1.6,1,DEMO / SYNTHETIC DATA — NOT REAL PERSONNEL DATA
26.8,68.7,5.2,6.7,3.7,1.0,6.0,2.0,1,DEMO / SYNTHETIC DATA — NOT REAL PERSONNEL DATA
20.8,42.6,7.6,4.8,5.9,3.4,4.0,3.4,1,DEMO / SYNTHETIC DATA — NOT REAL PERSONNEL DATA
17.2,68.1,3.7,7.5,8.0,4.9,4.0,-0.7,1,DEMO / SYNTHETIC DATA — NOT REAL PERSONNEL DATA
21.4,48.8,4.7,6.1,3.4,10.0,11.0,-2.7,1,DEMO / SYNTHETIC DATA — NOT REAL PERSONNEL DATA
6.2,65.3,5.1,6.3,7.3,6.5,3.0,0.7,0,DEMO / SYNTHETIC DATA — NOT REAL PERSONNEL DATA
9.5,37.9,1.0,5.9,10.0,1.8,4.0,3.8,0,DEMO / SYNTHETIC DATA — NOT REAL PERSONNEL DATA
9.0,57.9,8.8,7.1,8.2,4.0,7.0,-1.0,0,DEMO / SYNTHETIC DATA — NOT REAL PERSONNEL DATA
19.1,44.6,3.7,7.1,9.0,5.3,4.0,1.4,0,DEMO / SYNTHETIC DATA — NOT REAL PERSONNEL DATA
31.0,37.8,6.5,6.6,6.5,5.9,5.0,1.4,1,DEMO / SYNTHETIC DATA — NOT REAL PERSONNEL DATA
34.7,54.2,5.3,6.9,8.0,2.8,1.0,0.4,1,DEMO / SYNTHETIC DATA — NOT REAL PERSONNEL DATA
22.8,62.1,8.0,5.9,4.5,5.1,2.0,0.0,1,DEMO / SYNTHETIC DATA — NOT REAL PERSONNEL DATA
21.8,43.6,6.3,6.9,7.7,4.0,1.0,-1.8,1,DEMO / SYNTHETIC DATA — NOT REAL PERSONNEL DATA
4.5,37.0,5.0,5.8,7.4,3.2,2.0,-4.6,0,DEMO / SYNTHETIC DATA — NOT REAL PERSONNEL DATA
13.9,51.1,3.7,6.2,6.6,5.9,2.0,-2.2,1,DEMO / SYNTHETIC DATA — NOT REAL PERSONNEL DATA
12.1,51.1,7.1,5.9,8.8,6.9,21.0,-0.8,0,DEMO / SYNTHETIC DATA — NOT REAL PERSONNEL DATA
13.3,57.5,1.8,5.7,4.9,7.1,3.0,2.2,1,DEMO / SYNTHETIC DATA — NOT REAL PERSONNEL DATA
16.7,61.5,6.8,5.4,5.6,6.5,5.0,-0.2,1,DEMO / SYNTHETIC DATA — NOT REAL PERSONNEL DATA
14.5,51.4,3.3,6.8,6.2,4.4,1.0,-1.0,0,DEMO / SYNTHETIC DATA — NOT REAL PERSONNEL DATA
3.2,70.6,8.0,7.8,3.8,6.8,6.0,-1.8,1,DEMO / SYNTHETIC DATA — NOT REAL PERSONNEL DATA
23.6,54.2,5.8,7.6,6.5,6.0,3.0,1.3,1,DEMO / SYNTHETIC DATA — NOT REAL PERSONNEL DATA
10.0,48.5,6.8,4.7,2.4,5.7,4.0,2.7,1,DEMO / SYNTHETIC DATA — NOT REAL PERSONNEL DATA
19.8,35.9,5.7,7.7,8.2,4.2,1.0,2.1,0,DEMO / SYNTHETIC DATA — NOT REAL PERSONNEL DATA
33.6,49.4,2.0,5.8,6.1,4.4,3.0,1.2,1,DEMO / SYNTHETIC DATA — NOT REAL PERSONNEL DATA
11.1,48.6,3.8,6.9,4.9,5.5,4.0,-3.0,0,DEMO / SYNTHETIC DATA — NOT REAL PERSONNEL DATA
0.0,61.6,6.8,5.1,4.2,10.0,3.0,-0.7,0,DEMO / SYNTHETIC DATA — NOT REAL PERSONNEL DATA
15.9,56.6,5.8,6.4,5.5,6.0,9.0,3.9,1,DEMO / SYNTHETIC DATA — NOT REAL PERSONNEL DATA
26.3,40.2,7.9,6.6,7.4,4.2,8.0,2.2,1,DEMO / SYNTHETIC DATA — NOT REAL PERSONNEL DATA
32.7,53.7,6.3,4.4,7.2,3.7,12.0,-3.1,2,DEMO / SYNTHETIC DATA — NOT REAL PERSONNEL DATA
8.8,58.7,3.6,6.9,4.5,4.4,4.0,-0.1,0,DEMO / SYNTHETIC DATA — NOT REAL PERSONNEL DATA
21.7,67.3,3.9,7.8,4.2,9.8,13.0,0.7,1,DEMO / SYNTHETIC DATA — NOT REAL PERSONNEL DATA
14.5,60.9,5.7,6.0,7.4,4.6,6.0,-1.5,1,DEMO / SYNTHETIC DATA — NOT REAL PERSONNEL DATA
17.2,59.6,1.0,7.8,4.5,7.2,1.0,-4.6,0,DEMO / SYNTHETIC DATA — NOT REAL PERSONNEL DATA
37.8,52.6,8.8,6.0,6.1,4.6,2.0,0.2,2,DEMO / SYNTHETIC DATA — NOT REAL PERSONNEL DATA
6.7,55.9,6.4,7.2,6.3,5.9,1.0,-1.6,0,DEMO / SYNTHETIC DATA — NOT REAL PERSONNEL DATA
19.9,64.5,8.0,3.5,6.7,7.0,0.0,-1.6,1,DEMO / SYNTHETIC DATA — NOT REAL PERSONNEL DATA
21.5,38.7,2.3,9.0,7.8,4.3,1.0,-0.7,0,DEMO / SYNTHETIC DATA — NOT REAL PERSONNEL DATA
26.1,48.5,8.0,8.0,3.3,4.1,0.0,-0.3,1,DEMO / SYNTHETIC DATA — NOT REAL PERSONNEL DATA
18.7,44.3,10.0,5.9,2.0,8.7,4.0,-0.0,1,DEMO / SYNTHETIC DATA — NOT REAL PERSONNEL DATA
20.3,55.8,2.9,3.8,4.8,7.4,2.0,-1.8,1,DEMO / SYNTHETIC DATA — NOT REAL PERSONNEL DATA
15.1,64.3,7.0,6.5,9.8,7.0,1.0,-0.4,0,DEMO / SYNTHETIC DATA — NOT REAL PERSONNEL DATA
20.0,46.0,5.5,4.5,10.0,7.0,5.0,-3.5,1,DEMO / SYNTHETIC DATA — NOT REAL PERSONNEL DATA
15.4,35.0,2.4,6.7,9.8,6.3,6.0,0.6,0,DEMO / SYNTHETIC DATA — NOT REAL PERSONNEL DATA
22.7,47.9,6.5,6.7,5.6,9.4,13.0,-5.0,1,DEMO / SYNTHETIC DATA — NOT REAL PERSONNEL DATA
15.2,61.1,7.2,5.1,2.3,5.5,4.0,-0.6,1,DEMO / SYNTHETIC DATA — NOT REAL PERSONNEL DATA
20.8,57.4,4.3,7.5,1.1,6.6,2.0,1.8,1,DEMO / SYNTHETIC DATA — NOT REAL PERSONNEL DATA
17.8,56.3,7.8,7.2,4.7,2.5,1.0,-2.1,1,DEMO / SYNTHETIC DATA — NOT REAL PERSONNEL DATA
26.4,49.2,2.2,7.4,5.6,3.8,1.0,1.4,1,DEMO / SYNTHETIC DATA — NOT REAL PERSONNEL DATA
17.6,39.2,2.5,6.2,8.7,3.0,1.0,2.3,0,DEMO / SYNTHETIC DATA — NOT REAL PERSONNEL DATA
4.7,57.2,5.8,4.5,7.8,7.9,2.0,-5.0,0,DEMO / SYNTHETIC DATA — NOT REAL PERSONNEL DATA
27.5,43.7,5.6,7.4,6.5,1.0,17.0,-0.3,1,DEMO / SYNTHETIC DATA — NOT REAL PERSONNEL DATA
11.2,73.8,4.1,5.9,4.1,4.6,0.0,-5.0,1,DEMO / SYNTHETIC DATA — NOT REAL PERSONNEL DATA
13.1,57.7,7.1,4.5,4.0,1.0,1.0,-0.2,1,DEMO / SYNTHETIC DATA — NOT REAL PERSONNEL DATA
13.5,46.2,6.6,7.8,6.5,3.7,1.0,-0.0,0,DEMO / SYNTHETIC DATA — NOT REAL PERSONNEL DATA
28.3,45.9,7.2,8.7,7.5,4.4,4.0,-5.0,1,DEMO / SYNTHETIC DATA — NOT REAL PERSONNEL DATA
2.0,51.1,5.3,6.2,6.8,8.2,2.0,3.8,0,DEMO / SYNTHETIC DATA — NOT REAL PERSONNEL DATA
40.0,49.6,6.7,8.8,3.8,6.2,2.0,0.6,1,DEMO / SYNTHETIC DATA — NOT REAL PERSONNEL DATA
25.9,63.2,4.6,6.3,7.4,3.7,1.0,-1.7,1,DEMO / SYNTHETIC DATA — NOT REAL PERSONNEL DATA
19.7,53.9,9.6,5.7,6.9,7.5,2.0,2.9,1,DEMO / SYNTHETIC DATA — NOT REAL PERSONNEL DATA
17.6,44.7,3.9,5.4,3.8,5.4,0.0,-3.6,0,DEMO / SYNTHETIC DATA — NOT REAL PERSONNEL DATA
20.1,70.9,9.7,8.2,4.4,5.5,3.0,-2.5,1,DEMO / SYNTHETIC DATA — NOT REAL PERSONNEL DATA
21.9,52.5,5.6,5.3,7.4,3.0,0.0,-4.6,1,DEMO / SYNTHETIC DATA — NOT REAL PERSONNEL DATA
22.8,59.7,2.7,7.1,5.5,3.4,5.0,3.6,1,DEMO / SYNTHETIC DATA — NOT REAL PERSONNEL DATA
22.2,45.9,8.2,5.5,9.3,3.7,3.0,0.7,1,DEMO / SYNTHETIC DATA — NOT REAL PERSONNEL DATA
18.7,55.6,5.8,5.6,7.1,5.5,5.0,1.3,1,DEMO / SYNTHETIC DATA — NOT REAL PERSONNEL DATA
16.5,55.1,7.2,7.4,5.0,5.6,2.0,0.6,1,DEMO / SYNTHETIC DATA — NOT REAL PERSONNEL DATA
16.9,35.0,7.9,5.7,6.0,8.5,2.0,1.1,0,DEMO / SYNTHETIC DATA — NOT REAL PERSONNEL DATA
16.5,72.2,6.2,5.7,6.1,6.2,0.0,0.2,1,DEMO / SYNTHETIC DATA — NOT REAL PERSONNEL DATA
26.5,64.9,4.3,7.6,4.5,1.0,3.0,0.5,1,DEMO / SYNTHETIC DATA — NOT REAL PERSONNEL DATA
22.5,48.0,7.5,8.1,4.1,5.9,3.0,0.2,0,DEMO / SYNTHETIC DATA — NOT REAL PERSONNEL DATA
0.0,41.0,5.5,7.0,7.5,2.5,2.0,-1.2,0,DEMO / SYNTHETIC DATA — NOT REAL PERSONNEL DATA
22.9,55.5,6.9,5.4,7.8,3.5,5.0,-0.1,1,DEMO / SYNTHETIC DATA — NOT REAL PERSONNEL DATA
19.5,52.9,1.2,5.6,7.3,3.8,6.0,0.5,1,DEMO / SYNTHETIC DATA — NOT REAL PERSONNEL DATA
17.9,55.6,6.4,6.3,9.2,4.1,5.0,0.2,1,DEMO / SYNTHETIC DATA — NOT REAL PERSONNEL DATA
15.1,53.9,4.2,6.6,4.9,2.6,1.0,-3.0,1,DEMO / SYNTHETIC DATA — NOT REAL PERSONNEL DATA
26.4,57.1,8.8,5.0,9.5,5.8,3.0,-2.7,1,DEMO / SYNTHETIC DATA — NOT REAL PERSONNEL DATA
25.1,66.5,6.7,7.1,4.1,2.6,0.0,2.2,2,DEMO / SYNTHETIC DATA — NOT REAL PERSONNEL DATA
12.2,57.7,6.0,6.3,3.9,6.1,4.0,-0.6,0,DEMO / SYNTHETIC DATA — NOT REAL PERSONNEL DATA
21.1,41.5,6.5,4.1,2.3,9.9,2.0,1.2,1,DEMO / SYNTHETIC DATA — NOT REAL PERSONNEL DATA
10.7,65.6,3.5,5.1,5.1,2.7,0.0,-2.2,1,DEMO / SYNTHETIC DATA — NOT REAL PERSONNEL DATA
7.7,68.4,8.7,5.6,4.9,4.8,7.0,-2.9,1,DEMO / SYNTHETIC DATA — NOT REAL PERSONNEL DATA
13.3,80.0,9.5,6.1,7.1,1.0,3.0,-1.7,1,DEMO / SYNTHETIC DATA — NOT REAL PERSONNEL DATA
24.5,40.8,6.3,8.5,6.5,4.8,2.0,-0.4,0,DEMO / SYNTHETIC DATA — NOT REAL PERSONNEL DATA
25.1,54.4,8.7,6.5,3.5,6.7,0.0,-1.3,1,DEMO / SYNTHETIC DATA — NOT REAL PERSONNEL DATA
21.8,35.0,4.4,5.2,5.2,6.8,3.0,2.6,0,DEMO / SYNTHETIC DATA — NOT REAL PERSONNEL DATA
23.4,57.5,3.9,6.5,5.2,5.6,9.0,0.4,0,DEMO / SYNTHETIC DATA — NOT REAL PERSONNEL DATA
21.9,46.5,5.6,5.8,2.3,7.2,3.0,3.7,0,DEMO / SYNTHETIC DATA — NOT REAL PERSONNEL DATA
13.2,71.2,6.4,6.6,3.9,10.0,12.0,0.8,1,DEMO / SYNTHETIC DATA — NOT REAL PERSONNEL DATA
21.2,44.3,4.7,6.9,4.4,8.8,1.0,-4.8,0,DEMO / SYNTHETIC DATA — NOT REAL PERSONNEL DATA
24.0,35.1,6.6,7.7,9.0,4.4,3.0,2.1,0,DEMO / SYNTHETIC DATA — NOT REAL PERSONNEL DATA
23.7,47.3,6.1,6.2,6.4,2.5,6.0,-3.0,1,DEMO / SYNTHETIC DATA — NOT REAL PERSONNEL DATA
26.9,35.0,3.5,8.2,7.4,4.6,3.0,0.5,0,DEMO / SYNTHETIC DATA — NOT REAL PERSONNEL DATA
23.3,59.5,6.5,7.3,2.9,3.5,0.0,-1.5,1,DEMO / SYNTHETIC DATA — NOT REAL PERSONNEL DATA
20.6,35.0,7.2,5.4,8.5,6.3,3.0,4.3,0,DEMO / SYNTHETIC DATA — NOT REAL PERSONNEL DATA
26.0,52.3,5.8,8.9,8.7,3.0,3.0,2.9,0,DEMO / SYNTHETIC DATA — NOT REAL PERSONNEL DATA
17.8,35.0,7.8,6.6,1.8,5.3,5.0,-1.5,0,DEMO / SYNTHETIC DATA — NOT REAL PERSONNEL DATA
11.4,48.8,3.1,5.2,4.5,7.1,5.0,-0.3,0,DEMO / SYNTHETIC DATA — NOT REAL PERSONNEL DATA
16.8,68.4,6.4,8.2,7.0,5.2,5.0,0.5,1,DEMO / SYNTHETIC DATA — NOT REAL PERSONNEL DATA
12.4,55.6,3.2,8.7,7.4,3.5,4.0,1.7,0,DEMO / SYNTHETIC DATA — NOT REAL PERSONNEL DATA
